2026-06-14 19:00:24, tokens_remaining: 2147, call: scores, phase: break
2026-06-14 19:01:09, tokens_remaining: 2146, call: scores, phase: break
2026-06-14 19:01:51, tokens_remaining: 2145, call: scores, phase: break
2026-06-14 19:01:52, tokens_remaining: 2144, call: scores, phase: break
2026-06-14 19:01:53, tokens_remaining: 2144, call: scores, phase: break
2026-06-14 19:01:53, tokens_remaining: 2143, call: scores, phase: break
2026-06-14 19:01:58, tokens_remaining: 2142, call: events, phase: break
2026-06-14 19:01:59, tokens_remaining: 2141, call: scores, phase: break
2026-06-14 19:01:59, tokens_remaining: 2140, call: events, phase: break
2026-06-14 19:02:27, tokens_remaining: 2139, call: events, phase: break
2026-06-14 19:03:13, tokens_remaining: 2138, call: scores, phase: break
2026-06-14 19:03:58, tokens_remaining: 2137, call: scores, phase: break
2026-06-14 19:04:44, tokens_remaining: 2136, call: scores, phase: break
2026-06-14 19:05:29, tokens_remaining: 2135, call: events, phase: break
2026-06-14 19:06:15, tokens_remaining: 2134, call: scores, phase: break
2026-06-14 19:07:00, tokens_remaining: 2133, call: scores, phase: break
2026-06-14 19:07:45, tokens_remaining: 2132, call: scores, phase: break
2026-06-14 19:08:31, tokens_remaining: 2131, call: scores, phase: break
2026-06-14 19:09:16, tokens_remaining: 2130, call: scores, phase: break
2026-06-14 19:10:01, tokens_remaining: 2129, call: scores, phase: break
2026-06-14 19:10:47, tokens_remaining: 2128, call: scores, phase: break
2026-06-14 19:11:32, tokens_remaining: 2127, call: scores, phase: break
2026-06-14 19:11:32, STATE_CHANGE: Ivory Coast vs Ecuador [HT -> 2H]
2026-06-14 19:11:33, tokens_remaining: 2126, call: scores, phase: playing
2026-06-14 19:11:35, tokens_remaining: 2125, call: events, phase: playing
2026-06-14 19:11:36, tokens_remaining: 2124, call: scores, phase: playing
2026-06-14 19:11:37, tokens_remaining: 2124, call: scores, phase: playing
2026-06-14 19:11:38, tokens_remaining: 2123, call: scores, phase: playing
2026-06-14 19:11:39, tokens_remaining: 2123, call: scores, phase: playing
2026-06-14 19:11:41, tokens_remaining: 2122, call: scores, phase: playing
2026-06-14 19:11:42, tokens_remaining: 2122, call: scores, phase: playing
2026-06-14 19:11:43, tokens_remaining: 2121, call: scores, phase: playing
2026-06-14 19:11:44, tokens_remaining: 2120, call: scores, phase: playing
2026-06-14 19:11:45, tokens_remaining: 2120, call: scores, phase: playing
2026-06-14 19:11:47, tokens_remaining: 2119, call: events, phase: playing
2026-06-14 19:11:48, tokens_remaining: 2118, call: scores, phase: playing
2026-06-14 19:11:49, tokens_remaining: 2117, call: scores, phase: playing
2026-06-14 19:11:50, tokens_remaining: 2117, call: scores, phase: playing
2026-06-14 19:11:51, tokens_remaining: 2116, call: scores, phase: playing
2026-06-14 19:11:53, tokens_remaining: 2115, call: scores, phase: playing
2026-06-14 19:11:54, tokens_remaining: 2114, call: scores, phase: playing
2026-06-14 19:11:55, tokens_remaining: 2114, call: scores, phase: playing
2026-06-14 19:11:56, tokens_remaining: 2113, call: scores, phase: playing
2026-06-14 19:11:57, tokens_remaining: 2112, call: scores, phase: playing
2026-06-14 19:11:59, tokens_remaining: 2111, call: events, phase: playing
2026-06-14 19:12:00, tokens_remaining: 2110, call: scores, phase: playing
2026-06-14 19:12:01, tokens_remaining: 2110, call: scores, phase: playing
2026-06-14 19:12:02, tokens_remaining: 2109, call: scores, phase: playing
2026-06-14 19:12:03, tokens_remaining: 2109, call: scores, phase: playing
2026-06-14 19:12:04, tokens_remaining: 2108, call: scores, phase: playing
2026-06-14 19:12:05, tokens_remaining: 2108, call: scores, phase: playing
2026-06-14 19:12:07, tokens_remaining: 2107, call: scores, phase: playing
2026-06-14 19:12:08, tokens_remaining: 2107, call: scores, phase: playing
2026-06-14 19:12:09, tokens_remaining: 2106, call: scores, phase: playing
2026-06-14 19:12:10, tokens_remaining: 2105, call: events, phase: playing
2026-06-14 19:12:11, tokens_remaining: 2104, call: scores, phase: playing
2026-06-14 19:12:13, tokens_remaining: 2103, call: scores, phase: playing
2026-06-14 19:12:14, tokens_remaining: 2103, call: scores, phase: playing
2026-06-14 19:12:15, tokens_remaining: 2102, call: scores, phase: playing
2026-06-14 19:12:16, tokens_remaining: 2101, call: scores, phase: playing
2026-06-14 19:12:17, tokens_remaining: 2101, call: scores, phase: playing
2026-06-14 19:12:18, tokens_remaining: 2100, call: scores, phase: playing
2026-06-14 19:12:19, tokens_remaining: 2100, call: scores, phase: playing
2026-06-14 19:12:20, tokens_remaining: 2099, call: scores, phase: playing
2026-06-14 19:12:22, tokens_remaining: 2098, call: events, phase: playing
2026-06-14 19:12:23, tokens_remaining: 2097, call: scores, phase: playing
2026-06-14 19:12:24, tokens_remaining: 2097, call: scores, phase: playing
2026-06-14 19:12:25, tokens_remaining: 2096, call: scores, phase: playing
2026-06-14 19:12:26, tokens_remaining: 2096, call: scores, phase: playing
2026-06-14 19:12:27, tokens_remaining: 2095, call: scores, phase: playing
2026-06-14 19:12:28, tokens_remaining: 2095, call: scores, phase: playing
2026-06-14 19:12:30, tokens_remaining: 2094, call: scores, phase: playing
2026-06-14 19:12:31, tokens_remaining: 2093, call: scores, phase: playing
2026-06-14 19:12:32, tokens_remaining: 2093, call: scores, phase: playing
2026-06-14 19:12:33, tokens_remaining: 2092, call: events, phase: playing
2026-06-14 19:12:34, tokens_remaining: 2091, call: scores, phase: playing
2026-06-14 19:12:35, tokens_remaining: 2091, call: scores, phase: playing
2026-06-14 19:12:37, tokens_remaining: 2090, call: scores, phase: playing
2026-06-14 19:12:38, tokens_remaining: 2090, call: scores, phase: playing
2026-06-14 19:12:39, tokens_remaining: 2089, call: scores, phase: playing
2026-06-14 19:12:40, tokens_remaining: 2089, call: scores, phase: playing
2026-06-14 19:12:41, tokens_remaining: 2088, call: scores, phase: playing
2026-06-14 19:12:42, tokens_remaining: 2088, call: scores, phase: playing
2026-06-14 19:12:43, tokens_remaining: 2087, call: scores, phase: playing
2026-06-14 19:12:44, tokens_remaining: 2086, call: events, phase: playing
2026-06-14 19:12:46, tokens_remaining: 2085, call: scores, phase: playing
2026-06-14 19:12:47, tokens_remaining: 2085, call: scores, phase: playing
2026-06-14 19:12:48, tokens_remaining: 2084, call: scores, phase: playing
2026-06-14 19:12:49, tokens_remaining: 2084, call: scores, phase: playing
2026-06-14 19:12:50, tokens_remaining: 2083, call: scores, phase: playing
2026-06-14 19:12:51, tokens_remaining: 2083, call: scores, phase: playing
2026-06-14 19:12:52, tokens_remaining: 2082, call: scores, phase: playing
2026-06-14 19:12:53, tokens_remaining: 2082, call: scores, phase: playing
2026-06-14 19:12:54, tokens_remaining: 2081, call: scores, phase: playing
2026-06-14 19:12:56, tokens_remaining: 2080, call: events, phase: playing
2026-06-14 19:12:57, tokens_remaining: 2079, call: scores, phase: playing
2026-06-14 19:12:58, tokens_remaining: 2079, call: scores, phase: playing
2026-06-14 19:12:59, tokens_remaining: 2078, call: scores, phase: playing
2026-06-14 19:13:00, tokens_remaining: 2078, call: scores, phase: playing
2026-06-14 19:13:01, tokens_remaining: 2077, call: scores, phase: playing
2026-06-14 19:13:03, tokens_remaining: 2076, call: scores, phase: playing
2026-06-14 19:13:04, tokens_remaining: 2076, call: scores, phase: playing
2026-06-14 19:13:05, tokens_remaining: 2075, call: scores, phase: playing
2026-06-14 19:13:06, tokens_remaining: 2075, call: scores, phase: playing
2026-06-14 19:13:07, tokens_remaining: 2074, call: events, phase: playing
2026-06-14 19:13:08, tokens_remaining: 2073, call: scores, phase: playing
2026-06-14 19:13:09, tokens_remaining: 2073, call: scores, phase: playing
2026-06-14 19:13:10, tokens_remaining: 2072, call: scores, phase: playing
2026-06-14 19:13:11, tokens_remaining: 2072, call: scores, phase: playing
2026-06-14 19:13:13, tokens_remaining: 2071, call: scores, phase: playing
2026-06-14 19:13:14, tokens_remaining: 2071, call: scores, phase: playing
2026-06-14 19:13:15, tokens_remaining: 2070, call: scores, phase: playing
2026-06-14 19:13:16, tokens_remaining: 2070, call: scores, phase: playing
2026-06-14 19:13:17, tokens_remaining: 2069, call: scores, phase: playing
2026-06-14 19:13:18, tokens_remaining: 2068, call: events, phase: playing
2026-06-14 19:13:19, tokens_remaining: 2067, call: scores, phase: playing
2026-06-14 19:13:20, tokens_remaining: 2067, call: scores, phase: playing
2026-06-14 19:13:22, tokens_remaining: 2066, call: scores, phase: playing
2026-06-14 19:13:23, tokens_remaining: 2066, call: scores, phase: playing
2026-06-14 19:13:24, tokens_remaining: 2065, call: scores, phase: playing
2026-06-14 19:13:25, tokens_remaining: 2065, call: scores, phase: playing
2026-06-14 19:13:26, tokens_remaining: 2064, call: scores, phase: playing
2026-06-14 19:13:27, tokens_remaining: 2064, call: scores, phase: playing
2026-06-14 19:13:28, tokens_remaining: 2063, call: scores, phase: playing
2026-06-14 19:13:29, tokens_remaining: 2062, call: events, phase: playing
2026-06-14 19:13:31, tokens_remaining: 2061, call: scores, phase: playing
2026-06-14 19:13:32, tokens_remaining: 2061, call: scores, phase: playing
2026-06-14 19:13:33, tokens_remaining: 2060, call: scores, phase: playing
2026-06-14 19:13:34, tokens_remaining: 2060, call: scores, phase: playing
2026-06-14 19:13:35, tokens_remaining: 2059, call: scores, phase: playing
2026-06-14 19:13:36, tokens_remaining: 2059, call: scores, phase: playing
2026-06-14 19:13:37, tokens_remaining: 2058, call: scores, phase: playing
2026-06-14 19:13:38, tokens_remaining: 2058, call: scores, phase: playing
2026-06-14 19:13:39, tokens_remaining: 2057, call: scores, phase: playing
2026-06-14 19:13:41, tokens_remaining: 2056, call: events, phase: playing
2026-06-14 19:13:42, tokens_remaining: 2055, call: scores, phase: playing
2026-06-14 19:13:43, tokens_remaining: 2055, call: scores, phase: playing
2026-06-14 19:13:44, tokens_remaining: 2054, call: scores, phase: playing
2026-06-14 19:13:45, tokens_remaining: 2054, call: scores, phase: playing
2026-06-14 19:13:46, tokens_remaining: 2053, call: scores, phase: playing
2026-06-14 19:13:47, tokens_remaining: 2053, call: scores, phase: playing
2026-06-14 19:13:48, tokens_remaining: 2052, call: scores, phase: playing
2026-06-14 19:13:49, tokens_remaining: 2052, call: scores, phase: playing
2026-06-14 19:13:51, tokens_remaining: 2051, call: scores, phase: playing
2026-06-14 19:13:52, tokens_remaining: 2050, call: events, phase: playing
2026-06-14 19:13:53, tokens_remaining: 2049, call: scores, phase: playing
2026-06-14 19:13:54, tokens_remaining: 2049, call: scores, phase: playing
2026-06-14 19:13:55, tokens_remaining: 2048, call: scores, phase: playing
2026-06-14 19:13:56, tokens_remaining: 2048, call: scores, phase: playing
2026-06-14 19:13:57, tokens_remaining: 2047, call: scores, phase: playing
2026-06-14 19:13:58, tokens_remaining: 2047, call: scores, phase: playing
2026-06-14 19:14:00, tokens_remaining: 2046, call: scores, phase: playing
2026-06-14 19:14:01, tokens_remaining: 2046, call: scores, phase: playing
2026-06-14 19:14:02, tokens_remaining: 2045, call: scores, phase: playing
2026-06-14 19:14:03, tokens_remaining: 2044, call: events, phase: playing
2026-06-14 19:14:04, tokens_remaining: 2043, call: scores, phase: playing
2026-06-14 19:14:05, tokens_remaining: 2043, call: scores, phase: playing
2026-06-14 19:14:07, tokens_remaining: 2042, call: scores, phase: playing
2026-06-14 19:14:07, tokens_remaining: 2042, call: scores, phase: playing
2026-06-14 19:14:09, tokens_remaining: 2041, call: scores, phase: playing
2026-06-14 19:14:10, tokens_remaining: 2041, call: scores, phase: playing
2026-06-14 19:14:11, tokens_remaining: 2040, call: scores, phase: playing
2026-06-14 19:14:12, tokens_remaining: 2040, call: scores, phase: playing
2026-06-14 19:14:13, tokens_remaining: 2039, call: scores, phase: playing
2026-06-14 19:14:14, tokens_remaining: 2038, call: events, phase: playing
2026-06-14 19:14:16, tokens_remaining: 2037, call: scores, phase: playing
2026-06-14 19:14:16, tokens_remaining: 2037, call: scores, phase: playing
2026-06-14 19:14:18, tokens_remaining: 2036, call: scores, phase: playing
2026-06-14 19:14:19, tokens_remaining: 2036, call: scores, phase: playing
2026-06-14 19:14:20, tokens_remaining: 2035, call: scores, phase: playing
2026-06-14 19:14:21, tokens_remaining: 2035, call: scores, phase: playing
2026-06-14 19:14:22, tokens_remaining: 2034, call: scores, phase: playing
2026-06-14 19:14:23, tokens_remaining: 2034, call: scores, phase: playing
2026-06-14 19:14:24, tokens_remaining: 2033, call: scores, phase: playing
2026-06-14 19:14:25, tokens_remaining: 2032, call: events, phase: playing
2026-06-14 19:14:27, tokens_remaining: 2031, call: scores, phase: playing
2026-06-14 19:14:28, tokens_remaining: 2031, call: scores, phase: playing
2026-06-14 19:14:29, tokens_remaining: 2030, call: scores, phase: playing
2026-06-14 19:14:30, tokens_remaining: 2030, call: scores, phase: playing
2026-06-14 19:14:31, tokens_remaining: 2029, call: scores, phase: playing
2026-06-14 19:14:32, tokens_remaining: 2029, call: scores, phase: playing
2026-06-14 19:14:33, tokens_remaining: 2028, call: scores, phase: playing
2026-06-14 19:14:34, tokens_remaining: 2028, call: scores, phase: playing
2026-06-14 19:14:35, tokens_remaining: 2027, call: scores, phase: playing
2026-06-14 19:14:36, tokens_remaining: 2026, call: events, phase: playing
2026-06-14 19:14:38, tokens_remaining: 2025, call: scores, phase: playing
2026-06-14 19:14:39, tokens_remaining: 2025, call: scores, phase: playing
2026-06-14 19:14:40, tokens_remaining: 2024, call: scores, phase: playing
2026-06-14 19:14:41, tokens_remaining: 2024, call: scores, phase: playing
2026-06-14 19:14:42, tokens_remaining: 2023, call: scores, phase: playing
2026-06-14 19:14:43, tokens_remaining: 2023, call: scores, phase: playing
2026-06-14 19:14:44, tokens_remaining: 2022, call: scores, phase: playing
2026-06-14 19:14:45, tokens_remaining: 2022, call: scores, phase: playing
2026-06-14 19:14:46, tokens_remaining: 2021, call: scores, phase: playing
2026-06-14 19:14:47, tokens_remaining: 2020, call: events, phase: playing
2026-06-14 19:14:49, tokens_remaining: 2019, call: scores, phase: playing
2026-06-14 19:14:50, tokens_remaining: 2019, call: scores, phase: playing
2026-06-14 19:14:51, tokens_remaining: 2018, call: scores, phase: playing
2026-06-14 19:14:52, tokens_remaining: 2018, call: scores, phase: playing
2026-06-14 19:14:53, tokens_remaining: 2017, call: scores, phase: playing
2026-06-14 19:14:54, tokens_remaining: 2017, call: scores, phase: playing
2026-06-14 19:14:55, tokens_remaining: 2016, call: scores, phase: playing
2026-06-14 19:14:56, tokens_remaining: 2016, call: scores, phase: playing
2026-06-14 19:14:57, tokens_remaining: 2015, call: scores, phase: playing
2026-06-14 19:14:58, tokens_remaining: 2014, call: events, phase: playing
2026-06-14 19:15:00, tokens_remaining: 2013, call: scores, phase: playing
2026-06-14 19:15:01, tokens_remaining: 2013, call: scores, phase: playing
2026-06-14 19:15:02, tokens_remaining: 2012, call: scores, phase: playing
2026-06-14 19:15:03, tokens_remaining: 2012, call: scores, phase: playing
2026-06-14 19:15:04, tokens_remaining: 2011, call: scores, phase: playing
2026-06-14 19:15:05, tokens_remaining: 2011, call: scores, phase: playing
2026-06-14 19:15:06, tokens_remaining: 2010, call: scores, phase: playing
2026-06-14 19:15:07, tokens_remaining: 2010, call: scores, phase: playing
2026-06-14 19:15:08, tokens_remaining: 2009, call: scores, phase: playing
2026-06-14 19:15:09, tokens_remaining: 2008, call: events, phase: playing
2026-06-14 19:15:11, tokens_remaining: 2007, call: scores, phase: playing
2026-06-14 19:15:12, tokens_remaining: 2007, call: scores, phase: playing
2026-06-14 19:15:13, tokens_remaining: 2006, call: scores, phase: playing
2026-06-14 19:15:14, tokens_remaining: 2006, call: scores, phase: playing
2026-06-14 19:15:15, tokens_remaining: 2005, call: scores, phase: playing
2026-06-14 19:15:16, tokens_remaining: 2005, call: scores, phase: playing
2026-06-14 19:15:17, tokens_remaining: 2004, call: scores, phase: playing
2026-06-14 19:15:18, tokens_remaining: 2004, call: scores, phase: playing
2026-06-14 19:15:19, tokens_remaining: 2003, call: scores, phase: playing
2026-06-14 19:15:21, tokens_remaining: 2002, call: events, phase: playing
2026-06-14 19:15:22, tokens_remaining: 2001, call: scores, phase: playing
2026-06-14 19:15:23, tokens_remaining: 2001, call: scores, phase: playing
2026-06-14 19:15:24, tokens_remaining: 2000, call: scores, phase: playing
2026-06-14 19:15:25, tokens_remaining: 2000, call: scores, phase: playing
2026-06-14 19:15:26, tokens_remaining: 1999, call: scores, phase: playing
2026-06-14 19:15:27, tokens_remaining: 1999, call: scores, phase: playing
2026-06-14 19:15:28, tokens_remaining: 1998, call: scores, phase: playing
2026-06-14 19:15:29, tokens_remaining: 1998, call: scores, phase: playing
2026-06-14 19:15:30, tokens_remaining: 1997, call: scores, phase: playing
2026-06-14 19:15:31, tokens_remaining: 1996, call: events, phase: playing
2026-06-14 19:15:33, tokens_remaining: 1995, call: scores, phase: playing
2026-06-14 19:15:34, tokens_remaining: 1995, call: scores, phase: playing
2026-06-14 19:15:35, tokens_remaining: 1994, call: scores, phase: playing
2026-06-14 19:15:36, tokens_remaining: 1994, call: scores, phase: playing
2026-06-14 19:15:37, tokens_remaining: 1993, call: scores, phase: playing
2026-06-14 19:15:38, tokens_remaining: 1993, call: scores, phase: playing
2026-06-14 19:15:39, tokens_remaining: 1992, call: scores, phase: playing
2026-06-14 19:15:40, tokens_remaining: 1992, call: scores, phase: playing
2026-06-14 19:15:41, tokens_remaining: 1991, call: scores, phase: playing
2026-06-14 19:15:42, tokens_remaining: 1990, call: events, phase: playing
2026-06-14 19:15:44, tokens_remaining: 1989, call: scores, phase: playing
2026-06-14 19:15:45, tokens_remaining: 1989, call: scores, phase: playing
2026-06-14 19:15:46, tokens_remaining: 1988, call: scores, phase: playing
2026-06-14 19:15:47, tokens_remaining: 1988, call: scores, phase: playing
2026-06-14 19:15:48, tokens_remaining: 1987, call: scores, phase: playing
2026-06-14 19:15:49, tokens_remaining: 1987, call: scores, phase: playing
2026-06-14 19:15:50, tokens_remaining: 1986, call: scores, phase: playing
2026-06-14 19:15:51, tokens_remaining: 1986, call: scores, phase: playing
2026-06-14 19:15:52, tokens_remaining: 1985, call: scores, phase: playing
2026-06-14 19:15:53, tokens_remaining: 1984, call: events, phase: playing
2026-06-14 19:15:54, tokens_remaining: 1983, call: scores, phase: playing
2026-06-14 19:15:55, tokens_remaining: 1983, call: scores, phase: playing
2026-06-14 19:15:57, tokens_remaining: 1982, call: scores, phase: playing
2026-06-14 19:15:58, tokens_remaining: 1982, call: scores, phase: playing
2026-06-14 19:15:59, tokens_remaining: 1981, call: scores, phase: playing
2026-06-14 19:16:00, tokens_remaining: 1981, call: scores, phase: playing
2026-06-14 19:16:01, tokens_remaining: 1980, call: scores, phase: playing
2026-06-14 19:16:02, tokens_remaining: 1980, call: scores, phase: playing
2026-06-14 19:16:03, tokens_remaining: 1979, call: scores, phase: playing
2026-06-14 19:16:04, tokens_remaining: 1978, call: events, phase: playing
2026-06-14 19:16:05, tokens_remaining: 1977, call: scores, phase: playing
2026-06-14 19:16:06, tokens_remaining: 1977, call: scores, phase: playing
2026-06-14 19:16:07, tokens_remaining: 1976, call: scores, phase: playing
2026-06-14 19:16:08, tokens_remaining: 1976, call: scores, phase: playing
2026-06-14 19:16:10, tokens_remaining: 1975, call: scores, phase: playing
2026-06-14 19:16:10, tokens_remaining: 1975, call: scores, phase: playing
2026-06-14 19:16:12, tokens_remaining: 1974, call: scores, phase: playing
2026-06-14 19:16:13, tokens_remaining: 1974, call: scores, phase: playing
2026-06-14 19:16:14, tokens_remaining: 1973, call: scores, phase: playing
2026-06-14 19:16:15, tokens_remaining: 1972, call: events, phase: playing
2026-06-14 19:16:16, tokens_remaining: 1971, call: scores, phase: playing
2026-06-14 19:16:17, tokens_remaining: 1971, call: scores, phase: playing
2026-06-14 19:16:18, tokens_remaining: 1970, call: scores, phase: playing
2026-06-14 19:16:19, tokens_remaining: 1970, call: scores, phase: playing
2026-06-14 19:16:20, tokens_remaining: 1969, call: scores, phase: playing
2026-06-14 19:16:21, tokens_remaining: 1969, call: scores, phase: playing
2026-06-14 19:16:22, tokens_remaining: 1968, call: scores, phase: playing
2026-06-14 19:16:23, tokens_remaining: 1968, call: scores, phase: playing
2026-06-14 19:16:24, tokens_remaining: 1967, call: scores, phase: playing
2026-06-14 19:16:26, tokens_remaining: 1966, call: events, phase: playing
2026-06-14 19:16:27, tokens_remaining: 1965, call: scores, phase: playing
2026-06-14 19:16:28, tokens_remaining: 1965, call: scores, phase: playing
2026-06-14 19:16:29, tokens_remaining: 1964, call: scores, phase: playing
2026-06-14 19:16:30, tokens_remaining: 1964, call: scores, phase: playing
2026-06-14 19:16:31, tokens_remaining: 1963, call: scores, phase: playing
2026-06-14 19:16:32, tokens_remaining: 1963, call: scores, phase: playing
2026-06-14 19:16:33, tokens_remaining: 1962, call: scores, phase: playing
2026-06-14 19:16:34, tokens_remaining: 1962, call: scores, phase: playing
2026-06-14 19:16:35, tokens_remaining: 1961, call: scores, phase: playing
2026-06-14 19:16:36, tokens_remaining: 1960, call: events, phase: playing
2026-06-14 19:16:38, tokens_remaining: 1959, call: scores, phase: playing
2026-06-14 19:16:38, tokens_remaining: 1959, call: scores, phase: playing
2026-06-14 19:16:40, tokens_remaining: 1958, call: scores, phase: playing
2026-06-14 19:16:41, tokens_remaining: 1958, call: scores, phase: playing
2026-06-14 19:16:42, tokens_remaining: 1957, call: scores, phase: playing
2026-06-14 19:16:43, tokens_remaining: 1957, call: scores, phase: playing
2026-06-14 19:16:44, tokens_remaining: 1956, call: scores, phase: playing
2026-06-14 19:16:45, tokens_remaining: 1956, call: scores, phase: playing
2026-06-14 19:16:46, tokens_remaining: 1955, call: scores, phase: playing
2026-06-14 19:16:47, tokens_remaining: 1954, call: events, phase: playing
2026-06-14 19:16:48, tokens_remaining: 1953, call: scores, phase: playing
2026-06-14 19:16:49, tokens_remaining: 1953, call: scores, phase: playing
2026-06-14 19:16:50, tokens_remaining: 1952, call: scores, phase: playing
2026-06-14 19:16:51, tokens_remaining: 1952, call: scores, phase: playing
2026-06-14 19:16:53, tokens_remaining: 1951, call: scores, phase: playing
2026-06-14 19:16:53, tokens_remaining: 1951, call: scores, phase: playing
2026-06-14 19:16:55, tokens_remaining: 1950, call: scores, phase: playing
2026-06-14 19:16:56, tokens_remaining: 1950, call: scores, phase: playing
2026-06-14 19:16:57, tokens_remaining: 1949, call: scores, phase: playing
2026-06-14 19:16:58, tokens_remaining: 1948, call: events, phase: playing
2026-06-14 19:16:59, tokens_remaining: 1947, call: scores, phase: playing
2026-06-14 19:17:00, tokens_remaining: 1947, call: scores, phase: playing
2026-06-14 19:17:01, tokens_remaining: 1946, call: scores, phase: playing
2026-06-14 19:17:02, tokens_remaining: 1946, call: scores, phase: playing
2026-06-14 19:17:03, tokens_remaining: 1945, call: scores, phase: playing
2026-06-14 19:17:04, tokens_remaining: 1945, call: scores, phase: playing
2026-06-14 19:17:05, tokens_remaining: 1944, call: scores, phase: playing
2026-06-14 19:17:06, tokens_remaining: 1944, call: scores, phase: playing
2026-06-14 19:17:07, tokens_remaining: 1943, call: scores, phase: playing
2026-06-14 19:17:09, tokens_remaining: 1942, call: events, phase: playing
2026-06-14 19:17:10, tokens_remaining: 1941, call: scores, phase: playing
2026-06-14 19:17:11, tokens_remaining: 1941, call: scores, phase: playing
2026-06-14 19:17:12, tokens_remaining: 1940, call: scores, phase: playing
2026-06-14 19:17:13, tokens_remaining: 1940, call: scores, phase: playing
2026-06-14 19:17:14, tokens_remaining: 1939, call: scores, phase: playing
2026-06-14 19:17:15, tokens_remaining: 1939, call: scores, phase: playing
2026-06-14 19:17:16, tokens_remaining: 1938, call: scores, phase: playing
2026-06-14 19:17:17, tokens_remaining: 1938, call: scores, phase: playing
2026-06-14 19:17:18, tokens_remaining: 1937, call: scores, phase: playing
2026-06-14 19:17:19, tokens_remaining: 1936, call: events, phase: playing
2026-06-14 19:17:20, tokens_remaining: 1935, call: scores, phase: playing
2026-06-14 19:17:21, tokens_remaining: 1935, call: scores, phase: playing
2026-06-14 19:17:22, tokens_remaining: 1934, call: scores, phase: playing
2026-06-14 19:17:23, tokens_remaining: 1934, call: scores, phase: playing
2026-06-14 19:17:24, tokens_remaining: 1933, call: scores, phase: playing
2026-06-14 19:17:25, tokens_remaining: 1933, call: scores, phase: playing
2026-06-14 19:17:26, tokens_remaining: 1932, call: scores, phase: playing
2026-06-14 19:17:27, tokens_remaining: 1932, call: scores, phase: playing
2026-06-14 19:17:29, tokens_remaining: 1931, call: scores, phase: playing
2026-06-14 19:17:30, tokens_remaining: 1930, call: events, phase: playing
2026-06-14 19:17:31, tokens_remaining: 1929, call: scores, phase: playing
2026-06-14 19:17:32, tokens_remaining: 1929, call: scores, phase: playing
2026-06-14 19:17:33, tokens_remaining: 1928, call: scores, phase: playing
2026-06-14 19:17:34, tokens_remaining: 1928, call: scores, phase: playing
2026-06-14 19:17:35, tokens_remaining: 1927, call: scores, phase: playing
2026-06-14 19:17:36, tokens_remaining: 1927, call: scores, phase: playing
2026-06-14 19:17:37, tokens_remaining: 1926, call: scores, phase: playing
2026-06-14 19:17:38, tokens_remaining: 1926, call: scores, phase: playing
2026-06-14 19:17:39, tokens_remaining: 1925, call: scores, phase: playing
2026-06-14 19:17:40, tokens_remaining: 1924, call: events, phase: playing
2026-06-14 19:17:42, tokens_remaining: 1923, call: scores, phase: playing
2026-06-14 19:17:42, tokens_remaining: 1923, call: scores, phase: playing
2026-06-14 19:17:44, tokens_remaining: 1922, call: scores, phase: playing
2026-06-14 19:17:44, tokens_remaining: 1922, call: scores, phase: playing
2026-06-14 19:17:46, tokens_remaining: 1921, call: scores, phase: playing
2026-06-14 19:17:47, tokens_remaining: 1921, call: scores, phase: playing
2026-06-14 19:17:48, tokens_remaining: 1920, call: scores, phase: playing
2026-06-14 19:17:49, tokens_remaining: 1920, call: scores, phase: playing
2026-06-14 19:17:50, tokens_remaining: 1919, call: scores, phase: playing
2026-06-14 19:17:51, tokens_remaining: 1918, call: events, phase: playing
2026-06-14 19:17:52, tokens_remaining: 1917, call: scores, phase: playing
2026-06-14 19:17:53, tokens_remaining: 1917, call: scores, phase: playing
2026-06-14 19:17:54, tokens_remaining: 1916, call: scores, phase: playing
2026-06-14 19:17:55, tokens_remaining: 1916, call: scores, phase: playing
2026-06-14 19:17:56, tokens_remaining: 1915, call: scores, phase: playing
2026-06-14 19:17:57, tokens_remaining: 1915, call: scores, phase: playing
2026-06-14 19:17:58, tokens_remaining: 1914, call: scores, phase: playing
2026-06-14 19:17:59, tokens_remaining: 1914, call: scores, phase: playing
2026-06-14 19:18:00, tokens_remaining: 1913, call: scores, phase: playing
2026-06-14 19:18:01, tokens_remaining: 1912, call: events, phase: playing
2026-06-14 19:18:03, tokens_remaining: 1911, call: scores, phase: playing
2026-06-14 19:18:04, tokens_remaining: 1911, call: scores, phase: playing
2026-06-14 19:18:05, tokens_remaining: 1910, call: scores, phase: playing
2026-06-14 19:18:06, tokens_remaining: 1910, call: scores, phase: playing
2026-06-14 19:18:07, tokens_remaining: 1909, call: scores, phase: playing
2026-06-14 19:18:08, tokens_remaining: 1909, call: scores, phase: playing
2026-06-14 19:18:09, tokens_remaining: 1908, call: scores, phase: playing
2026-06-14 19:18:10, tokens_remaining: 1908, call: scores, phase: playing
2026-06-14 19:18:11, tokens_remaining: 1907, call: scores, phase: playing
2026-06-14 19:18:12, tokens_remaining: 1906, call: events, phase: playing
2026-06-14 19:18:13, tokens_remaining: 1905, call: scores, phase: playing
2026-06-14 19:18:14, tokens_remaining: 1905, call: scores, phase: playing
2026-06-14 19:18:15, tokens_remaining: 1904, call: scores, phase: playing
2026-06-14 19:18:16, tokens_remaining: 1904, call: scores, phase: playing
2026-06-14 19:18:17, tokens_remaining: 1903, call: scores, phase: playing
2026-06-14 19:18:18, tokens_remaining: 1903, call: scores, phase: playing
2026-06-14 19:18:19, tokens_remaining: 1902, call: scores, phase: playing
2026-06-14 19:18:20, tokens_remaining: 1902, call: scores, phase: playing
2026-06-14 19:18:21, tokens_remaining: 1901, call: scores, phase: playing
2026-06-14 19:18:23, tokens_remaining: 1900, call: events, phase: playing
2026-06-14 19:18:24, tokens_remaining: 1899, call: scores, phase: playing
2026-06-14 19:18:25, tokens_remaining: 1899, call: scores, phase: playing
2026-06-14 19:18:26, tokens_remaining: 1898, call: scores, phase: playing
2026-06-14 19:18:27, tokens_remaining: 1898, call: scores, phase: playing
2026-06-14 19:18:28, tokens_remaining: 1897, call: scores, phase: playing
2026-06-14 19:18:29, tokens_remaining: 1897, call: scores, phase: playing
2026-06-14 19:18:30, tokens_remaining: 1896, call: scores, phase: playing
2026-06-14 19:18:31, tokens_remaining: 1896, call: scores, phase: playing
2026-06-14 19:18:32, tokens_remaining: 1895, call: scores, phase: playing
2026-06-14 19:18:33, tokens_remaining: 1894, call: events, phase: playing
2026-06-14 19:18:34, tokens_remaining: 1893, call: scores, phase: playing
2026-06-14 19:18:35, tokens_remaining: 1893, call: scores, phase: playing
2026-06-14 19:18:36, tokens_remaining: 1892, call: scores, phase: playing
2026-06-14 19:18:37, tokens_remaining: 1892, call: scores, phase: playing
2026-06-14 19:18:38, tokens_remaining: 1891, call: scores, phase: playing
2026-06-14 19:18:39, tokens_remaining: 1891, call: scores, phase: playing
2026-06-14 19:18:40, tokens_remaining: 1890, call: scores, phase: playing
2026-06-14 19:18:41, tokens_remaining: 1890, call: scores, phase: playing
2026-06-14 19:18:42, tokens_remaining: 1889, call: scores, phase: playing
2026-06-14 19:18:43, tokens_remaining: 1888, call: events, phase: playing
2026-06-14 19:18:45, tokens_remaining: 1887, call: scores, phase: playing
2026-06-14 19:18:46, tokens_remaining: 1887, call: scores, phase: playing
2026-06-14 19:18:47, tokens_remaining: 1886, call: scores, phase: playing
2026-06-14 19:18:48, tokens_remaining: 1886, call: scores, phase: playing
2026-06-14 19:18:49, tokens_remaining: 1885, call: scores, phase: playing
2026-06-14 19:18:50, tokens_remaining: 1885, call: scores, phase: playing
2026-06-14 19:18:51, tokens_remaining: 1884, call: scores, phase: playing
2026-06-14 19:18:52, tokens_remaining: 1884, call: scores, phase: playing
2026-06-14 19:18:53, tokens_remaining: 1883, call: scores, phase: playing
2026-06-14 19:18:54, tokens_remaining: 1882, call: events, phase: playing
2026-06-14 19:18:55, tokens_remaining: 1881, call: scores, phase: playing
2026-06-14 19:18:56, tokens_remaining: 1881, call: scores, phase: playing
2026-06-14 19:18:57, tokens_remaining: 1880, call: scores, phase: playing
2026-06-14 19:18:58, tokens_remaining: 1880, call: scores, phase: playing
2026-06-14 19:18:59, tokens_remaining: 1879, call: scores, phase: playing
2026-06-14 19:19:00, tokens_remaining: 1879, call: scores, phase: playing
2026-06-14 19:19:01, tokens_remaining: 1878, call: scores, phase: playing
2026-06-14 19:19:02, tokens_remaining: 1878, call: scores, phase: playing
2026-06-14 19:19:03, tokens_remaining: 1877, call: scores, phase: playing
2026-06-14 19:19:04, tokens_remaining: 1876, call: events, phase: playing
2026-06-14 19:19:05, tokens_remaining: 1875, call: scores, phase: playing
2026-06-14 19:19:06, tokens_remaining: 1875, call: scores, phase: playing
2026-06-14 19:19:07, tokens_remaining: 1874, call: scores, phase: playing
2026-06-14 19:19:08, tokens_remaining: 1874, call: scores, phase: playing
2026-06-14 19:19:09, tokens_remaining: 1873, call: scores, phase: playing
2026-06-14 19:19:10, tokens_remaining: 1873, call: scores, phase: playing
2026-06-14 19:19:11, tokens_remaining: 1872, call: scores, phase: playing
2026-06-14 19:19:12, tokens_remaining: 1872, call: scores, phase: playing
2026-06-14 19:19:13, tokens_remaining: 1871, call: scores, phase: playing
2026-06-14 19:19:15, tokens_remaining: 1870, call: events, phase: playing
2026-06-14 19:19:16, tokens_remaining: 1869, call: scores, phase: playing
2026-06-14 19:19:17, tokens_remaining: 1869, call: scores, phase: playing
2026-06-14 19:19:18, tokens_remaining: 1868, call: scores, phase: playing
2026-06-14 19:19:19, tokens_remaining: 1868, call: scores, phase: playing
2026-06-14 19:19:20, tokens_remaining: 1867, call: scores, phase: playing
2026-06-14 19:19:21, tokens_remaining: 1867, call: scores, phase: playing
2026-06-14 19:19:22, tokens_remaining: 1866, call: scores, phase: playing
2026-06-14 19:19:23, tokens_remaining: 1866, call: scores, phase: playing
2026-06-14 19:19:24, tokens_remaining: 1865, call: scores, phase: playing
2026-06-14 19:19:25, tokens_remaining: 1864, call: events, phase: playing
2026-06-14 19:19:26, tokens_remaining: 1863, call: scores, phase: playing
2026-06-14 19:19:27, tokens_remaining: 1863, call: scores, phase: playing
2026-06-14 19:19:28, tokens_remaining: 1862, call: scores, phase: playing
2026-06-14 19:19:29, tokens_remaining: 1862, call: scores, phase: playing
2026-06-14 19:19:30, tokens_remaining: 1861, call: scores, phase: playing
2026-06-14 19:19:31, tokens_remaining: 1861, call: scores, phase: playing
2026-06-14 19:19:32, tokens_remaining: 1860, call: scores, phase: playing
2026-06-14 19:19:33, tokens_remaining: 1860, call: scores, phase: playing
2026-06-14 19:19:34, tokens_remaining: 1859, call: scores, phase: playing
2026-06-14 19:19:35, tokens_remaining: 1858, call: events, phase: playing
2026-06-14 19:19:36, tokens_remaining: 1857, call: scores, phase: playing
2026-06-14 19:19:37, tokens_remaining: 1857, call: scores, phase: playing
2026-06-14 19:19:38, tokens_remaining: 1856, call: scores, phase: playing
2026-06-14 19:19:39, tokens_remaining: 1856, call: scores, phase: playing
2026-06-14 19:19:40, tokens_remaining: 1855, call: scores, phase: playing
2026-06-14 19:19:41, tokens_remaining: 1855, call: scores, phase: playing
2026-06-14 19:19:42, tokens_remaining: 1854, call: scores, phase: playing
2026-06-14 19:19:43, tokens_remaining: 1854, call: scores, phase: playing
2026-06-14 19:19:44, tokens_remaining: 1853, call: scores, phase: playing
2026-06-14 19:19:46, tokens_remaining: 1852, call: events, phase: playing
2026-06-14 19:19:47, tokens_remaining: 1851, call: scores, phase: playing
2026-06-14 19:19:48, tokens_remaining: 1851, call: scores, phase: playing
2026-06-14 19:19:49, tokens_remaining: 1850, call: scores, phase: playing
2026-06-14 19:19:50, tokens_remaining: 1850, call: scores, phase: playing
2026-06-14 19:19:51, tokens_remaining: 1849, call: scores, phase: playing
2026-06-14 19:19:51, tokens_remaining: 1849, call: scores, phase: playing
2026-06-14 19:19:53, tokens_remaining: 1848, call: scores, phase: playing
2026-06-14 19:19:53, tokens_remaining: 1848, call: scores, phase: playing
2026-06-14 19:19:55, tokens_remaining: 1847, call: scores, phase: playing
2026-06-14 19:19:56, tokens_remaining: 1846, call: events, phase: playing
2026-06-14 19:19:57, tokens_remaining: 1845, call: scores, phase: playing
2026-06-14 19:19:58, tokens_remaining: 1845, call: scores, phase: playing
2026-06-14 19:19:59, tokens_remaining: 1844, call: scores, phase: playing
2026-06-14 19:20:00, tokens_remaining: 1844, call: scores, phase: playing
2026-06-14 19:20:01, tokens_remaining: 1843, call: scores, phase: playing
2026-06-14 19:20:02, tokens_remaining: 1843, call: scores, phase: playing
2026-06-14 19:20:03, tokens_remaining: 1842, call: scores, phase: playing
2026-06-14 19:20:04, tokens_remaining: 1842, call: scores, phase: playing
2026-06-14 19:20:05, tokens_remaining: 1841, call: scores, phase: playing
2026-06-14 19:20:06, tokens_remaining: 1840, call: events, phase: playing
2026-06-14 19:20:07, tokens_remaining: 1839, call: scores, phase: playing
2026-06-14 19:20:08, tokens_remaining: 1839, call: scores, phase: playing
2026-06-14 19:20:09, tokens_remaining: 1838, call: scores, phase: playing
2026-06-14 19:20:10, tokens_remaining: 1838, call: scores, phase: playing
2026-06-14 19:20:11, tokens_remaining: 1837, call: scores, phase: playing
2026-06-14 19:20:12, tokens_remaining: 1837, call: scores, phase: playing
2026-06-14 19:20:13, tokens_remaining: 1836, call: scores, phase: playing
2026-06-14 19:20:14, tokens_remaining: 1836, call: scores, phase: playing
2026-06-14 19:20:15, tokens_remaining: 1835, call: scores, phase: playing
2026-06-14 19:20:16, tokens_remaining: 1834, call: events, phase: playing
2026-06-14 19:20:17, tokens_remaining: 1833, call: scores, phase: playing
2026-06-14 19:20:18, tokens_remaining: 1833, call: scores, phase: playing
2026-06-14 19:20:19, tokens_remaining: 1832, call: scores, phase: playing
2026-06-14 19:20:20, tokens_remaining: 1832, call: scores, phase: playing
2026-06-14 19:20:21, tokens_remaining: 1831, call: scores, phase: playing
2026-06-14 19:20:22, tokens_remaining: 1831, call: scores, phase: playing
2026-06-14 19:20:23, tokens_remaining: 1830, call: scores, phase: playing
2026-06-14 19:20:24, tokens_remaining: 1830, call: scores, phase: playing
2026-06-14 19:20:25, tokens_remaining: 1829, call: scores, phase: playing
2026-06-14 19:20:26, tokens_remaining: 1828, call: events, phase: playing
2026-06-14 19:20:27, tokens_remaining: 1827, call: scores, phase: playing
2026-06-14 19:20:28, tokens_remaining: 1827, call: scores, phase: playing
2026-06-14 19:20:29, tokens_remaining: 1826, call: scores, phase: playing
2026-06-14 19:20:30, tokens_remaining: 1826, call: scores, phase: playing
2026-06-14 19:20:31, tokens_remaining: 1825, call: scores, phase: playing
2026-06-14 19:20:32, tokens_remaining: 1825, call: scores, phase: playing
2026-06-14 19:20:33, tokens_remaining: 1824, call: scores, phase: playing
2026-06-14 19:20:34, tokens_remaining: 1824, call: scores, phase: playing
2026-06-14 19:20:35, tokens_remaining: 1823, call: scores, phase: playing
2026-06-14 19:20:36, tokens_remaining: 1822, call: events, phase: playing
2026-06-14 19:20:37, tokens_remaining: 1821, call: scores, phase: playing
2026-06-14 19:20:38, tokens_remaining: 1821, call: scores, phase: playing
2026-06-14 19:20:39, tokens_remaining: 1820, call: scores, phase: playing
2026-06-14 19:20:40, tokens_remaining: 1820, call: scores, phase: playing
2026-06-14 19:20:41, tokens_remaining: 1819, call: scores, phase: playing
2026-06-14 19:20:42, tokens_remaining: 1819, call: scores, phase: playing
2026-06-14 19:20:43, tokens_remaining: 1818, call: scores, phase: playing
2026-06-14 19:20:44, tokens_remaining: 1818, call: scores, phase: playing
2026-06-14 19:20:45, tokens_remaining: 1817, call: scores, phase: playing
2026-06-14 19:20:46, tokens_remaining: 1816, call: events, phase: playing
2026-06-14 19:20:48, tokens_remaining: 1815, call: scores, phase: playing
2026-06-14 19:20:48, tokens_remaining: 1815, call: scores, phase: playing
2026-06-14 19:20:50, tokens_remaining: 1814, call: scores, phase: playing
2026-06-14 19:20:50, tokens_remaining: 1814, call: scores, phase: playing
2026-06-14 19:20:51, tokens_remaining: 1813, call: scores, phase: playing
2026-06-14 19:20:52, tokens_remaining: 1813, call: scores, phase: playing
2026-06-14 19:20:53, tokens_remaining: 1812, call: scores, phase: playing
2026-06-14 19:20:54, tokens_remaining: 1812, call: scores, phase: playing
2026-06-14 19:20:55, tokens_remaining: 1811, call: scores, phase: playing
2026-06-14 19:20:56, tokens_remaining: 1810, call: events, phase: playing
2026-06-14 19:20:58, tokens_remaining: 1809, call: scores, phase: playing
2026-06-14 19:20:58, tokens_remaining: 1809, call: scores, phase: playing
2026-06-14 19:21:00, tokens_remaining: 1808, call: scores, phase: playing
2026-06-14 19:21:00, tokens_remaining: 1808, call: scores, phase: playing
2026-06-14 19:21:02, tokens_remaining: 1807, call: scores, phase: playing
2026-06-14 19:21:02, tokens_remaining: 1807, call: scores, phase: playing
2026-06-14 19:21:03, tokens_remaining: 1806, call: scores, phase: playing
2026-06-14 19:21:04, tokens_remaining: 1806, call: scores, phase: playing
2026-06-14 19:21:05, tokens_remaining: 1805, call: scores, phase: playing
2026-06-14 19:21:06, tokens_remaining: 1804, call: events, phase: playing
2026-06-14 19:21:08, tokens_remaining: 1803, call: scores, phase: playing
2026-06-14 19:21:08, tokens_remaining: 1803, call: scores, phase: playing
2026-06-14 19:21:10, tokens_remaining: 1802, call: scores, phase: playing
2026-06-14 19:21:10, tokens_remaining: 1802, call: scores, phase: playing
2026-06-14 19:21:11, tokens_remaining: 1801, call: scores, phase: playing
2026-06-14 19:21:12, tokens_remaining: 1801, call: scores, phase: playing
2026-06-14 19:21:13, tokens_remaining: 1800, call: scores, phase: playing
2026-06-14 19:21:14, tokens_remaining: 1800, call: scores, phase: playing
2026-06-14 19:21:15, tokens_remaining: 1799, call: scores, phase: playing
2026-06-14 19:21:16, tokens_remaining: 1798, call: events, phase: playing
2026-06-14 19:21:18, tokens_remaining: 1797, call: scores, phase: playing
2026-06-14 19:21:18, tokens_remaining: 1797, call: scores, phase: playing
2026-06-14 19:21:20, tokens_remaining: 1796, call: scores, phase: playing
2026-06-14 19:21:20, tokens_remaining: 1796, call: scores, phase: playing
2026-06-14 19:21:22, tokens_remaining: 1795, call: scores, phase: playing
2026-06-14 19:21:22, tokens_remaining: 1795, call: scores, phase: playing
2026-06-14 19:21:23, tokens_remaining: 1794, call: scores, phase: playing
2026-06-14 19:21:24, tokens_remaining: 1794, call: scores, phase: playing
2026-06-14 19:21:25, tokens_remaining: 1793, call: scores, phase: playing
2026-06-14 19:21:26, tokens_remaining: 1792, call: events, phase: playing
2026-06-14 19:21:28, tokens_remaining: 1791, call: scores, phase: playing
2026-06-14 19:21:28, tokens_remaining: 1791, call: scores, phase: playing
2026-06-14 19:21:29, tokens_remaining: 1790, call: scores, phase: playing
2026-06-14 19:21:30, tokens_remaining: 1790, call: scores, phase: playing
2026-06-14 19:21:31, tokens_remaining: 1789, call: scores, phase: playing
2026-06-14 19:21:32, tokens_remaining: 1789, call: scores, phase: playing
2026-06-14 19:21:33, tokens_remaining: 1788, call: scores, phase: playing
2026-06-14 19:21:34, tokens_remaining: 1788, call: scores, phase: playing
2026-06-14 19:21:35, tokens_remaining: 1787, call: scores, phase: playing
2026-06-14 19:21:36, tokens_remaining: 1786, call: events, phase: playing
2026-06-14 19:21:37, tokens_remaining: 1785, call: scores, phase: playing
2026-06-14 19:21:38, tokens_remaining: 1785, call: scores, phase: playing
2026-06-14 19:21:39, tokens_remaining: 1784, call: scores, phase: playing
2026-06-14 19:21:40, tokens_remaining: 1784, call: scores, phase: playing
2026-06-14 19:21:41, tokens_remaining: 1783, call: scores, phase: playing
2026-06-14 19:21:42, tokens_remaining: 1783, call: scores, phase: playing
2026-06-14 19:21:43, tokens_remaining: 1782, call: scores, phase: playing
2026-06-14 19:21:44, tokens_remaining: 1782, call: scores, phase: playing
2026-06-14 19:21:45, tokens_remaining: 1781, call: scores, phase: playing
2026-06-14 19:21:46, tokens_remaining: 1780, call: events, phase: playing
2026-06-14 19:21:47, tokens_remaining: 1779, call: scores, phase: playing
2026-06-14 19:21:48, tokens_remaining: 1779, call: scores, phase: playing
2026-06-14 19:21:49, tokens_remaining: 1778, call: scores, phase: playing
2026-06-14 19:21:50, tokens_remaining: 1778, call: scores, phase: playing
2026-06-14 19:21:51, tokens_remaining: 1777, call: scores, phase: playing
2026-06-14 19:21:52, tokens_remaining: 1777, call: scores, phase: playing
2026-06-14 19:21:53, tokens_remaining: 1776, call: scores, phase: playing
2026-06-14 19:21:54, tokens_remaining: 1776, call: scores, phase: playing
2026-06-14 19:21:55, tokens_remaining: 1775, call: scores, phase: playing
2026-06-14 19:21:56, tokens_remaining: 1774, call: events, phase: playing
2026-06-14 19:21:57, tokens_remaining: 1773, call: scores, phase: playing
2026-06-14 19:21:58, tokens_remaining: 1773, call: scores, phase: playing
2026-06-14 19:21:59, tokens_remaining: 1772, call: scores, phase: playing
2026-06-14 19:22:00, tokens_remaining: 1772, call: scores, phase: playing
2026-06-14 19:22:01, tokens_remaining: 1771, call: scores, phase: playing
2026-06-14 19:22:02, tokens_remaining: 1771, call: scores, phase: playing
2026-06-14 19:22:03, tokens_remaining: 1770, call: scores, phase: playing
2026-06-14 19:22:04, tokens_remaining: 1770, call: scores, phase: playing
2026-06-14 19:22:05, tokens_remaining: 1769, call: scores, phase: playing
2026-06-14 19:22:06, tokens_remaining: 1768, call: events, phase: playing
2026-06-14 19:22:07, tokens_remaining: 1767, call: scores, phase: playing
2026-06-14 19:22:08, tokens_remaining: 1767, call: scores, phase: playing
2026-06-14 19:22:09, tokens_remaining: 1766, call: scores, phase: playing
2026-06-14 19:22:10, tokens_remaining: 1766, call: scores, phase: playing
2026-06-14 19:22:11, tokens_remaining: 1765, call: scores, phase: playing
2026-06-14 19:22:12, tokens_remaining: 1765, call: scores, phase: playing
2026-06-14 19:22:13, tokens_remaining: 1764, call: scores, phase: playing
2026-06-14 19:22:14, tokens_remaining: 1764, call: scores, phase: playing
2026-06-14 19:22:15, tokens_remaining: 1763, call: scores, phase: playing
2026-06-14 19:22:16, tokens_remaining: 1762, call: events, phase: playing
2026-06-14 19:22:16, EVENT: SUBSTITUTION 56' Nilson Angulo [Côte d'Ivoire vs Ecuador]
2026-06-14 19:22:16, EVENT: SUBSTITUTION 56' Ange-Yoan Bonny [Côte d'Ivoire vs Ecuador]
2026-06-14 19:22:16, EVENT: SUBSTITUTION 56' Amad Diallo [Côte d'Ivoire vs Ecuador]
2026-06-14 19:22:17, tokens_remaining: 1761, call: scores, phase: playing
2026-06-14 19:22:18, tokens_remaining: 1761, call: scores, phase: playing
2026-06-14 19:22:19, tokens_remaining: 1760, call: scores, phase: playing
2026-06-14 19:22:20, tokens_remaining: 1760, call: scores, phase: playing
2026-06-14 19:22:21, tokens_remaining: 1759, call: scores, phase: playing
2026-06-14 19:22:21, tokens_remaining: 1759, call: scores, phase: playing
2026-06-14 19:22:23, tokens_remaining: 1758, call: scores, phase: playing
2026-06-14 19:22:23, tokens_remaining: 1758, call: scores, phase: playing
2026-06-14 19:22:24, tokens_remaining: 1757, call: scores, phase: playing
2026-06-14 19:22:26, tokens_remaining: 1756, call: events, phase: playing
2026-06-14 19:22:27, tokens_remaining: 1755, call: scores, phase: playing
2026-06-14 19:22:27, tokens_remaining: 1755, call: scores, phase: playing
2026-06-14 19:22:29, tokens_remaining: 1754, call: scores, phase: playing
2026-06-14 19:22:29, tokens_remaining: 1754, call: scores, phase: playing
2026-06-14 19:22:30, tokens_remaining: 1753, call: scores, phase: playing
2026-06-14 19:22:31, tokens_remaining: 1753, call: scores, phase: playing
2026-06-14 19:22:32, tokens_remaining: 1752, call: scores, phase: playing
2026-06-14 19:22:33, tokens_remaining: 1752, call: scores, phase: playing
2026-06-14 19:22:34, tokens_remaining: 1751, call: scores, phase: playing
2026-06-14 19:22:35, tokens_remaining: 1750, call: events, phase: playing
2026-06-14 19:22:36, tokens_remaining: 1749, call: scores, phase: playing
2026-06-14 19:22:37, tokens_remaining: 1749, call: scores, phase: playing
2026-06-14 19:22:38, tokens_remaining: 1748, call: scores, phase: playing
2026-06-14 19:22:39, tokens_remaining: 1748, call: scores, phase: playing
2026-06-14 19:22:40, tokens_remaining: 1747, call: scores, phase: playing
2026-06-14 19:22:41, tokens_remaining: 1747, call: scores, phase: playing
2026-06-14 19:22:42, tokens_remaining: 1746, call: scores, phase: playing
2026-06-14 19:22:43, tokens_remaining: 1746, call: scores, phase: playing
2026-06-14 19:22:44, tokens_remaining: 1745, call: scores, phase: playing
2026-06-14 19:22:45, tokens_remaining: 1744, call: events, phase: playing
2026-06-14 19:22:46, tokens_remaining: 1743, call: scores, phase: playing
2026-06-14 19:22:47, tokens_remaining: 1743, call: scores, phase: playing
2026-06-14 19:22:48, tokens_remaining: 1742, call: scores, phase: playing
2026-06-14 19:22:49, tokens_remaining: 1742, call: scores, phase: playing
2026-06-14 19:22:50, tokens_remaining: 1741, call: scores, phase: playing
2026-06-14 19:22:51, tokens_remaining: 1741, call: scores, phase: playing
2026-06-14 19:22:52, tokens_remaining: 1740, call: scores, phase: playing
2026-06-14 19:22:53, tokens_remaining: 1740, call: scores, phase: playing
2026-06-14 19:22:54, tokens_remaining: 1739, call: scores, phase: playing
2026-06-14 19:22:55, tokens_remaining: 1738, call: events, phase: playing
2026-06-14 19:22:56, tokens_remaining: 1737, call: scores, phase: playing
2026-06-14 19:22:57, tokens_remaining: 1737, call: scores, phase: playing
2026-06-14 19:22:58, tokens_remaining: 1736, call: scores, phase: playing
2026-06-14 19:22:58, tokens_remaining: 1736, call: scores, phase: playing
2026-06-14 19:23:00, tokens_remaining: 1735, call: scores, phase: playing
2026-06-14 19:23:00, tokens_remaining: 1735, call: scores, phase: playing
2026-06-14 19:23:01, tokens_remaining: 1734, call: scores, phase: playing
2026-06-14 19:23:02, tokens_remaining: 1734, call: scores, phase: playing
2026-06-14 19:23:03, tokens_remaining: 1733, call: scores, phase: playing
2026-06-14 19:23:04, tokens_remaining: 1732, call: events, phase: playing
2026-06-14 19:23:05, tokens_remaining: 1731, call: scores, phase: playing
2026-06-14 19:23:06, tokens_remaining: 1731, call: scores, phase: playing
2026-06-14 19:23:07, tokens_remaining: 1730, call: scores, phase: playing
2026-06-14 19:23:08, tokens_remaining: 1730, call: scores, phase: playing
2026-06-14 19:23:09, tokens_remaining: 1729, call: scores, phase: playing
2026-06-14 19:23:10, tokens_remaining: 1729, call: scores, phase: playing
2026-06-14 19:23:11, tokens_remaining: 1728, call: scores, phase: playing
2026-06-14 19:23:12, tokens_remaining: 1728, call: scores, phase: playing
2026-06-14 19:23:13, tokens_remaining: 1727, call: scores, phase: playing
2026-06-14 19:23:14, tokens_remaining: 1726, call: events, phase: playing
2026-06-14 19:23:15, tokens_remaining: 1725, call: scores, phase: playing
2026-06-14 19:23:16, tokens_remaining: 1725, call: scores, phase: playing
2026-06-14 19:23:17, tokens_remaining: 1724, call: scores, phase: playing
2026-06-14 19:23:18, tokens_remaining: 1724, call: scores, phase: playing
2026-06-14 19:23:19, tokens_remaining: 1723, call: scores, phase: playing
2026-06-14 19:23:19, tokens_remaining: 1723, call: scores, phase: playing
2026-06-14 19:23:21, tokens_remaining: 1722, call: scores, phase: playing
2026-06-14 19:23:21, tokens_remaining: 1722, call: scores, phase: playing
2026-06-14 19:23:22, tokens_remaining: 1721, call: scores, phase: playing
2026-06-14 19:23:23, tokens_remaining: 1720, call: events, phase: playing
2026-06-14 19:23:25, tokens_remaining: 1719, call: scores, phase: playing
2026-06-14 19:23:25, tokens_remaining: 1719, call: scores, phase: playing
2026-06-14 19:23:26, tokens_remaining: 1718, call: scores, phase: playing
2026-06-14 19:23:27, tokens_remaining: 1718, call: scores, phase: playing
2026-06-14 19:23:28, tokens_remaining: 1717, call: scores, phase: playing
2026-06-14 19:23:29, tokens_remaining: 1717, call: scores, phase: playing
2026-06-14 19:23:30, tokens_remaining: 1716, call: scores, phase: playing
2026-06-14 19:23:31, tokens_remaining: 1716, call: scores, phase: playing
2026-06-14 19:23:32, tokens_remaining: 1715, call: scores, phase: playing
2026-06-14 19:23:33, tokens_remaining: 1714, call: events, phase: playing
2026-06-14 19:23:34, tokens_remaining: 1713, call: scores, phase: playing
2026-06-14 19:23:35, tokens_remaining: 1713, call: scores, phase: playing
2026-06-14 19:23:36, tokens_remaining: 1712, call: scores, phase: playing
2026-06-14 19:23:37, tokens_remaining: 1712, call: scores, phase: playing
2026-06-14 19:23:38, tokens_remaining: 1711, call: scores, phase: playing
2026-06-14 19:23:39, tokens_remaining: 1711, call: scores, phase: playing
2026-06-14 19:23:40, tokens_remaining: 1710, call: scores, phase: playing
2026-06-14 19:23:40, tokens_remaining: 1710, call: scores, phase: playing
2026-06-14 19:23:42, tokens_remaining: 1709, call: scores, phase: playing
2026-06-14 19:23:43, tokens_remaining: 1708, call: events, phase: playing
2026-06-14 19:23:44, tokens_remaining: 1707, call: scores, phase: playing
2026-06-14 19:23:44, tokens_remaining: 1707, call: scores, phase: playing
2026-06-14 19:23:45, tokens_remaining: 1706, call: scores, phase: playing
2026-06-14 19:23:46, tokens_remaining: 1706, call: scores, phase: playing
2026-06-14 19:23:47, tokens_remaining: 1705, call: scores, phase: playing
2026-06-14 19:23:48, tokens_remaining: 1705, call: scores, phase: playing
2026-06-14 19:23:49, tokens_remaining: 1704, call: scores, phase: playing
2026-06-14 19:23:50, tokens_remaining: 1704, call: scores, phase: playing
2026-06-14 19:23:51, tokens_remaining: 1703, call: scores, phase: playing
2026-06-14 19:23:52, tokens_remaining: 1702, call: events, phase: playing
2026-06-14 19:23:53, tokens_remaining: 1701, call: scores, phase: playing
2026-06-14 19:23:54, tokens_remaining: 1701, call: scores, phase: playing
2026-06-14 19:23:55, tokens_remaining: 1700, call: scores, phase: playing
2026-06-14 19:23:56, tokens_remaining: 1700, call: scores, phase: playing
2026-06-14 19:23:57, tokens_remaining: 1699, call: scores, phase: playing
2026-06-14 19:23:58, tokens_remaining: 1699, call: scores, phase: playing
2026-06-14 19:23:59, tokens_remaining: 1698, call: scores, phase: playing
2026-06-14 19:23:59, tokens_remaining: 1698, call: scores, phase: playing
2026-06-14 19:24:01, tokens_remaining: 1697, call: scores, phase: playing
2026-06-14 19:24:02, tokens_remaining: 1696, call: events, phase: playing
2026-06-14 19:24:03, tokens_remaining: 1695, call: scores, phase: playing
2026-06-14 19:24:03, tokens_remaining: 1695, call: scores, phase: playing
2026-06-14 19:24:04, tokens_remaining: 1694, call: scores, phase: playing
2026-06-14 19:24:05, tokens_remaining: 1694, call: scores, phase: playing
2026-06-14 19:24:06, tokens_remaining: 1693, call: scores, phase: playing
2026-06-14 19:24:07, tokens_remaining: 1693, call: scores, phase: playing
2026-06-14 19:24:08, tokens_remaining: 1692, call: scores, phase: playing
2026-06-14 19:24:09, tokens_remaining: 1692, call: scores, phase: playing
2026-06-14 19:24:10, tokens_remaining: 1691, call: scores, phase: playing
2026-06-14 19:24:11, tokens_remaining: 1690, call: events, phase: playing
2026-06-14 19:24:12, tokens_remaining: 1689, call: scores, phase: playing
2026-06-14 19:24:13, tokens_remaining: 1689, call: scores, phase: playing
2026-06-14 19:24:14, tokens_remaining: 1688, call: scores, phase: playing
2026-06-14 19:24:15, tokens_remaining: 1688, call: scores, phase: playing
2026-06-14 19:24:16, tokens_remaining: 1687, call: scores, phase: playing
2026-06-14 19:24:17, tokens_remaining: 1687, call: scores, phase: playing
2026-06-14 19:24:18, tokens_remaining: 1686, call: scores, phase: playing
2026-06-14 19:24:18, tokens_remaining: 1686, call: scores, phase: playing
2026-06-14 19:24:19, tokens_remaining: 1685, call: scores, phase: playing
2026-06-14 19:24:20, tokens_remaining: 1684, call: events, phase: playing
2026-06-14 19:24:22, tokens_remaining: 1683, call: scores, phase: playing
2026-06-14 19:24:22, tokens_remaining: 1683, call: scores, phase: playing
2026-06-14 19:24:23, tokens_remaining: 1682, call: scores, phase: playing
2026-06-14 19:24:24, tokens_remaining: 1682, call: scores, phase: playing
2026-06-14 19:24:25, tokens_remaining: 1681, call: scores, phase: playing
2026-06-14 19:24:26, tokens_remaining: 1681, call: scores, phase: playing
2026-06-14 19:24:27, tokens_remaining: 1680, call: scores, phase: playing
2026-06-14 19:24:28, tokens_remaining: 1680, call: scores, phase: playing
2026-06-14 19:24:29, tokens_remaining: 1679, call: scores, phase: playing
2026-06-14 19:24:30, tokens_remaining: 1678, call: events, phase: playing
2026-06-14 19:24:31, tokens_remaining: 1677, call: scores, phase: playing
2026-06-14 19:24:32, tokens_remaining: 1677, call: scores, phase: playing
2026-06-14 19:24:33, tokens_remaining: 1676, call: scores, phase: playing
2026-06-14 19:24:33, tokens_remaining: 1676, call: scores, phase: playing
2026-06-14 19:24:34, tokens_remaining: 1675, call: scores, phase: playing
2026-06-14 19:24:35, tokens_remaining: 1675, call: scores, phase: playing
2026-06-14 19:24:36, tokens_remaining: 1674, call: scores, phase: playing
2026-06-14 19:24:37, tokens_remaining: 1674, call: scores, phase: playing
2026-06-14 19:24:38, tokens_remaining: 1673, call: scores, phase: playing
2026-06-14 19:24:39, tokens_remaining: 1672, call: events, phase: playing
2026-06-14 19:24:40, tokens_remaining: 1671, call: scores, phase: playing
2026-06-14 19:24:41, tokens_remaining: 1671, call: scores, phase: playing
2026-06-14 19:24:42, tokens_remaining: 1670, call: scores, phase: playing
2026-06-14 19:24:43, tokens_remaining: 1670, call: scores, phase: playing
2026-06-14 19:24:44, tokens_remaining: 1669, call: scores, phase: playing
2026-06-14 19:24:45, tokens_remaining: 1669, call: scores, phase: playing
2026-06-14 19:24:46, tokens_remaining: 1668, call: scores, phase: playing
2026-06-14 19:24:46, tokens_remaining: 1668, call: scores, phase: playing
2026-06-14 19:24:48, tokens_remaining: 1667, call: scores, phase: playing
2026-06-14 19:24:49, tokens_remaining: 1666, call: events, phase: playing
2026-06-14 19:24:50, tokens_remaining: 1665, call: scores, phase: playing
2026-06-14 19:24:50, tokens_remaining: 1665, call: scores, phase: playing
2026-06-14 19:24:51, tokens_remaining: 1664, call: scores, phase: playing
2026-06-14 19:24:52, tokens_remaining: 1664, call: scores, phase: playing
2026-06-14 19:24:53, tokens_remaining: 1663, call: scores, phase: playing
2026-06-14 19:24:54, tokens_remaining: 1663, call: scores, phase: playing
2026-06-14 19:24:55, tokens_remaining: 1662, call: scores, phase: playing
2026-06-14 19:24:56, tokens_remaining: 1662, call: scores, phase: playing
2026-06-14 19:24:57, tokens_remaining: 1661, call: scores, phase: playing
2026-06-14 19:24:58, tokens_remaining: 1660, call: events, phase: playing
2026-06-14 19:24:59, tokens_remaining: 1659, call: scores, phase: playing
2026-06-14 19:25:00, tokens_remaining: 1659, call: scores, phase: playing
2026-06-14 19:25:01, tokens_remaining: 1658, call: scores, phase: playing
2026-06-14 19:25:01, tokens_remaining: 1658, call: scores, phase: playing
2026-06-14 19:25:02, tokens_remaining: 1657, call: scores, phase: playing
2026-06-14 19:25:03, tokens_remaining: 1657, call: scores, phase: playing
2026-06-14 19:25:04, tokens_remaining: 1656, call: scores, phase: playing
2026-06-14 19:25:05, tokens_remaining: 1656, call: scores, phase: playing
2026-06-14 19:25:06, tokens_remaining: 1655, call: scores, phase: playing
2026-06-14 19:25:07, tokens_remaining: 1654, call: events, phase: playing
2026-06-14 19:25:08, tokens_remaining: 1653, call: scores, phase: playing
2026-06-14 19:25:09, tokens_remaining: 1653, call: scores, phase: playing
2026-06-14 19:25:10, tokens_remaining: 1652, call: scores, phase: playing
2026-06-14 19:25:11, tokens_remaining: 1652, call: scores, phase: playing
2026-06-14 19:25:12, tokens_remaining: 1651, call: scores, phase: playing
2026-06-14 19:25:12, tokens_remaining: 1651, call: scores, phase: playing
2026-06-14 19:25:13, tokens_remaining: 1650, call: scores, phase: playing
2026-06-14 19:25:14, tokens_remaining: 1650, call: scores, phase: playing
2026-06-14 19:25:15, tokens_remaining: 1649, call: scores, phase: playing
2026-06-14 19:25:16, tokens_remaining: 1648, call: events, phase: playing
2026-06-14 19:25:17, tokens_remaining: 1647, call: scores, phase: playing
2026-06-14 19:25:18, tokens_remaining: 1647, call: scores, phase: playing
2026-06-14 19:25:19, tokens_remaining: 1646, call: scores, phase: playing
2026-06-14 19:25:20, tokens_remaining: 1646, call: scores, phase: playing
2026-06-14 19:25:21, tokens_remaining: 1645, call: scores, phase: playing
2026-06-14 19:25:21, tokens_remaining: 1645, call: scores, phase: playing
2026-06-14 19:25:23, tokens_remaining: 1644, call: scores, phase: playing
2026-06-14 19:25:23, tokens_remaining: 1644, call: scores, phase: playing
2026-06-14 19:25:24, tokens_remaining: 1643, call: scores, phase: playing
2026-06-14 19:25:25, tokens_remaining: 1642, call: events, phase: playing
2026-06-14 19:25:26, tokens_remaining: 1641, call: scores, phase: playing
2026-06-14 19:25:27, tokens_remaining: 1641, call: scores, phase: playing
2026-06-14 19:25:28, tokens_remaining: 1640, call: scores, phase: playing
2026-06-14 19:25:29, tokens_remaining: 1640, call: scores, phase: playing
2026-06-14 19:25:30, tokens_remaining: 1639, call: scores, phase: playing
2026-06-14 19:25:31, tokens_remaining: 1639, call: scores, phase: playing
2026-06-14 19:25:32, tokens_remaining: 1638, call: scores, phase: playing
2026-06-14 19:25:32, tokens_remaining: 1638, call: scores, phase: playing
2026-06-14 19:25:33, tokens_remaining: 1637, call: scores, phase: playing
2026-06-14 19:25:35, tokens_remaining: 1636, call: events, phase: playing
2026-06-14 19:25:36, tokens_remaining: 1635, call: scores, phase: playing
2026-06-14 19:25:36, tokens_remaining: 1635, call: scores, phase: playing
2026-06-14 19:25:37, tokens_remaining: 1634, call: scores, phase: playing
2026-06-14 19:25:38, tokens_remaining: 1634, call: scores, phase: playing
2026-06-14 19:25:39, tokens_remaining: 1633, call: scores, phase: playing
2026-06-14 19:25:40, tokens_remaining: 1633, call: scores, phase: playing
2026-06-14 19:25:41, tokens_remaining: 1632, call: scores, phase: playing
2026-06-14 19:25:42, tokens_remaining: 1632, call: scores, phase: playing
2026-06-14 19:25:43, tokens_remaining: 1631, call: scores, phase: playing
2026-06-14 19:25:44, tokens_remaining: 1630, call: events, phase: playing
2026-06-14 19:25:45, tokens_remaining: 1629, call: scores, phase: playing
2026-06-14 19:25:45, tokens_remaining: 1629, call: scores, phase: playing
2026-06-14 19:25:46, tokens_remaining: 1628, call: scores, phase: playing
2026-06-14 19:25:47, tokens_remaining: 1628, call: scores, phase: playing
2026-06-14 19:25:48, tokens_remaining: 1627, call: scores, phase: playing
2026-06-14 19:25:49, tokens_remaining: 1627, call: scores, phase: playing
2026-06-14 19:25:50, tokens_remaining: 1626, call: scores, phase: playing
2026-06-14 19:25:51, tokens_remaining: 1626, call: scores, phase: playing
2026-06-14 19:25:52, tokens_remaining: 1625, call: scores, phase: playing
2026-06-14 19:25:53, tokens_remaining: 1624, call: events, phase: playing
2026-06-14 19:25:54, tokens_remaining: 1623, call: scores, phase: playing
2026-06-14 19:25:55, tokens_remaining: 1623, call: scores, phase: playing
2026-06-14 19:25:56, tokens_remaining: 1622, call: scores, phase: playing
2026-06-14 19:25:56, tokens_remaining: 1622, call: scores, phase: playing
2026-06-14 19:25:57, tokens_remaining: 1621, call: scores, phase: playing
2026-06-14 19:25:58, tokens_remaining: 1621, call: scores, phase: playing
2026-06-14 19:25:59, tokens_remaining: 1620, call: scores, phase: playing
2026-06-14 19:26:00, tokens_remaining: 1620, call: scores, phase: playing
2026-06-14 19:26:01, tokens_remaining: 1619, call: scores, phase: playing
2026-06-14 19:26:02, tokens_remaining: 1618, call: events, phase: playing
2026-06-14 19:26:03, tokens_remaining: 1617, call: scores, phase: playing
2026-06-14 19:26:04, tokens_remaining: 1617, call: scores, phase: playing
2026-06-14 19:26:05, tokens_remaining: 1616, call: scores, phase: playing
2026-06-14 19:26:05, tokens_remaining: 1616, call: scores, phase: playing
2026-06-14 19:26:06, tokens_remaining: 1615, call: scores, phase: playing
2026-06-14 19:26:07, tokens_remaining: 1615, call: scores, phase: playing
2026-06-14 19:26:08, tokens_remaining: 1614, call: scores, phase: playing
2026-06-14 19:26:09, tokens_remaining: 1614, call: scores, phase: playing
2026-06-14 19:26:10, tokens_remaining: 1613, call: scores, phase: playing
2026-06-14 19:26:11, tokens_remaining: 1612, call: events, phase: playing
2026-06-14 19:26:12, tokens_remaining: 1611, call: scores, phase: playing
2026-06-14 19:26:13, tokens_remaining: 1611, call: scores, phase: playing
2026-06-14 19:26:14, tokens_remaining: 1610, call: scores, phase: playing
2026-06-14 19:26:14, tokens_remaining: 1610, call: scores, phase: playing
2026-06-14 19:26:15, tokens_remaining: 1609, call: scores, phase: playing
2026-06-14 19:26:16, tokens_remaining: 1609, call: scores, phase: playing
2026-06-14 19:26:17, tokens_remaining: 1608, call: scores, phase: playing
2026-06-14 19:26:18, tokens_remaining: 1608, call: scores, phase: playing
2026-06-14 19:26:19, tokens_remaining: 1607, call: scores, phase: playing
2026-06-14 19:26:20, tokens_remaining: 1606, call: events, phase: playing
2026-06-14 19:26:21, tokens_remaining: 1605, call: scores, phase: playing
2026-06-14 19:26:22, tokens_remaining: 1605, call: scores, phase: playing
2026-06-14 19:26:23, tokens_remaining: 1604, call: scores, phase: playing
2026-06-14 19:26:23, tokens_remaining: 1604, call: scores, phase: playing
2026-06-14 19:26:24, tokens_remaining: 1603, call: scores, phase: playing
2026-06-14 19:26:25, tokens_remaining: 1603, call: scores, phase: playing
2026-06-14 19:26:26, tokens_remaining: 1602, call: scores, phase: playing
2026-06-14 19:26:27, tokens_remaining: 1602, call: scores, phase: playing
2026-06-14 19:26:28, tokens_remaining: 1601, call: scores, phase: playing
2026-06-14 19:26:29, tokens_remaining: 1600, call: events, phase: playing
2026-06-14 19:26:30, tokens_remaining: 1599, call: scores, phase: playing
2026-06-14 19:26:31, tokens_remaining: 1599, call: scores, phase: playing
2026-06-14 19:26:32, tokens_remaining: 1598, call: scores, phase: playing
2026-06-14 19:26:32, tokens_remaining: 1598, call: scores, phase: playing
2026-06-14 19:26:33, tokens_remaining: 1597, call: scores, phase: playing
2026-06-14 19:26:34, tokens_remaining: 1597, call: scores, phase: playing
2026-06-14 19:26:35, tokens_remaining: 1596, call: scores, phase: playing
2026-06-14 19:26:36, tokens_remaining: 1596, call: scores, phase: playing
2026-06-14 19:26:37, tokens_remaining: 1595, call: scores, phase: playing
2026-06-14 19:26:38, tokens_remaining: 1594, call: events, phase: playing
2026-06-14 19:26:39, tokens_remaining: 1593, call: scores, phase: playing
2026-06-14 19:26:40, tokens_remaining: 1593, call: scores, phase: playing
2026-06-14 19:26:41, tokens_remaining: 1592, call: scores, phase: playing
2026-06-14 19:26:41, tokens_remaining: 1592, call: scores, phase: playing
2026-06-14 19:26:42, tokens_remaining: 1591, call: scores, phase: playing
2026-06-14 19:26:43, tokens_remaining: 1591, call: scores, phase: playing
2026-06-14 19:26:44, tokens_remaining: 1590, call: scores, phase: playing
2026-06-14 19:26:45, tokens_remaining: 1590, call: scores, phase: playing
2026-06-14 19:26:46, tokens_remaining: 1589, call: scores, phase: playing
2026-06-14 19:26:47, tokens_remaining: 1588, call: events, phase: playing
2026-06-14 19:26:48, tokens_remaining: 1587, call: scores, phase: playing
2026-06-14 19:26:49, tokens_remaining: 1587, call: scores, phase: playing
2026-06-14 19:26:50, tokens_remaining: 1586, call: scores, phase: playing
2026-06-14 19:26:50, tokens_remaining: 1586, call: scores, phase: playing
2026-06-14 19:26:51, tokens_remaining: 1585, call: scores, phase: playing
2026-06-14 19:26:52, tokens_remaining: 1585, call: scores, phase: playing
2026-06-14 19:26:53, tokens_remaining: 1584, call: scores, phase: playing
2026-06-14 19:26:54, tokens_remaining: 1584, call: scores, phase: playing
2026-06-14 19:26:55, tokens_remaining: 1583, call: scores, phase: playing
2026-06-14 19:26:56, tokens_remaining: 1582, call: events, phase: playing
2026-06-14 19:26:57, tokens_remaining: 1581, call: scores, phase: playing
2026-06-14 19:26:57, tokens_remaining: 1581, call: scores, phase: playing
2026-06-14 19:26:58, tokens_remaining: 1580, call: scores, phase: playing
2026-06-14 19:26:59, tokens_remaining: 1580, call: scores, phase: playing
2026-06-14 19:27:00, tokens_remaining: 1579, call: scores, phase: playing
2026-06-14 19:27:01, tokens_remaining: 1579, call: scores, phase: playing
2026-06-14 19:27:02, tokens_remaining: 1578, call: scores, phase: playing
2026-06-14 19:27:03, tokens_remaining: 1578, call: scores, phase: playing
2026-06-14 19:27:04, tokens_remaining: 1577, call: scores, phase: playing
2026-06-14 19:27:05, tokens_remaining: 1576, call: events, phase: playing
2026-06-14 19:27:06, tokens_remaining: 1575, call: scores, phase: playing
2026-06-14 19:27:06, tokens_remaining: 1575, call: scores, phase: playing
2026-06-14 19:27:07, tokens_remaining: 1574, call: scores, phase: playing
2026-06-14 19:27:08, tokens_remaining: 1574, call: scores, phase: playing
2026-06-14 19:27:09, tokens_remaining: 1573, call: scores, phase: playing
2026-06-14 19:27:10, tokens_remaining: 1573, call: scores, phase: playing
2026-06-14 19:27:11, tokens_remaining: 1572, call: scores, phase: playing
2026-06-14 19:27:12, tokens_remaining: 1572, call: scores, phase: playing
2026-06-14 19:27:12, tokens_remaining: 1571, call: scores, phase: playing
2026-06-14 19:27:13, tokens_remaining: 1570, call: events, phase: playing
2026-06-14 19:27:14, tokens_remaining: 1569, call: scores, phase: playing
2026-06-14 19:27:15, tokens_remaining: 1569, call: scores, phase: playing
2026-06-14 19:27:16, tokens_remaining: 1568, call: scores, phase: playing
2026-06-14 19:27:17, tokens_remaining: 1568, call: scores, phase: playing
2026-06-14 19:27:18, tokens_remaining: 1567, call: scores, phase: playing
2026-06-14 19:27:19, tokens_remaining: 1567, call: scores, phase: playing
2026-06-14 19:27:20, tokens_remaining: 1566, call: scores, phase: playing
2026-06-14 19:27:20, tokens_remaining: 1566, call: scores, phase: playing
2026-06-14 19:27:21, tokens_remaining: 1565, call: scores, phase: playing
2026-06-14 19:27:22, tokens_remaining: 1564, call: events, phase: playing
2026-06-14 19:27:23, tokens_remaining: 1563, call: scores, phase: playing
2026-06-14 19:27:24, tokens_remaining: 1563, call: scores, phase: playing
2026-06-14 19:27:25, tokens_remaining: 1562, call: scores, phase: playing
2026-06-14 19:27:26, tokens_remaining: 1562, call: scores, phase: playing
2026-06-14 19:27:27, tokens_remaining: 1561, call: scores, phase: playing
2026-06-14 19:27:27, tokens_remaining: 1561, call: scores, phase: playing
2026-06-14 19:27:28, tokens_remaining: 1560, call: scores, phase: playing
2026-06-14 19:27:29, tokens_remaining: 1560, call: scores, phase: playing
2026-06-14 19:27:30, tokens_remaining: 1559, call: scores, phase: playing
2026-06-14 19:27:31, tokens_remaining: 1558, call: events, phase: playing
2026-06-14 19:27:32, tokens_remaining: 1557, call: scores, phase: playing
2026-06-14 19:27:33, tokens_remaining: 1557, call: scores, phase: playing
2026-06-14 19:27:34, tokens_remaining: 1556, call: scores, phase: playing
2026-06-14 19:27:35, tokens_remaining: 1556, call: scores, phase: playing
2026-06-14 19:27:36, tokens_remaining: 1555, call: scores, phase: playing
2026-06-14 19:27:36, tokens_remaining: 1555, call: scores, phase: playing
2026-06-14 19:27:37, tokens_remaining: 1554, call: scores, phase: playing
2026-06-14 19:27:38, tokens_remaining: 1554, call: scores, phase: playing
2026-06-14 19:27:39, tokens_remaining: 1553, call: scores, phase: playing
2026-06-14 19:27:40, tokens_remaining: 1552, call: events, phase: playing
2026-06-14 19:27:41, tokens_remaining: 1551, call: scores, phase: playing
2026-06-14 19:27:42, tokens_remaining: 1551, call: scores, phase: playing
2026-06-14 19:27:43, tokens_remaining: 1550, call: scores, phase: playing
2026-06-14 19:27:43, tokens_remaining: 1550, call: scores, phase: playing
2026-06-14 19:27:44, tokens_remaining: 1549, call: scores, phase: playing
2026-06-14 19:27:45, tokens_remaining: 1549, call: scores, phase: playing
2026-06-14 19:27:46, tokens_remaining: 1548, call: scores, phase: playing
2026-06-14 19:27:47, tokens_remaining: 1548, call: scores, phase: playing
2026-06-14 19:27:48, tokens_remaining: 1547, call: scores, phase: playing
2026-06-14 19:27:49, tokens_remaining: 1546, call: events, phase: playing
2026-06-14 19:27:50, tokens_remaining: 1545, call: scores, phase: playing
2026-06-14 19:27:51, tokens_remaining: 1545, call: scores, phase: playing
2026-06-14 19:27:51, tokens_remaining: 1544, call: scores, phase: playing
2026-06-14 19:27:52, tokens_remaining: 1544, call: scores, phase: playing
2026-06-14 19:27:53, tokens_remaining: 1543, call: scores, phase: playing
2026-06-14 19:27:54, tokens_remaining: 1543, call: scores, phase: playing
2026-06-14 19:27:55, tokens_remaining: 1542, call: scores, phase: playing
2026-06-14 19:27:56, tokens_remaining: 1542, call: scores, phase: playing
2026-06-14 19:27:57, tokens_remaining: 1541, call: scores, phase: playing
2026-06-14 19:27:58, tokens_remaining: 1540, call: events, phase: playing
2026-06-14 19:27:58, tokens_remaining: 1539, call: scores, phase: playing
2026-06-14 19:27:59, tokens_remaining: 1539, call: scores, phase: playing
2026-06-14 19:28:00, tokens_remaining: 1538, call: scores, phase: playing
2026-06-14 19:28:01, tokens_remaining: 1538, call: scores, phase: playing
2026-06-14 19:28:02, tokens_remaining: 1537, call: scores, phase: playing
2026-06-14 19:28:03, tokens_remaining: 1537, call: scores, phase: playing
2026-06-14 19:28:04, tokens_remaining: 1536, call: scores, phase: playing
2026-06-14 19:28:04, tokens_remaining: 1536, call: scores, phase: playing
2026-06-14 19:28:05, tokens_remaining: 1535, call: scores, phase: playing
2026-06-14 19:28:06, tokens_remaining: 1534, call: events, phase: playing
2026-06-14 19:28:07, tokens_remaining: 1533, call: scores, phase: playing
2026-06-14 19:28:08, tokens_remaining: 1533, call: scores, phase: playing
2026-06-14 19:28:09, tokens_remaining: 1532, call: scores, phase: playing
2026-06-14 19:28:10, tokens_remaining: 1532, call: scores, phase: playing
2026-06-14 19:28:11, tokens_remaining: 1531, call: scores, phase: playing
2026-06-14 19:28:11, tokens_remaining: 1531, call: scores, phase: playing
2026-06-14 19:28:12, tokens_remaining: 1530, call: scores, phase: playing
2026-06-14 19:28:13, tokens_remaining: 1530, call: scores, phase: playing
2026-06-14 19:28:14, tokens_remaining: 1529, call: scores, phase: playing
2026-06-14 19:28:15, tokens_remaining: 1528, call: events, phase: playing
2026-06-14 19:28:16, tokens_remaining: 1527, call: scores, phase: playing
2026-06-14 19:28:16, tokens_remaining: 1527, call: scores, phase: playing
2026-06-14 19:28:17, tokens_remaining: 1526, call: scores, phase: playing
2026-06-14 19:28:18, tokens_remaining: 1526, call: scores, phase: playing
2026-06-14 19:28:19, tokens_remaining: 1525, call: scores, phase: playing
2026-06-14 19:28:20, tokens_remaining: 1525, call: scores, phase: playing
2026-06-14 19:28:21, tokens_remaining: 1524, call: scores, phase: playing
2026-06-14 19:28:21, tokens_remaining: 1524, call: scores, phase: playing
2026-06-14 19:28:22, tokens_remaining: 1523, call: scores, phase: playing
2026-06-14 19:28:23, tokens_remaining: 1522, call: events, phase: playing
2026-06-14 19:28:23, EVENT: SUBSTITUTION 62' Jackson Porozo [Côte d'Ivoire vs Ecuador]
2026-06-14 19:28:24, tokens_remaining: 1521, call: scores, phase: playing
2026-06-14 19:28:25, tokens_remaining: 1521, call: scores, phase: playing
2026-06-14 19:28:26, tokens_remaining: 1520, call: scores, phase: playing
2026-06-14 19:28:27, tokens_remaining: 1520, call: scores, phase: playing
2026-06-14 19:28:28, tokens_remaining: 1519, call: scores, phase: playing
2026-06-14 19:28:28, tokens_remaining: 1519, call: scores, phase: playing
2026-06-14 19:28:29, tokens_remaining: 1518, call: scores, phase: playing
2026-06-14 19:28:30, tokens_remaining: 1518, call: scores, phase: playing
2026-06-14 19:28:31, tokens_remaining: 1517, call: scores, phase: playing
2026-06-14 19:28:32, tokens_remaining: 1516, call: events, phase: playing
2026-06-14 19:28:32, EVENT: SUBSTITUTION 62' Angelo Preciado [Côte d'Ivoire vs Ecuador]
2026-06-14 19:28:33, tokens_remaining: 1515, call: scores, phase: playing
2026-06-14 19:28:34, tokens_remaining: 1515, call: scores, phase: playing
2026-06-14 19:28:35, tokens_remaining: 1514, call: scores, phase: playing
2026-06-14 19:28:35, tokens_remaining: 1514, call: scores, phase: playing
2026-06-14 19:28:36, tokens_remaining: 1513, call: scores, phase: playing
2026-06-14 19:28:37, tokens_remaining: 1513, call: scores, phase: playing
2026-06-14 19:28:38, tokens_remaining: 1512, call: scores, phase: playing
2026-06-14 19:28:39, tokens_remaining: 1512, call: scores, phase: playing
2026-06-14 19:28:40, tokens_remaining: 1511, call: scores, phase: playing
2026-06-14 19:28:41, tokens_remaining: 1510, call: events, phase: playing
2026-06-14 19:28:42, tokens_remaining: 1509, call: scores, phase: playing
2026-06-14 19:28:42, tokens_remaining: 1509, call: scores, phase: playing
2026-06-14 19:28:43, tokens_remaining: 1508, call: scores, phase: playing
2026-06-14 19:28:44, tokens_remaining: 1508, call: scores, phase: playing
2026-06-14 19:28:45, tokens_remaining: 1507, call: scores, phase: playing
2026-06-14 19:28:46, tokens_remaining: 1507, call: scores, phase: playing
2026-06-14 19:28:47, tokens_remaining: 1506, call: scores, phase: playing
2026-06-14 19:28:47, tokens_remaining: 1506, call: scores, phase: playing
2026-06-14 19:28:48, tokens_remaining: 1505, call: scores, phase: playing
2026-06-14 19:28:49, tokens_remaining: 1504, call: events, phase: playing
2026-06-14 19:28:50, tokens_remaining: 1503, call: scores, phase: playing
2026-06-14 19:28:51, tokens_remaining: 1503, call: scores, phase: playing
2026-06-14 19:28:52, tokens_remaining: 1502, call: scores, phase: playing
2026-06-14 19:28:53, tokens_remaining: 1502, call: scores, phase: playing
2026-06-14 19:28:54, tokens_remaining: 1501, call: scores, phase: playing
2026-06-14 19:28:54, tokens_remaining: 1501, call: scores, phase: playing
2026-06-14 19:28:55, tokens_remaining: 1500, call: scores, phase: playing
2026-06-14 19:28:56, tokens_remaining: 1500, call: scores, phase: playing
2026-06-14 19:28:57, tokens_remaining: 1499, call: scores, phase: playing
2026-06-14 19:28:58, tokens_remaining: 1498, call: events, phase: playing
2026-06-14 19:28:59, tokens_remaining: 1497, call: scores, phase: playing
2026-06-14 19:29:00, tokens_remaining: 1497, call: scores, phase: playing
2026-06-14 19:29:01, tokens_remaining: 1496, call: scores, phase: playing
2026-06-14 19:29:01, tokens_remaining: 1496, call: scores, phase: playing
2026-06-14 19:29:02, tokens_remaining: 1495, call: scores, phase: playing
2026-06-14 19:29:03, tokens_remaining: 1495, call: scores, phase: playing
2026-06-14 19:29:04, tokens_remaining: 1494, call: scores, phase: playing
2026-06-14 19:29:05, tokens_remaining: 1494, call: scores, phase: playing
2026-06-14 19:29:06, tokens_remaining: 1493, call: scores, phase: playing
2026-06-14 19:29:07, tokens_remaining: 1492, call: events, phase: playing
2026-06-14 19:29:08, tokens_remaining: 1491, call: scores, phase: playing
2026-06-14 19:29:08, tokens_remaining: 1491, call: scores, phase: playing
2026-06-14 19:29:09, tokens_remaining: 1490, call: scores, phase: playing
2026-06-14 19:29:10, tokens_remaining: 1490, call: scores, phase: playing
2026-06-14 19:29:11, tokens_remaining: 1489, call: scores, phase: playing
2026-06-14 19:29:12, tokens_remaining: 1489, call: scores, phase: playing
2026-06-14 19:29:13, tokens_remaining: 1488, call: scores, phase: playing
2026-06-14 19:29:13, tokens_remaining: 1488, call: scores, phase: playing
2026-06-14 19:29:14, tokens_remaining: 1487, call: scores, phase: playing
2026-06-14 19:29:15, tokens_remaining: 1486, call: events, phase: playing
2026-06-14 19:29:16, tokens_remaining: 1485, call: scores, phase: playing
2026-06-14 19:29:17, tokens_remaining: 1485, call: scores, phase: playing
2026-06-14 19:29:18, tokens_remaining: 1484, call: scores, phase: playing
2026-06-14 19:29:19, tokens_remaining: 1484, call: scores, phase: playing
2026-06-14 19:29:20, tokens_remaining: 1483, call: scores, phase: playing
2026-06-14 19:29:20, tokens_remaining: 1483, call: scores, phase: playing
2026-06-14 19:29:21, tokens_remaining: 1482, call: scores, phase: playing
2026-06-14 19:29:22, tokens_remaining: 1482, call: scores, phase: playing
2026-06-14 19:29:23, tokens_remaining: 1481, call: scores, phase: playing
2026-06-14 19:29:24, tokens_remaining: 1480, call: events, phase: playing
2026-06-14 19:29:25, tokens_remaining: 1479, call: scores, phase: playing
2026-06-14 19:29:25, tokens_remaining: 1479, call: scores, phase: playing
2026-06-14 19:29:26, tokens_remaining: 1478, call: scores, phase: playing
2026-06-14 19:29:27, tokens_remaining: 1478, call: scores, phase: playing
2026-06-14 19:29:28, tokens_remaining: 1477, call: scores, phase: playing
2026-06-14 19:29:29, tokens_remaining: 1477, call: scores, phase: playing
2026-06-14 19:29:30, tokens_remaining: 1476, call: scores, phase: playing
2026-06-14 19:29:30, tokens_remaining: 1476, call: scores, phase: playing
2026-06-14 19:29:31, tokens_remaining: 1475, call: scores, phase: playing
2026-06-14 19:29:32, tokens_remaining: 1474, call: events, phase: playing
2026-06-14 19:29:33, tokens_remaining: 1473, call: scores, phase: playing
2026-06-14 19:29:34, tokens_remaining: 1473, call: scores, phase: playing
2026-06-14 19:29:35, tokens_remaining: 1472, call: scores, phase: playing
2026-06-14 19:29:36, tokens_remaining: 1472, call: scores, phase: playing
2026-06-14 19:29:37, tokens_remaining: 1471, call: scores, phase: playing
2026-06-14 19:29:37, tokens_remaining: 1471, call: scores, phase: playing
2026-06-14 19:29:38, tokens_remaining: 1470, call: scores, phase: playing
2026-06-14 19:29:39, tokens_remaining: 1470, call: scores, phase: playing
2026-06-14 19:29:40, tokens_remaining: 1469, call: scores, phase: playing
2026-06-14 19:29:41, tokens_remaining: 1468, call: events, phase: playing
2026-06-14 19:29:42, tokens_remaining: 1467, call: scores, phase: playing
2026-06-14 19:29:42, tokens_remaining: 1467, call: scores, phase: playing
2026-06-14 19:29:43, tokens_remaining: 1466, call: scores, phase: playing
2026-06-14 19:29:44, tokens_remaining: 1466, call: scores, phase: playing
2026-06-14 19:29:45, tokens_remaining: 1465, call: scores, phase: playing
2026-06-14 19:29:46, tokens_remaining: 1465, call: scores, phase: playing
2026-06-14 19:29:47, tokens_remaining: 1464, call: scores, phase: playing
2026-06-14 19:29:47, tokens_remaining: 1464, call: scores, phase: playing
2026-06-14 19:29:48, tokens_remaining: 1463, call: scores, phase: playing
2026-06-14 19:29:49, tokens_remaining: 1462, call: events, phase: playing
2026-06-14 19:29:50, tokens_remaining: 1461, call: scores, phase: playing
2026-06-14 19:29:51, tokens_remaining: 1461, call: scores, phase: playing
2026-06-14 19:29:52, tokens_remaining: 1460, call: scores, phase: playing
2026-06-14 19:29:52, tokens_remaining: 1460, call: scores, phase: playing
2026-06-14 19:29:53, tokens_remaining: 1459, call: scores, phase: playing
2026-06-14 19:29:54, tokens_remaining: 1459, call: scores, phase: playing
2026-06-14 19:29:55, tokens_remaining: 1458, call: scores, phase: playing
2026-06-14 19:29:55, tokens_remaining: 1458, call: scores, phase: playing
2026-06-14 19:29:56, tokens_remaining: 1457, call: scores, phase: playing
2026-06-14 19:29:57, tokens_remaining: 1456, call: events, phase: playing
2026-06-14 19:29:58, tokens_remaining: 1455, call: scores, phase: playing
2026-06-14 19:29:59, tokens_remaining: 1455, call: scores, phase: playing
2026-06-14 19:30:00, tokens_remaining: 1454, call: scores, phase: playing
2026-06-14 19:30:01, tokens_remaining: 1454, call: scores, phase: playing
2026-06-14 19:30:02, tokens_remaining: 1453, call: scores, phase: playing
2026-06-14 19:30:02, tokens_remaining: 1453, call: scores, phase: playing
2026-06-14 19:30:03, tokens_remaining: 1452, call: scores, phase: playing
2026-06-14 19:30:04, tokens_remaining: 1452, call: scores, phase: playing
2026-06-14 19:30:05, tokens_remaining: 1451, call: scores, phase: playing
2026-06-14 19:30:06, tokens_remaining: 1450, call: events, phase: playing
2026-06-14 19:30:07, tokens_remaining: 1449, call: scores, phase: playing
2026-06-14 19:30:08, tokens_remaining: 1449, call: scores, phase: playing
2026-06-14 19:30:08, tokens_remaining: 1448, call: scores, phase: playing
2026-06-14 19:30:09, tokens_remaining: 1448, call: scores, phase: playing
2026-06-14 19:30:10, tokens_remaining: 1447, call: scores, phase: playing
2026-06-14 19:30:11, tokens_remaining: 1447, call: scores, phase: playing
2026-06-14 19:30:12, tokens_remaining: 1446, call: scores, phase: playing
2026-06-14 19:30:13, tokens_remaining: 1446, call: scores, phase: playing
2026-06-14 19:30:14, tokens_remaining: 1445, call: scores, phase: playing
2026-06-14 19:30:14, tokens_remaining: 1444, call: events, phase: playing
2026-06-14 19:30:15, tokens_remaining: 1443, call: scores, phase: playing
2026-06-14 19:30:16, tokens_remaining: 1443, call: scores, phase: playing
2026-06-14 19:30:17, tokens_remaining: 1442, call: scores, phase: playing
2026-06-14 19:30:18, tokens_remaining: 1442, call: scores, phase: playing
2026-06-14 19:30:19, tokens_remaining: 1441, call: scores, phase: playing
2026-06-14 19:30:19, tokens_remaining: 1441, call: scores, phase: playing
2026-06-14 19:30:20, tokens_remaining: 1440, call: scores, phase: playing
2026-06-14 19:30:21, tokens_remaining: 1440, call: scores, phase: playing
2026-06-14 19:30:22, tokens_remaining: 1439, call: scores, phase: playing
2026-06-14 19:30:23, tokens_remaining: 1438, call: events, phase: playing
2026-06-14 19:30:24, tokens_remaining: 1437, call: scores, phase: playing
2026-06-14 19:30:24, tokens_remaining: 1437, call: scores, phase: playing
2026-06-14 19:30:25, tokens_remaining: 1436, call: scores, phase: playing
2026-06-14 19:30:26, tokens_remaining: 1436, call: scores, phase: playing
2026-06-14 19:30:27, tokens_remaining: 1435, call: scores, phase: playing
2026-06-14 19:30:28, tokens_remaining: 1435, call: scores, phase: playing
2026-06-14 19:30:28, tokens_remaining: 1434, call: scores, phase: playing
2026-06-14 19:30:29, tokens_remaining: 1434, call: scores, phase: playing
2026-06-14 19:30:30, tokens_remaining: 1433, call: scores, phase: playing
2026-06-14 19:30:31, tokens_remaining: 1432, call: events, phase: playing
2026-06-14 19:30:32, tokens_remaining: 1431, call: scores, phase: playing
2026-06-14 19:30:33, tokens_remaining: 1431, call: scores, phase: playing
2026-06-14 19:30:34, tokens_remaining: 1430, call: scores, phase: playing
2026-06-14 19:30:34, tokens_remaining: 1430, call: scores, phase: playing
2026-06-14 19:30:35, tokens_remaining: 1429, call: scores, phase: playing
2026-06-14 19:30:36, tokens_remaining: 1429, call: scores, phase: playing
2026-06-14 19:30:37, tokens_remaining: 1428, call: scores, phase: playing
2026-06-14 19:30:37, tokens_remaining: 1428, call: scores, phase: playing
2026-06-14 19:30:38, tokens_remaining: 1427, call: scores, phase: playing
2026-06-14 19:30:39, tokens_remaining: 1426, call: events, phase: playing
2026-06-14 19:30:40, tokens_remaining: 1425, call: scores, phase: playing
2026-06-14 19:30:41, tokens_remaining: 1425, call: scores, phase: playing
2026-06-14 19:30:42, tokens_remaining: 1424, call: scores, phase: playing
2026-06-14 19:30:42, tokens_remaining: 1424, call: scores, phase: playing
2026-06-14 19:30:43, tokens_remaining: 1423, call: scores, phase: playing
2026-06-14 19:30:44, tokens_remaining: 1423, call: scores, phase: playing
2026-06-14 19:30:45, tokens_remaining: 1422, call: scores, phase: playing
2026-06-14 19:30:45, tokens_remaining: 1422, call: scores, phase: playing
2026-06-14 19:30:46, tokens_remaining: 1421, call: scores, phase: playing
2026-06-14 19:30:47, tokens_remaining: 1420, call: events, phase: playing
2026-06-14 19:30:48, tokens_remaining: 1419, call: scores, phase: playing
2026-06-14 19:30:49, tokens_remaining: 1419, call: scores, phase: playing
2026-06-14 19:30:50, tokens_remaining: 1418, call: scores, phase: playing
2026-06-14 19:30:50, tokens_remaining: 1418, call: scores, phase: playing
2026-06-14 19:30:51, tokens_remaining: 1417, call: scores, phase: playing
2026-06-14 19:30:52, tokens_remaining: 1417, call: scores, phase: playing
2026-06-14 19:30:53, tokens_remaining: 1416, call: scores, phase: playing
2026-06-14 19:30:54, tokens_remaining: 1416, call: scores, phase: playing
2026-06-14 19:30:54, tokens_remaining: 1415, call: scores, phase: playing
2026-06-14 19:30:55, tokens_remaining: 1414, call: events, phase: playing
2026-06-14 19:30:56, tokens_remaining: 1413, call: scores, phase: playing
2026-06-14 19:30:57, tokens_remaining: 1413, call: scores, phase: playing
2026-06-14 19:30:58, tokens_remaining: 1412, call: scores, phase: playing
2026-06-14 19:30:59, tokens_remaining: 1412, call: scores, phase: playing
2026-06-14 19:30:59, tokens_remaining: 1411, call: scores, phase: playing
2026-06-14 19:31:00, tokens_remaining: 1411, call: scores, phase: playing
2026-06-14 19:31:01, tokens_remaining: 1410, call: scores, phase: playing
2026-06-14 19:31:02, tokens_remaining: 1410, call: scores, phase: playing
2026-06-14 19:31:03, tokens_remaining: 1409, call: scores, phase: playing
2026-06-14 19:31:04, tokens_remaining: 1408, call: events, phase: playing
2026-06-14 19:31:05, tokens_remaining: 1407, call: scores, phase: playing
2026-06-14 19:31:05, tokens_remaining: 1407, call: scores, phase: playing
2026-06-14 19:31:06, tokens_remaining: 1406, call: scores, phase: playing
2026-06-14 19:31:07, tokens_remaining: 1406, call: scores, phase: playing
2026-06-14 19:31:08, tokens_remaining: 1405, call: scores, phase: playing
2026-06-14 19:31:08, tokens_remaining: 1405, call: scores, phase: playing
2026-06-14 19:31:09, tokens_remaining: 1404, call: scores, phase: playing
2026-06-14 19:31:10, tokens_remaining: 1404, call: scores, phase: playing
2026-06-14 19:31:11, tokens_remaining: 1403, call: scores, phase: playing
2026-06-14 19:31:12, tokens_remaining: 1402, call: events, phase: playing
2026-06-14 19:31:13, tokens_remaining: 1401, call: scores, phase: playing
2026-06-14 19:31:13, tokens_remaining: 1401, call: scores, phase: playing
2026-06-14 19:31:14, tokens_remaining: 1400, call: scores, phase: playing
2026-06-14 19:31:15, tokens_remaining: 1400, call: scores, phase: playing
2026-06-14 19:31:16, tokens_remaining: 1399, call: scores, phase: playing
2026-06-14 19:31:17, tokens_remaining: 1399, call: scores, phase: playing
2026-06-14 19:31:17, tokens_remaining: 1398, call: scores, phase: playing
2026-06-14 19:31:18, tokens_remaining: 1398, call: scores, phase: playing
2026-06-14 19:31:19, tokens_remaining: 1397, call: scores, phase: playing
2026-06-14 19:31:20, tokens_remaining: 1396, call: events, phase: playing
2026-06-14 19:31:21, tokens_remaining: 1395, call: scores, phase: playing
2026-06-14 19:31:22, tokens_remaining: 1395, call: scores, phase: playing
2026-06-14 19:31:23, tokens_remaining: 1394, call: scores, phase: playing
2026-06-14 19:31:23, tokens_remaining: 1394, call: scores, phase: playing
2026-06-14 19:31:24, tokens_remaining: 1393, call: scores, phase: playing
2026-06-14 19:31:25, tokens_remaining: 1393, call: scores, phase: playing
2026-06-14 19:31:26, tokens_remaining: 1392, call: scores, phase: playing
2026-06-14 19:31:26, tokens_remaining: 1392, call: scores, phase: playing
2026-06-14 19:31:27, tokens_remaining: 1391, call: scores, phase: playing
2026-06-14 19:31:28, tokens_remaining: 1390, call: events, phase: playing
2026-06-14 19:31:29, tokens_remaining: 1389, call: scores, phase: playing
2026-06-14 19:31:30, tokens_remaining: 1389, call: scores, phase: playing
2026-06-14 19:31:31, tokens_remaining: 1388, call: scores, phase: playing
2026-06-14 19:31:31, tokens_remaining: 1388, call: scores, phase: playing
2026-06-14 19:31:32, tokens_remaining: 1387, call: scores, phase: playing
2026-06-14 19:31:33, tokens_remaining: 1387, call: scores, phase: playing
2026-06-14 19:31:34, tokens_remaining: 1386, call: scores, phase: playing
2026-06-14 19:31:34, tokens_remaining: 1386, call: scores, phase: playing
2026-06-14 19:31:35, tokens_remaining: 1385, call: scores, phase: playing
2026-06-14 19:31:36, tokens_remaining: 1384, call: events, phase: playing
2026-06-14 19:31:37, tokens_remaining: 1383, call: scores, phase: playing
2026-06-14 19:31:38, tokens_remaining: 1383, call: scores, phase: playing
2026-06-14 19:31:39, tokens_remaining: 1382, call: scores, phase: playing
2026-06-14 19:31:39, tokens_remaining: 1382, call: scores, phase: playing
2026-06-14 19:31:40, tokens_remaining: 1381, call: scores, phase: playing
2026-06-14 19:31:41, tokens_remaining: 1381, call: scores, phase: playing
2026-06-14 19:31:42, tokens_remaining: 1380, call: scores, phase: playing
2026-06-14 19:31:43, tokens_remaining: 1380, call: scores, phase: playing
2026-06-14 19:31:44, tokens_remaining: 1379, call: scores, phase: playing
2026-06-14 19:31:44, tokens_remaining: 1378, call: events, phase: playing
2026-06-14 19:31:45, tokens_remaining: 1377, call: scores, phase: playing
2026-06-14 19:31:46, tokens_remaining: 1377, call: scores, phase: playing
2026-06-14 19:31:47, tokens_remaining: 1376, call: scores, phase: playing
2026-06-14 19:31:48, tokens_remaining: 1376, call: scores, phase: playing
2026-06-14 19:31:48, tokens_remaining: 1375, call: scores, phase: playing
2026-06-14 19:31:49, tokens_remaining: 1375, call: scores, phase: playing
2026-06-14 19:31:50, tokens_remaining: 1374, call: scores, phase: playing
2026-06-14 19:31:51, tokens_remaining: 1374, call: scores, phase: playing
2026-06-14 19:31:52, tokens_remaining: 1373, call: scores, phase: playing
2026-06-14 19:31:53, tokens_remaining: 1372, call: events, phase: playing
2026-06-14 19:31:53, tokens_remaining: 1371, call: scores, phase: playing
2026-06-14 19:31:54, tokens_remaining: 1371, call: scores, phase: playing
2026-06-14 19:31:55, tokens_remaining: 1370, call: scores, phase: playing
2026-06-14 19:31:56, tokens_remaining: 1370, call: scores, phase: playing
2026-06-14 19:31:56, tokens_remaining: 1369, call: scores, phase: playing
2026-06-14 19:31:57, tokens_remaining: 1369, call: scores, phase: playing
2026-06-14 19:31:58, tokens_remaining: 1368, call: scores, phase: playing
2026-06-14 19:31:59, tokens_remaining: 1368, call: scores, phase: playing
2026-06-14 19:32:00, tokens_remaining: 1367, call: scores, phase: playing
2026-06-14 19:32:01, tokens_remaining: 1366, call: events, phase: playing
2026-06-14 19:32:01, tokens_remaining: 1365, call: scores, phase: playing
2026-06-14 19:32:02, tokens_remaining: 1365, call: scores, phase: playing
2026-06-14 19:32:03, tokens_remaining: 1364, call: scores, phase: playing
2026-06-14 19:32:04, tokens_remaining: 1364, call: scores, phase: playing
2026-06-14 19:32:05, tokens_remaining: 1363, call: scores, phase: playing
2026-06-14 19:32:05, tokens_remaining: 1363, call: scores, phase: playing
2026-06-14 19:32:06, tokens_remaining: 1362, call: scores, phase: playing
2026-06-14 19:32:07, tokens_remaining: 1362, call: scores, phase: playing
2026-06-14 19:32:08, tokens_remaining: 1361, call: scores, phase: playing
2026-06-14 19:32:09, tokens_remaining: 1360, call: events, phase: playing
2026-06-14 19:32:09, tokens_remaining: 1359, call: scores, phase: playing
2026-06-14 19:32:10, tokens_remaining: 1359, call: scores, phase: playing
2026-06-14 19:32:11, tokens_remaining: 1358, call: scores, phase: playing
2026-06-14 19:32:12, tokens_remaining: 1358, call: scores, phase: playing
2026-06-14 19:32:13, tokens_remaining: 1357, call: scores, phase: playing
2026-06-14 19:32:13, tokens_remaining: 1357, call: scores, phase: playing
2026-06-14 19:32:14, tokens_remaining: 1356, call: scores, phase: playing
2026-06-14 19:32:16, tokens_remaining: 1355, call: scores, phase: playing
2026-06-14 19:32:17, tokens_remaining: 1355, call: scores, phase: playing
2026-06-14 19:32:17, tokens_remaining: 1354, call: events, phase: playing
2026-06-14 19:32:18, tokens_remaining: 1353, call: scores, phase: playing
2026-06-14 19:32:19, tokens_remaining: 1353, call: scores, phase: playing
2026-06-14 19:32:20, tokens_remaining: 1352, call: scores, phase: playing
2026-06-14 19:32:21, tokens_remaining: 1352, call: scores, phase: playing
2026-06-14 19:32:22, tokens_remaining: 1351, call: scores, phase: playing
2026-06-14 19:32:22, tokens_remaining: 1351, call: scores, phase: playing
2026-06-14 19:32:23, tokens_remaining: 1350, call: scores, phase: playing
2026-06-14 19:32:24, tokens_remaining: 1350, call: scores, phase: playing
2026-06-14 19:32:25, tokens_remaining: 1349, call: scores, phase: playing
2026-06-14 19:32:26, tokens_remaining: 1348, call: events, phase: playing
2026-06-14 19:32:26, tokens_remaining: 1347, call: scores, phase: playing
2026-06-14 19:32:27, tokens_remaining: 1347, call: scores, phase: playing
2026-06-14 19:32:28, tokens_remaining: 1346, call: scores, phase: playing
2026-06-14 19:32:29, tokens_remaining: 1346, call: scores, phase: playing
2026-06-14 19:32:30, tokens_remaining: 1345, call: scores, phase: playing
2026-06-14 19:32:30, tokens_remaining: 1345, call: scores, phase: playing
2026-06-14 19:32:31, tokens_remaining: 1344, call: scores, phase: playing
2026-06-14 19:32:32, tokens_remaining: 1344, call: scores, phase: playing
2026-06-14 19:32:33, tokens_remaining: 1343, call: scores, phase: playing
2026-06-14 19:32:34, tokens_remaining: 1342, call: events, phase: playing
2026-06-14 19:32:34, tokens_remaining: 1341, call: scores, phase: playing
2026-06-14 19:32:35, tokens_remaining: 1341, call: scores, phase: playing
2026-06-14 19:32:36, tokens_remaining: 1340, call: scores, phase: playing
2026-06-14 19:32:37, tokens_remaining: 1340, call: scores, phase: playing
2026-06-14 19:32:37, tokens_remaining: 1339, call: scores, phase: playing
2026-06-14 19:32:38, tokens_remaining: 1339, call: scores, phase: playing
2026-06-14 19:32:39, tokens_remaining: 1338, call: scores, phase: playing
2026-06-14 19:32:40, tokens_remaining: 1338, call: scores, phase: playing
2026-06-14 19:32:40, tokens_remaining: 1337, call: scores, phase: playing
2026-06-14 19:32:41, tokens_remaining: 1336, call: events, phase: playing
2026-06-14 19:32:42, tokens_remaining: 1335, call: scores, phase: playing
2026-06-14 19:32:43, tokens_remaining: 1335, call: scores, phase: playing
2026-06-14 19:32:44, tokens_remaining: 1334, call: scores, phase: playing
2026-06-14 19:32:44, tokens_remaining: 1334, call: scores, phase: playing
2026-06-14 19:32:45, tokens_remaining: 1333, call: scores, phase: playing
2026-06-14 19:32:46, tokens_remaining: 1333, call: scores, phase: playing
2026-06-14 19:32:47, tokens_remaining: 1332, call: scores, phase: playing
2026-06-14 19:32:49, tokens_remaining: 1331, call: scores, phase: playing
2026-06-14 19:32:49, tokens_remaining: 1331, call: scores, phase: playing
2026-06-14 19:32:50, tokens_remaining: 1330, call: events, phase: playing
2026-06-14 19:32:51, tokens_remaining: 1329, call: scores, phase: playing
2026-06-14 19:32:52, tokens_remaining: 1329, call: scores, phase: playing
2026-06-14 19:32:53, tokens_remaining: 1328, call: scores, phase: playing
2026-06-14 19:32:53, tokens_remaining: 1328, call: scores, phase: playing
2026-06-14 19:32:54, tokens_remaining: 1327, call: scores, phase: playing
2026-06-14 19:32:55, tokens_remaining: 1327, call: scores, phase: playing
2026-06-14 19:32:56, tokens_remaining: 1326, call: scores, phase: playing
2026-06-14 19:32:56, tokens_remaining: 1326, call: scores, phase: playing
2026-06-14 19:32:57, tokens_remaining: 1325, call: scores, phase: playing
2026-06-14 19:32:58, tokens_remaining: 1324, call: events, phase: playing
2026-06-14 19:32:59, tokens_remaining: 1323, call: scores, phase: playing
2026-06-14 19:33:00, tokens_remaining: 1323, call: scores, phase: playing
2026-06-14 19:33:00, tokens_remaining: 1322, call: scores, phase: playing
2026-06-14 19:33:01, tokens_remaining: 1322, call: scores, phase: playing
2026-06-14 19:33:02, tokens_remaining: 1321, call: scores, phase: playing
2026-06-14 19:33:03, tokens_remaining: 1321, call: scores, phase: playing
2026-06-14 19:33:03, tokens_remaining: 1320, call: scores, phase: playing
2026-06-14 19:33:04, tokens_remaining: 1320, call: scores, phase: playing
2026-06-14 19:33:05, tokens_remaining: 1319, call: scores, phase: playing
2026-06-14 19:33:06, tokens_remaining: 1318, call: events, phase: playing
2026-06-14 19:33:07, tokens_remaining: 1317, call: scores, phase: playing
2026-06-14 19:33:07, tokens_remaining: 1317, call: scores, phase: playing
2026-06-14 19:33:08, tokens_remaining: 1316, call: scores, phase: playing
2026-06-14 19:33:09, tokens_remaining: 1316, call: scores, phase: playing
2026-06-14 19:33:10, tokens_remaining: 1315, call: scores, phase: playing
2026-06-14 19:33:10, tokens_remaining: 1315, call: scores, phase: playing
2026-06-14 19:33:11, tokens_remaining: 1314, call: scores, phase: playing
2026-06-14 19:33:12, tokens_remaining: 1314, call: scores, phase: playing
2026-06-14 19:33:13, tokens_remaining: 1313, call: scores, phase: playing
2026-06-14 19:33:14, tokens_remaining: 1312, call: events, phase: playing
2026-06-14 19:33:14, tokens_remaining: 1311, call: scores, phase: playing
2026-06-14 19:33:15, tokens_remaining: 1311, call: scores, phase: playing
2026-06-14 19:33:16, tokens_remaining: 1310, call: scores, phase: playing
2026-06-14 19:33:17, tokens_remaining: 1310, call: scores, phase: playing
2026-06-14 19:33:17, tokens_remaining: 1309, call: scores, phase: playing
2026-06-14 19:33:18, tokens_remaining: 1309, call: scores, phase: playing
2026-06-14 19:33:19, tokens_remaining: 1308, call: scores, phase: playing
2026-06-14 19:33:20, tokens_remaining: 1308, call: scores, phase: playing
2026-06-14 19:33:20, tokens_remaining: 1307, call: scores, phase: playing
2026-06-14 19:33:21, tokens_remaining: 1306, call: events, phase: playing
2026-06-14 19:33:22, tokens_remaining: 1305, call: scores, phase: playing
2026-06-14 19:33:23, tokens_remaining: 1305, call: scores, phase: playing
2026-06-14 19:33:24, tokens_remaining: 1304, call: scores, phase: playing
2026-06-14 19:33:24, tokens_remaining: 1304, call: scores, phase: playing
2026-06-14 19:33:25, tokens_remaining: 1303, call: scores, phase: playing
2026-06-14 19:33:26, tokens_remaining: 1303, call: scores, phase: playing
2026-06-14 19:33:27, tokens_remaining: 1302, call: scores, phase: playing
2026-06-14 19:33:27, tokens_remaining: 1302, call: scores, phase: playing
2026-06-14 19:33:28, tokens_remaining: 1301, call: scores, phase: playing
2026-06-14 19:33:29, tokens_remaining: 1300, call: events, phase: playing
2026-06-14 19:33:30, tokens_remaining: 1299, call: scores, phase: playing
2026-06-14 19:33:31, tokens_remaining: 1299, call: scores, phase: playing
2026-06-14 19:33:31, tokens_remaining: 1298, call: scores, phase: playing
2026-06-14 19:33:32, tokens_remaining: 1298, call: scores, phase: playing
2026-06-14 19:33:33, tokens_remaining: 1297, call: scores, phase: playing
2026-06-14 19:33:33, tokens_remaining: 1297, call: scores, phase: playing
2026-06-14 19:33:34, tokens_remaining: 1296, call: scores, phase: playing
2026-06-14 19:33:35, tokens_remaining: 1296, call: scores, phase: playing
2026-06-14 19:33:36, tokens_remaining: 1295, call: scores, phase: playing
2026-06-14 19:33:37, tokens_remaining: 1294, call: events, phase: playing
2026-06-14 19:33:38, tokens_remaining: 1293, call: scores, phase: playing
2026-06-14 19:33:38, tokens_remaining: 1293, call: scores, phase: playing
2026-06-14 19:33:39, tokens_remaining: 1292, call: scores, phase: playing
2026-06-14 19:33:40, tokens_remaining: 1292, call: scores, phase: playing
2026-06-14 19:33:40, tokens_remaining: 1291, call: scores, phase: playing
2026-06-14 19:33:41, tokens_remaining: 1291, call: scores, phase: playing
2026-06-14 19:33:42, tokens_remaining: 1290, call: scores, phase: playing
2026-06-14 19:33:42, tokens_remaining: 1290, call: scores, phase: playing
2026-06-14 19:33:43, tokens_remaining: 1289, call: scores, phase: playing
2026-06-14 19:33:44, tokens_remaining: 1288, call: events, phase: playing
2026-06-14 19:33:45, tokens_remaining: 1287, call: scores, phase: playing
2026-06-14 19:33:46, tokens_remaining: 1287, call: scores, phase: playing
2026-06-14 19:33:47, tokens_remaining: 1286, call: scores, phase: playing
2026-06-14 19:33:47, tokens_remaining: 1286, call: scores, phase: playing
2026-06-14 19:33:48, tokens_remaining: 1285, call: scores, phase: playing
2026-06-14 19:33:49, tokens_remaining: 1285, call: scores, phase: playing
2026-06-14 19:33:50, tokens_remaining: 1284, call: scores, phase: playing
2026-06-14 19:33:50, tokens_remaining: 1284, call: scores, phase: playing
2026-06-14 19:33:51, tokens_remaining: 1283, call: scores, phase: playing
2026-06-14 19:33:52, tokens_remaining: 1282, call: events, phase: playing
2026-06-14 19:33:53, tokens_remaining: 1281, call: scores, phase: playing
2026-06-14 19:33:53, tokens_remaining: 1281, call: scores, phase: playing
2026-06-14 19:33:54, tokens_remaining: 1280, call: scores, phase: playing
2026-06-14 19:33:55, tokens_remaining: 1280, call: scores, phase: playing
2026-06-14 19:33:56, tokens_remaining: 1279, call: scores, phase: playing
2026-06-14 19:33:56, tokens_remaining: 1279, call: scores, phase: playing
2026-06-14 19:33:57, tokens_remaining: 1278, call: scores, phase: playing
2026-06-14 19:33:58, tokens_remaining: 1278, call: scores, phase: playing
2026-06-14 19:33:59, tokens_remaining: 1277, call: scores, phase: playing
2026-06-14 19:33:59, tokens_remaining: 1276, call: events, phase: playing
2026-06-14 19:34:00, tokens_remaining: 1275, call: scores, phase: playing
2026-06-14 19:34:01, tokens_remaining: 1275, call: scores, phase: playing
2026-06-14 19:34:02, tokens_remaining: 1274, call: scores, phase: playing
2026-06-14 19:34:02, tokens_remaining: 1274, call: scores, phase: playing
2026-06-14 19:34:03, tokens_remaining: 1273, call: scores, phase: playing
2026-06-14 19:34:04, tokens_remaining: 1273, call: scores, phase: playing
2026-06-14 19:34:05, tokens_remaining: 1272, call: scores, phase: playing
2026-06-14 19:34:05, tokens_remaining: 1272, call: scores, phase: playing
2026-06-14 19:34:06, tokens_remaining: 1271, call: scores, phase: playing
2026-06-14 19:34:07, tokens_remaining: 1270, call: events, phase: playing
2026-06-14 19:34:08, tokens_remaining: 1269, call: scores, phase: playing
2026-06-14 19:34:09, tokens_remaining: 1269, call: scores, phase: playing
2026-06-14 19:34:09, tokens_remaining: 1268, call: scores, phase: playing
2026-06-14 19:34:10, tokens_remaining: 1268, call: scores, phase: playing
2026-06-14 19:34:11, tokens_remaining: 1267, call: scores, phase: playing
2026-06-14 19:34:11, tokens_remaining: 1267, call: scores, phase: playing
2026-06-14 19:34:12, tokens_remaining: 1266, call: scores, phase: playing
2026-06-14 19:34:13, tokens_remaining: 1266, call: scores, phase: playing
2026-06-14 19:34:14, tokens_remaining: 1265, call: scores, phase: playing
2026-06-14 19:34:15, tokens_remaining: 1264, call: events, phase: playing
2026-06-14 19:34:15, tokens_remaining: 1263, call: scores, phase: playing
2026-06-14 19:34:16, tokens_remaining: 1263, call: scores, phase: playing
2026-06-14 19:34:17, tokens_remaining: 1262, call: scores, phase: playing
2026-06-14 19:34:17, tokens_remaining: 1262, call: scores, phase: playing
2026-06-14 19:34:18, tokens_remaining: 1261, call: scores, phase: playing
2026-06-14 19:34:19, tokens_remaining: 1261, call: scores, phase: playing
2026-06-14 19:34:20, tokens_remaining: 1260, call: scores, phase: playing
2026-06-14 19:34:20, tokens_remaining: 1260, call: scores, phase: playing
2026-06-14 19:34:21, tokens_remaining: 1259, call: scores, phase: playing
2026-06-14 19:34:22, tokens_remaining: 1258, call: events, phase: playing
2026-06-14 19:34:23, tokens_remaining: 1257, call: scores, phase: playing
2026-06-14 19:34:23, tokens_remaining: 1257, call: scores, phase: playing
2026-06-14 19:34:24, tokens_remaining: 1256, call: scores, phase: playing
2026-06-14 19:34:25, tokens_remaining: 1256, call: scores, phase: playing
2026-06-14 19:34:26, tokens_remaining: 1255, call: scores, phase: playing
2026-06-14 19:34:26, tokens_remaining: 1255, call: scores, phase: playing
2026-06-14 19:34:27, tokens_remaining: 1254, call: scores, phase: playing
2026-06-14 19:34:28, tokens_remaining: 1254, call: scores, phase: playing
2026-06-14 19:34:29, tokens_remaining: 1253, call: scores, phase: playing
2026-06-14 19:34:29, tokens_remaining: 1252, call: events, phase: playing
2026-06-14 19:34:30, tokens_remaining: 1251, call: scores, phase: playing
2026-06-14 19:34:31, tokens_remaining: 1251, call: scores, phase: playing
2026-06-14 19:34:32, tokens_remaining: 1250, call: scores, phase: playing
2026-06-14 19:34:32, tokens_remaining: 1250, call: scores, phase: playing
2026-06-14 19:34:33, tokens_remaining: 1249, call: scores, phase: playing
2026-06-14 19:34:34, tokens_remaining: 1249, call: scores, phase: playing
2026-06-14 19:34:35, tokens_remaining: 1248, call: scores, phase: playing
2026-06-14 19:34:35, tokens_remaining: 1248, call: scores, phase: playing
2026-06-14 19:34:36, tokens_remaining: 1247, call: scores, phase: playing
2026-06-14 19:34:37, tokens_remaining: 1246, call: events, phase: playing
2026-06-14 19:34:38, tokens_remaining: 1245, call: scores, phase: playing
2026-06-14 19:34:38, tokens_remaining: 1245, call: scores, phase: playing
2026-06-14 19:34:39, tokens_remaining: 1244, call: scores, phase: playing
2026-06-14 19:34:40, tokens_remaining: 1244, call: scores, phase: playing
2026-06-14 19:34:40, tokens_remaining: 1243, call: scores, phase: playing
2026-06-14 19:34:41, tokens_remaining: 1243, call: scores, phase: playing
2026-06-14 19:34:42, tokens_remaining: 1242, call: scores, phase: playing
2026-06-14 19:34:42, tokens_remaining: 1242, call: scores, phase: playing
2026-06-14 19:34:44, tokens_remaining: 1241, call: scores, phase: playing
2026-06-14 19:34:44, tokens_remaining: 1240, call: events, phase: playing
2026-06-14 19:34:45, tokens_remaining: 1239, call: scores, phase: playing
2026-06-14 19:34:46, tokens_remaining: 1239, call: scores, phase: playing
2026-06-14 19:34:47, tokens_remaining: 1238, call: scores, phase: playing
2026-06-14 19:34:47, tokens_remaining: 1238, call: scores, phase: playing
2026-06-14 19:34:48, tokens_remaining: 1237, call: scores, phase: playing
2026-06-14 19:34:49, tokens_remaining: 1237, call: scores, phase: playing
2026-06-14 19:34:49, tokens_remaining: 1236, call: scores, phase: playing
2026-06-14 19:34:50, tokens_remaining: 1236, call: scores, phase: playing
2026-06-14 19:34:51, tokens_remaining: 1235, call: scores, phase: playing
2026-06-14 19:34:52, tokens_remaining: 1234, call: events, phase: playing
2026-06-14 19:34:52, tokens_remaining: 1233, call: scores, phase: playing
2026-06-14 19:34:53, tokens_remaining: 1233, call: scores, phase: playing
2026-06-14 19:34:54, tokens_remaining: 1232, call: scores, phase: playing
2026-06-14 19:34:54, tokens_remaining: 1232, call: scores, phase: playing
2026-06-14 19:34:55, tokens_remaining: 1231, call: scores, phase: playing
2026-06-14 19:34:56, tokens_remaining: 1231, call: scores, phase: playing
2026-06-14 19:34:57, tokens_remaining: 1230, call: scores, phase: playing
2026-06-14 19:34:57, tokens_remaining: 1230, call: scores, phase: playing
2026-06-14 19:34:58, tokens_remaining: 1229, call: scores, phase: playing
2026-06-14 19:34:59, tokens_remaining: 1228, call: events, phase: playing
2026-06-14 19:35:00, tokens_remaining: 1227, call: scores, phase: playing
2026-06-14 19:35:00, tokens_remaining: 1227, call: scores, phase: playing
2026-06-14 19:35:01, tokens_remaining: 1226, call: scores, phase: playing
2026-06-14 19:35:02, tokens_remaining: 1226, call: scores, phase: playing
2026-06-14 19:35:03, tokens_remaining: 1225, call: scores, phase: playing
2026-06-14 19:35:03, tokens_remaining: 1225, call: scores, phase: playing
2026-06-14 19:35:04, tokens_remaining: 1224, call: scores, phase: playing
2026-06-14 19:35:04, tokens_remaining: 1224, call: scores, phase: playing
2026-06-14 19:35:05, tokens_remaining: 1223, call: scores, phase: playing
2026-06-14 19:35:06, tokens_remaining: 1222, call: events, phase: playing
2026-06-14 19:35:07, tokens_remaining: 1221, call: scores, phase: playing
2026-06-14 19:35:08, tokens_remaining: 1221, call: scores, phase: playing
2026-06-14 19:35:08, tokens_remaining: 1220, call: scores, phase: playing
2026-06-14 19:35:09, tokens_remaining: 1220, call: scores, phase: playing
2026-06-14 19:35:10, tokens_remaining: 1219, call: scores, phase: playing
2026-06-14 19:35:10, tokens_remaining: 1219, call: scores, phase: playing
2026-06-14 19:35:11, tokens_remaining: 1218, call: scores, phase: playing
2026-06-14 19:35:12, tokens_remaining: 1218, call: scores, phase: playing
2026-06-14 19:35:12, tokens_remaining: 1217, call: scores, phase: playing
2026-06-14 19:35:13, tokens_remaining: 1216, call: events, phase: playing
2026-06-14 19:35:14, tokens_remaining: 1215, call: scores, phase: playing
2026-06-14 19:35:15, tokens_remaining: 1215, call: scores, phase: playing
2026-06-14 19:35:15, tokens_remaining: 1214, call: scores, phase: playing
2026-06-14 19:35:16, tokens_remaining: 1214, call: scores, phase: playing
2026-06-14 19:35:17, tokens_remaining: 1213, call: scores, phase: playing
2026-06-14 19:35:17, tokens_remaining: 1213, call: scores, phase: playing
2026-06-14 19:35:18, tokens_remaining: 1212, call: scores, phase: playing
2026-06-14 19:35:19, tokens_remaining: 1212, call: scores, phase: playing
2026-06-14 19:35:20, tokens_remaining: 1211, call: scores, phase: playing
2026-06-14 19:35:20, tokens_remaining: 1210, call: events, phase: playing
2026-06-14 19:35:21, tokens_remaining: 1209, call: scores, phase: playing
2026-06-14 19:35:22, tokens_remaining: 1209, call: scores, phase: playing
2026-06-14 19:35:23, tokens_remaining: 1208, call: scores, phase: playing
2026-06-14 19:35:23, tokens_remaining: 1208, call: scores, phase: playing
2026-06-14 19:35:24, tokens_remaining: 1207, call: scores, phase: playing
2026-06-14 19:35:24, tokens_remaining: 1207, call: scores, phase: playing
2026-06-14 19:35:25, tokens_remaining: 1206, call: scores, phase: playing
2026-06-14 19:35:26, tokens_remaining: 1206, call: scores, phase: playing
2026-06-14 19:35:27, tokens_remaining: 1205, call: scores, phase: playing
2026-06-14 19:35:27, tokens_remaining: 1204, call: events, phase: playing
2026-06-14 19:35:28, tokens_remaining: 1203, call: scores, phase: playing
2026-06-14 19:35:29, tokens_remaining: 1203, call: scores, phase: playing
2026-06-14 19:35:30, tokens_remaining: 1202, call: scores, phase: playing
2026-06-14 19:35:30, tokens_remaining: 1202, call: scores, phase: playing
2026-06-14 19:35:31, tokens_remaining: 1201, call: scores, phase: playing
2026-06-14 19:35:32, tokens_remaining: 1201, call: scores, phase: playing
2026-06-14 19:35:32, tokens_remaining: 1200, call: scores, phase: playing
2026-06-14 19:35:33, tokens_remaining: 1200, call: scores, phase: playing
2026-06-14 19:35:34, tokens_remaining: 1199, call: scores, phase: playing
2026-06-14 19:35:34, tokens_remaining: 1198, call: events, phase: playing
2026-06-14 19:35:35, tokens_remaining: 1197, call: scores, phase: playing
2026-06-14 19:35:36, tokens_remaining: 1197, call: scores, phase: playing
