2026-06-13 16:20:12, tokens_remaining: 1122, call: events, phase: idle
2026-06-13 16:20:12, EVENT: EVENT_16 17' Breel Embolo (0-1) [Qatar vs Switzerland]
2026-06-13 16:20:12, EVENT: YELLOW_CARD 16' Mahmoud Abunada [Qatar vs Switzerland]
2026-06-13 16:20:12, EVENT: YELLOW_CARD 23' Jassem Gaber [Qatar vs Switzerland]
2026-06-13 16:20:12, EVENT: YELLOW_CARD 42' Denis Zakaria [Qatar vs Switzerland]
2026-06-13 16:20:12, EVENT: EVENT_10 16' Remo Freuler [Qatar vs Switzerland]
2026-06-13 16:20:12, STATE_CHANGE: Qatar vs Switzerland [— -> 2H]
2026-06-13 16:20:13, tokens_remaining: 1121, call: scores, phase: playing
2026-06-13 16:20:13, tokens_remaining: 1121, call: scores, phase: playing
2026-06-13 16:20:14, tokens_remaining: 1120, call: scores, phase: playing
2026-06-13 16:20:15, tokens_remaining: 1120, call: scores, phase: playing
2026-06-13 16:20:15, tokens_remaining: 1120, call: scores, phase: playing
2026-06-13 16:20:16, tokens_remaining: 1119, call: scores, phase: playing
2026-06-13 16:20:16, tokens_remaining: 1119, call: scores, phase: playing
2026-06-13 16:20:17, tokens_remaining: 1119, call: scores, phase: playing
2026-06-13 16:20:17, tokens_remaining: 1118, call: events, phase: playing
2026-06-13 16:20:18, tokens_remaining: 1117, call: scores, phase: playing
2026-06-13 16:20:19, tokens_remaining: 1117, call: scores, phase: playing
2026-06-13 16:20:20, tokens_remaining: 1116, call: scores, phase: playing
2026-06-13 16:20:20, tokens_remaining: 1116, call: scores, phase: playing
2026-06-13 16:20:21, tokens_remaining: 1115, call: scores, phase: playing
2026-06-13 16:20:21, tokens_remaining: 1115, call: scores, phase: playing
2026-06-13 16:20:22, tokens_remaining: 1115, call: scores, phase: playing
2026-06-13 16:20:23, tokens_remaining: 1114, call: scores, phase: playing
2026-06-13 16:20:23, tokens_remaining: 1114, call: scores, phase: playing
2026-06-13 16:20:24, tokens_remaining: 1113, call: events, phase: playing
2026-06-13 16:20:25, tokens_remaining: 1112, call: scores, phase: playing
2026-06-13 16:20:25, tokens_remaining: 1112, call: scores, phase: playing
2026-06-13 16:20:26, tokens_remaining: 1111, call: scores, phase: playing
2026-06-13 16:20:26, tokens_remaining: 1111, call: scores, phase: playing
2026-06-13 16:20:27, tokens_remaining: 1111, call: scores, phase: playing
2026-06-13 16:20:28, tokens_remaining: 1110, call: scores, phase: playing
2026-06-13 16:20:28, tokens_remaining: 1110, call: scores, phase: playing
2026-06-13 16:20:29, tokens_remaining: 1109, call: scores, phase: playing
2026-06-13 16:20:29, tokens_remaining: 1109, call: scores, phase: playing
2026-06-13 16:20:30, tokens_remaining: 1108, call: events, phase: playing
2026-06-13 16:20:31, tokens_remaining: 1107, call: scores, phase: playing
2026-06-13 16:20:31, tokens_remaining: 1107, call: scores, phase: playing
2026-06-13 16:20:32, tokens_remaining: 1106, call: scores, phase: playing
2026-06-13 16:20:33, tokens_remaining: 1106, call: scores, phase: playing
2026-06-13 16:20:33, tokens_remaining: 1106, call: scores, phase: playing
2026-06-13 16:20:34, tokens_remaining: 1105, call: scores, phase: playing
2026-06-13 16:20:34, tokens_remaining: 1105, call: scores, phase: playing
2026-06-13 16:20:35, tokens_remaining: 1104, call: scores, phase: playing
2026-06-13 16:20:36, tokens_remaining: 1104, call: scores, phase: playing
2026-06-13 16:20:36, tokens_remaining: 1103, call: events, phase: playing
2026-06-13 16:20:37, tokens_remaining: 1102, call: scores, phase: playing
2026-06-13 16:20:38, tokens_remaining: 1102, call: scores, phase: playing
2026-06-13 16:20:38, tokens_remaining: 1102, call: scores, phase: playing
2026-06-13 16:20:39, tokens_remaining: 1101, call: scores, phase: playing
2026-06-13 16:20:39, tokens_remaining: 1101, call: scores, phase: playing
2026-06-13 16:20:40, tokens_remaining: 1101, call: scores, phase: playing
2026-06-13 16:20:40, tokens_remaining: 1100, call: scores, phase: playing
2026-06-13 16:20:41, tokens_remaining: 1100, call: scores, phase: playing
2026-06-13 16:20:41, tokens_remaining: 1100, call: scores, phase: playing
2026-06-13 16:20:42, tokens_remaining: 1099, call: events, phase: playing
2026-06-13 16:20:43, tokens_remaining: 1098, call: scores, phase: playing
2026-06-13 16:20:43, tokens_remaining: 1098, call: scores, phase: playing
2026-06-13 16:20:44, tokens_remaining: 1098, call: scores, phase: playing
2026-06-13 16:20:44, tokens_remaining: 1097, call: scores, phase: playing
2026-06-13 16:20:45, tokens_remaining: 1097, call: scores, phase: playing
2026-06-13 16:20:45, tokens_remaining: 1097, call: scores, phase: playing
2026-06-13 16:20:46, tokens_remaining: 1096, call: scores, phase: playing
2026-06-13 16:20:47, tokens_remaining: 1096, call: scores, phase: playing
2026-06-13 16:20:47, tokens_remaining: 1096, call: scores, phase: playing
2026-06-13 16:20:48, tokens_remaining: 1095, call: events, phase: playing
2026-06-13 16:20:49, tokens_remaining: 1094, call: scores, phase: playing
2026-06-13 16:20:49, tokens_remaining: 1094, call: scores, phase: playing
2026-06-13 16:20:50, tokens_remaining: 1093, call: scores, phase: playing
2026-06-13 16:20:50, tokens_remaining: 1093, call: scores, phase: playing
2026-06-13 16:20:51, tokens_remaining: 1093, call: scores, phase: playing
2026-06-13 16:20:51, tokens_remaining: 1092, call: scores, phase: playing
2026-06-13 16:20:52, tokens_remaining: 1092, call: scores, phase: playing
2026-06-13 16:20:53, tokens_remaining: 1091, call: scores, phase: playing
2026-06-13 16:20:53, tokens_remaining: 1091, call: scores, phase: playing
2026-06-13 16:20:54, tokens_remaining: 1090, call: events, phase: playing
2026-06-13 16:20:54, tokens_remaining: 1089, call: scores, phase: playing
2026-06-13 16:20:55, tokens_remaining: 1089, call: scores, phase: playing
2026-06-13 16:20:55, tokens_remaining: 1089, call: scores, phase: playing
2026-06-13 16:20:56, tokens_remaining: 1088, call: scores, phase: playing
2026-06-13 16:20:56, tokens_remaining: 1088, call: scores, phase: playing
2026-06-13 16:20:57, tokens_remaining: 1088, call: scores, phase: playing
2026-06-13 16:20:58, tokens_remaining: 1087, call: scores, phase: playing
2026-06-13 16:20:58, tokens_remaining: 1087, call: scores, phase: playing
2026-06-13 16:20:59, tokens_remaining: 1087, call: scores, phase: playing
2026-06-13 16:20:59, tokens_remaining: 1086, call: events, phase: playing
2026-06-13 16:21:00, tokens_remaining: 1085, call: scores, phase: playing
2026-06-13 16:21:01, tokens_remaining: 1085, call: scores, phase: playing
2026-06-13 16:21:01, tokens_remaining: 1084, call: scores, phase: playing
2026-06-13 16:21:02, tokens_remaining: 1084, call: scores, phase: playing
2026-06-13 16:21:02, tokens_remaining: 1084, call: scores, phase: playing
2026-06-13 16:21:03, tokens_remaining: 1083, call: scores, phase: playing
2026-06-13 16:21:03, tokens_remaining: 1083, call: scores, phase: playing
2026-06-13 16:21:04, tokens_remaining: 1083, call: scores, phase: playing
2026-06-13 16:21:04, tokens_remaining: 1082, call: scores, phase: playing
2026-06-13 16:21:05, tokens_remaining: 1081, call: events, phase: playing
2026-06-13 16:21:06, tokens_remaining: 1080, call: scores, phase: playing
2026-06-13 16:21:06, tokens_remaining: 1080, call: scores, phase: playing
2026-06-13 16:21:07, tokens_remaining: 1080, call: scores, phase: playing
2026-06-13 16:21:08, tokens_remaining: 1079, call: scores, phase: playing
2026-06-13 16:21:08, tokens_remaining: 1079, call: scores, phase: playing
2026-06-13 16:21:08, tokens_remaining: 1079, call: scores, phase: playing
2026-06-13 16:21:09, tokens_remaining: 1078, call: scores, phase: playing
2026-06-13 16:21:10, tokens_remaining: 1078, call: scores, phase: playing
2026-06-13 16:21:10, tokens_remaining: 1078, call: scores, phase: playing
2026-06-13 16:21:11, tokens_remaining: 1077, call: events, phase: playing
2026-06-13 16:21:12, tokens_remaining: 1076, call: scores, phase: playing
2026-06-13 16:21:12, tokens_remaining: 1076, call: scores, phase: playing
2026-06-13 16:21:12, tokens_remaining: 1076, call: scores, phase: playing
2026-06-13 16:21:13, tokens_remaining: 1075, call: scores, phase: playing
2026-06-13 16:21:14, tokens_remaining: 1075, call: scores, phase: playing
2026-06-13 16:21:14, tokens_remaining: 1075, call: scores, phase: playing
2026-06-13 16:21:15, tokens_remaining: 1074, call: scores, phase: playing
2026-06-13 16:21:15, tokens_remaining: 1074, call: scores, phase: playing
2026-06-13 16:21:16, tokens_remaining: 1074, call: scores, phase: playing
2026-06-13 16:21:16, tokens_remaining: 1073, call: events, phase: playing
2026-06-13 16:21:17, tokens_remaining: 1072, call: scores, phase: playing
2026-06-13 16:21:17, tokens_remaining: 1072, call: scores, phase: playing
2026-06-13 16:21:18, tokens_remaining: 1072, call: scores, phase: playing
2026-06-13 16:21:19, tokens_remaining: 1071, call: scores, phase: playing
2026-06-13 16:21:19, tokens_remaining: 1071, call: scores, phase: playing
2026-06-13 16:21:20, tokens_remaining: 1071, call: scores, phase: playing
2026-06-13 16:21:20, tokens_remaining: 1070, call: scores, phase: playing
2026-06-13 16:21:21, tokens_remaining: 1070, call: scores, phase: playing
2026-06-13 16:21:21, tokens_remaining: 1070, call: scores, phase: playing
2026-06-13 16:21:22, tokens_remaining: 1069, call: events, phase: playing
2026-06-13 16:21:23, tokens_remaining: 1068, call: scores, phase: playing
2026-06-13 16:21:23, tokens_remaining: 1068, call: scores, phase: playing
2026-06-13 16:21:23, tokens_remaining: 1068, call: scores, phase: playing
2026-06-13 16:21:24, tokens_remaining: 1067, call: scores, phase: playing
2026-06-13 16:21:25, tokens_remaining: 1067, call: scores, phase: playing
2026-06-13 16:21:25, tokens_remaining: 1067, call: scores, phase: playing
2026-06-13 16:21:26, tokens_remaining: 1066, call: scores, phase: playing
2026-06-13 16:21:26, tokens_remaining: 1066, call: scores, phase: playing
2026-06-13 16:21:27, tokens_remaining: 1066, call: scores, phase: playing
2026-06-13 16:21:27, tokens_remaining: 1065, call: events, phase: playing
2026-06-13 16:21:28, tokens_remaining: 1064, call: scores, phase: playing
2026-06-13 16:21:28, tokens_remaining: 1064, call: scores, phase: playing
2026-06-13 16:21:29, tokens_remaining: 1064, call: scores, phase: playing
2026-06-13 16:21:30, tokens_remaining: 1063, call: scores, phase: playing
2026-06-13 16:21:30, tokens_remaining: 1063, call: scores, phase: playing
2026-06-13 16:21:30, tokens_remaining: 1063, call: scores, phase: playing
2026-06-13 16:21:31, tokens_remaining: 1062, call: scores, phase: playing
2026-06-13 16:21:32, tokens_remaining: 1062, call: scores, phase: playing
2026-06-13 16:21:32, tokens_remaining: 1062, call: scores, phase: playing
2026-06-13 16:21:33, tokens_remaining: 1061, call: events, phase: playing
2026-06-13 16:21:33, tokens_remaining: 1060, call: scores, phase: playing
2026-06-13 16:21:34, tokens_remaining: 1060, call: scores, phase: playing
2026-06-13 16:21:34, tokens_remaining: 1060, call: scores, phase: playing
2026-06-13 16:21:35, tokens_remaining: 1059, call: scores, phase: playing
2026-06-13 16:21:35, tokens_remaining: 1059, call: scores, phase: playing
2026-06-13 16:21:36, tokens_remaining: 1058, call: scores, phase: playing
2026-06-13 16:21:37, tokens_remaining: 1058, call: scores, phase: playing
2026-06-13 16:21:37, tokens_remaining: 1058, call: scores, phase: playing
2026-06-13 16:21:38, tokens_remaining: 1057, call: scores, phase: playing
2026-06-13 16:21:39, tokens_remaining: 1056, call: events, phase: playing
2026-06-13 16:21:39, tokens_remaining: 1055, call: scores, phase: playing
2026-06-13 16:21:40, tokens_remaining: 1055, call: scores, phase: playing
2026-06-13 16:21:40, tokens_remaining: 1055, call: scores, phase: playing
2026-06-13 16:21:41, tokens_remaining: 1054, call: scores, phase: playing
2026-06-13 16:21:41, tokens_remaining: 1054, call: scores, phase: playing
2026-06-13 16:21:42, tokens_remaining: 1054, call: scores, phase: playing
2026-06-13 16:21:42, tokens_remaining: 1053, call: scores, phase: playing
2026-06-13 16:21:43, tokens_remaining: 1053, call: scores, phase: playing
2026-06-13 16:21:43, tokens_remaining: 1053, call: scores, phase: playing
2026-06-13 16:21:44, tokens_remaining: 1052, call: events, phase: playing
2026-06-13 16:21:44, tokens_remaining: 1051, call: scores, phase: playing
2026-06-13 16:21:45, tokens_remaining: 1051, call: scores, phase: playing
2026-06-13 16:21:45, tokens_remaining: 1051, call: scores, phase: playing
2026-06-13 16:21:46, tokens_remaining: 1050, call: scores, phase: playing
2026-06-13 16:21:46, tokens_remaining: 1050, call: scores, phase: playing
2026-06-13 16:21:47, tokens_remaining: 1050, call: scores, phase: playing
2026-06-13 16:21:47, tokens_remaining: 1049, call: scores, phase: playing
2026-06-13 16:21:48, tokens_remaining: 1049, call: scores, phase: playing
2026-06-13 16:21:48, tokens_remaining: 1049, call: scores, phase: playing
2026-06-13 16:21:49, tokens_remaining: 1048, call: events, phase: playing
2026-06-13 16:21:50, tokens_remaining: 1047, call: scores, phase: playing
2026-06-13 16:21:50, tokens_remaining: 1047, call: scores, phase: playing
2026-06-13 16:21:50, tokens_remaining: 1047, call: scores, phase: playing
2026-06-13 16:21:51, tokens_remaining: 1046, call: scores, phase: playing
2026-06-13 16:21:51, tokens_remaining: 1046, call: scores, phase: playing
2026-06-13 16:21:52, tokens_remaining: 1046, call: scores, phase: playing
2026-06-13 16:21:53, tokens_remaining: 1045, call: scores, phase: playing
2026-06-13 16:21:53, tokens_remaining: 1045, call: scores, phase: playing
2026-06-13 16:21:53, tokens_remaining: 1045, call: scores, phase: playing
2026-06-13 16:21:54, tokens_remaining: 1044, call: events, phase: playing
2026-06-13 16:21:55, tokens_remaining: 1043, call: scores, phase: playing
2026-06-13 16:21:55, tokens_remaining: 1043, call: scores, phase: playing
2026-06-13 16:21:56, tokens_remaining: 1043, call: scores, phase: playing
2026-06-13 16:21:56, tokens_remaining: 1042, call: scores, phase: playing
2026-06-13 16:21:57, tokens_remaining: 1042, call: scores, phase: playing
2026-06-13 16:21:57, tokens_remaining: 1042, call: scores, phase: playing
2026-06-13 16:21:58, tokens_remaining: 1041, call: scores, phase: playing
2026-06-13 16:21:58, tokens_remaining: 1041, call: scores, phase: playing
2026-06-13 16:21:59, tokens_remaining: 1041, call: scores, phase: playing
2026-06-13 16:21:59, tokens_remaining: 1040, call: events, phase: playing
2026-06-13 16:22:00, tokens_remaining: 1039, call: scores, phase: playing
2026-06-13 16:22:00, tokens_remaining: 1039, call: scores, phase: playing
2026-06-13 16:22:01, tokens_remaining: 1039, call: scores, phase: playing
2026-06-13 16:22:02, tokens_remaining: 1038, call: scores, phase: playing
2026-06-13 16:22:02, tokens_remaining: 1038, call: scores, phase: playing
2026-06-13 16:22:02, tokens_remaining: 1038, call: scores, phase: playing
2026-06-13 16:22:03, tokens_remaining: 1037, call: scores, phase: playing
2026-06-13 16:22:03, tokens_remaining: 1037, call: scores, phase: playing
2026-06-13 16:22:04, tokens_remaining: 1037, call: scores, phase: playing
2026-06-13 16:22:05, tokens_remaining: 1036, call: events, phase: playing
2026-06-13 16:22:05, tokens_remaining: 1035, call: scores, phase: playing
2026-06-13 16:22:06, tokens_remaining: 1035, call: scores, phase: playing
2026-06-13 16:22:06, tokens_remaining: 1035, call: scores, phase: playing
2026-06-13 16:22:07, tokens_remaining: 1034, call: scores, phase: playing
2026-06-13 16:22:07, tokens_remaining: 1034, call: scores, phase: playing
2026-06-13 16:22:07, tokens_remaining: 1034, call: scores, phase: playing
2026-06-13 16:22:08, tokens_remaining: 1033, call: scores, phase: playing
2026-06-13 16:22:08, tokens_remaining: 1033, call: scores, phase: playing
2026-06-13 16:22:09, tokens_remaining: 1033, call: scores, phase: playing
2026-06-13 16:22:10, tokens_remaining: 1032, call: events, phase: playing
2026-06-13 16:22:10, tokens_remaining: 1031, call: scores, phase: playing
2026-06-13 16:22:11, tokens_remaining: 1031, call: scores, phase: playing
2026-06-13 16:22:11, tokens_remaining: 1031, call: scores, phase: playing
2026-06-13 16:22:12, tokens_remaining: 1030, call: scores, phase: playing
2026-06-13 16:22:12, tokens_remaining: 1030, call: scores, phase: playing
2026-06-13 16:22:12, tokens_remaining: 1030, call: scores, phase: playing
2026-06-13 16:22:13, tokens_remaining: 1029, call: scores, phase: playing
2026-06-13 16:22:13, tokens_remaining: 1029, call: scores, phase: playing
2026-06-13 16:22:14, tokens_remaining: 1029, call: scores, phase: playing
2026-06-13 16:22:15, tokens_remaining: 1028, call: events, phase: playing
2026-06-13 16:22:15, tokens_remaining: 1027, call: scores, phase: playing
2026-06-13 16:22:16, tokens_remaining: 1027, call: scores, phase: playing
2026-06-13 16:22:16, tokens_remaining: 1027, call: scores, phase: playing
2026-06-13 16:22:17, tokens_remaining: 1026, call: scores, phase: playing
2026-06-13 16:22:17, tokens_remaining: 1026, call: scores, phase: playing
2026-06-13 16:22:18, tokens_remaining: 1026, call: scores, phase: playing
2026-06-13 16:22:18, tokens_remaining: 1025, call: scores, phase: playing
2026-06-13 16:22:19, tokens_remaining: 1025, call: scores, phase: playing
2026-06-13 16:22:19, tokens_remaining: 1025, call: scores, phase: playing
2026-06-13 16:22:20, tokens_remaining: 1024, call: events, phase: playing
2026-06-13 16:22:20, tokens_remaining: 1023, call: scores, phase: playing
2026-06-13 16:22:21, tokens_remaining: 1023, call: scores, phase: playing
2026-06-13 16:22:21, tokens_remaining: 1023, call: scores, phase: playing
2026-06-13 16:22:22, tokens_remaining: 1022, call: scores, phase: playing
2026-06-13 16:22:22, tokens_remaining: 1022, call: scores, phase: playing
2026-06-13 16:22:23, tokens_remaining: 1022, call: scores, phase: playing
2026-06-13 16:22:23, tokens_remaining: 1021, call: scores, phase: playing
2026-06-13 16:22:24, tokens_remaining: 1021, call: scores, phase: playing
2026-06-13 16:22:24, tokens_remaining: 1021, call: scores, phase: playing
2026-06-13 16:22:25, tokens_remaining: 1020, call: events, phase: playing
2026-06-13 16:22:25, tokens_remaining: 1019, call: scores, phase: playing
2026-06-13 16:22:26, tokens_remaining: 1019, call: scores, phase: playing
2026-06-13 16:22:26, tokens_remaining: 1019, call: scores, phase: playing
2026-06-13 16:22:27, tokens_remaining: 1018, call: scores, phase: playing
2026-06-13 16:22:27, tokens_remaining: 1018, call: scores, phase: playing
2026-06-13 16:22:28, tokens_remaining: 1018, call: scores, phase: playing
2026-06-13 16:22:28, tokens_remaining: 1017, call: scores, phase: playing
2026-06-13 16:22:29, tokens_remaining: 1017, call: scores, phase: playing
2026-06-13 16:22:29, tokens_remaining: 1017, call: scores, phase: playing
2026-06-13 16:22:30, tokens_remaining: 1016, call: events, phase: playing
2026-06-13 16:22:31, tokens_remaining: 1015, call: scores, phase: playing
2026-06-13 16:22:31, tokens_remaining: 1015, call: scores, phase: playing
2026-06-13 16:22:32, tokens_remaining: 1014, call: scores, phase: playing
2026-06-13 16:22:32, tokens_remaining: 1014, call: scores, phase: playing
2026-06-13 16:22:32, tokens_remaining: 1014, call: scores, phase: playing
2026-06-13 16:22:33, tokens_remaining: 1013, call: scores, phase: playing
2026-06-13 16:22:33, tokens_remaining: 1013, call: scores, phase: playing
2026-06-13 16:22:34, tokens_remaining: 1013, call: scores, phase: playing
2026-06-13 16:22:34, tokens_remaining: 1012, call: scores, phase: playing
2026-06-13 16:22:35, tokens_remaining: 1011, call: events, phase: playing
2026-06-13 16:22:36, tokens_remaining: 1010, call: scores, phase: playing
2026-06-13 16:22:36, tokens_remaining: 1010, call: scores, phase: playing
2026-06-13 16:22:37, tokens_remaining: 1010, call: scores, phase: playing
2026-06-13 16:22:37, tokens_remaining: 1009, call: scores, phase: playing
2026-06-13 16:22:38, tokens_remaining: 1009, call: scores, phase: playing
2026-06-13 16:22:38, tokens_remaining: 1009, call: scores, phase: playing
2026-06-13 16:22:39, tokens_remaining: 1008, call: scores, phase: playing
2026-06-13 16:22:39, tokens_remaining: 1008, call: scores, phase: playing
2026-06-13 16:22:39, tokens_remaining: 1008, call: scores, phase: playing
2026-06-13 16:22:40, tokens_remaining: 1007, call: events, phase: playing
2026-06-13 16:22:41, tokens_remaining: 1006, call: scores, phase: playing
2026-06-13 16:22:41, tokens_remaining: 1006, call: scores, phase: playing
2026-06-13 16:22:42, tokens_remaining: 1006, call: scores, phase: playing
2026-06-13 16:22:42, tokens_remaining: 1005, call: scores, phase: playing
2026-06-13 16:22:43, tokens_remaining: 1005, call: scores, phase: playing
2026-06-13 16:22:43, tokens_remaining: 1005, call: scores, phase: playing
2026-06-13 16:22:44, tokens_remaining: 1004, call: scores, phase: playing
2026-06-13 16:22:44, tokens_remaining: 1004, call: scores, phase: playing
2026-06-13 16:22:44, tokens_remaining: 1004, call: scores, phase: playing
2026-06-13 16:22:45, tokens_remaining: 1003, call: events, phase: playing
2026-06-13 16:22:46, tokens_remaining: 1002, call: scores, phase: playing
2026-06-13 16:22:46, tokens_remaining: 1002, call: scores, phase: playing
2026-06-13 16:22:47, tokens_remaining: 1002, call: scores, phase: playing
2026-06-13 16:22:47, tokens_remaining: 1001, call: scores, phase: playing
2026-06-13 16:22:47, tokens_remaining: 1001, call: scores, phase: playing
2026-06-13 16:22:48, tokens_remaining: 1001, call: scores, phase: playing
2026-06-13 16:22:48, tokens_remaining: 1000, call: scores, phase: playing
2026-06-13 16:22:49, tokens_remaining: 1000, call: scores, phase: playing
2026-06-13 16:22:49, tokens_remaining: 1000, call: scores, phase: playing
2026-06-13 16:22:50, tokens_remaining: 999, call: events, phase: playing
2026-06-13 16:22:50, tokens_remaining: 998, call: scores, phase: playing
2026-06-13 16:22:51, tokens_remaining: 998, call: scores, phase: playing
2026-06-13 16:22:51, tokens_remaining: 998, call: scores, phase: playing
2026-06-13 16:22:52, tokens_remaining: 997, call: scores, phase: playing
2026-06-13 16:22:52, tokens_remaining: 997, call: scores, phase: playing
2026-06-13 16:22:53, tokens_remaining: 997, call: scores, phase: playing
2026-06-13 16:22:53, tokens_remaining: 996, call: scores, phase: playing
2026-06-13 16:22:54, tokens_remaining: 996, call: scores, phase: playing
2026-06-13 16:22:54, tokens_remaining: 996, call: scores, phase: playing
2026-06-13 16:22:55, tokens_remaining: 995, call: events, phase: playing
2026-06-13 16:22:55, tokens_remaining: 994, call: scores, phase: playing
2026-06-13 16:22:56, tokens_remaining: 994, call: scores, phase: playing
2026-06-13 16:22:56, tokens_remaining: 994, call: scores, phase: playing
2026-06-13 16:22:56, tokens_remaining: 993, call: scores, phase: playing
2026-06-13 16:22:57, tokens_remaining: 993, call: scores, phase: playing
2026-06-13 16:22:57, tokens_remaining: 993, call: scores, phase: playing
2026-06-13 16:22:58, tokens_remaining: 992, call: scores, phase: playing
2026-06-13 16:22:58, tokens_remaining: 992, call: scores, phase: playing
2026-06-13 16:22:59, tokens_remaining: 992, call: scores, phase: playing
2026-06-13 16:22:59, tokens_remaining: 991, call: events, phase: playing
2026-06-13 16:23:00, tokens_remaining: 990, call: scores, phase: playing
2026-06-13 16:23:00, tokens_remaining: 990, call: scores, phase: playing
2026-06-13 16:23:01, tokens_remaining: 990, call: scores, phase: playing
2026-06-13 16:23:01, tokens_remaining: 989, call: scores, phase: playing
2026-06-13 16:23:02, tokens_remaining: 989, call: scores, phase: playing
2026-06-13 16:23:02, tokens_remaining: 989, call: scores, phase: playing
2026-06-13 16:23:03, tokens_remaining: 988, call: scores, phase: playing
2026-06-13 16:23:03, tokens_remaining: 988, call: scores, phase: playing
2026-06-13 16:23:03, tokens_remaining: 988, call: scores, phase: playing
2026-06-13 16:23:04, tokens_remaining: 987, call: events, phase: playing
2026-06-13 16:23:05, tokens_remaining: 986, call: scores, phase: playing
2026-06-13 16:23:05, tokens_remaining: 986, call: scores, phase: playing
2026-06-13 16:23:05, tokens_remaining: 986, call: scores, phase: playing
2026-06-13 16:23:06, tokens_remaining: 985, call: scores, phase: playing
2026-06-13 16:23:06, tokens_remaining: 985, call: scores, phase: playing
2026-06-13 16:23:07, tokens_remaining: 985, call: scores, phase: playing
2026-06-13 16:23:07, tokens_remaining: 984, call: scores, phase: playing
2026-06-13 16:23:08, tokens_remaining: 984, call: scores, phase: playing
2026-06-13 16:23:08, tokens_remaining: 984, call: scores, phase: playing
2026-06-13 16:23:09, tokens_remaining: 983, call: events, phase: playing
2026-06-13 16:23:09, tokens_remaining: 982, call: scores, phase: playing
2026-06-13 16:23:10, tokens_remaining: 982, call: scores, phase: playing
2026-06-13 16:23:10, tokens_remaining: 982, call: scores, phase: playing
2026-06-13 16:23:11, tokens_remaining: 981, call: scores, phase: playing
2026-06-13 16:23:11, tokens_remaining: 981, call: scores, phase: playing
2026-06-13 16:23:11, tokens_remaining: 981, call: scores, phase: playing
2026-06-13 16:23:12, tokens_remaining: 980, call: scores, phase: playing
2026-06-13 16:23:12, tokens_remaining: 980, call: scores, phase: playing
2026-06-13 16:23:13, tokens_remaining: 980, call: scores, phase: playing
2026-06-13 16:23:14, tokens_remaining: 979, call: events, phase: playing
2026-06-13 16:23:14, tokens_remaining: 978, call: scores, phase: playing
2026-06-13 16:23:14, tokens_remaining: 978, call: scores, phase: playing
2026-06-13 16:23:15, tokens_remaining: 978, call: scores, phase: playing
2026-06-13 16:23:15, tokens_remaining: 977, call: scores, phase: playing
2026-06-13 16:23:16, tokens_remaining: 977, call: scores, phase: playing
2026-06-13 16:23:16, tokens_remaining: 977, call: scores, phase: playing
2026-06-13 16:23:17, tokens_remaining: 976, call: scores, phase: playing
2026-06-13 16:23:17, tokens_remaining: 976, call: scores, phase: playing
2026-06-13 16:23:17, tokens_remaining: 976, call: scores, phase: playing
2026-06-13 16:23:18, tokens_remaining: 975, call: events, phase: playing
2026-06-13 16:23:19, tokens_remaining: 974, call: scores, phase: playing
2026-06-13 16:23:19, tokens_remaining: 974, call: scores, phase: playing
2026-06-13 16:23:19, tokens_remaining: 974, call: scores, phase: playing
2026-06-13 16:23:20, tokens_remaining: 973, call: scores, phase: playing
2026-06-13 16:23:20, tokens_remaining: 973, call: scores, phase: playing
2026-06-13 16:23:21, tokens_remaining: 973, call: scores, phase: playing
2026-06-13 16:23:21, tokens_remaining: 972, call: scores, phase: playing
2026-06-13 16:23:22, tokens_remaining: 972, call: scores, phase: playing
2026-06-13 16:23:22, tokens_remaining: 972, call: scores, phase: playing
2026-06-13 16:23:23, tokens_remaining: 971, call: events, phase: playing
2026-06-13 16:23:23, tokens_remaining: 970, call: scores, phase: playing
2026-06-13 16:23:24, tokens_remaining: 970, call: scores, phase: playing
2026-06-13 16:23:24, tokens_remaining: 970, call: scores, phase: playing
2026-06-13 16:23:25, tokens_remaining: 969, call: scores, phase: playing
2026-06-13 16:23:25, tokens_remaining: 969, call: scores, phase: playing
2026-06-13 16:23:25, tokens_remaining: 969, call: scores, phase: playing
2026-06-13 16:23:26, tokens_remaining: 968, call: scores, phase: playing
2026-06-13 16:23:26, tokens_remaining: 968, call: scores, phase: playing
2026-06-13 16:23:27, tokens_remaining: 968, call: scores, phase: playing
2026-06-13 16:23:27, tokens_remaining: 967, call: events, phase: playing
2026-06-13 16:23:28, tokens_remaining: 966, call: scores, phase: playing
2026-06-13 16:23:28, tokens_remaining: 966, call: scores, phase: playing
2026-06-13 16:23:29, tokens_remaining: 966, call: scores, phase: playing
2026-06-13 16:23:29, tokens_remaining: 965, call: scores, phase: playing
2026-06-13 16:23:29, tokens_remaining: 965, call: scores, phase: playing
2026-06-13 16:23:30, tokens_remaining: 965, call: scores, phase: playing
2026-06-13 16:23:30, tokens_remaining: 964, call: scores, phase: playing
2026-06-13 16:23:31, tokens_remaining: 964, call: scores, phase: playing
2026-06-13 16:23:31, tokens_remaining: 964, call: scores, phase: playing
2026-06-13 16:23:32, tokens_remaining: 963, call: events, phase: playing
2026-06-13 16:23:32, tokens_remaining: 962, call: scores, phase: playing
2026-06-13 16:23:33, tokens_remaining: 962, call: scores, phase: playing
2026-06-13 16:23:33, tokens_remaining: 962, call: scores, phase: playing
2026-06-13 16:23:33, tokens_remaining: 962, call: scores, phase: playing
2026-06-13 16:23:34, tokens_remaining: 961, call: scores, phase: playing
2026-06-13 16:23:34, tokens_remaining: 961, call: scores, phase: playing
2026-06-13 16:23:35, tokens_remaining: 961, call: scores, phase: playing
2026-06-13 16:23:35, tokens_remaining: 960, call: scores, phase: playing
2026-06-13 16:23:36, tokens_remaining: 960, call: scores, phase: playing
2026-06-13 16:23:36, tokens_remaining: 959, call: events, phase: playing
2026-06-13 16:23:37, tokens_remaining: 958, call: scores, phase: playing
2026-06-13 16:23:37, tokens_remaining: 958, call: scores, phase: playing
2026-06-13 16:23:38, tokens_remaining: 958, call: scores, phase: playing
2026-06-13 16:23:38, tokens_remaining: 957, call: scores, phase: playing
2026-06-13 16:23:38, tokens_remaining: 957, call: scores, phase: playing
2026-06-13 16:23:39, tokens_remaining: 957, call: scores, phase: playing
2026-06-13 16:23:39, tokens_remaining: 957, call: scores, phase: playing
2026-06-13 16:23:40, tokens_remaining: 956, call: scores, phase: playing
2026-06-13 16:23:40, tokens_remaining: 956, call: scores, phase: playing
2026-06-13 16:23:41, tokens_remaining: 955, call: events, phase: playing
2026-06-13 16:23:41, tokens_remaining: 954, call: scores, phase: playing
2026-06-13 16:23:42, tokens_remaining: 954, call: scores, phase: playing
2026-06-13 16:23:42, tokens_remaining: 954, call: scores, phase: playing
2026-06-13 16:23:42, tokens_remaining: 953, call: scores, phase: playing
2026-06-13 16:23:43, tokens_remaining: 953, call: scores, phase: playing
2026-06-13 16:23:43, tokens_remaining: 953, call: scores, phase: playing
2026-06-13 16:23:43, tokens_remaining: 953, call: scores, phase: playing
2026-06-13 16:23:44, tokens_remaining: 952, call: scores, phase: playing
2026-06-13 16:23:44, tokens_remaining: 952, call: scores, phase: playing
2026-06-13 16:23:45, tokens_remaining: 951, call: events, phase: playing
2026-06-13 16:23:46, tokens_remaining: 950, call: scores, phase: playing
2026-06-13 16:23:46, tokens_remaining: 950, call: scores, phase: playing
2026-06-13 16:23:46, tokens_remaining: 950, call: scores, phase: playing
2026-06-13 16:23:47, tokens_remaining: 950, call: scores, phase: playing
2026-06-13 16:23:47, tokens_remaining: 949, call: scores, phase: playing
2026-06-13 16:23:48, tokens_remaining: 949, call: scores, phase: playing
2026-06-13 16:23:48, tokens_remaining: 949, call: scores, phase: playing
2026-06-13 16:23:48, tokens_remaining: 949, call: scores, phase: playing
2026-06-13 16:23:49, tokens_remaining: 948, call: scores, phase: playing
2026-06-13 16:23:49, tokens_remaining: 947, call: events, phase: playing
2026-06-13 16:23:50, tokens_remaining: 948, call: scores, phase: playing
2026-06-13 16:23:51, tokens_remaining: 946, call: scores, phase: playing
2026-06-13 16:23:51, tokens_remaining: 946, call: scores, phase: playing
2026-06-13 16:23:51, tokens_remaining: 946, call: scores, phase: playing
2026-06-13 16:23:52, tokens_remaining: 945, call: scores, phase: playing
2026-06-13 16:23:52, tokens_remaining: 945, call: scores, phase: playing
2026-06-13 16:23:52, tokens_remaining: 945, call: scores, phase: playing
2026-06-13 16:23:53, tokens_remaining: 945, call: scores, phase: playing
2026-06-13 16:23:53, tokens_remaining: 944, call: scores, phase: playing
2026-06-13 16:23:54, tokens_remaining: 943, call: events, phase: playing
2026-06-13 16:23:55, tokens_remaining: 942, call: scores, phase: playing
2026-06-13 16:23:55, tokens_remaining: 942, call: scores, phase: playing
2026-06-13 16:23:55, tokens_remaining: 942, call: scores, phase: playing
2026-06-13 16:23:56, tokens_remaining: 942, call: scores, phase: playing
2026-06-13 16:23:56, tokens_remaining: 941, call: scores, phase: playing
2026-06-13 16:23:56, tokens_remaining: 941, call: scores, phase: playing
2026-06-13 16:23:57, tokens_remaining: 941, call: scores, phase: playing
2026-06-13 16:23:57, tokens_remaining: 941, call: scores, phase: playing
2026-06-13 16:23:58, tokens_remaining: 940, call: scores, phase: playing
2026-06-13 16:23:58, tokens_remaining: 939, call: events, phase: playing
2026-06-13 16:23:59, tokens_remaining: 938, call: scores, phase: playing
2026-06-13 16:23:59, tokens_remaining: 938, call: scores, phase: playing
2026-06-13 16:24:00, tokens_remaining: 938, call: scores, phase: playing
2026-06-13 16:24:00, tokens_remaining: 938, call: scores, phase: playing
2026-06-13 16:24:01, tokens_remaining: 937, call: scores, phase: playing
2026-06-13 16:24:01, tokens_remaining: 937, call: scores, phase: playing
2026-06-13 16:24:01, tokens_remaining: 937, call: scores, phase: playing
2026-06-13 16:24:02, tokens_remaining: 936, call: scores, phase: playing
2026-06-13 16:24:02, tokens_remaining: 936, call: scores, phase: playing
2026-06-13 16:24:03, tokens_remaining: 935, call: events, phase: playing
2026-06-13 16:24:03, tokens_remaining: 934, call: scores, phase: playing
2026-06-13 16:24:04, tokens_remaining: 934, call: scores, phase: playing
2026-06-13 16:24:04, tokens_remaining: 934, call: scores, phase: playing
2026-06-13 16:24:04, tokens_remaining: 934, call: scores, phase: playing
2026-06-13 16:24:05, tokens_remaining: 933, call: scores, phase: playing
2026-06-13 16:24:05, tokens_remaining: 933, call: scores, phase: playing
2026-06-13 16:24:05, tokens_remaining: 933, call: scores, phase: playing
2026-06-13 16:24:06, tokens_remaining: 933, call: scores, phase: playing
2026-06-13 16:24:06, tokens_remaining: 932, call: scores, phase: playing
2026-06-13 16:24:07, tokens_remaining: 931, call: events, phase: playing
2026-06-13 16:24:08, tokens_remaining: 930, call: scores, phase: playing
2026-06-13 16:24:08, tokens_remaining: 930, call: scores, phase: playing
2026-06-13 16:24:08, tokens_remaining: 930, call: scores, phase: playing
2026-06-13 16:24:08, tokens_remaining: 930, call: scores, phase: playing
2026-06-13 16:24:09, tokens_remaining: 929, call: scores, phase: playing
2026-06-13 16:24:09, tokens_remaining: 929, call: scores, phase: playing
2026-06-13 16:24:10, tokens_remaining: 929, call: scores, phase: playing
2026-06-13 16:24:10, tokens_remaining: 929, call: scores, phase: playing
2026-06-13 16:24:10, tokens_remaining: 928, call: scores, phase: playing
2026-06-13 16:24:11, tokens_remaining: 927, call: events, phase: playing
2026-06-13 16:24:12, tokens_remaining: 926, call: scores, phase: playing
2026-06-13 16:24:12, tokens_remaining: 926, call: scores, phase: playing
2026-06-13 16:24:13, tokens_remaining: 926, call: scores, phase: playing
2026-06-13 16:24:13, tokens_remaining: 925, call: scores, phase: playing
2026-06-13 16:24:13, tokens_remaining: 925, call: scores, phase: playing
2026-06-13 16:24:14, tokens_remaining: 925, call: scores, phase: playing
2026-06-13 16:24:14, tokens_remaining: 925, call: scores, phase: playing
2026-06-13 16:24:15, tokens_remaining: 924, call: scores, phase: playing
2026-06-13 16:24:15, tokens_remaining: 924, call: scores, phase: playing
2026-06-13 16:24:16, tokens_remaining: 923, call: events, phase: playing
2026-06-13 16:24:16, tokens_remaining: 922, call: scores, phase: playing
2026-06-13 16:24:17, tokens_remaining: 922, call: scores, phase: playing
2026-06-13 16:24:17, tokens_remaining: 922, call: scores, phase: playing
2026-06-13 16:24:18, tokens_remaining: 921, call: scores, phase: playing
2026-06-13 16:24:18, tokens_remaining: 921, call: scores, phase: playing
2026-06-13 16:24:18, tokens_remaining: 921, call: scores, phase: playing
2026-06-13 16:24:18, tokens_remaining: 921, call: scores, phase: playing
2026-06-13 16:24:19, tokens_remaining: 920, call: scores, phase: playing
2026-06-13 16:24:19, tokens_remaining: 920, call: scores, phase: playing
2026-06-13 16:24:20, tokens_remaining: 919, call: events, phase: playing
2026-06-13 16:24:20, tokens_remaining: 918, call: scores, phase: playing
2026-06-13 16:24:21, tokens_remaining: 918, call: scores, phase: playing
2026-06-13 16:24:21, tokens_remaining: 918, call: scores, phase: playing
2026-06-13 16:24:21, tokens_remaining: 918, call: scores, phase: playing
2026-06-13 16:24:22, tokens_remaining: 917, call: scores, phase: playing
2026-06-13 16:24:22, tokens_remaining: 917, call: scores, phase: playing
2026-06-13 16:24:22, tokens_remaining: 917, call: scores, phase: playing
2026-06-13 16:24:23, tokens_remaining: 917, call: scores, phase: playing
2026-06-13 16:24:23, tokens_remaining: 916, call: scores, phase: playing
2026-06-13 16:24:24, tokens_remaining: 915, call: events, phase: playing
2026-06-13 16:24:24, tokens_remaining: 916, call: scores, phase: playing
2026-06-13 16:24:25, tokens_remaining: 914, call: scores, phase: playing
2026-06-13 16:24:25, tokens_remaining: 914, call: scores, phase: playing
2026-06-13 16:24:25, tokens_remaining: 914, call: scores, phase: playing
2026-06-13 16:24:26, tokens_remaining: 914, call: scores, phase: playing
2026-06-13 16:24:26, tokens_remaining: 913, call: scores, phase: playing
2026-06-13 16:24:27, tokens_remaining: 913, call: scores, phase: playing
2026-06-13 16:24:27, tokens_remaining: 913, call: scores, phase: playing
2026-06-13 16:24:27, tokens_remaining: 913, call: scores, phase: playing
2026-06-13 16:24:28, tokens_remaining: 912, call: events, phase: playing
2026-06-13 16:24:28, tokens_remaining: 911, call: scores, phase: playing
2026-06-13 16:24:29, tokens_remaining: 911, call: scores, phase: playing
2026-06-13 16:24:29, tokens_remaining: 911, call: scores, phase: playing
2026-06-13 16:24:29, tokens_remaining: 911, call: scores, phase: playing
2026-06-13 16:24:30, tokens_remaining: 910, call: scores, phase: playing
2026-06-13 16:24:30, tokens_remaining: 910, call: scores, phase: playing
2026-06-13 16:24:30, tokens_remaining: 910, call: scores, phase: playing
2026-06-13 16:24:31, tokens_remaining: 910, call: scores, phase: playing
2026-06-13 16:24:31, tokens_remaining: 909, call: scores, phase: playing
2026-06-13 16:24:32, tokens_remaining: 908, call: events, phase: playing
2026-06-13 16:24:32, tokens_remaining: 907, call: scores, phase: playing
2026-06-13 16:24:33, tokens_remaining: 907, call: scores, phase: playing
2026-06-13 16:24:33, tokens_remaining: 907, call: scores, phase: playing
2026-06-13 16:24:33, tokens_remaining: 907, call: scores, phase: playing
2026-06-13 16:24:34, tokens_remaining: 906, call: scores, phase: playing
2026-06-13 16:24:34, tokens_remaining: 906, call: scores, phase: playing
2026-06-13 16:24:34, tokens_remaining: 906, call: scores, phase: playing
2026-06-13 16:24:35, tokens_remaining: 906, call: scores, phase: playing
2026-06-13 16:24:35, tokens_remaining: 905, call: scores, phase: playing
2026-06-13 16:24:36, tokens_remaining: 904, call: events, phase: playing
2026-06-13 16:24:37, tokens_remaining: 903, call: scores, phase: playing
2026-06-13 16:24:37, tokens_remaining: 903, call: scores, phase: playing
2026-06-13 16:24:37, tokens_remaining: 903, call: scores, phase: playing
2026-06-13 16:24:37, tokens_remaining: 903, call: scores, phase: playing
2026-06-13 16:24:38, tokens_remaining: 902, call: scores, phase: playing
2026-06-13 16:24:38, tokens_remaining: 902, call: scores, phase: playing
2026-06-13 16:24:39, tokens_remaining: 902, call: scores, phase: playing
2026-06-13 16:24:39, tokens_remaining: 902, call: scores, phase: playing
2026-06-13 16:24:40, tokens_remaining: 901, call: scores, phase: playing
2026-06-13 16:24:40, tokens_remaining: 900, call: events, phase: playing
2026-06-13 16:24:41, tokens_remaining: 899, call: scores, phase: playing
2026-06-13 16:24:41, tokens_remaining: 899, call: scores, phase: playing
2026-06-13 16:24:41, tokens_remaining: 899, call: scores, phase: playing
2026-06-13 16:24:42, tokens_remaining: 899, call: scores, phase: playing
2026-06-13 16:24:43, tokens_remaining: 898, call: scores, phase: playing
2026-06-13 16:24:43, tokens_remaining: 898, call: scores, phase: playing
2026-06-13 16:24:43, tokens_remaining: 898, call: scores, phase: playing
2026-06-13 16:24:44, tokens_remaining: 897, call: scores, phase: playing
2026-06-13 16:24:44, tokens_remaining: 897, call: scores, phase: playing
2026-06-13 16:24:45, tokens_remaining: 896, call: events, phase: playing
2026-06-13 16:24:45, tokens_remaining: 895, call: scores, phase: playing
2026-06-13 16:24:45, tokens_remaining: 895, call: scores, phase: playing
2026-06-13 16:24:46, tokens_remaining: 895, call: scores, phase: playing
2026-06-13 16:24:46, tokens_remaining: 895, call: scores, phase: playing
2026-06-13 16:24:47, tokens_remaining: 894, call: scores, phase: playing
2026-06-13 16:24:47, tokens_remaining: 894, call: scores, phase: playing
2026-06-13 16:24:47, tokens_remaining: 894, call: scores, phase: playing
2026-06-13 16:24:47, tokens_remaining: 894, call: scores, phase: playing
2026-06-13 16:24:48, tokens_remaining: 893, call: scores, phase: playing
2026-06-13 16:24:49, tokens_remaining: 892, call: events, phase: playing
2026-06-13 16:24:49, tokens_remaining: 891, call: scores, phase: playing
2026-06-13 16:24:49, tokens_remaining: 891, call: scores, phase: playing
2026-06-13 16:24:50, tokens_remaining: 891, call: scores, phase: playing
2026-06-13 16:24:50, tokens_remaining: 891, call: scores, phase: playing
2026-06-13 16:24:51, tokens_remaining: 890, call: scores, phase: playing
2026-06-13 16:24:51, tokens_remaining: 890, call: scores, phase: playing
2026-06-13 16:24:51, tokens_remaining: 890, call: scores, phase: playing
2026-06-13 16:24:51, tokens_remaining: 890, call: scores, phase: playing
2026-06-13 16:24:52, tokens_remaining: 889, call: scores, phase: playing
2026-06-13 16:24:52, tokens_remaining: 888, call: events, phase: playing
2026-06-13 16:24:53, tokens_remaining: 889, call: scores, phase: playing
2026-06-13 16:24:53, tokens_remaining: 887, call: scores, phase: playing
2026-06-13 16:24:54, tokens_remaining: 887, call: scores, phase: playing
2026-06-13 16:24:54, tokens_remaining: 887, call: scores, phase: playing
2026-06-13 16:24:54, tokens_remaining: 887, call: scores, phase: playing
2026-06-13 16:24:55, tokens_remaining: 886, call: scores, phase: playing
2026-06-13 16:24:55, tokens_remaining: 886, call: scores, phase: playing
2026-06-13 16:24:55, tokens_remaining: 886, call: scores, phase: playing
2026-06-13 16:24:55, tokens_remaining: 886, call: scores, phase: playing
2026-06-13 16:24:56, tokens_remaining: 885, call: events, phase: playing
2026-06-13 16:24:57, tokens_remaining: 884, call: scores, phase: playing
2026-06-13 16:24:57, tokens_remaining: 884, call: scores, phase: playing
2026-06-13 16:24:57, tokens_remaining: 884, call: scores, phase: playing
2026-06-13 16:24:57, tokens_remaining: 884, call: scores, phase: playing
2026-06-13 16:24:58, tokens_remaining: 883, call: scores, phase: playing
2026-06-13 16:24:58, tokens_remaining: 883, call: scores, phase: playing
2026-06-13 16:24:58, tokens_remaining: 883, call: scores, phase: playing
2026-06-13 16:24:59, tokens_remaining: 883, call: scores, phase: playing
2026-06-13 16:24:59, tokens_remaining: 882, call: scores, phase: playing
2026-06-13 16:25:00, tokens_remaining: 881, call: events, phase: playing
2026-06-13 16:25:00, tokens_remaining: 882, call: scores, phase: playing
2026-06-13 16:25:01, tokens_remaining: 880, call: scores, phase: playing
2026-06-13 16:25:01, tokens_remaining: 880, call: scores, phase: playing
2026-06-13 16:25:01, tokens_remaining: 880, call: scores, phase: playing
2026-06-13 16:25:01, tokens_remaining: 880, call: scores, phase: playing
2026-06-13 16:25:02, tokens_remaining: 879, call: scores, phase: playing
2026-06-13 16:25:02, tokens_remaining: 879, call: scores, phase: playing
2026-06-13 16:25:02, tokens_remaining: 879, call: scores, phase: playing
2026-06-13 16:25:03, tokens_remaining: 879, call: scores, phase: playing
2026-06-13 16:25:03, tokens_remaining: 878, call: events, phase: playing
2026-06-13 16:25:04, tokens_remaining: 877, call: scores, phase: playing
2026-06-13 16:25:04, tokens_remaining: 877, call: scores, phase: playing
2026-06-13 16:25:04, tokens_remaining: 877, call: scores, phase: playing
2026-06-13 16:25:05, tokens_remaining: 876, call: scores, phase: playing
2026-06-13 16:25:05, tokens_remaining: 876, call: scores, phase: playing
2026-06-13 16:25:06, tokens_remaining: 876, call: scores, phase: playing
2026-06-13 16:25:06, tokens_remaining: 876, call: scores, phase: playing
2026-06-13 16:25:06, tokens_remaining: 875, call: scores, phase: playing
2026-06-13 16:25:07, tokens_remaining: 875, call: scores, phase: playing
2026-06-13 16:25:07, tokens_remaining: 874, call: events, phase: playing
2026-06-13 16:25:08, tokens_remaining: 873, call: scores, phase: playing
2026-06-13 16:25:08, tokens_remaining: 873, call: scores, phase: playing
2026-06-13 16:25:08, tokens_remaining: 873, call: scores, phase: playing
2026-06-13 16:25:09, tokens_remaining: 873, call: scores, phase: playing
2026-06-13 16:25:09, tokens_remaining: 872, call: scores, phase: playing
2026-06-13 16:25:09, tokens_remaining: 872, call: scores, phase: playing
2026-06-13 16:25:10, tokens_remaining: 872, call: scores, phase: playing
2026-06-13 16:25:10, tokens_remaining: 872, call: scores, phase: playing
2026-06-13 16:25:10, tokens_remaining: 871, call: scores, phase: playing
2026-06-13 16:25:11, tokens_remaining: 870, call: events, phase: playing
2026-06-13 16:25:12, tokens_remaining: 869, call: scores, phase: playing
2026-06-13 16:25:12, tokens_remaining: 869, call: scores, phase: playing
2026-06-13 16:25:12, tokens_remaining: 869, call: scores, phase: playing
2026-06-13 16:25:13, tokens_remaining: 869, call: scores, phase: playing
2026-06-13 16:25:13, tokens_remaining: 868, call: scores, phase: playing
2026-06-13 16:25:13, tokens_remaining: 868, call: scores, phase: playing
2026-06-13 16:25:14, tokens_remaining: 868, call: scores, phase: playing
2026-06-13 16:25:14, tokens_remaining: 868, call: scores, phase: playing
2026-06-13 16:25:14, tokens_remaining: 868, call: scores, phase: playing
2026-06-13 16:25:15, tokens_remaining: 867, call: events, phase: playing
2026-06-13 16:25:15, tokens_remaining: 866, call: scores, phase: playing
2026-06-13 16:25:15, tokens_remaining: 866, call: scores, phase: playing
2026-06-13 16:25:15, tokens_remaining: 866, call: scores, phase: playing
2026-06-13 16:25:16, tokens_remaining: 866, call: scores, phase: playing
2026-06-13 16:25:16, tokens_remaining: 866, call: scores, phase: playing
2026-06-13 16:25:17, tokens_remaining: 865, call: scores, phase: playing
2026-06-13 16:25:17, tokens_remaining: 865, call: scores, phase: playing
2026-06-13 16:25:17, tokens_remaining: 865, call: scores, phase: playing
2026-06-13 16:25:17, tokens_remaining: 865, call: scores, phase: playing
2026-06-13 16:25:18, tokens_remaining: 864, call: events, phase: playing
2026-06-13 16:25:18, tokens_remaining: 863, call: scores, phase: playing
2026-06-13 16:25:18, tokens_remaining: 863, call: scores, phase: playing
2026-06-13 16:25:19, tokens_remaining: 863, call: scores, phase: playing
2026-06-13 16:25:19, tokens_remaining: 863, call: scores, phase: playing
2026-06-13 16:25:19, tokens_remaining: 863, call: scores, phase: playing
2026-06-13 16:25:20, tokens_remaining: 862, call: scores, phase: playing
2026-06-13 16:25:20, tokens_remaining: 862, call: scores, phase: playing
2026-06-13 16:25:20, tokens_remaining: 862, call: scores, phase: playing
2026-06-13 16:25:20, tokens_remaining: 862, call: scores, phase: playing
2026-06-13 16:25:21, tokens_remaining: 861, call: events, phase: playing
2026-06-13 16:25:21, tokens_remaining: 860, call: scores, phase: playing
2026-06-13 16:25:22, tokens_remaining: 860, call: scores, phase: playing
2026-06-13 16:25:22, tokens_remaining: 860, call: scores, phase: playing
2026-06-13 16:25:22, tokens_remaining: 860, call: scores, phase: playing
2026-06-13 16:25:22, tokens_remaining: 860, call: scores, phase: playing
2026-06-13 16:25:23, tokens_remaining: 859, call: scores, phase: playing
2026-06-13 16:25:23, tokens_remaining: 859, call: scores, phase: playing
2026-06-13 16:25:23, tokens_remaining: 859, call: scores, phase: playing
2026-06-13 16:25:23, tokens_remaining: 859, call: scores, phase: playing
2026-06-13 16:25:24, tokens_remaining: 858, call: events, phase: playing
2026-06-13 16:25:24, tokens_remaining: 857, call: scores, phase: playing
2026-06-13 16:25:25, tokens_remaining: 857, call: scores, phase: playing
2026-06-13 16:25:25, tokens_remaining: 857, call: scores, phase: playing
2026-06-13 16:25:25, tokens_remaining: 857, call: scores, phase: playing
2026-06-13 16:25:25, tokens_remaining: 857, call: scores, phase: playing
2026-06-13 16:25:26, tokens_remaining: 856, call: scores, phase: playing
2026-06-13 16:25:26, tokens_remaining: 856, call: scores, phase: playing
2026-06-13 16:25:26, tokens_remaining: 856, call: scores, phase: playing
2026-06-13 16:25:27, tokens_remaining: 856, call: scores, phase: playing
2026-06-13 16:25:27, tokens_remaining: 855, call: events, phase: playing
2026-06-13 16:25:28, tokens_remaining: 854, call: scores, phase: playing
2026-06-13 16:25:28, tokens_remaining: 854, call: scores, phase: playing
2026-06-13 16:25:28, tokens_remaining: 854, call: scores, phase: playing
2026-06-13 16:25:28, tokens_remaining: 854, call: scores, phase: playing
2026-06-13 16:25:28, tokens_remaining: 854, call: scores, phase: playing
2026-06-13 16:25:29, tokens_remaining: 853, call: scores, phase: playing
2026-06-13 16:25:29, tokens_remaining: 853, call: scores, phase: playing
2026-06-13 16:25:29, tokens_remaining: 853, call: scores, phase: playing
2026-06-13 16:25:29, tokens_remaining: 853, call: scores, phase: playing
2026-06-13 16:25:30, tokens_remaining: 852, call: events, phase: playing
2026-06-13 16:25:30, tokens_remaining: 851, call: scores, phase: playing
2026-06-13 16:25:31, tokens_remaining: 851, call: scores, phase: playing
2026-06-13 16:25:31, tokens_remaining: 851, call: scores, phase: playing
2026-06-13 16:25:31, tokens_remaining: 851, call: scores, phase: playing
2026-06-13 16:25:31, tokens_remaining: 851, call: scores, phase: playing
2026-06-13 16:25:32, tokens_remaining: 850, call: scores, phase: playing
2026-06-13 16:25:32, tokens_remaining: 850, call: scores, phase: playing
2026-06-13 16:25:32, tokens_remaining: 850, call: scores, phase: playing
2026-06-13 16:25:32, tokens_remaining: 850, call: scores, phase: playing
2026-06-13 16:25:33, tokens_remaining: 849, call: events, phase: playing
2026-06-13 16:25:33, tokens_remaining: 848, call: scores, phase: playing
2026-06-13 16:25:34, tokens_remaining: 848, call: scores, phase: playing
2026-06-13 16:25:34, tokens_remaining: 848, call: scores, phase: playing
2026-06-13 16:25:34, tokens_remaining: 848, call: scores, phase: playing
2026-06-13 16:25:34, tokens_remaining: 848, call: scores, phase: playing
2026-06-13 16:25:35, tokens_remaining: 847, call: scores, phase: playing
2026-06-13 16:25:35, tokens_remaining: 847, call: scores, phase: playing
2026-06-13 16:25:35, tokens_remaining: 847, call: scores, phase: playing
2026-06-13 16:25:35, tokens_remaining: 847, call: scores, phase: playing
2026-06-13 16:25:36, tokens_remaining: 846, call: events, phase: playing
2026-06-13 16:25:36, tokens_remaining: 845, call: scores, phase: playing
2026-06-13 16:25:37, tokens_remaining: 845, call: scores, phase: playing
2026-06-13 16:25:37, tokens_remaining: 845, call: scores, phase: playing
2026-06-13 16:25:37, tokens_remaining: 845, call: scores, phase: playing
2026-06-13 16:25:37, tokens_remaining: 845, call: scores, phase: playing
2026-06-13 16:25:38, tokens_remaining: 844, call: scores, phase: playing
2026-06-13 16:25:38, tokens_remaining: 844, call: scores, phase: playing
2026-06-13 16:25:38, tokens_remaining: 844, call: scores, phase: playing
2026-06-13 16:25:39, tokens_remaining: 844, call: scores, phase: playing
2026-06-13 16:25:39, tokens_remaining: 843, call: events, phase: playing
2026-06-13 16:25:40, tokens_remaining: 842, call: scores, phase: playing
2026-06-13 16:25:40, tokens_remaining: 842, call: scores, phase: playing
2026-06-13 16:25:40, tokens_remaining: 842, call: scores, phase: playing
2026-06-13 16:25:40, tokens_remaining: 842, call: scores, phase: playing
2026-06-13 16:25:40, tokens_remaining: 842, call: scores, phase: playing
2026-06-13 16:25:41, tokens_remaining: 841, call: scores, phase: playing
2026-06-13 16:25:41, tokens_remaining: 841, call: scores, phase: playing
2026-06-13 16:25:42, tokens_remaining: 841, call: scores, phase: playing
2026-06-13 16:25:42, tokens_remaining: 841, call: scores, phase: playing
2026-06-13 16:25:42, tokens_remaining: 840, call: events, phase: playing
2026-06-13 16:25:43, tokens_remaining: 839, call: scores, phase: playing
2026-06-13 16:25:43, tokens_remaining: 839, call: scores, phase: playing
2026-06-13 16:25:43, tokens_remaining: 839, call: scores, phase: playing
2026-06-13 16:25:43, tokens_remaining: 839, call: scores, phase: playing
2026-06-13 16:25:44, tokens_remaining: 839, call: scores, phase: playing
2026-06-13 16:25:44, tokens_remaining: 838, call: scores, phase: playing
2026-06-13 16:25:44, tokens_remaining: 838, call: scores, phase: playing
2026-06-13 16:25:44, tokens_remaining: 838, call: scores, phase: playing
2026-06-13 16:25:45, tokens_remaining: 838, call: scores, phase: playing
2026-06-13 16:25:45, tokens_remaining: 837, call: events, phase: playing
2026-06-13 16:25:46, tokens_remaining: 836, call: scores, phase: playing
2026-06-13 16:25:46, tokens_remaining: 836, call: scores, phase: playing
2026-06-13 16:25:46, tokens_remaining: 836, call: scores, phase: playing
2026-06-13 16:25:46, tokens_remaining: 836, call: scores, phase: playing
2026-06-13 16:25:46, tokens_remaining: 836, call: scores, phase: playing
2026-06-13 16:25:47, tokens_remaining: 835, call: scores, phase: playing
2026-06-13 16:25:47, tokens_remaining: 835, call: scores, phase: playing
2026-06-13 16:25:47, tokens_remaining: 835, call: scores, phase: playing
2026-06-13 16:25:48, tokens_remaining: 835, call: scores, phase: playing
2026-06-13 16:25:48, tokens_remaining: 834, call: events, phase: playing
2026-06-13 16:25:49, tokens_remaining: 833, call: scores, phase: playing
2026-06-13 16:25:49, tokens_remaining: 833, call: scores, phase: playing
2026-06-13 16:25:49, tokens_remaining: 833, call: scores, phase: playing
2026-06-13 16:25:49, tokens_remaining: 833, call: scores, phase: playing
2026-06-13 16:25:50, tokens_remaining: 832, call: scores, phase: playing
2026-06-13 16:25:50, tokens_remaining: 832, call: scores, phase: playing
2026-06-13 16:25:50, tokens_remaining: 832, call: scores, phase: playing
2026-06-13 16:25:51, tokens_remaining: 832, call: scores, phase: playing
2026-06-13 16:25:51, tokens_remaining: 832, call: scores, phase: playing
2026-06-13 16:25:51, tokens_remaining: 831, call: events, phase: playing
2026-06-13 16:25:52, tokens_remaining: 830, call: scores, phase: playing
2026-06-13 16:25:52, tokens_remaining: 830, call: scores, phase: playing
2026-06-13 16:25:52, tokens_remaining: 830, call: scores, phase: playing
2026-06-13 16:25:52, tokens_remaining: 830, call: scores, phase: playing
2026-06-13 16:25:53, tokens_remaining: 830, call: scores, phase: playing
2026-06-13 16:25:53, tokens_remaining: 829, call: scores, phase: playing
2026-06-13 16:25:53, tokens_remaining: 829, call: scores, phase: playing
2026-06-13 16:25:53, tokens_remaining: 829, call: scores, phase: playing
2026-06-13 16:25:54, tokens_remaining: 829, call: scores, phase: playing
2026-06-13 16:25:54, tokens_remaining: 828, call: events, phase: playing
2026-06-13 16:25:55, tokens_remaining: 827, call: scores, phase: playing
2026-06-13 16:25:55, tokens_remaining: 827, call: scores, phase: playing
2026-06-13 16:25:55, tokens_remaining: 827, call: scores, phase: playing
2026-06-13 16:25:55, tokens_remaining: 827, call: scores, phase: playing
2026-06-13 16:25:56, tokens_remaining: 827, call: scores, phase: playing
2026-06-13 16:25:56, tokens_remaining: 826, call: scores, phase: playing
2026-06-13 16:25:56, tokens_remaining: 826, call: scores, phase: playing
2026-06-13 16:25:56, tokens_remaining: 826, call: scores, phase: playing
2026-06-13 16:25:57, tokens_remaining: 826, call: scores, phase: playing
2026-06-13 16:25:57, tokens_remaining: 825, call: events, phase: playing
2026-06-13 16:25:58, tokens_remaining: 824, call: scores, phase: playing
2026-06-13 16:25:58, tokens_remaining: 824, call: scores, phase: playing
2026-06-13 16:25:58, tokens_remaining: 824, call: scores, phase: playing
2026-06-13 16:25:58, tokens_remaining: 824, call: scores, phase: playing
2026-06-13 16:25:59, tokens_remaining: 824, call: scores, phase: playing
2026-06-13 16:25:59, tokens_remaining: 823, call: scores, phase: playing
2026-06-13 16:25:59, tokens_remaining: 823, call: scores, phase: playing
2026-06-13 16:25:59, tokens_remaining: 823, call: scores, phase: playing
2026-06-13 16:26:00, tokens_remaining: 823, call: scores, phase: playing
2026-06-13 16:26:00, tokens_remaining: 822, call: events, phase: playing
2026-06-13 16:26:01, tokens_remaining: 821, call: scores, phase: playing
2026-06-13 16:26:01, tokens_remaining: 821, call: scores, phase: playing
2026-06-13 16:26:01, tokens_remaining: 821, call: scores, phase: playing
2026-06-13 16:26:01, tokens_remaining: 821, call: scores, phase: playing
2026-06-13 16:26:01, tokens_remaining: 821, call: scores, phase: playing
2026-06-13 16:26:02, tokens_remaining: 820, call: scores, phase: playing
2026-06-13 16:26:02, tokens_remaining: 820, call: scores, phase: playing
2026-06-13 16:26:02, tokens_remaining: 820, call: scores, phase: playing
2026-06-13 16:26:03, tokens_remaining: 820, call: scores, phase: playing
2026-06-13 16:26:03, tokens_remaining: 819, call: events, phase: playing
2026-06-13 16:26:04, tokens_remaining: 818, call: scores, phase: playing
2026-06-13 16:26:04, tokens_remaining: 818, call: scores, phase: playing
2026-06-13 16:26:04, tokens_remaining: 818, call: scores, phase: playing
2026-06-13 16:26:04, tokens_remaining: 818, call: scores, phase: playing
2026-06-13 16:26:04, tokens_remaining: 818, call: scores, phase: playing
2026-06-13 16:26:04, tokens_remaining: 818, call: scores, phase: playing
2026-06-13 16:26:05, tokens_remaining: 817, call: scores, phase: playing
2026-06-13 16:26:05, tokens_remaining: 817, call: scores, phase: playing
2026-06-13 16:26:05, tokens_remaining: 817, call: scores, phase: playing
2026-06-13 16:26:06, tokens_remaining: 816, call: events, phase: playing
2026-06-13 16:26:06, tokens_remaining: 815, call: scores, phase: playing
2026-06-13 16:26:06, tokens_remaining: 815, call: scores, phase: playing
2026-06-13 16:26:07, tokens_remaining: 815, call: scores, phase: playing
2026-06-13 16:26:07, tokens_remaining: 815, call: scores, phase: playing
2026-06-13 16:26:07, tokens_remaining: 815, call: scores, phase: playing
2026-06-13 16:26:07, tokens_remaining: 815, call: scores, phase: playing
2026-06-13 16:26:08, tokens_remaining: 814, call: scores, phase: playing
2026-06-13 16:26:08, tokens_remaining: 814, call: scores, phase: playing
2026-06-13 16:26:08, tokens_remaining: 814, call: scores, phase: playing
2026-06-13 16:26:08, tokens_remaining: 813, call: events, phase: playing
2026-06-13 16:26:09, tokens_remaining: 812, call: scores, phase: playing
2026-06-13 16:26:09, tokens_remaining: 812, call: scores, phase: playing
2026-06-13 16:26:09, tokens_remaining: 812, call: scores, phase: playing
2026-06-13 16:26:09, tokens_remaining: 812, call: scores, phase: playing
2026-06-13 16:26:10, tokens_remaining: 812, call: scores, phase: playing
2026-06-13 16:26:10, tokens_remaining: 811, call: scores, phase: playing
2026-06-13 16:26:10, tokens_remaining: 811, call: scores, phase: playing
2026-06-13 16:26:10, tokens_remaining: 811, call: scores, phase: playing
2026-06-13 16:26:11, tokens_remaining: 811, call: scores, phase: playing
2026-06-13 16:26:11, tokens_remaining: 810, call: events, phase: playing
2026-06-13 16:26:12, tokens_remaining: 809, call: scores, phase: playing
2026-06-13 16:26:12, tokens_remaining: 809, call: scores, phase: playing
2026-06-13 16:26:12, tokens_remaining: 809, call: scores, phase: playing
2026-06-13 16:26:12, tokens_remaining: 809, call: scores, phase: playing
2026-06-13 16:26:12, tokens_remaining: 809, call: scores, phase: playing
2026-06-13 16:26:13, tokens_remaining: 808, call: scores, phase: playing
2026-06-13 16:26:13, tokens_remaining: 808, call: scores, phase: playing
2026-06-13 16:26:13, tokens_remaining: 808, call: scores, phase: playing
2026-06-13 16:26:13, tokens_remaining: 808, call: scores, phase: playing
2026-06-13 16:26:14, tokens_remaining: 807, call: events, phase: playing
2026-06-13 16:26:14, tokens_remaining: 806, call: scores, phase: playing
2026-06-13 16:26:15, tokens_remaining: 806, call: scores, phase: playing
2026-06-13 16:26:15, tokens_remaining: 806, call: scores, phase: playing
2026-06-13 16:26:15, tokens_remaining: 806, call: scores, phase: playing
2026-06-13 16:26:15, tokens_remaining: 806, call: scores, phase: playing
2026-06-13 16:26:15, tokens_remaining: 806, call: scores, phase: playing
2026-06-13 16:26:16, tokens_remaining: 805, call: scores, phase: playing
2026-06-13 16:26:16, tokens_remaining: 805, call: scores, phase: playing
2026-06-13 16:26:16, tokens_remaining: 805, call: scores, phase: playing
2026-06-13 16:26:16, tokens_remaining: 804, call: events, phase: playing
2026-06-13 16:26:17, tokens_remaining: 805, call: scores, phase: playing
2026-06-13 16:26:17, tokens_remaining: 803, call: scores, phase: playing
2026-06-13 16:26:17, tokens_remaining: 803, call: scores, phase: playing
2026-06-13 16:26:17, tokens_remaining: 803, call: scores, phase: playing
2026-06-13 16:26:18, tokens_remaining: 803, call: scores, phase: playing
2026-06-13 16:26:18, tokens_remaining: 803, call: scores, phase: playing
2026-06-13 16:26:18, tokens_remaining: 803, call: scores, phase: playing
2026-06-13 16:26:18, tokens_remaining: 802, call: scores, phase: playing
2026-06-13 16:26:19, tokens_remaining: 802, call: scores, phase: playing
2026-06-13 16:26:19, tokens_remaining: 801, call: events, phase: playing
2026-06-13 16:26:19, tokens_remaining: 802, call: scores, phase: playing
2026-06-13 16:26:20, tokens_remaining: 800, call: scores, phase: playing
2026-06-13 16:26:20, tokens_remaining: 800, call: scores, phase: playing
2026-06-13 16:26:20, tokens_remaining: 800, call: scores, phase: playing
2026-06-13 16:26:20, tokens_remaining: 800, call: scores, phase: playing
2026-06-13 16:26:20, tokens_remaining: 800, call: scores, phase: playing
2026-06-13 16:26:21, tokens_remaining: 800, call: scores, phase: playing
2026-06-13 16:26:21, tokens_remaining: 799, call: scores, phase: playing
2026-06-13 16:26:21, tokens_remaining: 799, call: scores, phase: playing
2026-06-13 16:26:22, tokens_remaining: 798, call: events, phase: playing
2026-06-13 16:26:22, tokens_remaining: 799, call: scores, phase: playing
2026-06-13 16:26:22, tokens_remaining: 797, call: scores, phase: playing
2026-06-13 16:26:23, tokens_remaining: 797, call: scores, phase: playing
2026-06-13 16:26:23, tokens_remaining: 797, call: scores, phase: playing
2026-06-13 16:26:23, tokens_remaining: 797, call: scores, phase: playing
2026-06-13 16:26:23, tokens_remaining: 797, call: scores, phase: playing
2026-06-13 16:26:23, tokens_remaining: 797, call: scores, phase: playing
2026-06-13 16:26:24, tokens_remaining: 796, call: scores, phase: playing
2026-06-13 16:26:24, tokens_remaining: 796, call: scores, phase: playing
2026-06-13 16:26:24, tokens_remaining: 795, call: events, phase: playing
2026-06-13 16:26:25, tokens_remaining: 796, call: scores, phase: playing
2026-06-13 16:26:25, tokens_remaining: 794, call: scores, phase: playing
2026-06-13 16:26:25, tokens_remaining: 794, call: scores, phase: playing
2026-06-13 16:26:25, tokens_remaining: 794, call: scores, phase: playing
2026-06-13 16:26:26, tokens_remaining: 794, call: scores, phase: playing
2026-06-13 16:26:26, tokens_remaining: 794, call: scores, phase: playing
2026-06-13 16:26:26, tokens_remaining: 794, call: scores, phase: playing
2026-06-13 16:26:27, tokens_remaining: 793, call: scores, phase: playing
2026-06-13 16:26:27, tokens_remaining: 793, call: scores, phase: playing
2026-06-13 16:26:27, tokens_remaining: 792, call: events, phase: playing
2026-06-13 16:26:28, tokens_remaining: 791, call: scores, phase: playing
2026-06-13 16:26:28, tokens_remaining: 791, call: scores, phase: playing
2026-06-13 16:26:28, tokens_remaining: 791, call: scores, phase: playing
2026-06-13 16:26:28, tokens_remaining: 791, call: scores, phase: playing
2026-06-13 16:26:28, tokens_remaining: 791, call: scores, phase: playing
2026-06-13 16:26:29, tokens_remaining: 791, call: scores, phase: playing
2026-06-13 16:26:29, tokens_remaining: 790, call: scores, phase: playing
2026-06-13 16:26:29, tokens_remaining: 790, call: scores, phase: playing
2026-06-13 16:26:29, tokens_remaining: 790, call: scores, phase: playing
2026-06-13 16:26:30, tokens_remaining: 789, call: events, phase: playing
2026-06-13 16:26:30, tokens_remaining: 788, call: scores, phase: playing
2026-06-13 16:26:30, tokens_remaining: 788, call: scores, phase: playing
2026-06-13 16:26:31, tokens_remaining: 788, call: scores, phase: playing
2026-06-13 16:26:31, tokens_remaining: 788, call: scores, phase: playing
2026-06-13 16:26:31, tokens_remaining: 788, call: scores, phase: playing
2026-06-13 16:26:31, tokens_remaining: 788, call: scores, phase: playing
2026-06-13 16:26:32, tokens_remaining: 787, call: scores, phase: playing
2026-06-13 16:26:32, tokens_remaining: 787, call: scores, phase: playing
2026-06-13 16:26:32, tokens_remaining: 787, call: scores, phase: playing
2026-06-13 16:26:33, tokens_remaining: 786, call: events, phase: playing
2026-06-13 16:26:33, tokens_remaining: 785, call: scores, phase: playing
2026-06-13 16:26:33, tokens_remaining: 785, call: scores, phase: playing
2026-06-13 16:26:34, tokens_remaining: 785, call: scores, phase: playing
2026-06-13 16:26:34, tokens_remaining: 785, call: scores, phase: playing
2026-06-13 16:26:34, tokens_remaining: 785, call: scores, phase: playing
2026-06-13 16:26:34, tokens_remaining: 785, call: scores, phase: playing
2026-06-13 16:26:35, tokens_remaining: 784, call: scores, phase: playing
2026-06-13 16:26:35, tokens_remaining: 784, call: scores, phase: playing
2026-06-13 16:26:35, tokens_remaining: 784, call: scores, phase: playing
2026-06-13 16:26:35, tokens_remaining: 783, call: events, phase: playing
2026-06-13 16:26:36, tokens_remaining: 782, call: scores, phase: playing
2026-06-13 16:26:36, tokens_remaining: 782, call: scores, phase: playing
2026-06-13 16:26:36, tokens_remaining: 782, call: scores, phase: playing
2026-06-13 16:26:37, tokens_remaining: 782, call: scores, phase: playing
2026-06-13 16:26:37, tokens_remaining: 782, call: scores, phase: playing
2026-06-13 16:26:37, tokens_remaining: 781, call: scores, phase: playing
2026-06-13 16:26:37, tokens_remaining: 781, call: scores, phase: playing
2026-06-13 16:26:38, tokens_remaining: 781, call: scores, phase: playing
2026-06-13 16:26:38, tokens_remaining: 781, call: scores, phase: playing
2026-06-13 16:26:38, tokens_remaining: 780, call: events, phase: playing
2026-06-13 16:26:39, tokens_remaining: 779, call: scores, phase: playing
2026-06-13 16:26:39, tokens_remaining: 779, call: scores, phase: playing
2026-06-13 16:26:39, tokens_remaining: 779, call: scores, phase: playing
2026-06-13 16:26:39, tokens_remaining: 779, call: scores, phase: playing
2026-06-13 16:26:39, tokens_remaining: 779, call: scores, phase: playing
2026-06-13 16:26:40, tokens_remaining: 779, call: scores, phase: playing
2026-06-13 16:26:40, tokens_remaining: 778, call: scores, phase: playing
2026-06-13 16:26:40, tokens_remaining: 778, call: scores, phase: playing
2026-06-13 16:26:40, tokens_remaining: 778, call: scores, phase: playing
2026-06-13 16:26:41, tokens_remaining: 777, call: events, phase: playing
2026-06-13 16:26:41, tokens_remaining: 778, call: scores, phase: playing
2026-06-13 16:26:42, tokens_remaining: 776, call: scores, phase: playing
2026-06-13 16:26:42, tokens_remaining: 776, call: scores, phase: playing
2026-06-13 16:26:42, tokens_remaining: 776, call: scores, phase: playing
2026-06-13 16:26:42, tokens_remaining: 776, call: scores, phase: playing
2026-06-13 16:26:43, tokens_remaining: 776, call: scores, phase: playing
2026-06-13 16:26:43, tokens_remaining: 776, call: scores, phase: playing
2026-06-13 16:26:43, tokens_remaining: 775, call: scores, phase: playing
2026-06-13 16:26:43, tokens_remaining: 775, call: scores, phase: playing
2026-06-13 16:26:44, tokens_remaining: 774, call: events, phase: playing
2026-06-13 16:26:44, tokens_remaining: 775, call: scores, phase: playing
2026-06-13 16:26:44, tokens_remaining: 773, call: scores, phase: playing
2026-06-13 16:26:45, tokens_remaining: 773, call: scores, phase: playing
2026-06-13 16:26:45, tokens_remaining: 773, call: scores, phase: playing
2026-06-13 16:26:45, tokens_remaining: 773, call: scores, phase: playing
2026-06-13 16:26:45, tokens_remaining: 773, call: scores, phase: playing
2026-06-13 16:26:45, tokens_remaining: 773, call: scores, phase: playing
2026-06-13 16:26:46, tokens_remaining: 772, call: scores, phase: playing
2026-06-13 16:26:46, tokens_remaining: 772, call: scores, phase: playing
2026-06-13 16:26:47, tokens_remaining: 771, call: events, phase: playing
2026-06-13 16:26:47, tokens_remaining: 770, call: scores, phase: playing
2026-06-13 16:26:47, tokens_remaining: 770, call: scores, phase: playing
2026-06-13 16:26:47, tokens_remaining: 770, call: scores, phase: playing
2026-06-13 16:26:48, tokens_remaining: 770, call: scores, phase: playing
2026-06-13 16:26:48, tokens_remaining: 770, call: scores, phase: playing
2026-06-13 16:26:48, tokens_remaining: 770, call: scores, phase: playing
2026-06-13 16:26:48, tokens_remaining: 769, call: scores, phase: playing
2026-06-13 16:26:49, tokens_remaining: 769, call: scores, phase: playing
2026-06-13 16:26:49, tokens_remaining: 769, call: scores, phase: playing
2026-06-13 16:26:49, tokens_remaining: 768, call: events, phase: playing
2026-06-13 16:26:50, tokens_remaining: 767, call: scores, phase: playing
2026-06-13 16:26:50, tokens_remaining: 767, call: scores, phase: playing
2026-06-13 16:26:50, tokens_remaining: 767, call: scores, phase: playing
2026-06-13 16:26:50, tokens_remaining: 767, call: scores, phase: playing
2026-06-13 16:26:50, tokens_remaining: 767, call: scores, phase: playing
2026-06-13 16:26:51, tokens_remaining: 767, call: scores, phase: playing
2026-06-13 16:26:51, tokens_remaining: 766, call: scores, phase: playing
2026-06-13 16:26:51, tokens_remaining: 766, call: scores, phase: playing
2026-06-13 16:26:51, tokens_remaining: 766, call: scores, phase: playing
2026-06-13 16:26:52, tokens_remaining: 765, call: events, phase: playing
2026-06-13 16:26:52, tokens_remaining: 764, call: scores, phase: playing
2026-06-13 16:26:52, tokens_remaining: 764, call: scores, phase: playing
2026-06-13 16:26:53, tokens_remaining: 764, call: scores, phase: playing
2026-06-13 16:26:53, tokens_remaining: 764, call: scores, phase: playing
2026-06-13 16:26:53, tokens_remaining: 764, call: scores, phase: playing
2026-06-13 16:26:53, tokens_remaining: 764, call: scores, phase: playing
2026-06-13 16:26:54, tokens_remaining: 763, call: scores, phase: playing
2026-06-13 16:26:54, tokens_remaining: 763, call: scores, phase: playing
2026-06-13 16:26:54, tokens_remaining: 763, call: scores, phase: playing
2026-06-13 16:26:54, tokens_remaining: 762, call: events, phase: playing
2026-06-13 16:26:55, tokens_remaining: 763, call: scores, phase: playing
2026-06-13 16:26:55, tokens_remaining: 761, call: scores, phase: playing
2026-06-13 16:26:55, tokens_remaining: 761, call: scores, phase: playing
2026-06-13 16:26:55, tokens_remaining: 761, call: scores, phase: playing
2026-06-13 16:26:56, tokens_remaining: 761, call: scores, phase: playing
2026-06-13 16:26:56, tokens_remaining: 761, call: scores, phase: playing
2026-06-13 16:26:56, tokens_remaining: 760, call: scores, phase: playing
2026-06-13 16:26:56, tokens_remaining: 760, call: scores, phase: playing
2026-06-13 16:26:57, tokens_remaining: 760, call: scores, phase: playing
2026-06-13 16:26:57, tokens_remaining: 759, call: events, phase: playing
2026-06-13 16:26:58, tokens_remaining: 758, call: scores, phase: playing
2026-06-13 16:26:58, tokens_remaining: 758, call: scores, phase: playing
2026-06-13 16:26:58, tokens_remaining: 758, call: scores, phase: playing
2026-06-13 16:26:58, tokens_remaining: 758, call: scores, phase: playing
2026-06-13 16:26:59, tokens_remaining: 758, call: scores, phase: playing
2026-06-13 16:26:59, tokens_remaining: 757, call: scores, phase: playing
2026-06-13 16:26:59, tokens_remaining: 757, call: scores, phase: playing
2026-06-13 16:26:59, tokens_remaining: 757, call: scores, phase: playing
2026-06-13 16:27:00, tokens_remaining: 757, call: scores, phase: playing
2026-06-13 16:27:00, tokens_remaining: 756, call: events, phase: playing
2026-06-13 16:27:00, tokens_remaining: 755, call: scores, phase: playing
2026-06-13 16:27:01, tokens_remaining: 755, call: scores, phase: playing
2026-06-13 16:27:01, tokens_remaining: 755, call: scores, phase: playing
2026-06-13 16:27:01, tokens_remaining: 755, call: scores, phase: playing
2026-06-13 16:27:01, tokens_remaining: 755, call: scores, phase: playing
2026-06-13 16:27:01, tokens_remaining: 755, call: scores, phase: playing
2026-06-13 16:27:02, tokens_remaining: 754, call: scores, phase: playing
2026-06-13 16:27:02, tokens_remaining: 754, call: scores, phase: playing
2026-06-13 16:27:02, tokens_remaining: 754, call: scores, phase: playing
2026-06-13 16:27:03, tokens_remaining: 753, call: events, phase: playing
2026-06-13 16:27:03, tokens_remaining: 752, call: scores, phase: playing
2026-06-13 16:27:03, tokens_remaining: 752, call: scores, phase: playing
2026-06-13 16:27:04, tokens_remaining: 752, call: scores, phase: playing
2026-06-13 16:27:04, tokens_remaining: 752, call: scores, phase: playing
2026-06-13 16:27:04, tokens_remaining: 752, call: scores, phase: playing
2026-06-13 16:27:04, tokens_remaining: 752, call: scores, phase: playing
2026-06-13 16:27:05, tokens_remaining: 751, call: scores, phase: playing
2026-06-13 16:27:05, tokens_remaining: 751, call: scores, phase: playing
2026-06-13 16:27:05, tokens_remaining: 751, call: scores, phase: playing
2026-06-13 16:27:05, tokens_remaining: 750, call: events, phase: playing
2026-06-13 16:27:06, tokens_remaining: 749, call: scores, phase: playing
2026-06-13 16:27:06, tokens_remaining: 749, call: scores, phase: playing
2026-06-13 16:27:06, tokens_remaining: 749, call: scores, phase: playing
2026-06-13 16:27:06, tokens_remaining: 749, call: scores, phase: playing
2026-06-13 16:27:07, tokens_remaining: 749, call: scores, phase: playing
2026-06-13 16:27:07, tokens_remaining: 749, call: scores, phase: playing
2026-06-13 16:27:07, tokens_remaining: 748, call: scores, phase: playing
2026-06-13 16:27:08, tokens_remaining: 748, call: scores, phase: playing
2026-06-13 16:27:08, tokens_remaining: 748, call: scores, phase: playing
2026-06-13 16:27:08, tokens_remaining: 747, call: events, phase: playing
2026-06-13 16:27:08, EVENT: SUBSTITUTION 60' Karim Boudiaf [Qatar vs Switzerland]
2026-06-13 16:27:08, EVENT: SUBSTITUTION 60' Ahmed Fathi [Qatar vs Switzerland]
2026-06-13 16:27:09, tokens_remaining: 746, call: scores, phase: playing
2026-06-13 16:27:09, tokens_remaining: 746, call: scores, phase: playing
2026-06-13 16:27:09, tokens_remaining: 746, call: scores, phase: playing
2026-06-13 16:27:09, tokens_remaining: 746, call: scores, phase: playing
2026-06-13 16:27:09, tokens_remaining: 746, call: scores, phase: playing
2026-06-13 16:27:09, tokens_remaining: 746, call: scores, phase: playing
2026-06-13 16:27:10, tokens_remaining: 745, call: scores, phase: playing
2026-06-13 16:27:10, tokens_remaining: 745, call: scores, phase: playing
2026-06-13 16:27:10, tokens_remaining: 745, call: scores, phase: playing
2026-06-13 16:27:11, tokens_remaining: 744, call: events, phase: playing
2026-06-13 16:27:11, tokens_remaining: 743, call: scores, phase: playing
2026-06-13 16:27:12, tokens_remaining: 743, call: scores, phase: playing
2026-06-13 16:27:12, tokens_remaining: 743, call: scores, phase: playing
2026-06-13 16:27:12, tokens_remaining: 743, call: scores, phase: playing
2026-06-13 16:27:12, tokens_remaining: 743, call: scores, phase: playing
2026-06-13 16:27:13, tokens_remaining: 742, call: scores, phase: playing
2026-06-13 16:27:13, tokens_remaining: 742, call: scores, phase: playing
2026-06-13 16:27:13, tokens_remaining: 742, call: scores, phase: playing
2026-06-13 16:27:13, tokens_remaining: 742, call: scores, phase: playing
2026-06-13 16:27:13, tokens_remaining: 741, call: events, phase: playing
2026-06-13 16:27:14, tokens_remaining: 740, call: scores, phase: playing
2026-06-13 16:27:14, tokens_remaining: 740, call: scores, phase: playing
2026-06-13 16:27:15, tokens_remaining: 740, call: scores, phase: playing
2026-06-13 16:27:15, tokens_remaining: 740, call: scores, phase: playing
2026-06-13 16:27:15, tokens_remaining: 740, call: scores, phase: playing
2026-06-13 16:27:15, tokens_remaining: 739, call: scores, phase: playing
2026-06-13 16:27:15, tokens_remaining: 739, call: scores, phase: playing
2026-06-13 16:27:16, tokens_remaining: 739, call: scores, phase: playing
2026-06-13 16:27:16, tokens_remaining: 739, call: scores, phase: playing
2026-06-13 16:27:16, tokens_remaining: 738, call: events, phase: playing
2026-06-13 16:27:17, tokens_remaining: 737, call: scores, phase: playing
2026-06-13 16:27:17, tokens_remaining: 737, call: scores, phase: playing
2026-06-13 16:27:17, tokens_remaining: 737, call: scores, phase: playing
2026-06-13 16:27:17, tokens_remaining: 737, call: scores, phase: playing
2026-06-13 16:27:17, tokens_remaining: 737, call: scores, phase: playing
2026-06-13 16:27:18, tokens_remaining: 737, call: scores, phase: playing
2026-06-13 16:27:18, tokens_remaining: 736, call: scores, phase: playing
2026-06-13 16:27:18, tokens_remaining: 736, call: scores, phase: playing
2026-06-13 16:27:19, tokens_remaining: 736, call: scores, phase: playing
2026-06-13 16:27:19, tokens_remaining: 735, call: events, phase: playing
2026-06-13 16:27:19, tokens_remaining: 734, call: scores, phase: playing
2026-06-13 16:27:20, tokens_remaining: 734, call: scores, phase: playing
2026-06-13 16:27:20, tokens_remaining: 734, call: scores, phase: playing
2026-06-13 16:27:20, tokens_remaining: 734, call: scores, phase: playing
2026-06-13 16:27:20, tokens_remaining: 734, call: scores, phase: playing
2026-06-13 16:27:20, tokens_remaining: 734, call: scores, phase: playing
2026-06-13 16:27:21, tokens_remaining: 733, call: scores, phase: playing
2026-06-13 16:27:21, tokens_remaining: 733, call: scores, phase: playing
2026-06-13 16:27:21, tokens_remaining: 733, call: scores, phase: playing
2026-06-13 16:27:22, tokens_remaining: 732, call: events, phase: playing
2026-06-13 16:27:22, tokens_remaining: 731, call: scores, phase: playing
2026-06-13 16:27:22, tokens_remaining: 731, call: scores, phase: playing
2026-06-13 16:27:22, tokens_remaining: 731, call: scores, phase: playing
2026-06-13 16:27:23, tokens_remaining: 731, call: scores, phase: playing
2026-06-13 16:27:23, tokens_remaining: 731, call: scores, phase: playing
2026-06-13 16:27:23, tokens_remaining: 731, call: scores, phase: playing
2026-06-13 16:27:23, tokens_remaining: 730, call: scores, phase: playing
2026-06-13 16:27:24, tokens_remaining: 730, call: scores, phase: playing
2026-06-13 16:27:24, tokens_remaining: 730, call: scores, phase: playing
2026-06-13 16:27:24, tokens_remaining: 729, call: events, phase: playing
2026-06-13 16:27:25, tokens_remaining: 728, call: scores, phase: playing
2026-06-13 16:27:25, tokens_remaining: 728, call: scores, phase: playing
2026-06-13 16:27:25, tokens_remaining: 728, call: scores, phase: playing
2026-06-13 16:27:25, tokens_remaining: 728, call: scores, phase: playing
2026-06-13 16:27:25, tokens_remaining: 728, call: scores, phase: playing
2026-06-13 16:27:26, tokens_remaining: 728, call: scores, phase: playing
2026-06-13 16:27:26, tokens_remaining: 727, call: scores, phase: playing
2026-06-13 16:27:26, tokens_remaining: 727, call: scores, phase: playing
2026-06-13 16:27:26, tokens_remaining: 727, call: scores, phase: playing
2026-06-13 16:27:27, tokens_remaining: 726, call: events, phase: playing
2026-06-13 16:27:27, tokens_remaining: 725, call: scores, phase: playing
2026-06-13 16:27:27, tokens_remaining: 725, call: scores, phase: playing
2026-06-13 16:27:28, tokens_remaining: 725, call: scores, phase: playing
2026-06-13 16:27:28, tokens_remaining: 725, call: scores, phase: playing
2026-06-13 16:27:28, tokens_remaining: 725, call: scores, phase: playing
2026-06-13 16:27:28, tokens_remaining: 725, call: scores, phase: playing
2026-06-13 16:27:29, tokens_remaining: 724, call: scores, phase: playing
2026-06-13 16:27:29, tokens_remaining: 724, call: scores, phase: playing
2026-06-13 16:27:29, tokens_remaining: 724, call: scores, phase: playing
2026-06-13 16:27:29, tokens_remaining: 723, call: events, phase: playing
2026-06-13 16:27:30, tokens_remaining: 722, call: scores, phase: playing
2026-06-13 16:27:30, tokens_remaining: 722, call: scores, phase: playing
2026-06-13 16:27:30, tokens_remaining: 722, call: scores, phase: playing
2026-06-13 16:27:30, tokens_remaining: 722, call: scores, phase: playing
2026-06-13 16:27:31, tokens_remaining: 722, call: scores, phase: playing
2026-06-13 16:27:31, tokens_remaining: 722, call: scores, phase: playing
2026-06-13 16:27:31, tokens_remaining: 721, call: scores, phase: playing
2026-06-13 16:27:31, tokens_remaining: 721, call: scores, phase: playing
2026-06-13 16:27:31, tokens_remaining: 721, call: scores, phase: playing
2026-06-13 16:27:32, tokens_remaining: 720, call: events, phase: playing
2026-06-13 16:27:32, EVENT: SUBSTITUTION 60' Ahmed Fathi [Qatar vs Switzerland]
2026-06-13 16:27:32, tokens_remaining: 721, call: scores, phase: playing
2026-06-13 16:27:33, tokens_remaining: 719, call: scores, phase: playing
2026-06-13 16:27:33, tokens_remaining: 719, call: scores, phase: playing
2026-06-13 16:27:33, tokens_remaining: 719, call: scores, phase: playing
2026-06-13 16:27:33, tokens_remaining: 719, call: scores, phase: playing
2026-06-13 16:27:33, tokens_remaining: 719, call: scores, phase: playing
2026-06-13 16:27:33, tokens_remaining: 719, call: scores, phase: playing
2026-06-13 16:27:34, tokens_remaining: 718, call: scores, phase: playing
2026-06-13 16:27:34, tokens_remaining: 718, call: scores, phase: playing
2026-06-13 16:27:35, tokens_remaining: 717, call: events, phase: playing
2026-06-13 16:27:35, tokens_remaining: 718, call: scores, phase: playing
2026-06-13 16:27:35, tokens_remaining: 2499, call: scores, phase: playing
2026-06-13 16:27:36, tokens_remaining: 2499, call: scores, phase: playing
2026-06-13 16:27:37, tokens_remaining: 2498, call: scores, phase: playing
2026-06-13 16:27:38, tokens_remaining: 2497, call: scores, phase: playing
2026-06-13 16:27:40, tokens_remaining: 2496, call: scores, phase: playing
2026-06-13 16:27:42, tokens_remaining: 2495, call: scores, phase: playing
2026-06-13 16:27:43, tokens_remaining: 2494, call: scores, phase: playing
2026-06-13 16:27:45, tokens_remaining: 2493, call: scores, phase: playing
2026-06-13 16:27:47, tokens_remaining: 2492, call: events, phase: playing
2026-06-13 16:27:49, tokens_remaining: 2491, call: scores, phase: playing
2026-06-13 16:27:50, tokens_remaining: 2490, call: scores, phase: playing
2026-06-13 16:27:52, tokens_remaining: 2489, call: scores, phase: playing
2026-06-13 16:27:54, tokens_remaining: 2488, call: scores, phase: playing
2026-06-13 16:27:56, tokens_remaining: 2487, call: scores, phase: playing
2026-06-13 16:27:58, tokens_remaining: 2486, call: scores, phase: playing
2026-06-13 16:28:00, tokens_remaining: 2485, call: scores, phase: playing
2026-06-13 16:28:01, tokens_remaining: 2484, call: scores, phase: playing
2026-06-13 16:28:03, tokens_remaining: 2483, call: scores, phase: playing
2026-06-13 16:28:05, tokens_remaining: 2482, call: events, phase: playing
2026-06-13 16:28:07, tokens_remaining: 2481, call: scores, phase: playing
2026-06-13 16:28:09, tokens_remaining: 2480, call: scores, phase: playing
2026-06-13 16:28:11, tokens_remaining: 2479, call: scores, phase: playing
2026-06-13 16:28:12, tokens_remaining: 2478, call: scores, phase: playing
2026-06-13 16:28:14, tokens_remaining: 2477, call: scores, phase: playing
2026-06-13 16:28:16, tokens_remaining: 2476, call: scores, phase: playing
2026-06-13 16:28:18, tokens_remaining: 2475, call: scores, phase: playing
2026-06-13 16:28:20, tokens_remaining: 2474, call: scores, phase: playing
2026-06-13 16:28:22, tokens_remaining: 2473, call: scores, phase: playing
2026-06-13 16:28:23, tokens_remaining: 2472, call: events, phase: playing
2026-06-13 16:28:25, tokens_remaining: 2471, call: scores, phase: playing
2026-06-13 16:28:27, tokens_remaining: 2470, call: scores, phase: playing
2026-06-13 16:28:29, tokens_remaining: 2469, call: scores, phase: playing
2026-06-13 16:28:31, tokens_remaining: 2468, call: scores, phase: playing
2026-06-13 16:28:33, tokens_remaining: 2467, call: scores, phase: playing
2026-06-13 16:28:34, tokens_remaining: 2466, call: scores, phase: playing
2026-06-13 16:28:36, tokens_remaining: 2465, call: scores, phase: playing
2026-06-13 16:28:38, tokens_remaining: 2464, call: scores, phase: playing
2026-06-13 16:28:40, tokens_remaining: 2463, call: scores, phase: playing
2026-06-13 16:28:42, tokens_remaining: 2462, call: events, phase: playing
2026-06-13 16:28:44, tokens_remaining: 2461, call: scores, phase: playing
2026-06-13 16:28:45, tokens_remaining: 2460, call: scores, phase: playing
2026-06-13 16:28:47, tokens_remaining: 2459, call: scores, phase: playing
2026-06-13 16:28:49, tokens_remaining: 2458, call: scores, phase: playing
2026-06-13 16:28:51, tokens_remaining: 2457, call: scores, phase: playing
2026-06-13 16:28:53, tokens_remaining: 2456, call: scores, phase: playing
2026-06-13 16:28:55, tokens_remaining: 2455, call: scores, phase: playing
2026-06-13 16:28:57, tokens_remaining: 2454, call: scores, phase: playing
2026-06-13 16:28:58, tokens_remaining: 2453, call: scores, phase: playing
2026-06-13 16:29:00, tokens_remaining: 2452, call: events, phase: playing
2026-06-13 16:29:02, tokens_remaining: 2451, call: scores, phase: playing
2026-06-13 16:29:04, tokens_remaining: 2450, call: scores, phase: playing
2026-06-13 16:29:06, tokens_remaining: 2449, call: scores, phase: playing
2026-06-13 16:29:07, tokens_remaining: 2448, call: scores, phase: playing
2026-06-13 16:29:09, tokens_remaining: 2447, call: scores, phase: playing
2026-06-13 16:29:11, tokens_remaining: 2446, call: scores, phase: playing
2026-06-13 16:29:13, tokens_remaining: 2445, call: scores, phase: playing
2026-06-13 16:29:15, tokens_remaining: 2444, call: scores, phase: playing
2026-06-13 16:29:16, tokens_remaining: 2443, call: scores, phase: playing
2026-06-13 16:29:18, tokens_remaining: 2442, call: events, phase: playing
2026-06-13 16:29:20, tokens_remaining: 2441, call: scores, phase: playing
2026-06-13 16:29:22, tokens_remaining: 2440, call: scores, phase: playing
2026-06-13 16:29:24, tokens_remaining: 2439, call: scores, phase: playing
2026-06-13 16:29:26, tokens_remaining: 2438, call: scores, phase: playing
2026-06-13 16:29:28, tokens_remaining: 2437, call: scores, phase: playing
2026-06-13 16:29:29, tokens_remaining: 2436, call: scores, phase: playing
2026-06-13 16:29:31, tokens_remaining: 2435, call: scores, phase: playing
2026-06-13 16:29:33, tokens_remaining: 2434, call: scores, phase: playing
2026-06-13 16:29:35, tokens_remaining: 2433, call: scores, phase: playing
2026-06-13 16:29:37, tokens_remaining: 2432, call: events, phase: playing
2026-06-13 16:29:39, tokens_remaining: 2431, call: scores, phase: playing
2026-06-13 16:29:40, tokens_remaining: 2430, call: scores, phase: playing
2026-06-13 16:29:42, tokens_remaining: 2429, call: scores, phase: playing
2026-06-13 16:29:44, tokens_remaining: 2428, call: scores, phase: playing
2026-06-13 16:29:46, tokens_remaining: 2427, call: scores, phase: playing
2026-06-13 16:29:48, tokens_remaining: 2426, call: scores, phase: playing
2026-06-13 16:29:49, tokens_remaining: 2425, call: scores, phase: playing
2026-06-13 16:29:51, tokens_remaining: 2424, call: scores, phase: playing
2026-06-13 16:29:53, tokens_remaining: 2423, call: scores, phase: playing
2026-06-13 16:29:55, tokens_remaining: 2422, call: events, phase: playing
2026-06-13 16:29:57, tokens_remaining: 2421, call: scores, phase: playing
2026-06-13 16:30:25, tokens_remaining: 2420, call: events, phase: playing
2026-06-13 16:30:41, tokens_remaining: 2419, call: events, phase: playing
2026-06-13 16:30:43, tokens_remaining: 2418, call: scores, phase: playing
2026-06-13 16:30:44, tokens_remaining: 2417, call: scores, phase: playing
2026-06-13 16:30:46, tokens_remaining: 2416, call: scores, phase: playing
2026-06-13 16:30:48, tokens_remaining: 2415, call: scores, phase: playing
2026-06-13 16:30:50, tokens_remaining: 2414, call: scores, phase: playing
2026-06-13 16:30:52, tokens_remaining: 2413, call: scores, phase: playing
2026-06-13 16:30:54, tokens_remaining: 2412, call: scores, phase: playing
2026-06-13 16:30:55, tokens_remaining: 2411, call: scores, phase: playing
2026-06-13 16:30:57, tokens_remaining: 2410, call: events, phase: playing
2026-06-13 16:30:59, tokens_remaining: 2409, call: scores, phase: playing
2026-06-13 16:31:01, tokens_remaining: 2408, call: scores, phase: playing
2026-06-13 16:31:03, tokens_remaining: 2407, call: scores, phase: playing
2026-06-13 16:31:05, tokens_remaining: 2406, call: scores, phase: playing
2026-06-13 16:31:07, tokens_remaining: 2405, call: scores, phase: playing
2026-06-13 16:31:09, tokens_remaining: 2404, call: scores, phase: playing
2026-06-13 16:31:10, tokens_remaining: 2403, call: scores, phase: playing
2026-06-13 16:31:12, tokens_remaining: 2402, call: scores, phase: playing
2026-06-13 16:31:14, tokens_remaining: 2401, call: scores, phase: playing
2026-06-13 16:31:16, tokens_remaining: 2400, call: events, phase: playing
2026-06-13 16:31:18, tokens_remaining: 2399, call: scores, phase: playing
2026-06-13 16:31:20, tokens_remaining: 2398, call: scores, phase: playing
2026-06-13 16:31:21, tokens_remaining: 2397, call: scores, phase: playing
2026-06-13 16:31:23, tokens_remaining: 2396, call: scores, phase: playing
2026-06-13 16:31:25, tokens_remaining: 2395, call: scores, phase: playing
2026-06-13 16:31:27, tokens_remaining: 2394, call: scores, phase: playing
2026-06-13 16:31:29, tokens_remaining: 2393, call: scores, phase: playing
2026-06-13 16:31:31, tokens_remaining: 2392, call: scores, phase: playing
2026-06-13 16:31:32, tokens_remaining: 2391, call: scores, phase: playing
2026-06-13 16:31:34, tokens_remaining: 2390, call: events, phase: playing
2026-06-13 16:31:36, tokens_remaining: 2389, call: scores, phase: playing
2026-06-13 16:31:38, tokens_remaining: 2388, call: scores, phase: playing
2026-06-13 16:31:40, tokens_remaining: 2387, call: scores, phase: playing
2026-06-13 16:31:41, tokens_remaining: 2386, call: scores, phase: playing
2026-06-13 16:31:43, tokens_remaining: 2385, call: scores, phase: playing
2026-06-13 16:31:45, tokens_remaining: 2384, call: scores, phase: playing
2026-06-13 16:31:47, tokens_remaining: 2383, call: scores, phase: playing
2026-06-13 16:31:49, tokens_remaining: 2382, call: scores, phase: playing
2026-06-13 16:31:50, tokens_remaining: 2381, call: scores, phase: playing
2026-06-13 16:31:52, tokens_remaining: 2380, call: events, phase: playing
2026-06-13 16:31:54, tokens_remaining: 2379, call: scores, phase: playing
2026-06-13 16:31:56, tokens_remaining: 2378, call: scores, phase: playing
2026-06-13 16:31:57, tokens_remaining: 2377, call: scores, phase: playing
2026-06-13 16:32:00, tokens_remaining: 2376, call: scores, phase: playing
2026-06-13 16:32:02, tokens_remaining: 2375, call: scores, phase: playing
2026-06-13 16:32:04, tokens_remaining: 2374, call: scores, phase: playing
2026-06-13 16:32:06, tokens_remaining: 2373, call: scores, phase: playing
2026-06-13 16:32:07, tokens_remaining: 2372, call: scores, phase: playing
2026-06-13 16:32:09, tokens_remaining: 2371, call: scores, phase: playing
2026-06-13 16:32:11, tokens_remaining: 2370, call: events, phase: playing
2026-06-13 16:32:13, tokens_remaining: 2369, call: scores, phase: playing
2026-06-13 16:32:15, tokens_remaining: 2368, call: scores, phase: playing
2026-06-13 16:32:17, tokens_remaining: 2367, call: scores, phase: playing
2026-06-13 16:32:18, tokens_remaining: 2366, call: scores, phase: playing
2026-06-13 16:32:20, tokens_remaining: 2365, call: scores, phase: playing
2026-06-13 16:32:22, tokens_remaining: 2364, call: scores, phase: playing
2026-06-13 16:32:24, tokens_remaining: 2363, call: scores, phase: playing
2026-06-13 16:32:26, tokens_remaining: 2362, call: scores, phase: playing
2026-06-13 16:32:27, tokens_remaining: 2361, call: scores, phase: playing
2026-06-13 16:32:29, tokens_remaining: 2360, call: events, phase: playing
2026-06-13 16:32:31, tokens_remaining: 2359, call: scores, phase: playing
2026-06-13 16:32:33, tokens_remaining: 2358, call: scores, phase: playing
2026-06-13 16:32:34, tokens_remaining: 2357, call: scores, phase: playing
2026-06-13 16:32:36, tokens_remaining: 2356, call: scores, phase: playing
2026-06-13 16:32:38, tokens_remaining: 2355, call: scores, phase: playing
2026-06-13 16:32:40, tokens_remaining: 2354, call: scores, phase: playing
2026-06-13 16:32:41, tokens_remaining: 2353, call: scores, phase: playing
2026-06-13 16:32:43, tokens_remaining: 2352, call: scores, phase: playing
2026-06-13 16:32:45, tokens_remaining: 2351, call: scores, phase: playing
2026-06-13 16:32:47, tokens_remaining: 2350, call: events, phase: playing
2026-06-13 16:32:48, tokens_remaining: 2349, call: scores, phase: playing
2026-06-13 16:32:50, tokens_remaining: 2348, call: scores, phase: playing
2026-06-13 16:32:52, tokens_remaining: 2347, call: scores, phase: playing
2026-06-13 16:32:54, tokens_remaining: 2346, call: scores, phase: playing
2026-06-13 16:32:56, tokens_remaining: 2345, call: scores, phase: playing
2026-06-13 16:32:58, tokens_remaining: 2344, call: scores, phase: playing
2026-06-13 16:32:59, tokens_remaining: 2343, call: scores, phase: playing
2026-06-13 16:33:01, tokens_remaining: 2342, call: scores, phase: playing
2026-06-13 16:33:03, tokens_remaining: 2341, call: scores, phase: playing
2026-06-13 16:33:05, tokens_remaining: 2340, call: events, phase: playing
2026-06-13 16:33:07, tokens_remaining: 2339, call: scores, phase: playing
2026-06-13 16:33:08, tokens_remaining: 2338, call: scores, phase: playing
2026-06-13 16:33:10, tokens_remaining: 2337, call: scores, phase: playing
2026-06-13 16:33:12, tokens_remaining: 2336, call: scores, phase: playing
2026-06-13 16:33:14, tokens_remaining: 2335, call: scores, phase: playing
2026-06-13 16:33:15, tokens_remaining: 2334, call: scores, phase: playing
2026-06-13 16:33:17, tokens_remaining: 2333, call: scores, phase: playing
2026-06-13 16:33:19, tokens_remaining: 2332, call: scores, phase: playing
2026-06-13 16:33:21, tokens_remaining: 2331, call: scores, phase: playing
2026-06-13 16:33:23, tokens_remaining: 2330, call: events, phase: playing
2026-06-13 16:33:24, tokens_remaining: 2329, call: scores, phase: playing
2026-06-13 16:33:26, tokens_remaining: 2328, call: scores, phase: playing
2026-06-13 16:33:28, tokens_remaining: 2327, call: scores, phase: playing
2026-06-13 16:33:29, tokens_remaining: 2326, call: scores, phase: playing
2026-06-13 16:33:31, tokens_remaining: 2325, call: scores, phase: playing
2026-06-13 16:33:33, tokens_remaining: 2324, call: scores, phase: playing
2026-06-13 16:33:35, tokens_remaining: 2323, call: scores, phase: playing
2026-06-13 16:33:37, tokens_remaining: 2322, call: scores, phase: playing
2026-06-13 16:33:38, tokens_remaining: 2321, call: scores, phase: playing
2026-06-13 16:33:40, tokens_remaining: 2320, call: events, phase: playing
2026-06-13 16:33:42, tokens_remaining: 2319, call: scores, phase: playing
2026-06-13 16:33:44, tokens_remaining: 2318, call: scores, phase: playing
2026-06-13 16:33:45, tokens_remaining: 2317, call: scores, phase: playing
2026-06-13 16:33:47, tokens_remaining: 2316, call: scores, phase: playing
2026-06-13 16:33:49, tokens_remaining: 2315, call: scores, phase: playing
2026-06-13 16:33:50, tokens_remaining: 2314, call: scores, phase: playing
2026-06-13 16:33:52, tokens_remaining: 2313, call: scores, phase: playing
2026-06-13 16:33:54, tokens_remaining: 2312, call: scores, phase: playing
2026-06-13 16:33:56, tokens_remaining: 2311, call: scores, phase: playing
2026-06-13 16:33:58, tokens_remaining: 2310, call: events, phase: playing
2026-06-13 16:33:59, tokens_remaining: 2309, call: scores, phase: playing
2026-06-13 16:34:01, tokens_remaining: 2308, call: scores, phase: playing
2026-06-13 16:34:03, tokens_remaining: 2307, call: scores, phase: playing
2026-06-13 16:34:05, tokens_remaining: 2306, call: scores, phase: playing
2026-06-13 16:34:07, tokens_remaining: 2305, call: scores, phase: playing
2026-06-13 16:34:08, tokens_remaining: 2304, call: scores, phase: playing
2026-06-13 16:34:10, tokens_remaining: 2303, call: scores, phase: playing
2026-06-13 16:34:12, tokens_remaining: 2302, call: scores, phase: playing
2026-06-13 16:34:14, tokens_remaining: 2301, call: scores, phase: playing
2026-06-13 16:34:15, tokens_remaining: 2300, call: events, phase: playing
2026-06-13 16:34:15, EVENT: SUBSTITUTION 66' Johan Manzambi [Qatar vs Switzerland]
2026-06-13 16:34:15, EVENT: SUBSTITUTION 66' Fabian Rieder [Qatar vs Switzerland]
2026-06-13 16:34:17, tokens_remaining: 2299, call: scores, phase: playing
2026-06-13 16:34:19, tokens_remaining: 2298, call: scores, phase: playing
2026-06-13 16:34:21, tokens_remaining: 2297, call: scores, phase: playing
2026-06-13 16:34:22, tokens_remaining: 2296, call: scores, phase: playing
2026-06-13 16:34:24, tokens_remaining: 2295, call: scores, phase: playing
2026-06-13 16:34:26, tokens_remaining: 2294, call: scores, phase: playing
2026-06-13 16:34:28, tokens_remaining: 2293, call: scores, phase: playing
2026-06-13 16:34:29, tokens_remaining: 2292, call: scores, phase: playing
2026-06-13 16:34:31, tokens_remaining: 2291, call: scores, phase: playing
2026-06-13 16:34:33, tokens_remaining: 2290, call: events, phase: playing
2026-06-13 16:34:35, tokens_remaining: 2289, call: scores, phase: playing
2026-06-13 16:34:36, tokens_remaining: 2288, call: scores, phase: playing
2026-06-13 16:34:38, tokens_remaining: 2287, call: scores, phase: playing
2026-06-13 16:34:40, tokens_remaining: 2286, call: scores, phase: playing
2026-06-13 16:34:42, tokens_remaining: 2285, call: scores, phase: playing
2026-06-13 16:34:43, tokens_remaining: 2284, call: scores, phase: playing
2026-06-13 16:34:45, tokens_remaining: 2283, call: scores, phase: playing
2026-06-13 16:34:47, tokens_remaining: 2282, call: scores, phase: playing
2026-06-13 16:34:49, tokens_remaining: 2281, call: scores, phase: playing
2026-06-13 16:34:50, tokens_remaining: 2280, call: events, phase: playing
2026-06-13 16:34:52, tokens_remaining: 2279, call: scores, phase: playing
2026-06-13 16:34:54, tokens_remaining: 2278, call: scores, phase: playing
2026-06-13 16:34:56, tokens_remaining: 2277, call: scores, phase: playing
2026-06-13 16:34:57, tokens_remaining: 2276, call: scores, phase: playing
2026-06-13 16:34:59, tokens_remaining: 2275, call: scores, phase: playing
2026-06-13 16:35:01, tokens_remaining: 2274, call: scores, phase: playing
2026-06-13 16:35:03, tokens_remaining: 2273, call: scores, phase: playing
2026-06-13 16:35:05, tokens_remaining: 2272, call: scores, phase: playing
2026-06-13 16:35:06, tokens_remaining: 2271, call: scores, phase: playing
2026-06-13 16:35:08, tokens_remaining: 2270, call: events, phase: playing
2026-06-13 16:35:10, tokens_remaining: 2269, call: scores, phase: playing
2026-06-13 16:35:12, tokens_remaining: 2268, call: scores, phase: playing
2026-06-13 16:35:13, tokens_remaining: 2267, call: scores, phase: playing
2026-06-13 16:35:15, tokens_remaining: 2266, call: scores, phase: playing
2026-06-13 16:35:17, tokens_remaining: 2265, call: scores, phase: playing
2026-06-13 16:35:19, tokens_remaining: 2264, call: scores, phase: playing
2026-06-13 16:35:21, tokens_remaining: 2263, call: scores, phase: playing
2026-06-13 16:35:22, tokens_remaining: 2262, call: scores, phase: playing
2026-06-13 16:35:25, tokens_remaining: 2261, call: scores, phase: playing
2026-06-13 16:35:26, tokens_remaining: 2260, call: events, phase: playing
2026-06-13 16:35:28, tokens_remaining: 2259, call: scores, phase: playing
2026-06-13 16:35:30, tokens_remaining: 2258, call: scores, phase: playing
2026-06-13 16:35:32, tokens_remaining: 2257, call: scores, phase: playing
2026-06-13 16:35:33, tokens_remaining: 2256, call: scores, phase: playing
2026-06-13 16:35:35, tokens_remaining: 2255, call: scores, phase: playing
2026-06-13 16:35:37, tokens_remaining: 2254, call: scores, phase: playing
2026-06-13 16:35:39, tokens_remaining: 2253, call: scores, phase: playing
2026-06-13 16:35:40, tokens_remaining: 2252, call: scores, phase: playing
2026-06-13 16:35:42, tokens_remaining: 2251, call: scores, phase: playing
2026-06-13 16:35:44, tokens_remaining: 2250, call: events, phase: playing
2026-06-13 16:35:46, tokens_remaining: 2249, call: scores, phase: playing
2026-06-13 16:35:48, tokens_remaining: 2248, call: scores, phase: playing
2026-06-13 16:35:49, tokens_remaining: 2247, call: scores, phase: playing
2026-06-13 16:35:51, tokens_remaining: 2246, call: scores, phase: playing
2026-06-13 16:35:53, tokens_remaining: 2245, call: scores, phase: playing
2026-06-13 16:35:55, tokens_remaining: 2244, call: scores, phase: playing
2026-06-13 16:35:56, tokens_remaining: 2243, call: scores, phase: playing
2026-06-13 16:35:58, tokens_remaining: 2242, call: scores, phase: playing
2026-06-13 16:36:00, tokens_remaining: 2241, call: scores, phase: playing
2026-06-13 16:36:02, tokens_remaining: 2240, call: events, phase: playing
2026-06-13 16:36:04, tokens_remaining: 2239, call: scores, phase: playing
2026-06-13 16:36:06, tokens_remaining: 2238, call: scores, phase: playing
2026-06-13 16:36:07, tokens_remaining: 2237, call: scores, phase: playing
2026-06-13 16:36:09, tokens_remaining: 2236, call: scores, phase: playing
2026-06-13 16:36:11, tokens_remaining: 2235, call: scores, phase: playing
2026-06-13 16:36:13, tokens_remaining: 2234, call: scores, phase: playing
2026-06-13 16:36:14, tokens_remaining: 2233, call: scores, phase: playing
2026-06-13 16:36:16, tokens_remaining: 2232, call: scores, phase: playing
2026-06-13 16:36:18, tokens_remaining: 2231, call: scores, phase: playing
2026-06-13 16:36:20, tokens_remaining: 2230, call: events, phase: playing
2026-06-13 16:36:21, tokens_remaining: 2229, call: scores, phase: playing
2026-06-13 16:36:23, tokens_remaining: 2228, call: scores, phase: playing
2026-06-13 16:36:25, tokens_remaining: 2227, call: scores, phase: playing
2026-06-13 16:36:27, tokens_remaining: 2226, call: scores, phase: playing
2026-06-13 16:36:28, tokens_remaining: 2225, call: scores, phase: playing
2026-06-13 16:36:30, tokens_remaining: 2224, call: scores, phase: playing
2026-06-13 16:36:32, tokens_remaining: 2223, call: scores, phase: playing
2026-06-13 16:36:34, tokens_remaining: 2222, call: scores, phase: playing
2026-06-13 16:36:35, tokens_remaining: 2221, call: scores, phase: playing
2026-06-13 16:36:37, tokens_remaining: 2220, call: events, phase: playing
2026-06-13 16:36:39, tokens_remaining: 2219, call: scores, phase: playing
2026-06-13 16:36:41, tokens_remaining: 2218, call: scores, phase: playing
2026-06-13 16:36:42, tokens_remaining: 2217, call: scores, phase: playing
2026-06-13 16:36:44, tokens_remaining: 2216, call: scores, phase: playing
2026-06-13 16:36:46, tokens_remaining: 2215, call: scores, phase: playing
2026-06-13 16:36:48, tokens_remaining: 2214, call: scores, phase: playing
2026-06-13 16:36:49, tokens_remaining: 2213, call: scores, phase: playing
2026-06-13 16:36:51, tokens_remaining: 2212, call: scores, phase: playing
2026-06-13 16:36:53, tokens_remaining: 2211, call: scores, phase: playing
2026-06-13 16:36:55, tokens_remaining: 2210, call: events, phase: playing
2026-06-13 16:36:57, tokens_remaining: 2209, call: scores, phase: playing
2026-06-13 16:36:58, tokens_remaining: 2208, call: scores, phase: playing
2026-06-13 16:37:00, tokens_remaining: 2207, call: scores, phase: playing
2026-06-13 16:37:02, tokens_remaining: 2206, call: scores, phase: playing
2026-06-13 16:37:04, tokens_remaining: 2205, call: scores, phase: playing
2026-06-13 16:37:05, tokens_remaining: 2204, call: scores, phase: playing
2026-06-13 16:37:07, tokens_remaining: 2203, call: scores, phase: playing
2026-06-13 16:37:09, tokens_remaining: 2202, call: scores, phase: playing
2026-06-13 16:37:11, tokens_remaining: 2201, call: scores, phase: playing
2026-06-13 16:37:13, tokens_remaining: 2200, call: events, phase: playing
2026-06-13 16:37:14, tokens_remaining: 2199, call: scores, phase: playing
2026-06-13 16:37:16, tokens_remaining: 2198, call: scores, phase: playing
2026-06-13 16:37:18, tokens_remaining: 2197, call: scores, phase: playing
2026-06-13 16:37:19, tokens_remaining: 2196, call: scores, phase: playing
2026-06-13 16:37:21, tokens_remaining: 2195, call: scores, phase: playing
2026-06-13 16:37:23, tokens_remaining: 2194, call: scores, phase: playing
2026-06-13 16:37:25, tokens_remaining: 2193, call: scores, phase: playing
2026-06-13 16:37:26, tokens_remaining: 2192, call: scores, phase: playing
2026-06-13 16:37:28, tokens_remaining: 2191, call: scores, phase: playing
2026-06-13 16:37:30, tokens_remaining: 2190, call: events, phase: playing
2026-06-13 16:37:32, tokens_remaining: 2189, call: scores, phase: playing
2026-06-13 16:37:33, tokens_remaining: 2188, call: scores, phase: playing
2026-06-13 16:37:35, tokens_remaining: 2187, call: scores, phase: playing
2026-06-13 16:37:37, tokens_remaining: 2186, call: scores, phase: playing
2026-06-13 16:37:39, tokens_remaining: 2185, call: scores, phase: playing
2026-06-13 16:37:40, tokens_remaining: 2184, call: scores, phase: playing
2026-06-13 16:37:42, tokens_remaining: 2183, call: scores, phase: playing
2026-06-13 16:37:44, tokens_remaining: 2182, call: scores, phase: playing
2026-06-13 16:37:46, tokens_remaining: 2181, call: scores, phase: playing
2026-06-13 16:37:48, tokens_remaining: 2180, call: events, phase: playing
2026-06-13 16:37:49, tokens_remaining: 2179, call: scores, phase: playing
2026-06-13 16:37:51, tokens_remaining: 2178, call: scores, phase: playing
2026-06-13 16:37:53, tokens_remaining: 2177, call: scores, phase: playing
2026-06-13 16:37:55, tokens_remaining: 2176, call: scores, phase: playing
2026-06-13 16:37:56, tokens_remaining: 2175, call: scores, phase: playing
2026-06-13 16:37:58, tokens_remaining: 2174, call: scores, phase: playing
2026-06-13 16:38:00, tokens_remaining: 2173, call: scores, phase: playing
2026-06-13 16:38:02, tokens_remaining: 2172, call: scores, phase: playing
2026-06-13 16:38:03, tokens_remaining: 2171, call: scores, phase: playing
2026-06-13 16:38:05, tokens_remaining: 2170, call: events, phase: playing
2026-06-13 16:38:07, tokens_remaining: 2169, call: scores, phase: playing
2026-06-13 16:38:09, tokens_remaining: 2168, call: scores, phase: playing
2026-06-13 16:38:11, tokens_remaining: 2167, call: scores, phase: playing
2026-06-13 16:38:12, tokens_remaining: 2166, call: scores, phase: playing
2026-06-13 16:38:14, tokens_remaining: 2165, call: scores, phase: playing
2026-06-13 16:38:16, tokens_remaining: 2164, call: scores, phase: playing
2026-06-13 16:38:17, tokens_remaining: 2163, call: scores, phase: playing
2026-06-13 16:38:19, tokens_remaining: 2162, call: scores, phase: playing
2026-06-13 16:38:21, tokens_remaining: 2161, call: scores, phase: playing
2026-06-13 16:38:23, tokens_remaining: 2160, call: events, phase: playing
2026-06-13 16:38:25, tokens_remaining: 2159, call: scores, phase: playing
2026-06-13 16:38:26, tokens_remaining: 2158, call: scores, phase: playing
2026-06-13 16:38:28, tokens_remaining: 2157, call: scores, phase: playing
2026-06-13 16:38:30, tokens_remaining: 2156, call: scores, phase: playing
2026-06-13 16:38:31, tokens_remaining: 2155, call: scores, phase: playing
2026-06-13 16:38:33, tokens_remaining: 2154, call: scores, phase: playing
2026-06-13 16:38:35, tokens_remaining: 2153, call: scores, phase: playing
2026-06-13 16:38:37, tokens_remaining: 2152, call: scores, phase: playing
2026-06-13 16:38:38, tokens_remaining: 2151, call: scores, phase: playing
2026-06-13 16:38:40, tokens_remaining: 2150, call: events, phase: playing
2026-06-13 16:38:42, tokens_remaining: 2149, call: scores, phase: playing
2026-06-13 16:38:44, tokens_remaining: 2148, call: scores, phase: playing
2026-06-13 16:38:45, tokens_remaining: 2147, call: scores, phase: playing
2026-06-13 16:38:47, tokens_remaining: 2146, call: scores, phase: playing
2026-06-13 16:38:49, tokens_remaining: 2145, call: scores, phase: playing
2026-06-13 16:38:50, tokens_remaining: 2144, call: scores, phase: playing
2026-06-13 16:38:52, tokens_remaining: 2143, call: scores, phase: playing
2026-06-13 16:38:54, tokens_remaining: 2142, call: scores, phase: playing
2026-06-13 16:38:56, tokens_remaining: 2141, call: scores, phase: playing
2026-06-13 16:38:57, tokens_remaining: 2140, call: events, phase: playing
2026-06-13 16:38:59, tokens_remaining: 2139, call: scores, phase: playing
2026-06-13 16:39:01, tokens_remaining: 2138, call: scores, phase: playing
2026-06-13 16:39:02, tokens_remaining: 2137, call: scores, phase: playing
2026-06-13 16:39:04, tokens_remaining: 2136, call: scores, phase: playing
2026-06-13 16:39:06, tokens_remaining: 2135, call: scores, phase: playing
2026-06-13 16:39:08, tokens_remaining: 2134, call: scores, phase: playing
