2026-06-13 18:00:19, tokens_remaining: 2464, call: events, phase: pregame
2026-06-13 18:00:40, tokens_remaining: 2463, call: scores, phase: pregame
2026-06-13 18:00:48, tokens_remaining: 2462, call: scores, phase: pregame
2026-06-13 18:00:51, tokens_remaining: 2461, call: scores, phase: pregame
2026-06-13 18:01:11, tokens_remaining: 2460, call: scores, phase: pregame
2026-06-13 18:01:18, tokens_remaining: 2459, call: scores, phase: pregame
2026-06-13 18:01:38, tokens_remaining: 2458, call: scores, phase: pregame
2026-06-13 18:01:59, tokens_remaining: 2457, call: scores, phase: pregame
2026-06-13 18:02:19, tokens_remaining: 2456, call: scores, phase: pregame
2026-06-13 18:02:39, tokens_remaining: 2455, call: scores, phase: pregame
2026-06-13 18:03:00, tokens_remaining: 2454, call: scores, phase: pregame
2026-06-13 18:03:20, tokens_remaining: 2453, call: scores, phase: pregame
2026-06-13 18:03:40, tokens_remaining: 2452, call: scores, phase: pregame
2026-06-13 18:04:01, tokens_remaining: 2451, call: events, phase: pregame
2026-06-13 18:04:02, tokens_remaining: 2450, call: scores, phase: pregame
2026-06-13 18:04:22, tokens_remaining: 2449, call: scores, phase: pregame
2026-06-13 18:04:43, tokens_remaining: 2448, call: scores, phase: pregame
2026-06-13 18:04:43, STATE_CHANGE: Brazil vs Morocco [NS -> 1H]
2026-06-13 18:04:44, tokens_remaining: 2447, call: scores, phase: playing
2026-06-13 18:04:45, tokens_remaining: 2447, call: scores, phase: playing
2026-06-13 18:04:46, tokens_remaining: 2446, call: scores, phase: playing
2026-06-13 18:04:46, tokens_remaining: 2446, call: scores, phase: playing
2026-06-13 18:04:47, tokens_remaining: 2445, call: scores, phase: playing
2026-06-13 18:04:48, tokens_remaining: 2445, call: scores, phase: playing
2026-06-13 18:04:49, tokens_remaining: 2444, call: scores, phase: playing
2026-06-13 18:04:50, tokens_remaining: 2443, call: events, phase: playing
2026-06-13 18:04:51, tokens_remaining: 2442, call: scores, phase: playing
2026-06-13 18:04:51, tokens_remaining: 2442, call: scores, phase: playing
2026-06-13 18:04:52, tokens_remaining: 2441, call: scores, phase: playing
2026-06-13 18:04:53, tokens_remaining: 2441, call: scores, phase: playing
2026-06-13 18:04:54, tokens_remaining: 2440, call: scores, phase: playing
2026-06-13 18:04:54, tokens_remaining: 2440, call: scores, phase: playing
2026-06-13 18:04:55, tokens_remaining: 2439, call: scores, phase: playing
2026-06-13 18:04:56, tokens_remaining: 2439, call: scores, phase: playing
2026-06-13 18:04:57, tokens_remaining: 2438, call: scores, phase: playing
2026-06-13 18:04:58, tokens_remaining: 2437, call: events, phase: playing
2026-06-13 18:04:59, tokens_remaining: 2436, call: scores, phase: playing
2026-06-13 18:04:59, tokens_remaining: 2436, call: scores, phase: playing
2026-06-13 18:05:00, tokens_remaining: 2435, call: scores, phase: playing
2026-06-13 18:05:01, tokens_remaining: 2435, call: scores, phase: playing
2026-06-13 18:05:02, tokens_remaining: 2434, call: scores, phase: playing
2026-06-13 18:05:02, tokens_remaining: 2434, call: scores, phase: playing
2026-06-13 18:05:03, tokens_remaining: 2433, call: scores, phase: playing
2026-06-13 18:05:04, tokens_remaining: 2433, call: scores, phase: playing
2026-06-13 18:05:05, tokens_remaining: 2432, call: scores, phase: playing
2026-06-13 18:05:06, tokens_remaining: 2431, call: events, phase: playing
2026-06-13 18:05:07, tokens_remaining: 2430, call: scores, phase: playing
2026-06-13 18:05:07, tokens_remaining: 2430, call: scores, phase: playing
2026-06-13 18:05:08, tokens_remaining: 2429, call: scores, phase: playing
2026-06-13 18:05:09, tokens_remaining: 2429, call: scores, phase: playing
2026-06-13 18:05:10, tokens_remaining: 2428, call: scores, phase: playing
2026-06-13 18:05:10, tokens_remaining: 2428, call: scores, phase: playing
2026-06-13 18:05:11, tokens_remaining: 2427, call: scores, phase: playing
2026-06-13 18:05:12, tokens_remaining: 2427, call: scores, phase: playing
2026-06-13 18:05:13, tokens_remaining: 2426, call: scores, phase: playing
2026-06-13 18:05:14, tokens_remaining: 2425, call: events, phase: playing
2026-06-13 18:05:15, tokens_remaining: 2424, call: scores, phase: playing
2026-06-13 18:05:15, tokens_remaining: 2424, call: scores, phase: playing
2026-06-13 18:05:16, tokens_remaining: 2423, call: scores, phase: playing
2026-06-13 18:05:17, tokens_remaining: 2423, call: scores, phase: playing
2026-06-13 18:05:18, tokens_remaining: 2422, call: scores, phase: playing
2026-06-13 18:05:18, tokens_remaining: 2422, call: scores, phase: playing
2026-06-13 18:05:19, tokens_remaining: 2421, call: scores, phase: playing
2026-06-13 18:05:20, tokens_remaining: 2421, call: scores, phase: playing
2026-06-13 18:05:21, tokens_remaining: 2420, call: scores, phase: playing
2026-06-13 18:05:22, tokens_remaining: 2419, call: events, phase: playing
2026-06-13 18:05:23, tokens_remaining: 2418, call: scores, phase: playing
2026-06-13 18:05:23, tokens_remaining: 2418, call: scores, phase: playing
2026-06-13 18:05:24, tokens_remaining: 2417, call: scores, phase: playing
2026-06-13 18:05:25, tokens_remaining: 2417, call: scores, phase: playing
2026-06-13 18:05:26, tokens_remaining: 2416, call: scores, phase: playing
2026-06-13 18:05:26, tokens_remaining: 2416, call: scores, phase: playing
2026-06-13 18:05:27, tokens_remaining: 2415, call: scores, phase: playing
2026-06-13 18:05:28, tokens_remaining: 2415, call: scores, phase: playing
2026-06-13 18:05:29, tokens_remaining: 2414, call: scores, phase: playing
2026-06-13 18:05:30, tokens_remaining: 2413, call: events, phase: playing
2026-06-13 18:05:31, tokens_remaining: 2412, call: scores, phase: playing
2026-06-13 18:05:31, tokens_remaining: 2412, call: scores, phase: playing
2026-06-13 18:05:32, tokens_remaining: 2411, call: scores, phase: playing
2026-06-13 18:05:33, tokens_remaining: 2411, call: scores, phase: playing
2026-06-13 18:05:34, tokens_remaining: 2410, call: scores, phase: playing
2026-06-13 18:05:34, tokens_remaining: 2410, call: scores, phase: playing
2026-06-13 18:05:35, tokens_remaining: 2409, call: scores, phase: playing
2026-06-13 18:05:36, tokens_remaining: 2409, call: scores, phase: playing
2026-06-13 18:05:37, tokens_remaining: 2408, call: scores, phase: playing
2026-06-13 18:05:38, tokens_remaining: 2407, call: events, phase: playing
2026-06-13 18:05:39, tokens_remaining: 2406, call: scores, phase: playing
2026-06-13 18:05:39, tokens_remaining: 2406, call: scores, phase: playing
2026-06-13 18:05:40, tokens_remaining: 2405, call: scores, phase: playing
2026-06-13 18:05:41, tokens_remaining: 2405, call: scores, phase: playing
2026-06-13 18:05:42, tokens_remaining: 2404, call: scores, phase: playing
2026-06-13 18:05:42, tokens_remaining: 2404, call: scores, phase: playing
2026-06-13 18:05:43, tokens_remaining: 2403, call: scores, phase: playing
2026-06-13 18:05:44, tokens_remaining: 2403, call: scores, phase: playing
2026-06-13 18:05:45, tokens_remaining: 2402, call: scores, phase: playing
2026-06-13 18:05:46, tokens_remaining: 2401, call: events, phase: playing
2026-06-13 18:05:47, tokens_remaining: 2400, call: scores, phase: playing
2026-06-13 18:05:47, tokens_remaining: 2400, call: scores, phase: playing
2026-06-13 18:05:48, tokens_remaining: 2399, call: scores, phase: playing
2026-06-13 18:05:49, tokens_remaining: 2399, call: scores, phase: playing
2026-06-13 18:05:50, tokens_remaining: 2398, call: scores, phase: playing
2026-06-13 18:05:50, tokens_remaining: 2398, call: scores, phase: playing
2026-06-13 18:05:51, tokens_remaining: 2397, call: scores, phase: playing
2026-06-13 18:05:52, tokens_remaining: 2397, call: scores, phase: playing
2026-06-13 18:05:53, tokens_remaining: 2396, call: scores, phase: playing
2026-06-13 18:05:54, tokens_remaining: 2395, call: events, phase: playing
2026-06-13 18:05:54, tokens_remaining: 2394, call: scores, phase: playing
2026-06-13 18:05:55, tokens_remaining: 2394, call: scores, phase: playing
2026-06-13 18:05:56, tokens_remaining: 2393, call: scores, phase: playing
2026-06-13 18:05:57, tokens_remaining: 2393, call: scores, phase: playing
2026-06-13 18:05:58, tokens_remaining: 2392, call: scores, phase: playing
2026-06-13 18:05:58, tokens_remaining: 2392, call: scores, phase: playing
2026-06-13 18:05:59, tokens_remaining: 2391, call: scores, phase: playing
2026-06-13 18:06:00, tokens_remaining: 2391, call: scores, phase: playing
2026-06-13 18:06:01, tokens_remaining: 2390, call: scores, phase: playing
2026-06-13 18:06:01, tokens_remaining: 2389, call: events, phase: playing
2026-06-13 18:06:02, tokens_remaining: 2388, call: scores, phase: playing
2026-06-13 18:06:03, tokens_remaining: 2388, call: scores, phase: playing
2026-06-13 18:06:04, tokens_remaining: 2387, call: scores, phase: playing
2026-06-13 18:06:05, tokens_remaining: 2387, call: scores, phase: playing
2026-06-13 18:06:05, tokens_remaining: 2386, call: scores, phase: playing
2026-06-13 18:06:06, tokens_remaining: 2386, call: scores, phase: playing
2026-06-13 18:06:07, tokens_remaining: 2385, call: scores, phase: playing
2026-06-13 18:06:08, tokens_remaining: 2385, call: scores, phase: playing
2026-06-13 18:06:08, tokens_remaining: 2384, call: scores, phase: playing
2026-06-13 18:06:09, tokens_remaining: 2383, call: events, phase: playing
2026-06-13 18:06:10, tokens_remaining: 2382, call: scores, phase: playing
2026-06-13 18:06:11, tokens_remaining: 2382, call: scores, phase: playing
2026-06-13 18:06:12, tokens_remaining: 2381, call: scores, phase: playing
2026-06-13 18:06:12, tokens_remaining: 2381, call: scores, phase: playing
2026-06-13 18:06:13, tokens_remaining: 2380, call: scores, phase: playing
2026-06-13 18:06:14, tokens_remaining: 2380, call: scores, phase: playing
2026-06-13 18:06:15, tokens_remaining: 2379, call: scores, phase: playing
2026-06-13 18:06:15, tokens_remaining: 2379, call: scores, phase: playing
2026-06-13 18:06:16, tokens_remaining: 2378, call: scores, phase: playing
2026-06-13 18:06:17, tokens_remaining: 2377, call: events, phase: playing
2026-06-13 18:06:18, tokens_remaining: 2376, call: scores, phase: playing
2026-06-13 18:06:19, tokens_remaining: 2376, call: scores, phase: playing
2026-06-13 18:06:20, tokens_remaining: 2375, call: scores, phase: playing
2026-06-13 18:06:20, tokens_remaining: 2375, call: scores, phase: playing
2026-06-13 18:06:21, tokens_remaining: 2374, call: scores, phase: playing
2026-06-13 18:06:22, tokens_remaining: 2374, call: scores, phase: playing
2026-06-13 18:06:23, tokens_remaining: 2373, call: scores, phase: playing
2026-06-13 18:06:23, tokens_remaining: 2373, call: scores, phase: playing
2026-06-13 18:06:24, tokens_remaining: 2372, call: scores, phase: playing
2026-06-13 18:06:25, tokens_remaining: 2371, call: events, phase: playing
2026-06-13 18:06:26, tokens_remaining: 2370, call: scores, phase: playing
2026-06-13 18:06:27, tokens_remaining: 2370, call: scores, phase: playing
2026-06-13 18:06:27, tokens_remaining: 2369, call: scores, phase: playing
2026-06-13 18:06:28, tokens_remaining: 2369, call: scores, phase: playing
2026-06-13 18:06:29, tokens_remaining: 2368, call: scores, phase: playing
2026-06-13 18:06:30, tokens_remaining: 2368, call: scores, phase: playing
2026-06-13 18:06:31, tokens_remaining: 2367, call: scores, phase: playing
2026-06-13 18:06:31, tokens_remaining: 2367, call: scores, phase: playing
2026-06-13 18:06:32, tokens_remaining: 2366, call: scores, phase: playing
2026-06-13 18:06:33, tokens_remaining: 2365, call: events, phase: playing
2026-06-13 18:06:34, tokens_remaining: 2364, call: scores, phase: playing
2026-06-13 18:06:34, tokens_remaining: 2364, call: scores, phase: playing
2026-06-13 18:06:35, tokens_remaining: 2363, call: scores, phase: playing
2026-06-13 18:06:36, tokens_remaining: 2363, call: scores, phase: playing
2026-06-13 18:06:37, tokens_remaining: 2362, call: scores, phase: playing
2026-06-13 18:06:37, tokens_remaining: 2362, call: scores, phase: playing
2026-06-13 18:06:39, tokens_remaining: 2361, call: scores, phase: playing
2026-06-13 18:06:39, tokens_remaining: 2361, call: scores, phase: playing
2026-06-13 18:06:40, tokens_remaining: 2360, call: scores, phase: playing
2026-06-13 18:06:41, tokens_remaining: 2359, call: events, phase: playing
2026-06-13 18:06:43, tokens_remaining: 2358, call: scores, phase: playing
2026-06-13 18:06:44, tokens_remaining: 2357, call: scores, phase: playing
2026-06-13 18:06:44, tokens_remaining: 2357, call: scores, phase: playing
2026-06-13 18:06:45, tokens_remaining: 2356, call: scores, phase: playing
2026-06-13 18:06:46, tokens_remaining: 2356, call: scores, phase: playing
2026-06-13 18:06:47, tokens_remaining: 2355, call: scores, phase: playing
2026-06-13 18:06:47, tokens_remaining: 2355, call: scores, phase: playing
2026-06-13 18:06:48, tokens_remaining: 2354, call: scores, phase: playing
2026-06-13 18:06:49, tokens_remaining: 2354, call: scores, phase: playing
2026-06-13 18:06:50, tokens_remaining: 2353, call: events, phase: playing
2026-06-13 18:06:51, tokens_remaining: 2352, call: scores, phase: playing
2026-06-13 18:06:51, tokens_remaining: 2352, call: scores, phase: playing
2026-06-13 18:06:53, tokens_remaining: 2351, call: scores, phase: playing
2026-06-13 18:06:53, tokens_remaining: 2351, call: scores, phase: playing
2026-06-13 18:06:54, tokens_remaining: 2350, call: scores, phase: playing
2026-06-13 18:06:55, tokens_remaining: 2350, call: scores, phase: playing
2026-06-13 18:06:56, tokens_remaining: 2349, call: scores, phase: playing
2026-06-13 18:06:57, tokens_remaining: 2349, call: scores, phase: playing
2026-06-13 18:06:57, tokens_remaining: 2348, call: scores, phase: playing
2026-06-13 18:06:59, tokens_remaining: 2347, call: events, phase: playing
2026-06-13 18:06:59, tokens_remaining: 2346, call: scores, phase: playing
2026-06-13 18:07:00, tokens_remaining: 2346, call: scores, phase: playing
2026-06-13 18:07:01, tokens_remaining: 2345, call: scores, phase: playing
2026-06-13 18:07:02, tokens_remaining: 2345, call: scores, phase: playing
2026-06-13 18:07:02, tokens_remaining: 2344, call: scores, phase: playing
2026-06-13 18:07:03, tokens_remaining: 2344, call: scores, phase: playing
2026-06-13 18:07:04, tokens_remaining: 2343, call: scores, phase: playing
2026-06-13 18:07:05, tokens_remaining: 2343, call: scores, phase: playing
2026-06-13 18:07:05, tokens_remaining: 2342, call: scores, phase: playing
2026-06-13 18:07:06, tokens_remaining: 2341, call: events, phase: playing
2026-06-13 18:07:07, tokens_remaining: 2340, call: scores, phase: playing
2026-06-13 18:07:08, tokens_remaining: 2340, call: scores, phase: playing
2026-06-13 18:07:09, tokens_remaining: 2339, call: scores, phase: playing
2026-06-13 18:07:09, tokens_remaining: 2339, call: scores, phase: playing
2026-06-13 18:07:10, tokens_remaining: 2338, call: scores, phase: playing
2026-06-13 18:07:11, tokens_remaining: 2338, call: scores, phase: playing
2026-06-13 18:07:12, tokens_remaining: 2337, call: scores, phase: playing
2026-06-13 18:07:12, tokens_remaining: 2337, call: scores, phase: playing
2026-06-13 18:07:13, tokens_remaining: 2336, call: scores, phase: playing
2026-06-13 18:07:14, tokens_remaining: 2335, call: events, phase: playing
2026-06-13 18:07:15, tokens_remaining: 2334, call: scores, phase: playing
2026-06-13 18:07:16, tokens_remaining: 2334, call: scores, phase: playing
2026-06-13 18:07:16, tokens_remaining: 2333, call: scores, phase: playing
2026-06-13 18:07:17, tokens_remaining: 2333, call: scores, phase: playing
2026-06-13 18:07:18, tokens_remaining: 2332, call: scores, phase: playing
2026-06-13 18:07:19, tokens_remaining: 2332, call: scores, phase: playing
2026-06-13 18:07:19, tokens_remaining: 2331, call: scores, phase: playing
2026-06-13 18:07:20, tokens_remaining: 2331, call: scores, phase: playing
2026-06-13 18:07:21, tokens_remaining: 2330, call: scores, phase: playing
2026-06-13 18:07:22, tokens_remaining: 2329, call: events, phase: playing
2026-06-13 18:07:23, tokens_remaining: 2328, call: scores, phase: playing
2026-06-13 18:07:23, tokens_remaining: 2328, call: scores, phase: playing
2026-06-13 18:07:24, tokens_remaining: 2327, call: scores, phase: playing
2026-06-13 18:07:25, tokens_remaining: 2327, call: scores, phase: playing
2026-06-13 18:07:26, tokens_remaining: 2326, call: scores, phase: playing
2026-06-13 18:07:26, tokens_remaining: 2326, call: scores, phase: playing
2026-06-13 18:07:27, tokens_remaining: 2325, call: scores, phase: playing
2026-06-13 18:07:28, tokens_remaining: 2325, call: scores, phase: playing
2026-06-13 18:07:29, tokens_remaining: 2324, call: scores, phase: playing
2026-06-13 18:07:30, tokens_remaining: 2323, call: events, phase: playing
2026-06-13 18:07:31, tokens_remaining: 2322, call: scores, phase: playing
2026-06-13 18:07:31, tokens_remaining: 2322, call: scores, phase: playing
2026-06-13 18:07:32, tokens_remaining: 2321, call: scores, phase: playing
2026-06-13 18:07:33, tokens_remaining: 2321, call: scores, phase: playing
2026-06-13 18:07:34, tokens_remaining: 2320, call: scores, phase: playing
2026-06-13 18:07:34, tokens_remaining: 2320, call: scores, phase: playing
2026-06-13 18:07:35, tokens_remaining: 2319, call: scores, phase: playing
2026-06-13 18:07:36, tokens_remaining: 2319, call: scores, phase: playing
2026-06-13 18:07:37, tokens_remaining: 2318, call: scores, phase: playing
2026-06-13 18:07:37, tokens_remaining: 2317, call: events, phase: playing
2026-06-13 18:07:38, tokens_remaining: 2316, call: scores, phase: playing
2026-06-13 18:07:39, tokens_remaining: 2316, call: scores, phase: playing
2026-06-13 18:07:40, tokens_remaining: 2315, call: scores, phase: playing
2026-06-13 18:07:40, tokens_remaining: 2315, call: scores, phase: playing
2026-06-13 18:07:41, tokens_remaining: 2314, call: scores, phase: playing
2026-06-13 18:07:42, tokens_remaining: 2314, call: scores, phase: playing
2026-06-13 18:07:43, tokens_remaining: 2313, call: scores, phase: playing
2026-06-13 18:07:43, tokens_remaining: 2313, call: scores, phase: playing
2026-06-13 18:07:44, tokens_remaining: 2312, call: scores, phase: playing
2026-06-13 18:07:45, tokens_remaining: 2311, call: events, phase: playing
2026-06-13 18:07:46, tokens_remaining: 2310, call: scores, phase: playing
2026-06-13 18:07:47, tokens_remaining: 2310, call: scores, phase: playing
2026-06-13 18:07:47, tokens_remaining: 2309, call: scores, phase: playing
2026-06-13 18:07:48, tokens_remaining: 2309, call: scores, phase: playing
2026-06-13 18:07:49, tokens_remaining: 2308, call: scores, phase: playing
2026-06-13 18:07:50, tokens_remaining: 2308, call: scores, phase: playing
2026-06-13 18:07:50, tokens_remaining: 2307, call: scores, phase: playing
2026-06-13 18:07:51, tokens_remaining: 2307, call: scores, phase: playing
2026-06-13 18:07:52, tokens_remaining: 2306, call: scores, phase: playing
2026-06-13 18:07:53, tokens_remaining: 2305, call: events, phase: playing
2026-06-13 18:07:54, tokens_remaining: 2304, call: scores, phase: playing
2026-06-13 18:07:54, tokens_remaining: 2304, call: scores, phase: playing
2026-06-13 18:07:55, tokens_remaining: 2303, call: scores, phase: playing
2026-06-13 18:07:56, tokens_remaining: 2303, call: scores, phase: playing
2026-06-13 18:07:57, tokens_remaining: 2302, call: scores, phase: playing
2026-06-13 18:07:57, tokens_remaining: 2302, call: scores, phase: playing
2026-06-13 18:07:58, tokens_remaining: 2301, call: scores, phase: playing
2026-06-13 18:07:59, tokens_remaining: 2301, call: scores, phase: playing
2026-06-13 18:08:00, tokens_remaining: 2300, call: scores, phase: playing
2026-06-13 18:08:01, tokens_remaining: 2299, call: events, phase: playing
2026-06-13 18:08:02, tokens_remaining: 2298, call: scores, phase: playing
2026-06-13 18:08:02, tokens_remaining: 2298, call: scores, phase: playing
2026-06-13 18:08:03, tokens_remaining: 2297, call: scores, phase: playing
2026-06-13 18:08:04, tokens_remaining: 2297, call: scores, phase: playing
2026-06-13 18:08:05, tokens_remaining: 2296, call: scores, phase: playing
2026-06-13 18:08:05, tokens_remaining: 2296, call: scores, phase: playing
2026-06-13 18:08:06, tokens_remaining: 2295, call: scores, phase: playing
2026-06-13 18:08:07, tokens_remaining: 2295, call: scores, phase: playing
2026-06-13 18:08:08, tokens_remaining: 2294, call: scores, phase: playing
2026-06-13 18:08:09, tokens_remaining: 2293, call: events, phase: playing
2026-06-13 18:08:09, tokens_remaining: 2292, call: scores, phase: playing
2026-06-13 18:08:10, tokens_remaining: 2292, call: scores, phase: playing
2026-06-13 18:08:11, tokens_remaining: 2291, call: scores, phase: playing
2026-06-13 18:08:12, tokens_remaining: 2291, call: scores, phase: playing
2026-06-13 18:08:12, tokens_remaining: 2290, call: scores, phase: playing
2026-06-13 18:08:13, tokens_remaining: 2290, call: scores, phase: playing
2026-06-13 18:08:14, tokens_remaining: 2289, call: scores, phase: playing
2026-06-13 18:08:14, tokens_remaining: 2289, call: scores, phase: playing
2026-06-13 18:08:15, tokens_remaining: 2288, call: scores, phase: playing
2026-06-13 18:08:16, tokens_remaining: 2287, call: events, phase: playing
2026-06-13 18:08:17, tokens_remaining: 2286, call: scores, phase: playing
2026-06-13 18:08:18, tokens_remaining: 2286, call: scores, phase: playing
2026-06-13 18:08:18, tokens_remaining: 2285, call: scores, phase: playing
2026-06-13 18:08:19, tokens_remaining: 2285, call: scores, phase: playing
2026-06-13 18:08:20, tokens_remaining: 2284, call: scores, phase: playing
2026-06-13 18:08:21, tokens_remaining: 2284, call: scores, phase: playing
2026-06-13 18:08:21, tokens_remaining: 2283, call: scores, phase: playing
2026-06-13 18:08:22, tokens_remaining: 2283, call: scores, phase: playing
2026-06-13 18:08:23, tokens_remaining: 2282, call: scores, phase: playing
2026-06-13 18:08:24, tokens_remaining: 2281, call: events, phase: playing
2026-06-13 18:08:25, tokens_remaining: 2280, call: scores, phase: playing
2026-06-13 18:08:25, tokens_remaining: 2280, call: scores, phase: playing
2026-06-13 18:08:26, tokens_remaining: 2279, call: scores, phase: playing
2026-06-13 18:08:27, tokens_remaining: 2279, call: scores, phase: playing
2026-06-13 18:08:27, tokens_remaining: 2278, call: scores, phase: playing
2026-06-13 18:08:28, tokens_remaining: 2278, call: scores, phase: playing
2026-06-13 18:08:29, tokens_remaining: 2277, call: scores, phase: playing
2026-06-13 18:08:29, tokens_remaining: 2277, call: scores, phase: playing
2026-06-13 18:08:30, tokens_remaining: 2276, call: scores, phase: playing
2026-06-13 18:08:31, tokens_remaining: 2275, call: events, phase: playing
2026-06-13 18:08:32, tokens_remaining: 2274, call: scores, phase: playing
2026-06-13 18:08:33, tokens_remaining: 2274, call: scores, phase: playing
2026-06-13 18:08:33, tokens_remaining: 2273, call: scores, phase: playing
2026-06-13 18:08:34, tokens_remaining: 2273, call: scores, phase: playing
2026-06-13 18:08:35, tokens_remaining: 2272, call: scores, phase: playing
2026-06-13 18:08:35, tokens_remaining: 2272, call: scores, phase: playing
2026-06-13 18:08:36, tokens_remaining: 2271, call: scores, phase: playing
2026-06-13 18:08:37, tokens_remaining: 2271, call: scores, phase: playing
2026-06-13 18:08:38, tokens_remaining: 2270, call: scores, phase: playing
2026-06-13 18:08:39, tokens_remaining: 2269, call: events, phase: playing
2026-06-13 18:08:40, tokens_remaining: 2268, call: scores, phase: playing
2026-06-13 18:08:40, tokens_remaining: 2268, call: scores, phase: playing
2026-06-13 18:08:41, tokens_remaining: 2267, call: scores, phase: playing
2026-06-13 18:08:42, tokens_remaining: 2267, call: scores, phase: playing
2026-06-13 18:08:42, tokens_remaining: 2266, call: scores, phase: playing
2026-06-13 18:08:43, tokens_remaining: 2266, call: scores, phase: playing
2026-06-13 18:08:44, tokens_remaining: 2265, call: scores, phase: playing
2026-06-13 18:08:44, tokens_remaining: 2265, call: scores, phase: playing
2026-06-13 18:08:45, tokens_remaining: 2264, call: scores, phase: playing
2026-06-13 18:08:46, tokens_remaining: 2263, call: events, phase: playing
2026-06-13 18:08:47, tokens_remaining: 2262, call: scores, phase: playing
2026-06-13 18:08:48, tokens_remaining: 2262, call: scores, phase: playing
2026-06-13 18:08:48, tokens_remaining: 2261, call: scores, phase: playing
2026-06-13 18:08:49, tokens_remaining: 2261, call: scores, phase: playing
2026-06-13 18:08:50, tokens_remaining: 2260, call: scores, phase: playing
2026-06-13 18:08:50, tokens_remaining: 2260, call: scores, phase: playing
2026-06-13 18:08:51, tokens_remaining: 2259, call: scores, phase: playing
2026-06-13 18:08:52, tokens_remaining: 2259, call: scores, phase: playing
2026-06-13 18:08:53, tokens_remaining: 2258, call: scores, phase: playing
2026-06-13 18:08:54, tokens_remaining: 2257, call: events, phase: playing
2026-06-13 18:08:54, tokens_remaining: 2256, call: scores, phase: playing
2026-06-13 18:08:55, tokens_remaining: 2256, call: scores, phase: playing
2026-06-13 18:08:56, tokens_remaining: 2255, call: scores, phase: playing
2026-06-13 18:08:56, tokens_remaining: 2255, call: scores, phase: playing
2026-06-13 18:08:57, tokens_remaining: 2254, call: scores, phase: playing
2026-06-13 18:08:58, tokens_remaining: 2254, call: scores, phase: playing
2026-06-13 18:08:59, tokens_remaining: 2253, call: scores, phase: playing
2026-06-13 18:08:59, tokens_remaining: 2253, call: scores, phase: playing
2026-06-13 18:09:00, tokens_remaining: 2252, call: scores, phase: playing
2026-06-13 18:09:01, tokens_remaining: 2251, call: events, phase: playing
2026-06-13 18:09:02, tokens_remaining: 2250, call: scores, phase: playing
2026-06-13 18:09:03, tokens_remaining: 2250, call: scores, phase: playing
2026-06-13 18:09:03, tokens_remaining: 2249, call: scores, phase: playing
2026-06-13 18:09:04, tokens_remaining: 2249, call: scores, phase: playing
2026-06-13 18:09:05, tokens_remaining: 2248, call: scores, phase: playing
2026-06-13 18:09:05, tokens_remaining: 2248, call: scores, phase: playing
2026-06-13 18:09:06, tokens_remaining: 2247, call: scores, phase: playing
2026-06-13 18:09:07, tokens_remaining: 2247, call: scores, phase: playing
2026-06-13 18:09:08, tokens_remaining: 2246, call: scores, phase: playing
2026-06-13 18:09:08, tokens_remaining: 2245, call: events, phase: playing
2026-06-13 18:09:09, tokens_remaining: 2244, call: scores, phase: playing
2026-06-13 18:09:10, tokens_remaining: 2244, call: scores, phase: playing
2026-06-13 18:09:11, tokens_remaining: 2243, call: scores, phase: playing
2026-06-13 18:09:11, tokens_remaining: 2243, call: scores, phase: playing
2026-06-13 18:09:12, tokens_remaining: 2242, call: scores, phase: playing
2026-06-13 18:09:13, tokens_remaining: 2242, call: scores, phase: playing
2026-06-13 18:09:14, tokens_remaining: 2241, call: scores, phase: playing
2026-06-13 18:09:14, tokens_remaining: 2241, call: scores, phase: playing
2026-06-13 18:09:15, tokens_remaining: 2240, call: scores, phase: playing
2026-06-13 18:09:16, tokens_remaining: 2239, call: events, phase: playing
2026-06-13 18:09:17, tokens_remaining: 2238, call: scores, phase: playing
2026-06-13 18:09:17, tokens_remaining: 2238, call: scores, phase: playing
2026-06-13 18:09:18, tokens_remaining: 2237, call: scores, phase: playing
2026-06-13 18:09:19, tokens_remaining: 2237, call: scores, phase: playing
2026-06-13 18:09:20, tokens_remaining: 2236, call: scores, phase: playing
2026-06-13 18:09:20, tokens_remaining: 2236, call: scores, phase: playing
2026-06-13 18:09:21, tokens_remaining: 2235, call: scores, phase: playing
2026-06-13 18:09:22, tokens_remaining: 2235, call: scores, phase: playing
2026-06-13 18:09:22, tokens_remaining: 2234, call: scores, phase: playing
2026-06-13 18:09:23, tokens_remaining: 2233, call: events, phase: playing
2026-06-13 18:09:24, tokens_remaining: 2232, call: scores, phase: playing
2026-06-13 18:09:25, tokens_remaining: 2232, call: scores, phase: playing
2026-06-13 18:09:26, tokens_remaining: 2231, call: scores, phase: playing
2026-06-13 18:09:26, tokens_remaining: 2231, call: scores, phase: playing
2026-06-13 18:09:27, tokens_remaining: 2230, call: scores, phase: playing
2026-06-13 18:09:28, tokens_remaining: 2230, call: scores, phase: playing
2026-06-13 18:09:28, tokens_remaining: 2229, call: scores, phase: playing
2026-06-13 18:09:29, tokens_remaining: 2229, call: scores, phase: playing
2026-06-13 18:09:30, tokens_remaining: 2228, call: scores, phase: playing
2026-06-13 18:09:31, tokens_remaining: 2227, call: events, phase: playing
2026-06-13 18:09:31, tokens_remaining: 2226, call: scores, phase: playing
2026-06-13 18:09:32, tokens_remaining: 2226, call: scores, phase: playing
2026-06-13 18:09:33, tokens_remaining: 2225, call: scores, phase: playing
2026-06-13 18:09:33, tokens_remaining: 2225, call: scores, phase: playing
2026-06-13 18:09:34, tokens_remaining: 2224, call: scores, phase: playing
2026-06-13 18:09:35, tokens_remaining: 2224, call: scores, phase: playing
2026-06-13 18:09:36, tokens_remaining: 2223, call: scores, phase: playing
2026-06-13 18:09:36, tokens_remaining: 2223, call: scores, phase: playing
2026-06-13 18:09:37, tokens_remaining: 2222, call: scores, phase: playing
2026-06-13 18:09:38, tokens_remaining: 2221, call: events, phase: playing
2026-06-13 18:09:39, tokens_remaining: 2220, call: scores, phase: playing
2026-06-13 18:09:39, tokens_remaining: 2220, call: scores, phase: playing
2026-06-13 18:09:40, tokens_remaining: 2219, call: scores, phase: playing
2026-06-13 18:09:41, tokens_remaining: 2219, call: scores, phase: playing
2026-06-13 18:09:42, tokens_remaining: 2218, call: scores, phase: playing
2026-06-13 18:09:42, tokens_remaining: 2218, call: scores, phase: playing
2026-06-13 18:09:43, tokens_remaining: 2217, call: scores, phase: playing
2026-06-13 18:09:44, tokens_remaining: 2217, call: scores, phase: playing
2026-06-13 18:09:44, tokens_remaining: 2216, call: scores, phase: playing
2026-06-13 18:09:45, tokens_remaining: 2215, call: events, phase: playing
2026-06-13 18:09:46, tokens_remaining: 2214, call: scores, phase: playing
2026-06-13 18:09:47, tokens_remaining: 2214, call: scores, phase: playing
2026-06-13 18:09:48, tokens_remaining: 2213, call: scores, phase: playing
2026-06-13 18:09:48, tokens_remaining: 2213, call: scores, phase: playing
2026-06-13 18:09:49, tokens_remaining: 2212, call: scores, phase: playing
2026-06-13 18:09:50, tokens_remaining: 2212, call: scores, phase: playing
2026-06-13 18:09:50, tokens_remaining: 2211, call: scores, phase: playing
2026-06-13 18:09:51, tokens_remaining: 2211, call: scores, phase: playing
2026-06-13 18:09:52, tokens_remaining: 2210, call: scores, phase: playing
2026-06-13 18:09:53, tokens_remaining: 2209, call: events, phase: playing
2026-06-13 18:09:54, tokens_remaining: 2208, call: scores, phase: playing
2026-06-13 18:09:54, tokens_remaining: 2208, call: scores, phase: playing
2026-06-13 18:09:55, tokens_remaining: 2207, call: scores, phase: playing
2026-06-13 18:09:56, tokens_remaining: 2207, call: scores, phase: playing
2026-06-13 18:09:56, tokens_remaining: 2206, call: scores, phase: playing
2026-06-13 18:09:57, tokens_remaining: 2206, call: scores, phase: playing
2026-06-13 18:09:58, tokens_remaining: 2205, call: scores, phase: playing
2026-06-13 18:09:58, tokens_remaining: 2205, call: scores, phase: playing
2026-06-13 18:09:59, tokens_remaining: 2204, call: scores, phase: playing
2026-06-13 18:10:00, tokens_remaining: 2203, call: events, phase: playing
2026-06-13 18:10:01, tokens_remaining: 2202, call: scores, phase: playing
2026-06-13 18:10:01, tokens_remaining: 2202, call: scores, phase: playing
2026-06-13 18:10:02, tokens_remaining: 2201, call: scores, phase: playing
2026-06-13 18:10:03, tokens_remaining: 2201, call: scores, phase: playing
2026-06-13 18:10:04, tokens_remaining: 2200, call: scores, phase: playing
2026-06-13 18:10:04, tokens_remaining: 2200, call: scores, phase: playing
2026-06-13 18:10:05, tokens_remaining: 2199, call: scores, phase: playing
2026-06-13 18:10:06, tokens_remaining: 2199, call: scores, phase: playing
2026-06-13 18:10:06, tokens_remaining: 2198, call: scores, phase: playing
2026-06-13 18:10:07, tokens_remaining: 2197, call: events, phase: playing
2026-06-13 18:10:08, tokens_remaining: 2196, call: scores, phase: playing
2026-06-13 18:10:09, tokens_remaining: 2196, call: scores, phase: playing
2026-06-13 18:10:10, tokens_remaining: 2195, call: scores, phase: playing
2026-06-13 18:10:10, tokens_remaining: 2195, call: scores, phase: playing
2026-06-13 18:10:11, tokens_remaining: 2194, call: scores, phase: playing
2026-06-13 18:10:12, tokens_remaining: 2194, call: scores, phase: playing
2026-06-13 18:10:12, tokens_remaining: 2193, call: scores, phase: playing
2026-06-13 18:10:13, tokens_remaining: 2193, call: scores, phase: playing
2026-06-13 18:10:14, tokens_remaining: 2192, call: scores, phase: playing
2026-06-13 18:10:15, tokens_remaining: 2191, call: events, phase: playing
2026-06-13 18:10:16, tokens_remaining: 2190, call: scores, phase: playing
2026-06-13 18:10:16, tokens_remaining: 2190, call: scores, phase: playing
2026-06-13 18:10:17, tokens_remaining: 2189, call: scores, phase: playing
2026-06-13 18:10:18, tokens_remaining: 2189, call: scores, phase: playing
2026-06-13 18:10:18, tokens_remaining: 2188, call: scores, phase: playing
2026-06-13 18:10:19, tokens_remaining: 2188, call: scores, phase: playing
2026-06-13 18:10:20, tokens_remaining: 2187, call: scores, phase: playing
2026-06-13 18:10:20, tokens_remaining: 2187, call: scores, phase: playing
2026-06-13 18:10:21, tokens_remaining: 2186, call: scores, phase: playing
2026-06-13 18:10:22, tokens_remaining: 2185, call: events, phase: playing
2026-06-13 18:10:23, tokens_remaining: 2184, call: scores, phase: playing
2026-06-13 18:10:23, tokens_remaining: 2184, call: scores, phase: playing
2026-06-13 18:10:24, tokens_remaining: 2183, call: scores, phase: playing
2026-06-13 18:10:25, tokens_remaining: 2183, call: scores, phase: playing
2026-06-13 18:10:26, tokens_remaining: 2182, call: scores, phase: playing
2026-06-13 18:10:26, tokens_remaining: 2182, call: scores, phase: playing
2026-06-13 18:10:27, tokens_remaining: 2181, call: scores, phase: playing
2026-06-13 18:10:28, tokens_remaining: 2181, call: scores, phase: playing
2026-06-13 18:10:28, tokens_remaining: 2180, call: scores, phase: playing
2026-06-13 18:10:29, tokens_remaining: 2179, call: events, phase: playing
2026-06-13 18:10:30, tokens_remaining: 2178, call: scores, phase: playing
2026-06-13 18:10:31, tokens_remaining: 2178, call: scores, phase: playing
2026-06-13 18:10:31, tokens_remaining: 2177, call: scores, phase: playing
2026-06-13 18:10:32, tokens_remaining: 2177, call: scores, phase: playing
2026-06-13 18:10:33, tokens_remaining: 2176, call: scores, phase: playing
2026-06-13 18:10:33, tokens_remaining: 2176, call: scores, phase: playing
2026-06-13 18:10:34, tokens_remaining: 2175, call: scores, phase: playing
2026-06-13 18:10:35, tokens_remaining: 2175, call: scores, phase: playing
2026-06-13 18:10:36, tokens_remaining: 2174, call: scores, phase: playing
2026-06-13 18:10:36, tokens_remaining: 2173, call: events, phase: playing
2026-06-13 18:10:37, tokens_remaining: 2172, call: scores, phase: playing
2026-06-13 18:10:38, tokens_remaining: 2172, call: scores, phase: playing
2026-06-13 18:10:39, tokens_remaining: 2171, call: scores, phase: playing
2026-06-13 18:10:39, tokens_remaining: 2171, call: scores, phase: playing
2026-06-13 18:10:40, tokens_remaining: 2170, call: scores, phase: playing
2026-06-13 18:10:41, tokens_remaining: 2170, call: scores, phase: playing
2026-06-13 18:10:41, tokens_remaining: 2169, call: scores, phase: playing
2026-06-13 18:10:42, tokens_remaining: 2169, call: scores, phase: playing
2026-06-13 18:10:43, tokens_remaining: 2168, call: scores, phase: playing
2026-06-13 18:10:44, tokens_remaining: 2167, call: events, phase: playing
2026-06-13 18:10:44, tokens_remaining: 2166, call: scores, phase: playing
2026-06-13 18:10:45, tokens_remaining: 2166, call: scores, phase: playing
2026-06-13 18:10:46, tokens_remaining: 2165, call: scores, phase: playing
2026-06-13 18:10:46, tokens_remaining: 2165, call: scores, phase: playing
2026-06-13 18:10:47, tokens_remaining: 2164, call: scores, phase: playing
2026-06-13 18:10:48, tokens_remaining: 2164, call: scores, phase: playing
2026-06-13 18:10:49, tokens_remaining: 2163, call: scores, phase: playing
2026-06-13 18:10:49, tokens_remaining: 2163, call: scores, phase: playing
2026-06-13 18:10:50, tokens_remaining: 2162, call: scores, phase: playing
2026-06-13 18:10:51, tokens_remaining: 2161, call: events, phase: playing
2026-06-13 18:10:52, tokens_remaining: 2160, call: scores, phase: playing
2026-06-13 18:10:52, tokens_remaining: 2160, call: scores, phase: playing
2026-06-13 18:10:53, tokens_remaining: 2159, call: scores, phase: playing
2026-06-13 18:10:54, tokens_remaining: 2159, call: scores, phase: playing
2026-06-13 18:10:54, tokens_remaining: 2158, call: scores, phase: playing
2026-06-13 18:10:55, tokens_remaining: 2158, call: scores, phase: playing
2026-06-13 18:10:56, tokens_remaining: 2157, call: scores, phase: playing
2026-06-13 18:10:56, tokens_remaining: 2157, call: scores, phase: playing
2026-06-13 18:10:57, tokens_remaining: 2156, call: scores, phase: playing
2026-06-13 18:10:58, tokens_remaining: 2155, call: events, phase: playing
2026-06-13 18:10:59, tokens_remaining: 2154, call: scores, phase: playing
2026-06-13 18:10:59, tokens_remaining: 2154, call: scores, phase: playing
2026-06-13 18:11:00, tokens_remaining: 2153, call: scores, phase: playing
2026-06-13 18:11:01, tokens_remaining: 2153, call: scores, phase: playing
2026-06-13 18:11:02, tokens_remaining: 2152, call: scores, phase: playing
2026-06-13 18:11:02, tokens_remaining: 2152, call: scores, phase: playing
2026-06-13 18:11:03, tokens_remaining: 2151, call: scores, phase: playing
2026-06-13 18:11:03, tokens_remaining: 2151, call: scores, phase: playing
2026-06-13 18:11:04, tokens_remaining: 2150, call: scores, phase: playing
2026-06-13 18:11:05, tokens_remaining: 2149, call: events, phase: playing
2026-06-13 18:11:06, tokens_remaining: 2148, call: scores, phase: playing
2026-06-13 18:11:07, tokens_remaining: 2148, call: scores, phase: playing
2026-06-13 18:11:07, tokens_remaining: 2147, call: scores, phase: playing
2026-06-13 18:11:08, tokens_remaining: 2147, call: scores, phase: playing
2026-06-13 18:11:09, tokens_remaining: 2146, call: scores, phase: playing
2026-06-13 18:11:09, tokens_remaining: 2146, call: scores, phase: playing
2026-06-13 18:11:10, tokens_remaining: 2145, call: scores, phase: playing
2026-06-13 18:11:11, tokens_remaining: 2145, call: scores, phase: playing
2026-06-13 18:11:11, tokens_remaining: 2144, call: scores, phase: playing
2026-06-13 18:11:12, tokens_remaining: 2143, call: events, phase: playing
2026-06-13 18:11:13, tokens_remaining: 2142, call: scores, phase: playing
2026-06-13 18:11:14, tokens_remaining: 2142, call: scores, phase: playing
2026-06-13 18:11:14, tokens_remaining: 2141, call: scores, phase: playing
2026-06-13 18:11:15, tokens_remaining: 2141, call: scores, phase: playing
2026-06-13 18:11:16, tokens_remaining: 2140, call: scores, phase: playing
2026-06-13 18:11:16, tokens_remaining: 2140, call: scores, phase: playing
2026-06-13 18:11:17, tokens_remaining: 2139, call: scores, phase: playing
2026-06-13 18:11:18, tokens_remaining: 2139, call: scores, phase: playing
2026-06-13 18:11:19, tokens_remaining: 2138, call: scores, phase: playing
2026-06-13 18:11:19, tokens_remaining: 2137, call: events, phase: playing
2026-06-13 18:11:20, tokens_remaining: 2136, call: scores, phase: playing
2026-06-13 18:11:21, tokens_remaining: 2136, call: scores, phase: playing
2026-06-13 18:11:22, tokens_remaining: 2135, call: scores, phase: playing
2026-06-13 18:11:22, tokens_remaining: 2135, call: scores, phase: playing
2026-06-13 18:11:23, tokens_remaining: 2134, call: scores, phase: playing
2026-06-13 18:11:24, tokens_remaining: 2134, call: scores, phase: playing
2026-06-13 18:11:24, tokens_remaining: 2133, call: scores, phase: playing
2026-06-13 18:11:25, tokens_remaining: 2133, call: scores, phase: playing
2026-06-13 18:11:26, tokens_remaining: 2132, call: scores, phase: playing
2026-06-13 18:11:27, tokens_remaining: 2131, call: events, phase: playing
2026-06-13 18:11:27, tokens_remaining: 2130, call: scores, phase: playing
2026-06-13 18:11:28, tokens_remaining: 2130, call: scores, phase: playing
2026-06-13 18:11:29, tokens_remaining: 2129, call: scores, phase: playing
2026-06-13 18:11:29, tokens_remaining: 2129, call: scores, phase: playing
2026-06-13 18:11:30, tokens_remaining: 2128, call: scores, phase: playing
2026-06-13 18:11:31, tokens_remaining: 2128, call: scores, phase: playing
2026-06-13 18:11:31, tokens_remaining: 2127, call: scores, phase: playing
2026-06-13 18:11:32, tokens_remaining: 2127, call: scores, phase: playing
2026-06-13 18:11:33, tokens_remaining: 2126, call: scores, phase: playing
2026-06-13 18:11:34, tokens_remaining: 2125, call: events, phase: playing
2026-06-13 18:11:34, tokens_remaining: 2124, call: scores, phase: playing
2026-06-13 18:11:35, tokens_remaining: 2124, call: scores, phase: playing
2026-06-13 18:11:36, tokens_remaining: 2123, call: scores, phase: playing
2026-06-13 18:11:36, tokens_remaining: 2123, call: scores, phase: playing
2026-06-13 18:11:37, tokens_remaining: 2122, call: scores, phase: playing
2026-06-13 18:11:38, tokens_remaining: 2122, call: scores, phase: playing
2026-06-13 18:11:38, tokens_remaining: 2121, call: scores, phase: playing
2026-06-13 18:11:39, tokens_remaining: 2121, call: scores, phase: playing
2026-06-13 18:11:40, tokens_remaining: 2120, call: scores, phase: playing
2026-06-13 18:11:41, tokens_remaining: 2119, call: events, phase: playing
2026-06-13 18:11:41, tokens_remaining: 2118, call: scores, phase: playing
2026-06-13 18:11:42, tokens_remaining: 2118, call: scores, phase: playing
2026-06-13 18:11:43, tokens_remaining: 2117, call: scores, phase: playing
2026-06-13 18:11:43, tokens_remaining: 2117, call: scores, phase: playing
2026-06-13 18:11:44, tokens_remaining: 2116, call: scores, phase: playing
2026-06-13 18:11:45, tokens_remaining: 2116, call: scores, phase: playing
2026-06-13 18:11:45, tokens_remaining: 2115, call: scores, phase: playing
2026-06-13 18:11:46, tokens_remaining: 2115, call: scores, phase: playing
2026-06-13 18:11:47, tokens_remaining: 2114, call: scores, phase: playing
2026-06-13 18:11:48, tokens_remaining: 2113, call: events, phase: playing
2026-06-13 18:11:48, tokens_remaining: 2112, call: scores, phase: playing
2026-06-13 18:11:49, tokens_remaining: 2112, call: scores, phase: playing
2026-06-13 18:11:50, tokens_remaining: 2111, call: scores, phase: playing
2026-06-13 18:11:50, tokens_remaining: 2111, call: scores, phase: playing
2026-06-13 18:11:51, tokens_remaining: 2110, call: scores, phase: playing
2026-06-13 18:11:52, tokens_remaining: 2110, call: scores, phase: playing
2026-06-13 18:11:52, tokens_remaining: 2109, call: scores, phase: playing
2026-06-13 18:11:53, tokens_remaining: 2109, call: scores, phase: playing
2026-06-13 18:11:54, tokens_remaining: 2108, call: scores, phase: playing
2026-06-13 18:11:55, tokens_remaining: 2107, call: events, phase: playing
2026-06-13 18:11:55, tokens_remaining: 2106, call: scores, phase: playing
2026-06-13 18:11:56, tokens_remaining: 2106, call: scores, phase: playing
2026-06-13 18:11:57, tokens_remaining: 2105, call: scores, phase: playing
2026-06-13 18:11:57, tokens_remaining: 2105, call: scores, phase: playing
2026-06-13 18:11:58, tokens_remaining: 2104, call: scores, phase: playing
2026-06-13 18:11:59, tokens_remaining: 2104, call: scores, phase: playing
2026-06-13 18:11:59, tokens_remaining: 2103, call: scores, phase: playing
2026-06-13 18:12:00, tokens_remaining: 2103, call: scores, phase: playing
2026-06-13 18:12:01, tokens_remaining: 2102, call: scores, phase: playing
2026-06-13 18:12:02, tokens_remaining: 2101, call: events, phase: playing
2026-06-13 18:12:02, tokens_remaining: 2100, call: scores, phase: playing
2026-06-13 18:12:03, tokens_remaining: 2100, call: scores, phase: playing
2026-06-13 18:12:04, tokens_remaining: 2099, call: scores, phase: playing
2026-06-13 18:12:04, tokens_remaining: 2099, call: scores, phase: playing
2026-06-13 18:12:05, tokens_remaining: 2098, call: scores, phase: playing
2026-06-13 18:12:06, tokens_remaining: 2098, call: scores, phase: playing
2026-06-13 18:12:06, tokens_remaining: 2097, call: scores, phase: playing
2026-06-13 18:12:07, tokens_remaining: 2097, call: scores, phase: playing
2026-06-13 18:12:08, tokens_remaining: 2096, call: scores, phase: playing
2026-06-13 18:12:08, tokens_remaining: 2095, call: events, phase: playing
2026-06-13 18:12:09, tokens_remaining: 2094, call: scores, phase: playing
2026-06-13 18:12:10, tokens_remaining: 2094, call: scores, phase: playing
2026-06-13 18:12:11, tokens_remaining: 2093, call: scores, phase: playing
2026-06-13 18:12:11, tokens_remaining: 2093, call: scores, phase: playing
2026-06-13 18:12:12, tokens_remaining: 2092, call: scores, phase: playing
2026-06-13 18:12:13, tokens_remaining: 2092, call: scores, phase: playing
2026-06-13 18:12:13, tokens_remaining: 2091, call: scores, phase: playing
2026-06-13 18:12:14, tokens_remaining: 2091, call: scores, phase: playing
2026-06-13 18:12:15, tokens_remaining: 2090, call: scores, phase: playing
2026-06-13 18:12:15, tokens_remaining: 2089, call: events, phase: playing
2026-06-13 18:12:16, tokens_remaining: 2088, call: scores, phase: playing
2026-06-13 18:12:17, tokens_remaining: 2088, call: scores, phase: playing
2026-06-13 18:12:18, tokens_remaining: 2087, call: scores, phase: playing
2026-06-13 18:12:18, tokens_remaining: 2087, call: scores, phase: playing
2026-06-13 18:12:19, tokens_remaining: 2086, call: scores, phase: playing
2026-06-13 18:12:19, tokens_remaining: 2086, call: scores, phase: playing
2026-06-13 18:12:20, tokens_remaining: 2085, call: scores, phase: playing
2026-06-13 18:12:21, tokens_remaining: 2085, call: scores, phase: playing
2026-06-13 18:12:22, tokens_remaining: 2084, call: scores, phase: playing
2026-06-13 18:12:22, tokens_remaining: 2083, call: events, phase: playing
2026-06-13 18:12:23, tokens_remaining: 2082, call: scores, phase: playing
2026-06-13 18:12:24, tokens_remaining: 2082, call: scores, phase: playing
2026-06-13 18:12:24, tokens_remaining: 2081, call: scores, phase: playing
2026-06-13 18:12:25, tokens_remaining: 2081, call: scores, phase: playing
2026-06-13 18:12:26, tokens_remaining: 2080, call: scores, phase: playing
2026-06-13 18:12:26, tokens_remaining: 2080, call: scores, phase: playing
2026-06-13 18:12:27, tokens_remaining: 2079, call: scores, phase: playing
2026-06-13 18:12:28, tokens_remaining: 2079, call: scores, phase: playing
2026-06-13 18:12:28, tokens_remaining: 2078, call: scores, phase: playing
2026-06-13 18:12:29, tokens_remaining: 2077, call: events, phase: playing
2026-06-13 18:12:30, tokens_remaining: 2076, call: scores, phase: playing
2026-06-13 18:12:31, tokens_remaining: 2076, call: scores, phase: playing
2026-06-13 18:12:31, tokens_remaining: 2075, call: scores, phase: playing
2026-06-13 18:12:32, tokens_remaining: 2075, call: scores, phase: playing
2026-06-13 18:12:33, tokens_remaining: 2074, call: scores, phase: playing
2026-06-13 18:12:33, tokens_remaining: 2074, call: scores, phase: playing
2026-06-13 18:12:34, tokens_remaining: 2073, call: scores, phase: playing
2026-06-13 18:12:35, tokens_remaining: 2073, call: scores, phase: playing
2026-06-13 18:12:35, tokens_remaining: 2072, call: scores, phase: playing
2026-06-13 18:12:36, tokens_remaining: 2071, call: events, phase: playing
2026-06-13 18:12:37, tokens_remaining: 2070, call: scores, phase: playing
2026-06-13 18:12:37, tokens_remaining: 2070, call: scores, phase: playing
2026-06-13 18:12:38, tokens_remaining: 2069, call: scores, phase: playing
2026-06-13 18:12:39, tokens_remaining: 2069, call: scores, phase: playing
2026-06-13 18:12:40, tokens_remaining: 2068, call: scores, phase: playing
2026-06-13 18:12:40, tokens_remaining: 2068, call: scores, phase: playing
2026-06-13 18:12:41, tokens_remaining: 2067, call: scores, phase: playing
2026-06-13 18:12:41, tokens_remaining: 2067, call: scores, phase: playing
2026-06-13 18:12:42, tokens_remaining: 2066, call: scores, phase: playing
2026-06-13 18:12:43, tokens_remaining: 2065, call: events, phase: playing
2026-06-13 18:12:44, tokens_remaining: 2064, call: scores, phase: playing
2026-06-13 18:12:44, tokens_remaining: 2064, call: scores, phase: playing
2026-06-13 18:12:45, tokens_remaining: 2063, call: scores, phase: playing
2026-06-13 18:12:46, tokens_remaining: 2063, call: scores, phase: playing
2026-06-13 18:12:46, tokens_remaining: 2062, call: scores, phase: playing
2026-06-13 18:12:47, tokens_remaining: 2062, call: scores, phase: playing
2026-06-13 18:12:48, tokens_remaining: 2061, call: scores, phase: playing
2026-06-13 18:12:48, tokens_remaining: 2061, call: scores, phase: playing
2026-06-13 18:12:49, tokens_remaining: 2060, call: scores, phase: playing
2026-06-13 18:12:50, tokens_remaining: 2059, call: events, phase: playing
2026-06-13 18:12:51, tokens_remaining: 2058, call: scores, phase: playing
2026-06-13 18:12:51, tokens_remaining: 2058, call: scores, phase: playing
2026-06-13 18:12:52, tokens_remaining: 2057, call: scores, phase: playing
2026-06-13 18:12:52, tokens_remaining: 2057, call: scores, phase: playing
2026-06-13 18:12:53, tokens_remaining: 2056, call: scores, phase: playing
2026-06-13 18:12:54, tokens_remaining: 2056, call: scores, phase: playing
2026-06-13 18:12:55, tokens_remaining: 2055, call: scores, phase: playing
2026-06-13 18:12:55, tokens_remaining: 2055, call: scores, phase: playing
2026-06-13 18:12:56, tokens_remaining: 2054, call: scores, phase: playing
2026-06-13 18:12:57, tokens_remaining: 2053, call: events, phase: playing
2026-06-13 18:12:57, tokens_remaining: 2052, call: scores, phase: playing
2026-06-13 18:12:58, tokens_remaining: 2052, call: scores, phase: playing
2026-06-13 18:12:59, tokens_remaining: 2051, call: scores, phase: playing
2026-06-13 18:12:59, tokens_remaining: 2051, call: scores, phase: playing
2026-06-13 18:13:00, tokens_remaining: 2050, call: scores, phase: playing
2026-06-13 18:13:01, tokens_remaining: 2050, call: scores, phase: playing
2026-06-13 18:13:01, tokens_remaining: 2049, call: scores, phase: playing
2026-06-13 18:13:02, tokens_remaining: 2049, call: scores, phase: playing
2026-06-13 18:13:03, tokens_remaining: 2048, call: scores, phase: playing
2026-06-13 18:13:04, tokens_remaining: 2047, call: events, phase: playing
2026-06-13 18:13:04, tokens_remaining: 2046, call: scores, phase: playing
2026-06-13 18:13:05, tokens_remaining: 2046, call: scores, phase: playing
2026-06-13 18:13:06, tokens_remaining: 2045, call: scores, phase: playing
2026-06-13 18:13:06, tokens_remaining: 2045, call: scores, phase: playing
2026-06-13 18:13:07, tokens_remaining: 2044, call: scores, phase: playing
2026-06-13 18:13:07, tokens_remaining: 2044, call: scores, phase: playing
2026-06-13 18:13:08, tokens_remaining: 2043, call: scores, phase: playing
2026-06-13 18:13:09, tokens_remaining: 2043, call: scores, phase: playing
2026-06-13 18:13:09, tokens_remaining: 2042, call: scores, phase: playing
2026-06-13 18:13:10, tokens_remaining: 2041, call: events, phase: playing
2026-06-13 18:13:11, tokens_remaining: 2040, call: scores, phase: playing
2026-06-13 18:13:12, tokens_remaining: 2040, call: scores, phase: playing
2026-06-13 18:13:12, tokens_remaining: 2039, call: scores, phase: playing
2026-06-13 18:13:13, tokens_remaining: 2039, call: scores, phase: playing
2026-06-13 18:13:14, tokens_remaining: 2038, call: scores, phase: playing
2026-06-13 18:13:14, tokens_remaining: 2038, call: scores, phase: playing
2026-06-13 18:13:15, tokens_remaining: 2037, call: scores, phase: playing
2026-06-13 18:13:15, tokens_remaining: 2037, call: scores, phase: playing
2026-06-13 18:13:16, tokens_remaining: 2036, call: scores, phase: playing
2026-06-13 18:13:17, tokens_remaining: 2035, call: events, phase: playing
2026-06-13 18:13:18, tokens_remaining: 2034, call: scores, phase: playing
2026-06-13 18:13:18, tokens_remaining: 2034, call: scores, phase: playing
2026-06-13 18:13:19, tokens_remaining: 2033, call: scores, phase: playing
2026-06-13 18:13:20, tokens_remaining: 2033, call: scores, phase: playing
2026-06-13 18:13:20, tokens_remaining: 2032, call: scores, phase: playing
2026-06-13 18:13:21, tokens_remaining: 2032, call: scores, phase: playing
2026-06-13 18:13:22, tokens_remaining: 2031, call: scores, phase: playing
2026-06-13 18:13:22, tokens_remaining: 2031, call: scores, phase: playing
2026-06-13 18:13:23, tokens_remaining: 2030, call: scores, phase: playing
2026-06-13 18:13:24, tokens_remaining: 2029, call: events, phase: playing
2026-06-13 18:13:25, tokens_remaining: 2028, call: scores, phase: playing
2026-06-13 18:13:25, tokens_remaining: 2028, call: scores, phase: playing
2026-06-13 18:13:26, tokens_remaining: 2027, call: scores, phase: playing
2026-06-13 18:13:26, tokens_remaining: 2027, call: scores, phase: playing
2026-06-13 18:13:27, tokens_remaining: 2026, call: scores, phase: playing
2026-06-13 18:13:28, tokens_remaining: 2026, call: scores, phase: playing
2026-06-13 18:13:28, tokens_remaining: 2025, call: scores, phase: playing
2026-06-13 18:13:29, tokens_remaining: 2025, call: scores, phase: playing
2026-06-13 18:13:30, tokens_remaining: 2024, call: scores, phase: playing
2026-06-13 18:13:30, tokens_remaining: 2023, call: events, phase: playing
2026-06-13 18:13:31, tokens_remaining: 2022, call: scores, phase: playing
2026-06-13 18:13:32, tokens_remaining: 2022, call: scores, phase: playing
2026-06-13 18:13:33, tokens_remaining: 2021, call: scores, phase: playing
2026-06-13 18:13:33, tokens_remaining: 2021, call: scores, phase: playing
2026-06-13 18:13:34, tokens_remaining: 2020, call: scores, phase: playing
2026-06-13 18:13:34, tokens_remaining: 2020, call: scores, phase: playing
2026-06-13 18:13:35, tokens_remaining: 2019, call: scores, phase: playing
2026-06-13 18:13:36, tokens_remaining: 2019, call: scores, phase: playing
2026-06-13 18:13:36, tokens_remaining: 2018, call: scores, phase: playing
2026-06-13 18:13:37, tokens_remaining: 2017, call: events, phase: playing
2026-06-13 18:13:38, tokens_remaining: 2016, call: scores, phase: playing
2026-06-13 18:13:38, tokens_remaining: 2016, call: scores, phase: playing
2026-06-13 18:13:39, tokens_remaining: 2015, call: scores, phase: playing
2026-06-13 18:13:40, tokens_remaining: 2015, call: scores, phase: playing
2026-06-13 18:13:40, tokens_remaining: 2014, call: scores, phase: playing
2026-06-13 18:13:41, tokens_remaining: 2014, call: scores, phase: playing
2026-06-13 18:13:42, tokens_remaining: 2013, call: scores, phase: playing
2026-06-13 18:13:42, tokens_remaining: 2013, call: scores, phase: playing
2026-06-13 18:13:43, tokens_remaining: 2012, call: scores, phase: playing
2026-06-13 18:13:44, tokens_remaining: 2011, call: events, phase: playing
2026-06-13 18:13:45, tokens_remaining: 2010, call: scores, phase: playing
2026-06-13 18:13:45, tokens_remaining: 2010, call: scores, phase: playing
2026-06-13 18:13:46, tokens_remaining: 2009, call: scores, phase: playing
2026-06-13 18:13:46, tokens_remaining: 2009, call: scores, phase: playing
2026-06-13 18:13:47, tokens_remaining: 2008, call: scores, phase: playing
2026-06-13 18:13:48, tokens_remaining: 2008, call: scores, phase: playing
2026-06-13 18:13:48, tokens_remaining: 2007, call: scores, phase: playing
2026-06-13 18:13:49, tokens_remaining: 2007, call: scores, phase: playing
2026-06-13 18:13:50, tokens_remaining: 2006, call: scores, phase: playing
2026-06-13 18:13:50, tokens_remaining: 2005, call: events, phase: playing
2026-06-13 18:13:51, tokens_remaining: 2004, call: scores, phase: playing
2026-06-13 18:13:52, tokens_remaining: 2004, call: scores, phase: playing
2026-06-13 18:13:52, tokens_remaining: 2003, call: scores, phase: playing
2026-06-13 18:13:53, tokens_remaining: 2003, call: scores, phase: playing
2026-06-13 18:13:54, tokens_remaining: 2002, call: scores, phase: playing
2026-06-13 18:13:54, tokens_remaining: 2002, call: scores, phase: playing
2026-06-13 18:13:55, tokens_remaining: 2001, call: scores, phase: playing
2026-06-13 18:13:55, tokens_remaining: 2001, call: scores, phase: playing
2026-06-13 18:13:56, tokens_remaining: 2000, call: scores, phase: playing
2026-06-13 18:13:57, tokens_remaining: 1999, call: events, phase: playing
2026-06-13 18:13:58, tokens_remaining: 1998, call: scores, phase: playing
2026-06-13 18:13:58, tokens_remaining: 1998, call: scores, phase: playing
2026-06-13 18:13:59, tokens_remaining: 1997, call: scores, phase: playing
2026-06-13 18:14:00, tokens_remaining: 1997, call: scores, phase: playing
2026-06-13 18:14:00, tokens_remaining: 1996, call: scores, phase: playing
2026-06-13 18:14:01, tokens_remaining: 1996, call: scores, phase: playing
2026-06-13 18:14:02, tokens_remaining: 1995, call: scores, phase: playing
2026-06-13 18:14:02, tokens_remaining: 1995, call: scores, phase: playing
2026-06-13 18:14:03, tokens_remaining: 1994, call: scores, phase: playing
2026-06-13 18:14:04, tokens_remaining: 1993, call: events, phase: playing
2026-06-13 18:14:05, tokens_remaining: 1992, call: scores, phase: playing
2026-06-13 18:14:05, tokens_remaining: 1992, call: scores, phase: playing
2026-06-13 18:14:06, tokens_remaining: 1991, call: scores, phase: playing
2026-06-13 18:14:06, tokens_remaining: 1991, call: scores, phase: playing
2026-06-13 18:14:07, tokens_remaining: 1990, call: scores, phase: playing
2026-06-13 18:14:08, tokens_remaining: 1990, call: scores, phase: playing
2026-06-13 18:14:08, tokens_remaining: 1989, call: scores, phase: playing
2026-06-13 18:14:09, tokens_remaining: 1989, call: scores, phase: playing
2026-06-13 18:14:10, tokens_remaining: 1988, call: scores, phase: playing
2026-06-13 18:14:10, tokens_remaining: 1987, call: events, phase: playing
2026-06-13 18:14:11, tokens_remaining: 1986, call: scores, phase: playing
2026-06-13 18:14:12, tokens_remaining: 1986, call: scores, phase: playing
2026-06-13 18:14:12, tokens_remaining: 1985, call: scores, phase: playing
2026-06-13 18:14:13, tokens_remaining: 1985, call: scores, phase: playing
2026-06-13 18:14:14, tokens_remaining: 1984, call: scores, phase: playing
2026-06-13 18:14:14, tokens_remaining: 1984, call: scores, phase: playing
2026-06-13 18:14:15, tokens_remaining: 1983, call: scores, phase: playing
2026-06-13 18:14:15, tokens_remaining: 1983, call: scores, phase: playing
2026-06-13 18:14:16, tokens_remaining: 1982, call: scores, phase: playing
2026-06-13 18:14:17, tokens_remaining: 1981, call: events, phase: playing
2026-06-13 18:14:18, tokens_remaining: 1980, call: scores, phase: playing
2026-06-13 18:14:18, tokens_remaining: 1980, call: scores, phase: playing
2026-06-13 18:14:19, tokens_remaining: 1979, call: scores, phase: playing
2026-06-13 18:14:19, tokens_remaining: 1979, call: scores, phase: playing
2026-06-13 18:14:20, tokens_remaining: 1979, call: scores, phase: playing
2026-06-13 18:14:21, tokens_remaining: 1978, call: scores, phase: playing
2026-06-13 18:14:21, tokens_remaining: 1978, call: scores, phase: playing
2026-06-13 18:14:22, tokens_remaining: 1977, call: scores, phase: playing
2026-06-13 18:14:22, tokens_remaining: 1977, call: scores, phase: playing
2026-06-13 18:14:23, tokens_remaining: 1976, call: events, phase: playing
2026-06-13 18:14:24, tokens_remaining: 1975, call: scores, phase: playing
2026-06-13 18:14:24, tokens_remaining: 1975, call: scores, phase: playing
2026-06-13 18:14:25, tokens_remaining: 1974, call: scores, phase: playing
2026-06-13 18:14:26, tokens_remaining: 1974, call: scores, phase: playing
2026-06-13 18:14:26, tokens_remaining: 1973, call: scores, phase: playing
2026-06-13 18:14:27, tokens_remaining: 1973, call: scores, phase: playing
2026-06-13 18:14:27, tokens_remaining: 1973, call: scores, phase: playing
2026-06-13 18:14:28, tokens_remaining: 1972, call: scores, phase: playing
2026-06-13 18:14:29, tokens_remaining: 1972, call: scores, phase: playing
2026-06-13 18:14:29, tokens_remaining: 1971, call: events, phase: playing
2026-06-13 18:14:30, tokens_remaining: 1970, call: scores, phase: playing
2026-06-13 18:14:31, tokens_remaining: 1970, call: scores, phase: playing
2026-06-13 18:14:31, tokens_remaining: 1970, call: scores, phase: playing
2026-06-13 18:14:32, tokens_remaining: 1969, call: scores, phase: playing
2026-06-13 18:14:32, tokens_remaining: 1969, call: scores, phase: playing
2026-06-13 18:14:33, tokens_remaining: 1968, call: scores, phase: playing
2026-06-13 18:14:34, tokens_remaining: 1968, call: scores, phase: playing
2026-06-13 18:14:34, tokens_remaining: 1968, call: scores, phase: playing
2026-06-13 18:14:35, tokens_remaining: 1967, call: scores, phase: playing
2026-06-13 18:14:36, tokens_remaining: 1966, call: events, phase: playing
2026-06-13 18:14:36, tokens_remaining: 1965, call: scores, phase: playing
2026-06-13 18:14:37, tokens_remaining: 1965, call: scores, phase: playing
2026-06-13 18:14:38, tokens_remaining: 1964, call: scores, phase: playing
2026-06-13 18:14:38, tokens_remaining: 1964, call: scores, phase: playing
2026-06-13 18:14:39, tokens_remaining: 1964, call: scores, phase: playing
2026-06-13 18:14:39, tokens_remaining: 1963, call: scores, phase: playing
2026-06-13 18:14:40, tokens_remaining: 1963, call: scores, phase: playing
2026-06-13 18:14:41, tokens_remaining: 1962, call: scores, phase: playing
2026-06-13 18:14:41, tokens_remaining: 1962, call: scores, phase: playing
2026-06-13 18:14:42, tokens_remaining: 1961, call: events, phase: playing
2026-06-13 18:14:43, tokens_remaining: 1960, call: scores, phase: playing
2026-06-13 18:14:43, tokens_remaining: 1960, call: scores, phase: playing
2026-06-13 18:14:44, tokens_remaining: 1960, call: scores, phase: playing
2026-06-13 18:14:44, tokens_remaining: 1959, call: scores, phase: playing
2026-06-13 18:14:45, tokens_remaining: 1959, call: scores, phase: playing
2026-06-13 18:14:45, tokens_remaining: 1959, call: scores, phase: playing
2026-06-13 18:14:46, tokens_remaining: 1958, call: scores, phase: playing
2026-06-13 18:14:47, tokens_remaining: 1958, call: scores, phase: playing
2026-06-13 18:14:47, tokens_remaining: 1958, call: scores, phase: playing
2026-06-13 18:14:48, tokens_remaining: 1957, call: events, phase: playing
2026-06-13 18:14:49, tokens_remaining: 1956, call: scores, phase: playing
2026-06-13 18:14:49, tokens_remaining: 1956, call: scores, phase: playing
2026-06-13 18:14:50, tokens_remaining: 1956, call: scores, phase: playing
2026-06-13 18:14:50, tokens_remaining: 1955, call: scores, phase: playing
2026-06-13 18:14:51, tokens_remaining: 1955, call: scores, phase: playing
2026-06-13 18:14:51, tokens_remaining: 1955, call: scores, phase: playing
2026-06-13 18:14:52, tokens_remaining: 1954, call: scores, phase: playing
2026-06-13 18:14:52, tokens_remaining: 1954, call: scores, phase: playing
2026-06-13 18:14:53, tokens_remaining: 1954, call: scores, phase: playing
2026-06-13 18:14:54, tokens_remaining: 1953, call: events, phase: playing
2026-06-13 18:14:54, tokens_remaining: 1952, call: scores, phase: playing
2026-06-13 18:14:55, tokens_remaining: 1952, call: scores, phase: playing
2026-06-13 18:14:56, tokens_remaining: 1951, call: scores, phase: playing
2026-06-13 18:14:56, tokens_remaining: 1951, call: scores, phase: playing
2026-06-13 18:14:57, tokens_remaining: 1950, call: scores, phase: playing
2026-06-13 18:14:57, tokens_remaining: 1950, call: scores, phase: playing
2026-06-13 18:14:58, tokens_remaining: 1950, call: scores, phase: playing
2026-06-13 18:14:59, tokens_remaining: 1949, call: scores, phase: playing
2026-06-13 18:14:59, tokens_remaining: 1949, call: scores, phase: playing
2026-06-13 18:15:00, tokens_remaining: 1948, call: events, phase: playing
2026-06-13 18:15:01, tokens_remaining: 1947, call: scores, phase: playing
2026-06-13 18:15:01, tokens_remaining: 1947, call: scores, phase: playing
2026-06-13 18:15:02, tokens_remaining: 1947, call: scores, phase: playing
2026-06-13 18:15:02, tokens_remaining: 1946, call: scores, phase: playing
2026-06-13 18:15:03, tokens_remaining: 1946, call: scores, phase: playing
2026-06-13 18:15:03, tokens_remaining: 1946, call: scores, phase: playing
2026-06-13 18:15:04, tokens_remaining: 1945, call: scores, phase: playing
2026-06-13 18:15:04, tokens_remaining: 1945, call: scores, phase: playing
2026-06-13 18:15:05, tokens_remaining: 1945, call: scores, phase: playing
2026-06-13 18:15:06, tokens_remaining: 1944, call: events, phase: playing
2026-06-13 18:15:06, tokens_remaining: 1943, call: scores, phase: playing
2026-06-13 18:15:07, tokens_remaining: 1943, call: scores, phase: playing
2026-06-13 18:15:07, tokens_remaining: 1943, call: scores, phase: playing
2026-06-13 18:15:08, tokens_remaining: 1942, call: scores, phase: playing
2026-06-13 18:15:09, tokens_remaining: 1942, call: scores, phase: playing
2026-06-13 18:15:09, tokens_remaining: 1942, call: scores, phase: playing
2026-06-13 18:15:10, tokens_remaining: 1941, call: scores, phase: playing
2026-06-13 18:15:10, tokens_remaining: 1941, call: scores, phase: playing
2026-06-13 18:15:11, tokens_remaining: 1941, call: scores, phase: playing
2026-06-13 18:15:12, tokens_remaining: 1940, call: events, phase: playing
2026-06-13 18:15:12, tokens_remaining: 1939, call: scores, phase: playing
2026-06-13 18:15:13, tokens_remaining: 1939, call: scores, phase: playing
2026-06-13 18:15:13, tokens_remaining: 1939, call: scores, phase: playing
2026-06-13 18:15:14, tokens_remaining: 1938, call: scores, phase: playing
2026-06-13 18:15:14, tokens_remaining: 1938, call: scores, phase: playing
2026-06-13 18:15:15, tokens_remaining: 1938, call: scores, phase: playing
2026-06-13 18:15:16, tokens_remaining: 1937, call: scores, phase: playing
2026-06-13 18:15:16, tokens_remaining: 1937, call: scores, phase: playing
2026-06-13 18:15:17, tokens_remaining: 1937, call: scores, phase: playing
2026-06-13 18:15:17, tokens_remaining: 1936, call: events, phase: playing
2026-06-13 18:15:18, tokens_remaining: 1935, call: scores, phase: playing
2026-06-13 18:15:19, tokens_remaining: 1935, call: scores, phase: playing
2026-06-13 18:15:19, tokens_remaining: 1935, call: scores, phase: playing
2026-06-13 18:15:20, tokens_remaining: 1934, call: scores, phase: playing
2026-06-13 18:15:20, tokens_remaining: 1934, call: scores, phase: playing
2026-06-13 18:15:21, tokens_remaining: 1934, call: scores, phase: playing
2026-06-13 18:15:22, tokens_remaining: 1933, call: scores, phase: playing
2026-06-13 18:15:22, tokens_remaining: 1933, call: scores, phase: playing
2026-06-13 18:15:22, tokens_remaining: 1933, call: scores, phase: playing
2026-06-13 18:15:23, tokens_remaining: 1932, call: events, phase: playing
2026-06-13 18:15:24, tokens_remaining: 1931, call: scores, phase: playing
2026-06-13 18:15:24, tokens_remaining: 1931, call: scores, phase: playing
2026-06-13 18:15:25, tokens_remaining: 1931, call: scores, phase: playing
2026-06-13 18:15:26, tokens_remaining: 1930, call: scores, phase: playing
2026-06-13 18:15:26, tokens_remaining: 1930, call: scores, phase: playing
2026-06-13 18:15:27, tokens_remaining: 1930, call: scores, phase: playing
2026-06-13 18:15:27, tokens_remaining: 1929, call: scores, phase: playing
2026-06-13 18:15:28, tokens_remaining: 1929, call: scores, phase: playing
2026-06-13 18:15:28, tokens_remaining: 1929, call: scores, phase: playing
2026-06-13 18:15:29, tokens_remaining: 1928, call: events, phase: playing
2026-06-13 18:15:30, tokens_remaining: 1927, call: scores, phase: playing
2026-06-13 18:15:30, tokens_remaining: 1927, call: scores, phase: playing
2026-06-13 18:15:31, tokens_remaining: 1927, call: scores, phase: playing
2026-06-13 18:15:31, tokens_remaining: 1926, call: scores, phase: playing
2026-06-13 18:15:32, tokens_remaining: 1926, call: scores, phase: playing
2026-06-13 18:15:32, tokens_remaining: 1926, call: scores, phase: playing
2026-06-13 18:15:33, tokens_remaining: 1925, call: scores, phase: playing
2026-06-13 18:15:34, tokens_remaining: 1925, call: scores, phase: playing
2026-06-13 18:15:34, tokens_remaining: 1925, call: scores, phase: playing
2026-06-13 18:15:35, tokens_remaining: 1924, call: events, phase: playing
2026-06-13 18:15:36, tokens_remaining: 1923, call: scores, phase: playing
2026-06-13 18:15:36, tokens_remaining: 1923, call: scores, phase: playing
2026-06-13 18:15:36, tokens_remaining: 1923, call: scores, phase: playing
2026-06-13 18:15:37, tokens_remaining: 1922, call: scores, phase: playing
2026-06-13 18:15:38, tokens_remaining: 1922, call: scores, phase: playing
2026-06-13 18:15:38, tokens_remaining: 1922, call: scores, phase: playing
2026-06-13 18:15:39, tokens_remaining: 1921, call: scores, phase: playing
2026-06-13 18:15:39, tokens_remaining: 1921, call: scores, phase: playing
2026-06-13 18:15:40, tokens_remaining: 1921, call: scores, phase: playing
2026-06-13 18:15:40, tokens_remaining: 1920, call: events, phase: playing
2026-06-13 18:15:41, tokens_remaining: 1919, call: scores, phase: playing
2026-06-13 18:15:42, tokens_remaining: 1919, call: scores, phase: playing
2026-06-13 18:15:42, tokens_remaining: 1919, call: scores, phase: playing
2026-06-13 18:15:43, tokens_remaining: 1918, call: scores, phase: playing
2026-06-13 18:15:43, tokens_remaining: 1918, call: scores, phase: playing
2026-06-13 18:15:44, tokens_remaining: 1918, call: scores, phase: playing
2026-06-13 18:15:44, tokens_remaining: 1917, call: scores, phase: playing
2026-06-13 18:15:45, tokens_remaining: 1917, call: scores, phase: playing
2026-06-13 18:15:45, tokens_remaining: 1917, call: scores, phase: playing
2026-06-13 18:15:46, tokens_remaining: 1916, call: events, phase: playing
2026-06-13 18:15:47, tokens_remaining: 1915, call: scores, phase: playing
2026-06-13 18:15:47, tokens_remaining: 1915, call: scores, phase: playing
2026-06-13 18:15:48, tokens_remaining: 1915, call: scores, phase: playing
2026-06-13 18:15:49, tokens_remaining: 1914, call: scores, phase: playing
2026-06-13 18:15:49, tokens_remaining: 1914, call: scores, phase: playing
2026-06-13 18:15:49, tokens_remaining: 1914, call: scores, phase: playing
2026-06-13 18:15:50, tokens_remaining: 1913, call: scores, phase: playing
2026-06-13 18:15:51, tokens_remaining: 1913, call: scores, phase: playing
2026-06-13 18:15:51, tokens_remaining: 1913, call: scores, phase: playing
2026-06-13 18:15:52, tokens_remaining: 1912, call: events, phase: playing
2026-06-13 18:15:53, tokens_remaining: 1911, call: scores, phase: playing
2026-06-13 18:15:53, tokens_remaining: 1911, call: scores, phase: playing
2026-06-13 18:15:53, tokens_remaining: 1911, call: scores, phase: playing
2026-06-13 18:15:54, tokens_remaining: 1910, call: scores, phase: playing
2026-06-13 18:15:55, tokens_remaining: 1910, call: scores, phase: playing
2026-06-13 18:15:55, tokens_remaining: 1910, call: scores, phase: playing
2026-06-13 18:15:56, tokens_remaining: 1909, call: scores, phase: playing
2026-06-13 18:15:56, tokens_remaining: 1909, call: scores, phase: playing
2026-06-13 18:15:57, tokens_remaining: 1909, call: scores, phase: playing
2026-06-13 18:15:58, tokens_remaining: 1908, call: events, phase: playing
2026-06-13 18:15:58, tokens_remaining: 1907, call: scores, phase: playing
2026-06-13 18:15:59, tokens_remaining: 1907, call: scores, phase: playing
2026-06-13 18:15:59, tokens_remaining: 1907, call: scores, phase: playing
2026-06-13 18:16:00, tokens_remaining: 1906, call: scores, phase: playing
2026-06-13 18:16:00, tokens_remaining: 1906, call: scores, phase: playing
2026-06-13 18:16:01, tokens_remaining: 1906, call: scores, phase: playing
2026-06-13 18:16:02, tokens_remaining: 1905, call: scores, phase: playing
2026-06-13 18:16:02, tokens_remaining: 1905, call: scores, phase: playing
2026-06-13 18:16:02, tokens_remaining: 1905, call: scores, phase: playing
2026-06-13 18:16:03, tokens_remaining: 1904, call: events, phase: playing
2026-06-13 18:16:04, tokens_remaining: 1903, call: scores, phase: playing
2026-06-13 18:16:04, tokens_remaining: 1903, call: scores, phase: playing
2026-06-13 18:16:05, tokens_remaining: 1903, call: scores, phase: playing
2026-06-13 18:16:06, tokens_remaining: 1902, call: scores, phase: playing
2026-06-13 18:16:06, tokens_remaining: 1902, call: scores, phase: playing
2026-06-13 18:16:07, tokens_remaining: 1902, call: scores, phase: playing
2026-06-13 18:16:07, tokens_remaining: 1901, call: scores, phase: playing
2026-06-13 18:16:08, tokens_remaining: 1901, call: scores, phase: playing
2026-06-13 18:16:08, tokens_remaining: 1901, call: scores, phase: playing
2026-06-13 18:16:09, tokens_remaining: 1900, call: events, phase: playing
2026-06-13 18:16:10, tokens_remaining: 1899, call: scores, phase: playing
2026-06-13 18:16:10, tokens_remaining: 1899, call: scores, phase: playing
2026-06-13 18:16:11, tokens_remaining: 1899, call: scores, phase: playing
2026-06-13 18:16:11, tokens_remaining: 1898, call: scores, phase: playing
2026-06-13 18:16:12, tokens_remaining: 1898, call: scores, phase: playing
2026-06-13 18:16:12, tokens_remaining: 1898, call: scores, phase: playing
2026-06-13 18:16:13, tokens_remaining: 1897, call: scores, phase: playing
2026-06-13 18:16:13, tokens_remaining: 1897, call: scores, phase: playing
2026-06-13 18:16:14, tokens_remaining: 1897, call: scores, phase: playing
2026-06-13 18:16:14, tokens_remaining: 1896, call: events, phase: playing
2026-06-13 18:16:15, tokens_remaining: 1895, call: scores, phase: playing
2026-06-13 18:16:16, tokens_remaining: 1895, call: scores, phase: playing
2026-06-13 18:16:16, tokens_remaining: 1895, call: scores, phase: playing
2026-06-13 18:16:17, tokens_remaining: 1894, call: scores, phase: playing
2026-06-13 18:16:17, tokens_remaining: 1894, call: scores, phase: playing
2026-06-13 18:16:18, tokens_remaining: 1894, call: scores, phase: playing
2026-06-13 18:16:18, tokens_remaining: 1893, call: scores, phase: playing
2026-06-13 18:16:19, tokens_remaining: 1893, call: scores, phase: playing
2026-06-13 18:16:19, tokens_remaining: 1893, call: scores, phase: playing
2026-06-13 18:16:20, tokens_remaining: 1892, call: events, phase: playing
2026-06-13 18:16:21, tokens_remaining: 1891, call: scores, phase: playing
2026-06-13 18:16:21, tokens_remaining: 1891, call: scores, phase: playing
2026-06-13 18:16:22, tokens_remaining: 1891, call: scores, phase: playing
2026-06-13 18:16:22, tokens_remaining: 1890, call: scores, phase: playing
2026-06-13 18:16:23, tokens_remaining: 1890, call: scores, phase: playing
2026-06-13 18:16:23, tokens_remaining: 1890, call: scores, phase: playing
2026-06-13 18:16:24, tokens_remaining: 1889, call: scores, phase: playing
2026-06-13 18:16:25, tokens_remaining: 1889, call: scores, phase: playing
2026-06-13 18:16:25, tokens_remaining: 1889, call: scores, phase: playing
2026-06-13 18:16:26, tokens_remaining: 1888, call: events, phase: playing
2026-06-13 18:16:26, tokens_remaining: 1887, call: scores, phase: playing
2026-06-13 18:16:27, tokens_remaining: 1887, call: scores, phase: playing
2026-06-13 18:16:27, tokens_remaining: 1887, call: scores, phase: playing
2026-06-13 18:16:28, tokens_remaining: 1886, call: scores, phase: playing
2026-06-13 18:16:28, tokens_remaining: 1886, call: scores, phase: playing
2026-06-13 18:16:29, tokens_remaining: 1886, call: scores, phase: playing
2026-06-13 18:16:30, tokens_remaining: 1885, call: scores, phase: playing
2026-06-13 18:16:30, tokens_remaining: 1885, call: scores, phase: playing
2026-06-13 18:16:30, tokens_remaining: 1885, call: scores, phase: playing
2026-06-13 18:16:31, tokens_remaining: 1884, call: events, phase: playing
2026-06-13 18:16:32, tokens_remaining: 1883, call: scores, phase: playing
2026-06-13 18:16:32, tokens_remaining: 1883, call: scores, phase: playing
2026-06-13 18:16:33, tokens_remaining: 1883, call: scores, phase: playing
2026-06-13 18:16:34, tokens_remaining: 1882, call: scores, phase: playing
2026-06-13 18:16:34, tokens_remaining: 1882, call: scores, phase: playing
2026-06-13 18:16:34, tokens_remaining: 1882, call: scores, phase: playing
2026-06-13 18:16:35, tokens_remaining: 1881, call: scores, phase: playing
2026-06-13 18:16:36, tokens_remaining: 1881, call: scores, phase: playing
2026-06-13 18:16:36, tokens_remaining: 1881, call: scores, phase: playing
2026-06-13 18:16:37, tokens_remaining: 1880, call: events, phase: playing
2026-06-13 18:16:37, tokens_remaining: 1879, call: scores, phase: playing
2026-06-13 18:16:38, tokens_remaining: 1879, call: scores, phase: playing
2026-06-13 18:16:38, tokens_remaining: 1879, call: scores, phase: playing
2026-06-13 18:16:39, tokens_remaining: 1878, call: scores, phase: playing
2026-06-13 18:16:39, tokens_remaining: 1878, call: scores, phase: playing
2026-06-13 18:16:40, tokens_remaining: 1878, call: scores, phase: playing
2026-06-13 18:16:41, tokens_remaining: 1877, call: scores, phase: playing
2026-06-13 18:16:41, tokens_remaining: 1877, call: scores, phase: playing
2026-06-13 18:16:42, tokens_remaining: 1877, call: scores, phase: playing
2026-06-13 18:16:42, tokens_remaining: 1876, call: events, phase: playing
2026-06-13 18:16:43, tokens_remaining: 1875, call: scores, phase: playing
2026-06-13 18:16:43, tokens_remaining: 1875, call: scores, phase: playing
2026-06-13 18:16:44, tokens_remaining: 1875, call: scores, phase: playing
2026-06-13 18:16:45, tokens_remaining: 1874, call: scores, phase: playing
2026-06-13 18:16:45, tokens_remaining: 1874, call: scores, phase: playing
2026-06-13 18:16:45, tokens_remaining: 1874, call: scores, phase: playing
2026-06-13 18:16:46, tokens_remaining: 1873, call: scores, phase: playing
2026-06-13 18:16:47, tokens_remaining: 1873, call: scores, phase: playing
2026-06-13 18:16:47, tokens_remaining: 1873, call: scores, phase: playing
2026-06-13 18:16:48, tokens_remaining: 1872, call: events, phase: playing
2026-06-13 18:16:48, tokens_remaining: 1871, call: scores, phase: playing
2026-06-13 18:16:49, tokens_remaining: 1871, call: scores, phase: playing
2026-06-13 18:16:49, tokens_remaining: 1871, call: scores, phase: playing
2026-06-13 18:16:50, tokens_remaining: 1870, call: scores, phase: playing
2026-06-13 18:16:50, tokens_remaining: 1870, call: scores, phase: playing
2026-06-13 18:16:51, tokens_remaining: 1870, call: scores, phase: playing
2026-06-13 18:16:52, tokens_remaining: 1869, call: scores, phase: playing
2026-06-13 18:16:52, tokens_remaining: 1869, call: scores, phase: playing
2026-06-13 18:16:52, tokens_remaining: 1869, call: scores, phase: playing
2026-06-13 18:16:53, tokens_remaining: 1868, call: events, phase: playing
2026-06-13 18:16:54, tokens_remaining: 1867, call: scores, phase: playing
2026-06-13 18:16:54, tokens_remaining: 1867, call: scores, phase: playing
2026-06-13 18:16:55, tokens_remaining: 1867, call: scores, phase: playing
2026-06-13 18:16:55, tokens_remaining: 1866, call: scores, phase: playing
2026-06-13 18:16:56, tokens_remaining: 1866, call: scores, phase: playing
2026-06-13 18:16:56, tokens_remaining: 1866, call: scores, phase: playing
2026-06-13 18:16:57, tokens_remaining: 1865, call: scores, phase: playing
2026-06-13 18:16:57, tokens_remaining: 1865, call: scores, phase: playing
2026-06-13 18:16:58, tokens_remaining: 1865, call: scores, phase: playing
2026-06-13 18:16:59, tokens_remaining: 1864, call: events, phase: playing
2026-06-13 18:16:59, tokens_remaining: 1863, call: scores, phase: playing
2026-06-13 18:17:00, tokens_remaining: 1863, call: scores, phase: playing
2026-06-13 18:17:00, tokens_remaining: 1863, call: scores, phase: playing
2026-06-13 18:17:01, tokens_remaining: 1862, call: scores, phase: playing
2026-06-13 18:17:01, tokens_remaining: 1862, call: scores, phase: playing
2026-06-13 18:17:02, tokens_remaining: 1862, call: scores, phase: playing
2026-06-13 18:17:02, tokens_remaining: 1861, call: scores, phase: playing
2026-06-13 18:17:03, tokens_remaining: 1861, call: scores, phase: playing
2026-06-13 18:17:03, tokens_remaining: 1861, call: scores, phase: playing
2026-06-13 18:17:04, tokens_remaining: 1860, call: events, phase: playing
2026-06-13 18:17:05, tokens_remaining: 1859, call: scores, phase: playing
2026-06-13 18:17:05, tokens_remaining: 1859, call: scores, phase: playing
2026-06-13 18:17:06, tokens_remaining: 1859, call: scores, phase: playing
2026-06-13 18:17:06, tokens_remaining: 1858, call: scores, phase: playing
2026-06-13 18:17:07, tokens_remaining: 1858, call: scores, phase: playing
2026-06-13 18:17:07, tokens_remaining: 1858, call: scores, phase: playing
2026-06-13 18:17:08, tokens_remaining: 1857, call: scores, phase: playing
2026-06-13 18:17:08, tokens_remaining: 1857, call: scores, phase: playing
2026-06-13 18:17:09, tokens_remaining: 1857, call: scores, phase: playing
2026-06-13 18:17:09, tokens_remaining: 1856, call: events, phase: playing
2026-06-13 18:17:10, tokens_remaining: 1855, call: scores, phase: playing
2026-06-13 18:17:11, tokens_remaining: 1855, call: scores, phase: playing
2026-06-13 18:17:11, tokens_remaining: 1855, call: scores, phase: playing
2026-06-13 18:17:12, tokens_remaining: 1854, call: scores, phase: playing
2026-06-13 18:17:12, tokens_remaining: 1854, call: scores, phase: playing
2026-06-13 18:17:13, tokens_remaining: 1854, call: scores, phase: playing
2026-06-13 18:17:13, tokens_remaining: 1853, call: scores, phase: playing
2026-06-13 18:17:14, tokens_remaining: 1853, call: scores, phase: playing
2026-06-13 18:17:14, tokens_remaining: 1853, call: scores, phase: playing
2026-06-13 18:17:15, tokens_remaining: 1852, call: events, phase: playing
2026-06-13 18:17:15, tokens_remaining: 1851, call: scores, phase: playing
2026-06-13 18:17:16, tokens_remaining: 1851, call: scores, phase: playing
2026-06-13 18:17:16, tokens_remaining: 1851, call: scores, phase: playing
2026-06-13 18:17:17, tokens_remaining: 1850, call: scores, phase: playing
2026-06-13 18:17:17, tokens_remaining: 1850, call: scores, phase: playing
2026-06-13 18:17:18, tokens_remaining: 1850, call: scores, phase: playing
2026-06-13 18:17:19, tokens_remaining: 1849, call: scores, phase: playing
2026-06-13 18:17:19, tokens_remaining: 1849, call: scores, phase: playing
2026-06-13 18:17:19, tokens_remaining: 1849, call: scores, phase: playing
2026-06-13 18:17:20, tokens_remaining: 1848, call: events, phase: playing
2026-06-13 18:17:21, tokens_remaining: 1847, call: scores, phase: playing
2026-06-13 18:17:21, tokens_remaining: 1847, call: scores, phase: playing
2026-06-13 18:17:22, tokens_remaining: 1847, call: scores, phase: playing
2026-06-13 18:17:22, tokens_remaining: 1846, call: scores, phase: playing
2026-06-13 18:17:23, tokens_remaining: 1846, call: scores, phase: playing
2026-06-13 18:17:23, tokens_remaining: 1846, call: scores, phase: playing
2026-06-13 18:17:24, tokens_remaining: 1845, call: scores, phase: playing
2026-06-13 18:17:24, tokens_remaining: 1845, call: scores, phase: playing
2026-06-13 18:17:25, tokens_remaining: 1845, call: scores, phase: playing
2026-06-13 18:17:25, tokens_remaining: 1844, call: events, phase: playing
2026-06-13 18:17:26, tokens_remaining: 1843, call: scores, phase: playing
2026-06-13 18:17:26, tokens_remaining: 1843, call: scores, phase: playing
2026-06-13 18:17:27, tokens_remaining: 1843, call: scores, phase: playing
2026-06-13 18:17:28, tokens_remaining: 1842, call: scores, phase: playing
2026-06-13 18:17:28, tokens_remaining: 1842, call: scores, phase: playing
2026-06-13 18:17:28, tokens_remaining: 1842, call: scores, phase: playing
2026-06-13 18:17:29, tokens_remaining: 1841, call: scores, phase: playing
2026-06-13 18:17:30, tokens_remaining: 1841, call: scores, phase: playing
2026-06-13 18:17:30, tokens_remaining: 1841, call: scores, phase: playing
2026-06-13 18:17:31, tokens_remaining: 1840, call: events, phase: playing
2026-06-13 18:17:31, tokens_remaining: 1839, call: scores, phase: playing
2026-06-13 18:17:32, tokens_remaining: 1839, call: scores, phase: playing
2026-06-13 18:17:32, tokens_remaining: 1839, call: scores, phase: playing
2026-06-13 18:17:33, tokens_remaining: 1838, call: scores, phase: playing
2026-06-13 18:17:33, tokens_remaining: 1838, call: scores, phase: playing
2026-06-13 18:17:34, tokens_remaining: 1838, call: scores, phase: playing
2026-06-13 18:17:34, tokens_remaining: 1837, call: scores, phase: playing
2026-06-13 18:17:35, tokens_remaining: 1837, call: scores, phase: playing
2026-06-13 18:17:35, tokens_remaining: 1837, call: scores, phase: playing
2026-06-13 18:17:36, tokens_remaining: 1836, call: events, phase: playing
2026-06-13 18:17:37, tokens_remaining: 1835, call: scores, phase: playing
2026-06-13 18:17:37, tokens_remaining: 1835, call: scores, phase: playing
2026-06-13 18:17:38, tokens_remaining: 1835, call: scores, phase: playing
2026-06-13 18:17:38, tokens_remaining: 1834, call: scores, phase: playing
2026-06-13 18:17:39, tokens_remaining: 1834, call: scores, phase: playing
2026-06-13 18:17:39, tokens_remaining: 1834, call: scores, phase: playing
2026-06-13 18:17:40, tokens_remaining: 1833, call: scores, phase: playing
2026-06-13 18:17:40, tokens_remaining: 1833, call: scores, phase: playing
2026-06-13 18:17:41, tokens_remaining: 1833, call: scores, phase: playing
2026-06-13 18:17:41, tokens_remaining: 1832, call: events, phase: playing
2026-06-13 18:17:42, tokens_remaining: 1831, call: scores, phase: playing
2026-06-13 18:17:42, tokens_remaining: 1831, call: scores, phase: playing
2026-06-13 18:17:43, tokens_remaining: 1831, call: scores, phase: playing
2026-06-13 18:17:44, tokens_remaining: 1830, call: scores, phase: playing
2026-06-13 18:17:44, tokens_remaining: 1830, call: scores, phase: playing
2026-06-13 18:17:44, tokens_remaining: 1830, call: scores, phase: playing
2026-06-13 18:17:45, tokens_remaining: 1829, call: scores, phase: playing
2026-06-13 18:17:45, tokens_remaining: 1829, call: scores, phase: playing
2026-06-13 18:17:46, tokens_remaining: 1829, call: scores, phase: playing
2026-06-13 18:17:47, tokens_remaining: 1828, call: events, phase: playing
2026-06-13 18:17:47, tokens_remaining: 1827, call: scores, phase: playing
2026-06-13 18:17:48, tokens_remaining: 1827, call: scores, phase: playing
2026-06-13 18:17:48, tokens_remaining: 1827, call: scores, phase: playing
2026-06-13 18:17:49, tokens_remaining: 1826, call: scores, phase: playing
2026-06-13 18:17:49, tokens_remaining: 1826, call: scores, phase: playing
2026-06-13 18:17:50, tokens_remaining: 1826, call: scores, phase: playing
2026-06-13 18:17:50, tokens_remaining: 1825, call: scores, phase: playing
2026-06-13 18:17:51, tokens_remaining: 1825, call: scores, phase: playing
2026-06-13 18:17:51, tokens_remaining: 1825, call: scores, phase: playing
2026-06-13 18:17:52, tokens_remaining: 1824, call: events, phase: playing
2026-06-13 18:17:52, tokens_remaining: 1823, call: scores, phase: playing
2026-06-13 18:17:53, tokens_remaining: 1823, call: scores, phase: playing
2026-06-13 18:17:53, tokens_remaining: 1823, call: scores, phase: playing
2026-06-13 18:17:54, tokens_remaining: 1822, call: scores, phase: playing
2026-06-13 18:17:54, tokens_remaining: 1822, call: scores, phase: playing
2026-06-13 18:17:55, tokens_remaining: 1822, call: scores, phase: playing
2026-06-13 18:17:55, tokens_remaining: 1821, call: scores, phase: playing
2026-06-13 18:17:56, tokens_remaining: 1821, call: scores, phase: playing
2026-06-13 18:17:56, tokens_remaining: 1821, call: scores, phase: playing
2026-06-13 18:17:57, tokens_remaining: 1820, call: events, phase: playing
2026-06-13 18:17:58, tokens_remaining: 1819, call: scores, phase: playing
2026-06-13 18:17:58, tokens_remaining: 1819, call: scores, phase: playing
2026-06-13 18:17:59, tokens_remaining: 1819, call: scores, phase: playing
2026-06-13 18:17:59, tokens_remaining: 1818, call: scores, phase: playing
2026-06-13 18:18:00, tokens_remaining: 1818, call: scores, phase: playing
2026-06-13 18:18:00, tokens_remaining: 1818, call: scores, phase: playing
2026-06-13 18:18:01, tokens_remaining: 1817, call: scores, phase: playing
2026-06-13 18:18:01, tokens_remaining: 1817, call: scores, phase: playing
2026-06-13 18:18:02, tokens_remaining: 1817, call: scores, phase: playing
2026-06-13 18:18:02, tokens_remaining: 1816, call: events, phase: playing
2026-06-13 18:18:03, tokens_remaining: 1815, call: scores, phase: playing
2026-06-13 18:18:03, tokens_remaining: 1815, call: scores, phase: playing
2026-06-13 18:18:04, tokens_remaining: 1815, call: scores, phase: playing
2026-06-13 18:18:04, tokens_remaining: 1814, call: scores, phase: playing
2026-06-13 18:18:05, tokens_remaining: 1814, call: scores, phase: playing
2026-06-13 18:18:05, tokens_remaining: 1814, call: scores, phase: playing
2026-06-13 18:18:06, tokens_remaining: 1813, call: scores, phase: playing
2026-06-13 18:18:06, tokens_remaining: 1813, call: scores, phase: playing
2026-06-13 18:18:07, tokens_remaining: 1813, call: scores, phase: playing
2026-06-13 18:18:07, tokens_remaining: 1812, call: events, phase: playing
2026-06-13 18:18:08, tokens_remaining: 1811, call: scores, phase: playing
2026-06-13 18:18:09, tokens_remaining: 1811, call: scores, phase: playing
2026-06-13 18:18:09, tokens_remaining: 1811, call: scores, phase: playing
2026-06-13 18:18:10, tokens_remaining: 1810, call: scores, phase: playing
2026-06-13 18:18:10, tokens_remaining: 1810, call: scores, phase: playing
2026-06-13 18:18:10, tokens_remaining: 1810, call: scores, phase: playing
2026-06-13 18:18:11, tokens_remaining: 1809, call: scores, phase: playing
2026-06-13 18:18:11, tokens_remaining: 1809, call: scores, phase: playing
2026-06-13 18:18:12, tokens_remaining: 1809, call: scores, phase: playing
2026-06-13 18:18:13, tokens_remaining: 1808, call: events, phase: playing
2026-06-13 18:18:13, tokens_remaining: 1807, call: scores, phase: playing
2026-06-13 18:18:14, tokens_remaining: 1807, call: scores, phase: playing
2026-06-13 18:18:14, tokens_remaining: 1807, call: scores, phase: playing
2026-06-13 18:18:15, tokens_remaining: 1806, call: scores, phase: playing
2026-06-13 18:18:15, tokens_remaining: 1806, call: scores, phase: playing
2026-06-13 18:18:16, tokens_remaining: 1806, call: scores, phase: playing
2026-06-13 18:18:16, tokens_remaining: 1805, call: scores, phase: playing
2026-06-13 18:18:17, tokens_remaining: 1805, call: scores, phase: playing
2026-06-13 18:18:17, tokens_remaining: 1805, call: scores, phase: playing
2026-06-13 18:18:18, tokens_remaining: 1804, call: events, phase: playing
2026-06-13 18:18:18, tokens_remaining: 1803, call: scores, phase: playing
2026-06-13 18:18:19, tokens_remaining: 1803, call: scores, phase: playing
2026-06-13 18:18:19, tokens_remaining: 1803, call: scores, phase: playing
2026-06-13 18:18:20, tokens_remaining: 1802, call: scores, phase: playing
2026-06-13 18:18:20, tokens_remaining: 1802, call: scores, phase: playing
2026-06-13 18:18:21, tokens_remaining: 1802, call: scores, phase: playing
2026-06-13 18:18:21, tokens_remaining: 1801, call: scores, phase: playing
2026-06-13 18:18:22, tokens_remaining: 1801, call: scores, phase: playing
2026-06-13 18:18:22, tokens_remaining: 1801, call: scores, phase: playing
2026-06-13 18:18:23, tokens_remaining: 1800, call: events, phase: playing
2026-06-13 18:18:24, tokens_remaining: 1799, call: scores, phase: playing
2026-06-13 18:18:24, tokens_remaining: 1799, call: scores, phase: playing
2026-06-13 18:18:24, tokens_remaining: 1799, call: scores, phase: playing
2026-06-13 18:18:25, tokens_remaining: 1798, call: scores, phase: playing
2026-06-13 18:18:25, tokens_remaining: 1798, call: scores, phase: playing
2026-06-13 18:18:26, tokens_remaining: 1798, call: scores, phase: playing
2026-06-13 18:18:26, tokens_remaining: 1797, call: scores, phase: playing
2026-06-13 18:18:27, tokens_remaining: 1797, call: scores, phase: playing
2026-06-13 18:18:27, tokens_remaining: 1797, call: scores, phase: playing
2026-06-13 18:18:28, tokens_remaining: 1796, call: events, phase: playing
2026-06-13 18:18:29, tokens_remaining: 1795, call: scores, phase: playing
2026-06-13 18:18:29, tokens_remaining: 1795, call: scores, phase: playing
2026-06-13 18:18:29, tokens_remaining: 1795, call: scores, phase: playing
2026-06-13 18:18:30, tokens_remaining: 1794, call: scores, phase: playing
2026-06-13 18:18:30, tokens_remaining: 1794, call: scores, phase: playing
2026-06-13 18:18:31, tokens_remaining: 1794, call: scores, phase: playing
2026-06-13 18:18:31, tokens_remaining: 1793, call: scores, phase: playing
2026-06-13 18:18:32, tokens_remaining: 1793, call: scores, phase: playing
2026-06-13 18:18:32, tokens_remaining: 1793, call: scores, phase: playing
2026-06-13 18:18:34, tokens_remaining: 1792, call: events, phase: playing
2026-06-13 18:18:34, tokens_remaining: 1791, call: scores, phase: playing
2026-06-13 18:18:35, tokens_remaining: 1791, call: scores, phase: playing
2026-06-13 18:18:35, tokens_remaining: 1791, call: scores, phase: playing
2026-06-13 18:18:36, tokens_remaining: 1790, call: scores, phase: playing
2026-06-13 18:18:36, tokens_remaining: 1790, call: scores, phase: playing
2026-06-13 18:18:37, tokens_remaining: 1790, call: scores, phase: playing
2026-06-13 18:18:37, tokens_remaining: 1789, call: scores, phase: playing
2026-06-13 18:18:38, tokens_remaining: 1789, call: scores, phase: playing
2026-06-13 18:18:38, tokens_remaining: 1789, call: scores, phase: playing
2026-06-13 18:18:39, tokens_remaining: 1788, call: events, phase: playing
2026-06-13 18:18:39, tokens_remaining: 1787, call: scores, phase: playing
2026-06-13 18:18:40, tokens_remaining: 1787, call: scores, phase: playing
2026-06-13 18:18:40, tokens_remaining: 1787, call: scores, phase: playing
2026-06-13 18:18:41, tokens_remaining: 1786, call: scores, phase: playing
2026-06-13 18:18:41, tokens_remaining: 1786, call: scores, phase: playing
2026-06-13 18:18:42, tokens_remaining: 1786, call: scores, phase: playing
2026-06-13 18:18:42, tokens_remaining: 1785, call: scores, phase: playing
2026-06-13 18:18:43, tokens_remaining: 1785, call: scores, phase: playing
2026-06-13 18:18:43, tokens_remaining: 1785, call: scores, phase: playing
2026-06-13 18:18:44, tokens_remaining: 1784, call: events, phase: playing
2026-06-13 18:18:44, tokens_remaining: 1783, call: scores, phase: playing
2026-06-13 18:18:45, tokens_remaining: 1783, call: scores, phase: playing
2026-06-13 18:18:45, tokens_remaining: 1783, call: scores, phase: playing
2026-06-13 18:18:46, tokens_remaining: 1782, call: scores, phase: playing
2026-06-13 18:18:46, tokens_remaining: 1782, call: scores, phase: playing
2026-06-13 18:18:47, tokens_remaining: 1782, call: scores, phase: playing
2026-06-13 18:18:47, tokens_remaining: 1781, call: scores, phase: playing
2026-06-13 18:18:48, tokens_remaining: 1781, call: scores, phase: playing
2026-06-13 18:18:48, tokens_remaining: 1781, call: scores, phase: playing
2026-06-13 18:18:49, tokens_remaining: 1780, call: events, phase: playing
2026-06-13 18:18:49, tokens_remaining: 1779, call: scores, phase: playing
2026-06-13 18:18:50, tokens_remaining: 1779, call: scores, phase: playing
2026-06-13 18:18:50, tokens_remaining: 1779, call: scores, phase: playing
2026-06-13 18:18:51, tokens_remaining: 1778, call: scores, phase: playing
2026-06-13 18:18:51, tokens_remaining: 1778, call: scores, phase: playing
2026-06-13 18:18:52, tokens_remaining: 1778, call: scores, phase: playing
2026-06-13 18:18:52, tokens_remaining: 1777, call: scores, phase: playing
2026-06-13 18:18:53, tokens_remaining: 1777, call: scores, phase: playing
2026-06-13 18:18:53, tokens_remaining: 1777, call: scores, phase: playing
2026-06-13 18:18:54, tokens_remaining: 1776, call: events, phase: playing
2026-06-13 18:18:54, tokens_remaining: 1775, call: scores, phase: playing
2026-06-13 18:18:55, tokens_remaining: 1775, call: scores, phase: playing
2026-06-13 18:18:55, tokens_remaining: 1775, call: scores, phase: playing
2026-06-13 18:18:56, tokens_remaining: 1774, call: scores, phase: playing
2026-06-13 18:18:56, tokens_remaining: 1774, call: scores, phase: playing
2026-06-13 18:18:57, tokens_remaining: 1774, call: scores, phase: playing
2026-06-13 18:18:57, tokens_remaining: 1773, call: scores, phase: playing
2026-06-13 18:18:58, tokens_remaining: 1773, call: scores, phase: playing
2026-06-13 18:18:58, tokens_remaining: 1773, call: scores, phase: playing
2026-06-13 18:18:59, tokens_remaining: 1772, call: events, phase: playing
2026-06-13 18:18:59, tokens_remaining: 1771, call: scores, phase: playing
2026-06-13 18:19:00, tokens_remaining: 1771, call: scores, phase: playing
2026-06-13 18:19:00, tokens_remaining: 1771, call: scores, phase: playing
2026-06-13 18:19:01, tokens_remaining: 1770, call: scores, phase: playing
2026-06-13 18:19:01, tokens_remaining: 1770, call: scores, phase: playing
2026-06-13 18:19:02, tokens_remaining: 1770, call: scores, phase: playing
2026-06-13 18:19:02, tokens_remaining: 1769, call: scores, phase: playing
2026-06-13 18:19:03, tokens_remaining: 1769, call: scores, phase: playing
2026-06-13 18:19:03, tokens_remaining: 1769, call: scores, phase: playing
2026-06-13 18:19:04, tokens_remaining: 1768, call: events, phase: playing
2026-06-13 18:19:04, tokens_remaining: 1767, call: scores, phase: playing
2026-06-13 18:19:05, tokens_remaining: 1767, call: scores, phase: playing
2026-06-13 18:19:05, tokens_remaining: 1767, call: scores, phase: playing
2026-06-13 18:19:06, tokens_remaining: 1766, call: scores, phase: playing
2026-06-13 18:19:06, tokens_remaining: 1766, call: scores, phase: playing
2026-06-13 18:19:06, tokens_remaining: 1766, call: scores, phase: playing
2026-06-13 18:19:07, tokens_remaining: 1765, call: scores, phase: playing
2026-06-13 18:19:08, tokens_remaining: 1765, call: scores, phase: playing
2026-06-13 18:19:08, tokens_remaining: 1765, call: scores, phase: playing
2026-06-13 18:19:09, tokens_remaining: 1764, call: events, phase: playing
2026-06-13 18:19:09, tokens_remaining: 1763, call: scores, phase: playing
2026-06-13 18:19:10, tokens_remaining: 1763, call: scores, phase: playing
2026-06-13 18:19:10, tokens_remaining: 1763, call: scores, phase: playing
2026-06-13 18:19:11, tokens_remaining: 1762, call: scores, phase: playing
2026-06-13 18:19:11, tokens_remaining: 1762, call: scores, phase: playing
2026-06-13 18:19:11, tokens_remaining: 1762, call: scores, phase: playing
2026-06-13 18:19:12, tokens_remaining: 1761, call: scores, phase: playing
2026-06-13 18:19:12, tokens_remaining: 1761, call: scores, phase: playing
2026-06-13 18:19:13, tokens_remaining: 1761, call: scores, phase: playing
2026-06-13 18:19:13, tokens_remaining: 1760, call: events, phase: playing
2026-06-13 18:19:14, tokens_remaining: 1759, call: scores, phase: playing
2026-06-13 18:19:15, tokens_remaining: 1759, call: scores, phase: playing
2026-06-13 18:19:15, tokens_remaining: 1759, call: scores, phase: playing
2026-06-13 18:19:16, tokens_remaining: 1758, call: scores, phase: playing
2026-06-13 18:19:16, tokens_remaining: 1758, call: scores, phase: playing
2026-06-13 18:19:16, tokens_remaining: 1758, call: scores, phase: playing
2026-06-13 18:19:17, tokens_remaining: 1757, call: scores, phase: playing
2026-06-13 18:19:17, tokens_remaining: 1757, call: scores, phase: playing
2026-06-13 18:19:18, tokens_remaining: 1757, call: scores, phase: playing
2026-06-13 18:19:18, tokens_remaining: 1756, call: events, phase: playing
2026-06-13 18:19:19, tokens_remaining: 1755, call: scores, phase: playing
2026-06-13 18:19:19, tokens_remaining: 1755, call: scores, phase: playing
2026-06-13 18:19:20, tokens_remaining: 1755, call: scores, phase: playing
2026-06-13 18:19:20, tokens_remaining: 1754, call: scores, phase: playing
2026-06-13 18:19:21, tokens_remaining: 1754, call: scores, phase: playing
2026-06-13 18:19:21, tokens_remaining: 1754, call: scores, phase: playing
2026-06-13 18:19:22, tokens_remaining: 1753, call: scores, phase: playing
2026-06-13 18:19:22, tokens_remaining: 1753, call: scores, phase: playing
2026-06-13 18:19:23, tokens_remaining: 1753, call: scores, phase: playing
2026-06-13 18:19:23, tokens_remaining: 1752, call: events, phase: playing
2026-06-13 18:19:24, tokens_remaining: 1751, call: scores, phase: playing
2026-06-13 18:19:24, tokens_remaining: 1751, call: scores, phase: playing
2026-06-13 18:19:25, tokens_remaining: 1751, call: scores, phase: playing
2026-06-13 18:19:25, tokens_remaining: 1750, call: scores, phase: playing
2026-06-13 18:19:26, tokens_remaining: 1750, call: scores, phase: playing
2026-06-13 18:19:26, tokens_remaining: 1750, call: scores, phase: playing
2026-06-13 18:19:27, tokens_remaining: 1749, call: scores, phase: playing
2026-06-13 18:19:27, tokens_remaining: 1749, call: scores, phase: playing
2026-06-13 18:19:27, tokens_remaining: 1749, call: scores, phase: playing
2026-06-13 18:19:28, tokens_remaining: 1748, call: events, phase: playing
2026-06-13 18:19:29, tokens_remaining: 1747, call: scores, phase: playing
2026-06-13 18:19:29, tokens_remaining: 1747, call: scores, phase: playing
2026-06-13 18:19:30, tokens_remaining: 1747, call: scores, phase: playing
2026-06-13 18:19:30, tokens_remaining: 1746, call: scores, phase: playing
2026-06-13 18:19:31, tokens_remaining: 1746, call: scores, phase: playing
2026-06-13 18:19:31, tokens_remaining: 1746, call: scores, phase: playing
2026-06-13 18:19:32, tokens_remaining: 1745, call: scores, phase: playing
2026-06-13 18:19:32, tokens_remaining: 1745, call: scores, phase: playing
2026-06-13 18:19:32, tokens_remaining: 1745, call: scores, phase: playing
2026-06-13 18:19:33, tokens_remaining: 1744, call: events, phase: playing
2026-06-13 18:19:34, tokens_remaining: 1743, call: scores, phase: playing
2026-06-13 18:19:34, tokens_remaining: 1743, call: scores, phase: playing
2026-06-13 18:19:34, tokens_remaining: 1743, call: scores, phase: playing
2026-06-13 18:19:35, tokens_remaining: 1742, call: scores, phase: playing
2026-06-13 18:19:35, tokens_remaining: 1742, call: scores, phase: playing
2026-06-13 18:19:36, tokens_remaining: 1742, call: scores, phase: playing
2026-06-13 18:19:36, tokens_remaining: 1741, call: scores, phase: playing
2026-06-13 18:19:37, tokens_remaining: 1741, call: scores, phase: playing
2026-06-13 18:19:37, tokens_remaining: 1741, call: scores, phase: playing
2026-06-13 18:19:38, tokens_remaining: 1740, call: events, phase: playing
2026-06-13 18:19:38, tokens_remaining: 1739, call: scores, phase: playing
2026-06-13 18:19:39, tokens_remaining: 1739, call: scores, phase: playing
2026-06-13 18:19:39, tokens_remaining: 1739, call: scores, phase: playing
2026-06-13 18:19:40, tokens_remaining: 1738, call: scores, phase: playing
2026-06-13 18:19:40, tokens_remaining: 1738, call: scores, phase: playing
2026-06-13 18:19:40, tokens_remaining: 1738, call: scores, phase: playing
2026-06-13 18:19:41, tokens_remaining: 1737, call: scores, phase: playing
2026-06-13 18:19:41, tokens_remaining: 1737, call: scores, phase: playing
2026-06-13 18:19:42, tokens_remaining: 1737, call: scores, phase: playing
2026-06-13 18:19:42, tokens_remaining: 1736, call: events, phase: playing
2026-06-13 18:19:43, tokens_remaining: 1735, call: scores, phase: playing
2026-06-13 18:19:43, tokens_remaining: 1735, call: scores, phase: playing
2026-06-13 18:19:44, tokens_remaining: 1735, call: scores, phase: playing
2026-06-13 18:19:44, tokens_remaining: 1734, call: scores, phase: playing
2026-06-13 18:19:45, tokens_remaining: 1734, call: scores, phase: playing
2026-06-13 18:19:45, tokens_remaining: 1734, call: scores, phase: playing
2026-06-13 18:19:46, tokens_remaining: 1733, call: scores, phase: playing
2026-06-13 18:19:46, tokens_remaining: 1733, call: scores, phase: playing
2026-06-13 18:19:47, tokens_remaining: 1733, call: scores, phase: playing
2026-06-13 18:19:47, tokens_remaining: 1732, call: events, phase: playing
2026-06-13 18:19:48, tokens_remaining: 1731, call: scores, phase: playing
2026-06-13 18:19:48, tokens_remaining: 1731, call: scores, phase: playing
2026-06-13 18:19:49, tokens_remaining: 1731, call: scores, phase: playing
2026-06-13 18:19:49, tokens_remaining: 1730, call: scores, phase: playing
2026-06-13 18:19:50, tokens_remaining: 1730, call: scores, phase: playing
2026-06-13 18:19:50, tokens_remaining: 1730, call: scores, phase: playing
2026-06-13 18:19:51, tokens_remaining: 1729, call: scores, phase: playing
2026-06-13 18:19:51, tokens_remaining: 1729, call: scores, phase: playing
2026-06-13 18:19:51, tokens_remaining: 1729, call: scores, phase: playing
2026-06-13 18:19:52, tokens_remaining: 1728, call: events, phase: playing
2026-06-13 18:19:53, tokens_remaining: 1727, call: scores, phase: playing
2026-06-13 18:19:53, tokens_remaining: 1727, call: scores, phase: playing
2026-06-13 18:19:53, tokens_remaining: 1727, call: scores, phase: playing
2026-06-13 18:19:54, tokens_remaining: 1726, call: scores, phase: playing
2026-06-13 18:19:54, tokens_remaining: 1726, call: scores, phase: playing
2026-06-13 18:19:55, tokens_remaining: 1726, call: scores, phase: playing
2026-06-13 18:19:55, tokens_remaining: 1725, call: scores, phase: playing
2026-06-13 18:19:56, tokens_remaining: 1725, call: scores, phase: playing
2026-06-13 18:19:56, tokens_remaining: 1725, call: scores, phase: playing
2026-06-13 18:19:57, tokens_remaining: 1724, call: events, phase: playing
2026-06-13 18:19:57, tokens_remaining: 1723, call: scores, phase: playing
2026-06-13 18:19:58, tokens_remaining: 1723, call: scores, phase: playing
2026-06-13 18:19:58, tokens_remaining: 1723, call: scores, phase: playing
2026-06-13 18:19:59, tokens_remaining: 1722, call: scores, phase: playing
2026-06-13 18:19:59, tokens_remaining: 1722, call: scores, phase: playing
2026-06-13 18:19:59, tokens_remaining: 1722, call: scores, phase: playing
2026-06-13 18:20:00, tokens_remaining: 1721, call: scores, phase: playing
2026-06-13 18:20:00, tokens_remaining: 1721, call: scores, phase: playing
2026-06-13 18:20:01, tokens_remaining: 1721, call: scores, phase: playing
2026-06-13 18:20:01, tokens_remaining: 1720, call: events, phase: playing
2026-06-13 18:20:02, tokens_remaining: 1719, call: scores, phase: playing
2026-06-13 18:20:02, tokens_remaining: 1719, call: scores, phase: playing
2026-06-13 18:20:03, tokens_remaining: 1719, call: scores, phase: playing
2026-06-13 18:20:03, tokens_remaining: 1718, call: scores, phase: playing
2026-06-13 18:20:04, tokens_remaining: 1718, call: scores, phase: playing
2026-06-13 18:20:04, tokens_remaining: 1718, call: scores, phase: playing
2026-06-13 18:20:05, tokens_remaining: 1717, call: scores, phase: playing
2026-06-13 18:20:05, tokens_remaining: 1717, call: scores, phase: playing
2026-06-13 18:20:05, tokens_remaining: 1717, call: scores, phase: playing
2026-06-13 18:20:06, tokens_remaining: 1716, call: events, phase: playing
2026-06-13 18:20:07, tokens_remaining: 1715, call: scores, phase: playing
2026-06-13 18:20:07, tokens_remaining: 1715, call: scores, phase: playing
2026-06-13 18:20:07, tokens_remaining: 1715, call: scores, phase: playing
2026-06-13 18:20:08, tokens_remaining: 1714, call: scores, phase: playing
2026-06-13 18:20:08, tokens_remaining: 1714, call: scores, phase: playing
2026-06-13 18:20:09, tokens_remaining: 1714, call: scores, phase: playing
2026-06-13 18:20:09, tokens_remaining: 1713, call: scores, phase: playing
2026-06-13 18:20:10, tokens_remaining: 1713, call: scores, phase: playing
2026-06-13 18:20:10, tokens_remaining: 1713, call: scores, phase: playing
2026-06-13 18:20:11, tokens_remaining: 1712, call: events, phase: playing
2026-06-13 18:20:11, tokens_remaining: 1711, call: scores, phase: playing
2026-06-13 18:20:12, tokens_remaining: 1711, call: scores, phase: playing
2026-06-13 18:20:12, tokens_remaining: 1711, call: scores, phase: playing
2026-06-13 18:20:13, tokens_remaining: 1710, call: scores, phase: playing
2026-06-13 18:20:13, tokens_remaining: 1710, call: scores, phase: playing
2026-06-13 18:20:13, tokens_remaining: 1710, call: scores, phase: playing
2026-06-13 18:20:14, tokens_remaining: 1709, call: scores, phase: playing
2026-06-13 18:20:14, tokens_remaining: 1709, call: scores, phase: playing
2026-06-13 18:20:15, tokens_remaining: 1709, call: scores, phase: playing
2026-06-13 18:20:15, tokens_remaining: 1708, call: events, phase: playing
2026-06-13 18:20:16, tokens_remaining: 1707, call: scores, phase: playing
2026-06-13 18:20:16, tokens_remaining: 1707, call: scores, phase: playing
2026-06-13 18:20:17, tokens_remaining: 1707, call: scores, phase: playing
2026-06-13 18:20:17, tokens_remaining: 1706, call: scores, phase: playing
2026-06-13 18:20:18, tokens_remaining: 1706, call: scores, phase: playing
2026-06-13 18:20:18, tokens_remaining: 1706, call: scores, phase: playing
2026-06-13 18:20:19, tokens_remaining: 1705, call: scores, phase: playing
2026-06-13 18:20:19, tokens_remaining: 1705, call: scores, phase: playing
2026-06-13 18:20:19, tokens_remaining: 1705, call: scores, phase: playing
2026-06-13 18:20:20, tokens_remaining: 1704, call: events, phase: playing
2026-06-13 18:20:21, tokens_remaining: 1703, call: scores, phase: playing
2026-06-13 18:20:21, tokens_remaining: 1703, call: scores, phase: playing
2026-06-13 18:20:21, tokens_remaining: 1703, call: scores, phase: playing
2026-06-13 18:20:22, tokens_remaining: 1702, call: scores, phase: playing
2026-06-13 18:20:22, tokens_remaining: 1702, call: scores, phase: playing
2026-06-13 18:20:23, tokens_remaining: 1702, call: scores, phase: playing
2026-06-13 18:20:23, tokens_remaining: 1701, call: scores, phase: playing
2026-06-13 18:20:24, tokens_remaining: 1701, call: scores, phase: playing
2026-06-13 18:20:24, tokens_remaining: 1701, call: scores, phase: playing
2026-06-13 18:20:25, tokens_remaining: 1700, call: events, phase: playing
2026-06-13 18:20:25, tokens_remaining: 1699, call: scores, phase: playing
2026-06-13 18:20:26, tokens_remaining: 1699, call: scores, phase: playing
2026-06-13 18:20:26, tokens_remaining: 1699, call: scores, phase: playing
2026-06-13 18:20:27, tokens_remaining: 1698, call: scores, phase: playing
2026-06-13 18:20:27, tokens_remaining: 1698, call: scores, phase: playing
2026-06-13 18:20:28, tokens_remaining: 1698, call: scores, phase: playing
2026-06-13 18:20:28, tokens_remaining: 1697, call: scores, phase: playing
2026-06-13 18:20:28, tokens_remaining: 1697, call: scores, phase: playing
2026-06-13 18:20:29, tokens_remaining: 1697, call: scores, phase: playing
2026-06-13 18:20:30, tokens_remaining: 1696, call: events, phase: playing
2026-06-13 18:20:30, tokens_remaining: 1695, call: scores, phase: playing
2026-06-13 18:20:30, tokens_remaining: 1695, call: scores, phase: playing
2026-06-13 18:20:31, tokens_remaining: 1695, call: scores, phase: playing
2026-06-13 18:20:31, tokens_remaining: 1694, call: scores, phase: playing
2026-06-13 18:20:32, tokens_remaining: 1694, call: scores, phase: playing
2026-06-13 18:20:32, tokens_remaining: 1694, call: scores, phase: playing
2026-06-13 18:20:33, tokens_remaining: 1693, call: scores, phase: playing
2026-06-13 18:20:33, tokens_remaining: 1693, call: scores, phase: playing
2026-06-13 18:20:33, tokens_remaining: 1693, call: scores, phase: playing
2026-06-13 18:20:34, tokens_remaining: 1692, call: events, phase: playing
2026-06-13 18:20:35, tokens_remaining: 1691, call: scores, phase: playing
2026-06-13 18:20:35, tokens_remaining: 1691, call: scores, phase: playing
2026-06-13 18:20:35, tokens_remaining: 1691, call: scores, phase: playing
2026-06-13 18:20:36, tokens_remaining: 1690, call: scores, phase: playing
2026-06-13 18:20:36, tokens_remaining: 1690, call: scores, phase: playing
2026-06-13 18:20:37, tokens_remaining: 1690, call: scores, phase: playing
2026-06-13 18:20:37, tokens_remaining: 1689, call: scores, phase: playing
2026-06-13 18:20:38, tokens_remaining: 1689, call: scores, phase: playing
2026-06-13 18:20:38, tokens_remaining: 1689, call: scores, phase: playing
2026-06-13 18:20:39, tokens_remaining: 1688, call: events, phase: playing
2026-06-13 18:20:39, tokens_remaining: 1687, call: scores, phase: playing
2026-06-13 18:20:40, tokens_remaining: 1687, call: scores, phase: playing
2026-06-13 18:20:40, tokens_remaining: 1687, call: scores, phase: playing
2026-06-13 18:20:40, tokens_remaining: 1686, call: scores, phase: playing
2026-06-13 18:20:41, tokens_remaining: 1686, call: scores, phase: playing
2026-06-13 18:20:41, tokens_remaining: 1686, call: scores, phase: playing
2026-06-13 18:20:42, tokens_remaining: 1685, call: scores, phase: playing
2026-06-13 18:20:42, tokens_remaining: 1685, call: scores, phase: playing
2026-06-13 18:20:42, tokens_remaining: 1685, call: scores, phase: playing
2026-06-13 18:20:43, tokens_remaining: 1684, call: events, phase: playing
2026-06-13 18:20:44, tokens_remaining: 1683, call: scores, phase: playing
2026-06-13 18:20:44, tokens_remaining: 1683, call: scores, phase: playing
2026-06-13 18:20:44, tokens_remaining: 1683, call: scores, phase: playing
2026-06-13 18:20:45, tokens_remaining: 1682, call: scores, phase: playing
2026-06-13 18:20:45, tokens_remaining: 1682, call: scores, phase: playing
2026-06-13 18:20:46, tokens_remaining: 1682, call: scores, phase: playing
2026-06-13 18:20:46, tokens_remaining: 1681, call: scores, phase: playing
2026-06-13 18:20:47, tokens_remaining: 1681, call: scores, phase: playing
2026-06-13 18:20:47, tokens_remaining: 1681, call: scores, phase: playing
2026-06-13 18:20:47, tokens_remaining: 1680, call: events, phase: playing
2026-06-13 18:20:48, tokens_remaining: 1679, call: scores, phase: playing
2026-06-13 18:20:48, tokens_remaining: 1679, call: scores, phase: playing
2026-06-13 18:20:49, tokens_remaining: 1679, call: scores, phase: playing
2026-06-13 18:20:49, tokens_remaining: 1678, call: scores, phase: playing
2026-06-13 18:20:50, tokens_remaining: 1678, call: scores, phase: playing
2026-06-13 18:20:50, tokens_remaining: 1678, call: scores, phase: playing
2026-06-13 18:20:51, tokens_remaining: 1677, call: scores, phase: playing
2026-06-13 18:20:51, tokens_remaining: 1677, call: scores, phase: playing
2026-06-13 18:20:51, tokens_remaining: 1677, call: scores, phase: playing
2026-06-13 18:20:52, tokens_remaining: 1676, call: events, phase: playing
2026-06-13 18:20:53, tokens_remaining: 1675, call: scores, phase: playing
2026-06-13 18:20:53, tokens_remaining: 1675, call: scores, phase: playing
2026-06-13 18:20:53, tokens_remaining: 1675, call: scores, phase: playing
2026-06-13 18:20:54, tokens_remaining: 1674, call: scores, phase: playing
2026-06-13 18:20:54, tokens_remaining: 1674, call: scores, phase: playing
2026-06-13 18:20:55, tokens_remaining: 1674, call: scores, phase: playing
2026-06-13 18:20:55, tokens_remaining: 1673, call: scores, phase: playing
2026-06-13 18:20:55, tokens_remaining: 1673, call: scores, phase: playing
2026-06-13 18:20:56, tokens_remaining: 1673, call: scores, phase: playing
2026-06-13 18:20:56, tokens_remaining: 1672, call: events, phase: playing
2026-06-13 18:20:57, tokens_remaining: 1671, call: scores, phase: playing
2026-06-13 18:20:57, tokens_remaining: 1671, call: scores, phase: playing
2026-06-13 18:20:58, tokens_remaining: 1671, call: scores, phase: playing
2026-06-13 18:20:58, tokens_remaining: 1670, call: scores, phase: playing
2026-06-13 18:20:59, tokens_remaining: 1670, call: scores, phase: playing
2026-06-13 18:20:59, tokens_remaining: 1670, call: scores, phase: playing
2026-06-13 18:21:00, tokens_remaining: 1669, call: scores, phase: playing
2026-06-13 18:21:00, tokens_remaining: 1669, call: scores, phase: playing
2026-06-13 18:21:00, tokens_remaining: 1669, call: scores, phase: playing
2026-06-13 18:21:01, tokens_remaining: 1668, call: events, phase: playing
2026-06-13 18:21:01, tokens_remaining: 1667, call: scores, phase: playing
2026-06-13 18:21:02, tokens_remaining: 1667, call: scores, phase: playing
2026-06-13 18:21:02, tokens_remaining: 1667, call: scores, phase: playing
2026-06-13 18:21:03, tokens_remaining: 1666, call: scores, phase: playing
2026-06-13 18:21:03, tokens_remaining: 1666, call: scores, phase: playing
2026-06-13 18:21:03, tokens_remaining: 1666, call: scores, phase: playing
2026-06-13 18:21:04, tokens_remaining: 1665, call: scores, phase: playing
2026-06-13 18:21:04, tokens_remaining: 1665, call: scores, phase: playing
2026-06-13 18:21:05, tokens_remaining: 1665, call: scores, phase: playing
2026-06-13 18:21:05, tokens_remaining: 1664, call: events, phase: playing
2026-06-13 18:21:06, tokens_remaining: 1663, call: scores, phase: playing
2026-06-13 18:21:06, tokens_remaining: 1663, call: scores, phase: playing
2026-06-13 18:21:06, tokens_remaining: 1663, call: scores, phase: playing
2026-06-13 18:21:07, tokens_remaining: 1663, call: scores, phase: playing
2026-06-13 18:21:07, tokens_remaining: 1662, call: scores, phase: playing
2026-06-13 18:21:08, tokens_remaining: 1662, call: scores, phase: playing
2026-06-13 18:21:08, tokens_remaining: 1662, call: scores, phase: playing
2026-06-13 18:21:09, tokens_remaining: 1661, call: scores, phase: playing
2026-06-13 18:21:09, tokens_remaining: 1661, call: scores, phase: playing
2026-06-13 18:21:10, tokens_remaining: 1660, call: events, phase: playing
2026-06-13 18:21:10, tokens_remaining: 1659, call: scores, phase: playing
2026-06-13 18:21:11, tokens_remaining: 1659, call: scores, phase: playing
2026-06-13 18:21:11, tokens_remaining: 1659, call: scores, phase: playing
2026-06-13 18:21:11, tokens_remaining: 1658, call: scores, phase: playing
2026-06-13 18:21:12, tokens_remaining: 1658, call: scores, phase: playing
2026-06-13 18:21:12, tokens_remaining: 1658, call: scores, phase: playing
2026-06-13 18:21:13, tokens_remaining: 1657, call: scores, phase: playing
2026-06-13 18:21:13, tokens_remaining: 1657, call: scores, phase: playing
2026-06-13 18:21:13, tokens_remaining: 1657, call: scores, phase: playing
2026-06-13 18:21:14, tokens_remaining: 1656, call: events, phase: playing
2026-06-13 18:21:15, tokens_remaining: 1655, call: scores, phase: playing
2026-06-13 18:21:15, tokens_remaining: 1655, call: scores, phase: playing
2026-06-13 18:21:15, tokens_remaining: 1655, call: scores, phase: playing
2026-06-13 18:21:16, tokens_remaining: 1655, call: scores, phase: playing
2026-06-13 18:21:16, tokens_remaining: 1654, call: scores, phase: playing
2026-06-13 18:21:16, tokens_remaining: 1654, call: scores, phase: playing
2026-06-13 18:21:17, tokens_remaining: 1654, call: scores, phase: playing
2026-06-13 18:21:17, tokens_remaining: 1653, call: scores, phase: playing
2026-06-13 18:21:18, tokens_remaining: 1653, call: scores, phase: playing
2026-06-13 18:21:18, tokens_remaining: 1652, call: events, phase: playing
2026-06-13 18:21:19, tokens_remaining: 1651, call: scores, phase: playing
2026-06-13 18:21:19, tokens_remaining: 1651, call: scores, phase: playing
2026-06-13 18:21:20, tokens_remaining: 1651, call: scores, phase: playing
2026-06-13 18:21:20, tokens_remaining: 1650, call: scores, phase: playing
2026-06-13 18:21:20, tokens_remaining: 1650, call: scores, phase: playing
2026-06-13 18:21:21, tokens_remaining: 1650, call: scores, phase: playing
2026-06-13 18:21:21, tokens_remaining: 1650, call: scores, phase: playing
2026-06-13 18:21:22, tokens_remaining: 1649, call: scores, phase: playing
2026-06-13 18:21:22, tokens_remaining: 1649, call: scores, phase: playing
2026-06-13 18:21:23, tokens_remaining: 1648, call: events, phase: playing
2026-06-13 18:21:23, tokens_remaining: 1647, call: scores, phase: playing
2026-06-13 18:21:24, tokens_remaining: 1647, call: scores, phase: playing
2026-06-13 18:21:24, tokens_remaining: 1647, call: scores, phase: playing
2026-06-13 18:21:24, tokens_remaining: 1647, call: scores, phase: playing
2026-06-13 18:21:25, tokens_remaining: 1646, call: scores, phase: playing
2026-06-13 18:21:25, tokens_remaining: 1646, call: scores, phase: playing
2026-06-13 18:21:25, tokens_remaining: 1646, call: scores, phase: playing
2026-06-13 18:21:26, tokens_remaining: 1645, call: scores, phase: playing
2026-06-13 18:21:26, tokens_remaining: 1645, call: scores, phase: playing
2026-06-13 18:21:27, tokens_remaining: 1644, call: events, phase: playing
2026-06-13 18:21:28, tokens_remaining: 1643, call: scores, phase: playing
2026-06-13 18:21:28, tokens_remaining: 1643, call: scores, phase: playing
2026-06-13 18:21:28, tokens_remaining: 1643, call: scores, phase: playing
2026-06-13 18:21:28, tokens_remaining: 1643, call: scores, phase: playing
2026-06-13 18:21:29, tokens_remaining: 1642, call: scores, phase: playing
2026-06-13 18:21:29, tokens_remaining: 1642, call: scores, phase: playing
2026-06-13 18:21:30, tokens_remaining: 1642, call: scores, phase: playing
2026-06-13 18:21:30, tokens_remaining: 1642, call: scores, phase: playing
2026-06-13 18:21:31, tokens_remaining: 1641, call: scores, phase: playing
2026-06-13 18:21:31, tokens_remaining: 1640, call: events, phase: playing
2026-06-13 18:21:32, tokens_remaining: 1641, call: scores, phase: playing
2026-06-13 18:21:32, tokens_remaining: 1639, call: scores, phase: playing
2026-06-13 18:21:32, tokens_remaining: 1639, call: scores, phase: playing
2026-06-13 18:21:33, tokens_remaining: 1639, call: scores, phase: playing
2026-06-13 18:21:33, tokens_remaining: 1639, call: scores, phase: playing
2026-06-13 18:21:34, tokens_remaining: 1638, call: scores, phase: playing
2026-06-13 18:21:34, tokens_remaining: 1638, call: scores, phase: playing
2026-06-13 18:21:34, tokens_remaining: 1638, call: scores, phase: playing
2026-06-13 18:21:35, tokens_remaining: 1638, call: scores, phase: playing
2026-06-13 18:21:35, tokens_remaining: 1637, call: events, phase: playing
2026-06-13 18:21:36, tokens_remaining: 1636, call: scores, phase: playing
2026-06-13 18:21:36, tokens_remaining: 1636, call: scores, phase: playing
2026-06-13 18:21:36, tokens_remaining: 1636, call: scores, phase: playing
2026-06-13 18:21:37, tokens_remaining: 1636, call: scores, phase: playing
2026-06-13 18:21:37, tokens_remaining: 1635, call: scores, phase: playing
2026-06-13 18:21:38, tokens_remaining: 1635, call: scores, phase: playing
2026-06-13 18:21:38, tokens_remaining: 1635, call: scores, phase: playing
2026-06-13 18:21:38, tokens_remaining: 1635, call: scores, phase: playing
2026-06-13 18:21:39, tokens_remaining: 1634, call: scores, phase: playing
2026-06-13 18:21:39, tokens_remaining: 1633, call: events, phase: playing
2026-06-13 18:21:40, tokens_remaining: 1634, call: scores, phase: playing
2026-06-13 18:21:40, tokens_remaining: 1632, call: scores, phase: playing
2026-06-13 18:21:41, tokens_remaining: 1632, call: scores, phase: playing
2026-06-13 18:21:41, tokens_remaining: 1632, call: scores, phase: playing
2026-06-13 18:21:41, tokens_remaining: 1632, call: scores, phase: playing
2026-06-13 18:21:42, tokens_remaining: 1631, call: scores, phase: playing
2026-06-13 18:21:42, tokens_remaining: 1631, call: scores, phase: playing
2026-06-13 18:21:42, tokens_remaining: 1631, call: scores, phase: playing
2026-06-13 18:21:43, tokens_remaining: 1631, call: scores, phase: playing
2026-06-13 18:21:43, tokens_remaining: 1630, call: events, phase: playing
2026-06-13 18:21:44, tokens_remaining: 1629, call: scores, phase: playing
2026-06-13 18:21:44, tokens_remaining: 1629, call: scores, phase: playing
2026-06-13 18:21:45, tokens_remaining: 1629, call: scores, phase: playing
2026-06-13 18:21:45, tokens_remaining: 1629, call: scores, phase: playing
2026-06-13 18:21:45, tokens_remaining: 1628, call: scores, phase: playing
2026-06-13 18:21:46, tokens_remaining: 1628, call: scores, phase: playing
2026-06-13 18:21:46, tokens_remaining: 1628, call: scores, phase: playing
2026-06-13 18:21:46, tokens_remaining: 1628, call: scores, phase: playing
2026-06-13 18:21:47, tokens_remaining: 1627, call: scores, phase: playing
2026-06-13 18:21:48, tokens_remaining: 1626, call: events, phase: playing
2026-06-13 18:21:48, tokens_remaining: 1627, call: scores, phase: playing
2026-06-13 18:21:48, tokens_remaining: 1625, call: scores, phase: playing
2026-06-13 18:21:49, tokens_remaining: 1625, call: scores, phase: playing
2026-06-13 18:21:49, tokens_remaining: 1625, call: scores, phase: playing
2026-06-13 18:21:49, tokens_remaining: 1625, call: scores, phase: playing
2026-06-13 18:21:50, tokens_remaining: 1624, call: scores, phase: playing
2026-06-13 18:21:50, tokens_remaining: 1624, call: scores, phase: playing
2026-06-13 18:21:51, tokens_remaining: 1624, call: scores, phase: playing
2026-06-13 18:21:51, tokens_remaining: 1624, call: scores, phase: playing
2026-06-13 18:21:51, tokens_remaining: 1623, call: events, phase: playing
2026-06-13 18:21:52, tokens_remaining: 1622, call: scores, phase: playing
2026-06-13 18:21:52, tokens_remaining: 1622, call: scores, phase: playing
2026-06-13 18:21:53, tokens_remaining: 1622, call: scores, phase: playing
2026-06-13 18:21:53, tokens_remaining: 1622, call: scores, phase: playing
2026-06-13 18:21:53, tokens_remaining: 1621, call: scores, phase: playing
2026-06-13 18:21:54, tokens_remaining: 1621, call: scores, phase: playing
2026-06-13 18:21:54, tokens_remaining: 1621, call: scores, phase: playing
2026-06-13 18:21:54, tokens_remaining: 1621, call: scores, phase: playing
2026-06-13 18:21:55, tokens_remaining: 1620, call: scores, phase: playing
2026-06-13 18:21:56, tokens_remaining: 1619, call: events, phase: playing
2026-06-13 18:21:56, tokens_remaining: 1620, call: scores, phase: playing
2026-06-13 18:21:56, tokens_remaining: 1618, call: scores, phase: playing
2026-06-13 18:21:57, tokens_remaining: 1618, call: scores, phase: playing
2026-06-13 18:21:57, tokens_remaining: 1618, call: scores, phase: playing
2026-06-13 18:21:57, tokens_remaining: 1618, call: scores, phase: playing
2026-06-13 18:21:58, tokens_remaining: 1617, call: scores, phase: playing
2026-06-13 18:21:58, tokens_remaining: 1617, call: scores, phase: playing
2026-06-13 18:21:59, tokens_remaining: 1617, call: scores, phase: playing
2026-06-13 18:21:59, tokens_remaining: 1617, call: scores, phase: playing
2026-06-13 18:21:59, tokens_remaining: 1616, call: events, phase: playing
2026-06-13 18:22:00, tokens_remaining: 1615, call: scores, phase: playing
2026-06-13 18:22:00, tokens_remaining: 1615, call: scores, phase: playing
2026-06-13 18:22:01, tokens_remaining: 1615, call: scores, phase: playing
2026-06-13 18:22:01, tokens_remaining: 1615, call: scores, phase: playing
2026-06-13 18:22:01, tokens_remaining: 1614, call: scores, phase: playing
2026-06-13 18:22:02, tokens_remaining: 1614, call: scores, phase: playing
2026-06-13 18:22:02, tokens_remaining: 1614, call: scores, phase: playing
2026-06-13 18:22:02, tokens_remaining: 1614, call: scores, phase: playing
2026-06-13 18:22:03, tokens_remaining: 1613, call: scores, phase: playing
2026-06-13 18:22:04, tokens_remaining: 1612, call: events, phase: playing
2026-06-13 18:22:04, tokens_remaining: 1613, call: scores, phase: playing
2026-06-13 18:22:04, tokens_remaining: 1611, call: scores, phase: playing
2026-06-13 18:22:05, tokens_remaining: 1611, call: scores, phase: playing
2026-06-13 18:22:05, tokens_remaining: 1611, call: scores, phase: playing
2026-06-13 18:22:05, tokens_remaining: 1611, call: scores, phase: playing
2026-06-13 18:22:06, tokens_remaining: 1610, call: scores, phase: playing
2026-06-13 18:22:06, tokens_remaining: 1610, call: scores, phase: playing
2026-06-13 18:22:06, tokens_remaining: 1610, call: scores, phase: playing
2026-06-13 18:22:07, tokens_remaining: 1610, call: scores, phase: playing
2026-06-13 18:22:07, tokens_remaining: 1609, call: events, phase: playing
2026-06-13 18:22:08, tokens_remaining: 1608, call: scores, phase: playing
2026-06-13 18:22:08, tokens_remaining: 1608, call: scores, phase: playing
2026-06-13 18:22:09, tokens_remaining: 1608, call: scores, phase: playing
2026-06-13 18:22:09, tokens_remaining: 1608, call: scores, phase: playing
2026-06-13 18:22:09, tokens_remaining: 1607, call: scores, phase: playing
2026-06-13 18:22:10, tokens_remaining: 1607, call: scores, phase: playing
2026-06-13 18:22:10, tokens_remaining: 1607, call: scores, phase: playing
2026-06-13 18:22:10, tokens_remaining: 1607, call: scores, phase: playing
2026-06-13 18:22:11, tokens_remaining: 1606, call: scores, phase: playing
2026-06-13 18:22:11, tokens_remaining: 1605, call: events, phase: playing
2026-06-13 18:22:12, tokens_remaining: 1606, call: scores, phase: playing
2026-06-13 18:22:12, tokens_remaining: 1604, call: scores, phase: playing
2026-06-13 18:22:13, tokens_remaining: 1604, call: scores, phase: playing
2026-06-13 18:22:13, tokens_remaining: 1604, call: scores, phase: playing
2026-06-13 18:22:13, tokens_remaining: 1604, call: scores, phase: playing
2026-06-13 18:22:14, tokens_remaining: 1603, call: scores, phase: playing
2026-06-13 18:22:14, tokens_remaining: 1603, call: scores, phase: playing
2026-06-13 18:22:14, tokens_remaining: 1603, call: scores, phase: playing
2026-06-13 18:22:15, tokens_remaining: 1603, call: scores, phase: playing
2026-06-13 18:22:15, tokens_remaining: 1602, call: events, phase: playing
2026-06-13 18:22:16, tokens_remaining: 1601, call: scores, phase: playing
2026-06-13 18:22:16, tokens_remaining: 1601, call: scores, phase: playing
2026-06-13 18:22:16, tokens_remaining: 1601, call: scores, phase: playing
2026-06-13 18:22:17, tokens_remaining: 1601, call: scores, phase: playing
2026-06-13 18:22:17, tokens_remaining: 1600, call: scores, phase: playing
2026-06-13 18:22:18, tokens_remaining: 1600, call: scores, phase: playing
2026-06-13 18:22:18, tokens_remaining: 1600, call: scores, phase: playing
2026-06-13 18:22:18, tokens_remaining: 1600, call: scores, phase: playing
2026-06-13 18:22:19, tokens_remaining: 1599, call: scores, phase: playing
2026-06-13 18:22:19, tokens_remaining: 1598, call: events, phase: playing
2026-06-13 18:22:20, tokens_remaining: 1599, call: scores, phase: playing
2026-06-13 18:22:20, tokens_remaining: 1597, call: scores, phase: playing
2026-06-13 18:22:20, tokens_remaining: 1597, call: scores, phase: playing
2026-06-13 18:22:21, tokens_remaining: 1597, call: scores, phase: playing
2026-06-13 18:22:21, tokens_remaining: 1597, call: scores, phase: playing
2026-06-13 18:22:22, tokens_remaining: 1596, call: scores, phase: playing
2026-06-13 18:22:22, tokens_remaining: 1596, call: scores, phase: playing
2026-06-13 18:22:22, tokens_remaining: 1596, call: scores, phase: playing
2026-06-13 18:22:22, tokens_remaining: 1596, call: scores, phase: playing
2026-06-13 18:22:23, tokens_remaining: 1595, call: events, phase: playing
2026-06-13 18:22:24, tokens_remaining: 1594, call: scores, phase: playing
2026-06-13 18:22:24, tokens_remaining: 1594, call: scores, phase: playing
2026-06-13 18:22:24, tokens_remaining: 1594, call: scores, phase: playing
2026-06-13 18:22:24, tokens_remaining: 1594, call: scores, phase: playing
2026-06-13 18:22:25, tokens_remaining: 1593, call: scores, phase: playing
2026-06-13 18:22:25, tokens_remaining: 1593, call: scores, phase: playing
2026-06-13 18:22:26, tokens_remaining: 1593, call: scores, phase: playing
2026-06-13 18:22:26, tokens_remaining: 1593, call: scores, phase: playing
2026-06-13 18:22:26, tokens_remaining: 1592, call: scores, phase: playing
2026-06-13 18:22:27, tokens_remaining: 1591, call: events, phase: playing
2026-06-13 18:22:27, tokens_remaining: 1592, call: scores, phase: playing
2026-06-13 18:22:28, tokens_remaining: 1590, call: scores, phase: playing
2026-06-13 18:22:28, tokens_remaining: 1590, call: scores, phase: playing
2026-06-13 18:22:28, tokens_remaining: 1590, call: scores, phase: playing
2026-06-13 18:22:29, tokens_remaining: 1590, call: scores, phase: playing
2026-06-13 18:22:29, tokens_remaining: 1589, call: scores, phase: playing
2026-06-13 18:22:30, tokens_remaining: 1589, call: scores, phase: playing
2026-06-13 18:22:30, tokens_remaining: 1589, call: scores, phase: playing
2026-06-13 18:22:30, tokens_remaining: 1589, call: scores, phase: playing
2026-06-13 18:22:31, tokens_remaining: 1588, call: events, phase: playing
2026-06-13 18:22:31, tokens_remaining: 1587, call: scores, phase: playing
2026-06-13 18:22:32, tokens_remaining: 1587, call: scores, phase: playing
2026-06-13 18:22:32, tokens_remaining: 1587, call: scores, phase: playing
2026-06-13 18:22:32, tokens_remaining: 1587, call: scores, phase: playing
2026-06-13 18:22:33, tokens_remaining: 1586, call: scores, phase: playing
2026-06-13 18:22:33, tokens_remaining: 1586, call: scores, phase: playing
2026-06-13 18:22:33, tokens_remaining: 1586, call: scores, phase: playing
2026-06-13 18:22:34, tokens_remaining: 1586, call: scores, phase: playing
2026-06-13 18:22:34, tokens_remaining: 1585, call: scores, phase: playing
2026-06-13 18:22:35, tokens_remaining: 1584, call: events, phase: playing
2026-06-13 18:22:35, tokens_remaining: 1585, call: scores, phase: playing
2026-06-13 18:22:36, tokens_remaining: 1583, call: scores, phase: playing
2026-06-13 18:22:36, tokens_remaining: 1583, call: scores, phase: playing
2026-06-13 18:22:36, tokens_remaining: 1583, call: scores, phase: playing
2026-06-13 18:22:36, tokens_remaining: 1583, call: scores, phase: playing
2026-06-13 18:22:37, tokens_remaining: 1582, call: scores, phase: playing
2026-06-13 18:22:37, tokens_remaining: 1582, call: scores, phase: playing
2026-06-13 18:22:38, tokens_remaining: 1582, call: scores, phase: playing
2026-06-13 18:22:38, tokens_remaining: 1582, call: scores, phase: playing
2026-06-13 18:22:38, tokens_remaining: 1581, call: events, phase: playing
2026-06-13 18:22:39, tokens_remaining: 1580, call: scores, phase: playing
2026-06-13 18:22:39, tokens_remaining: 1580, call: scores, phase: playing
2026-06-13 18:22:40, tokens_remaining: 1580, call: scores, phase: playing
2026-06-13 18:22:40, tokens_remaining: 1580, call: scores, phase: playing
2026-06-13 18:22:40, tokens_remaining: 1579, call: scores, phase: playing
2026-06-13 18:22:41, tokens_remaining: 1579, call: scores, phase: playing
2026-06-13 18:22:41, tokens_remaining: 1579, call: scores, phase: playing
2026-06-13 18:22:41, tokens_remaining: 1579, call: scores, phase: playing
2026-06-13 18:22:42, tokens_remaining: 1578, call: scores, phase: playing
2026-06-13 18:22:42, tokens_remaining: 1577, call: events, phase: playing
2026-06-13 18:22:43, tokens_remaining: 1578, call: scores, phase: playing
2026-06-13 18:22:43, tokens_remaining: 1576, call: scores, phase: playing
2026-06-13 18:22:43, tokens_remaining: 1576, call: scores, phase: playing
2026-06-13 18:22:44, tokens_remaining: 1576, call: scores, phase: playing
2026-06-13 18:22:44, tokens_remaining: 1576, call: scores, phase: playing
2026-06-13 18:22:45, tokens_remaining: 1575, call: scores, phase: playing
2026-06-13 18:22:45, tokens_remaining: 1575, call: scores, phase: playing
2026-06-13 18:22:45, tokens_remaining: 1575, call: scores, phase: playing
2026-06-13 18:22:45, tokens_remaining: 1575, call: scores, phase: playing
2026-06-13 18:22:46, tokens_remaining: 1574, call: events, phase: playing
2026-06-13 18:22:47, tokens_remaining: 1573, call: scores, phase: playing
2026-06-13 18:22:47, tokens_remaining: 1573, call: scores, phase: playing
2026-06-13 18:22:47, tokens_remaining: 1573, call: scores, phase: playing
2026-06-13 18:22:47, tokens_remaining: 1573, call: scores, phase: playing
2026-06-13 18:22:48, tokens_remaining: 1572, call: scores, phase: playing
2026-06-13 18:22:48, tokens_remaining: 1572, call: scores, phase: playing
2026-06-13 18:22:48, tokens_remaining: 1572, call: scores, phase: playing
2026-06-13 18:22:49, tokens_remaining: 1572, call: scores, phase: playing
2026-06-13 18:22:49, tokens_remaining: 1571, call: scores, phase: playing
2026-06-13 18:22:50, tokens_remaining: 1570, call: events, phase: playing
2026-06-13 18:22:50, tokens_remaining: 1571, call: scores, phase: playing
2026-06-13 18:22:51, tokens_remaining: 1569, call: scores, phase: playing
2026-06-13 18:22:51, tokens_remaining: 1569, call: scores, phase: playing
2026-06-13 18:22:51, tokens_remaining: 1569, call: scores, phase: playing
2026-06-13 18:22:52, tokens_remaining: 1569, call: scores, phase: playing
2026-06-13 18:22:52, tokens_remaining: 1568, call: scores, phase: playing
2026-06-13 18:22:52, tokens_remaining: 1568, call: scores, phase: playing
2026-06-13 18:22:53, tokens_remaining: 1568, call: scores, phase: playing
2026-06-13 18:22:53, tokens_remaining: 1568, call: scores, phase: playing
2026-06-13 18:22:54, tokens_remaining: 1567, call: events, phase: playing
2026-06-13 18:22:54, tokens_remaining: 1566, call: scores, phase: playing
2026-06-13 18:22:54, tokens_remaining: 1566, call: scores, phase: playing
2026-06-13 18:22:55, tokens_remaining: 1566, call: scores, phase: playing
2026-06-13 18:22:55, tokens_remaining: 1566, call: scores, phase: playing
2026-06-13 18:22:56, tokens_remaining: 1565, call: scores, phase: playing
2026-06-13 18:22:56, tokens_remaining: 1565, call: scores, phase: playing
2026-06-13 18:22:56, tokens_remaining: 1565, call: scores, phase: playing
2026-06-13 18:22:56, tokens_remaining: 1565, call: scores, phase: playing
2026-06-13 18:22:57, tokens_remaining: 1564, call: scores, phase: playing
2026-06-13 18:22:57, tokens_remaining: 1563, call: events, phase: playing
2026-06-13 18:22:58, tokens_remaining: 1564, call: scores, phase: playing
2026-06-13 18:22:58, tokens_remaining: 1562, call: scores, phase: playing
2026-06-13 18:22:58, tokens_remaining: 1562, call: scores, phase: playing
2026-06-13 18:22:59, tokens_remaining: 1562, call: scores, phase: playing
2026-06-13 18:22:59, tokens_remaining: 1562, call: scores, phase: playing
2026-06-13 18:23:00, tokens_remaining: 1561, call: scores, phase: playing
2026-06-13 18:23:00, tokens_remaining: 1561, call: scores, phase: playing
2026-06-13 18:23:00, tokens_remaining: 1561, call: scores, phase: playing
2026-06-13 18:23:00, tokens_remaining: 1561, call: scores, phase: playing
2026-06-13 18:23:01, tokens_remaining: 1560, call: events, phase: playing
2026-06-13 18:23:01, tokens_remaining: 1559, call: scores, phase: playing
2026-06-13 18:23:02, tokens_remaining: 1559, call: scores, phase: playing
2026-06-13 18:23:02, tokens_remaining: 1559, call: scores, phase: playing
2026-06-13 18:23:02, tokens_remaining: 1559, call: scores, phase: playing
2026-06-13 18:23:03, tokens_remaining: 1558, call: scores, phase: playing
2026-06-13 18:23:03, tokens_remaining: 1558, call: scores, phase: playing
2026-06-13 18:23:03, tokens_remaining: 1558, call: scores, phase: playing
2026-06-13 18:23:04, tokens_remaining: 1558, call: scores, phase: playing
2026-06-13 18:23:04, tokens_remaining: 1557, call: scores, phase: playing
2026-06-13 18:23:05, tokens_remaining: 1556, call: events, phase: playing
2026-06-13 18:23:05, tokens_remaining: 1557, call: scores, phase: playing
2026-06-13 18:23:05, tokens_remaining: 1555, call: scores, phase: playing
2026-06-13 18:23:06, tokens_remaining: 1555, call: scores, phase: playing
2026-06-13 18:23:06, tokens_remaining: 1555, call: scores, phase: playing
2026-06-13 18:23:06, tokens_remaining: 1555, call: scores, phase: playing
2026-06-13 18:23:07, tokens_remaining: 1554, call: scores, phase: playing
2026-06-13 18:23:07, tokens_remaining: 1554, call: scores, phase: playing
2026-06-13 18:23:07, tokens_remaining: 1554, call: scores, phase: playing
2026-06-13 18:23:08, tokens_remaining: 1554, call: scores, phase: playing
2026-06-13 18:23:08, tokens_remaining: 1553, call: events, phase: playing
2026-06-13 18:23:09, tokens_remaining: 1552, call: scores, phase: playing
2026-06-13 18:23:09, tokens_remaining: 1552, call: scores, phase: playing
2026-06-13 18:23:09, tokens_remaining: 1552, call: scores, phase: playing
2026-06-13 18:23:09, tokens_remaining: 1552, call: scores, phase: playing
2026-06-13 18:23:10, tokens_remaining: 1551, call: scores, phase: playing
2026-06-13 18:23:10, tokens_remaining: 1551, call: scores, phase: playing
2026-06-13 18:23:11, tokens_remaining: 1551, call: scores, phase: playing
2026-06-13 18:23:11, tokens_remaining: 1551, call: scores, phase: playing
2026-06-13 18:23:11, tokens_remaining: 1550, call: scores, phase: playing
2026-06-13 18:23:12, tokens_remaining: 1549, call: events, phase: playing
2026-06-13 18:23:12, tokens_remaining: 1550, call: scores, phase: playing
2026-06-13 18:23:13, tokens_remaining: 1548, call: scores, phase: playing
2026-06-13 18:23:13, tokens_remaining: 1548, call: scores, phase: playing
2026-06-13 18:23:13, tokens_remaining: 1548, call: scores, phase: playing
2026-06-13 18:23:14, tokens_remaining: 1548, call: scores, phase: playing
2026-06-13 18:23:14, tokens_remaining: 1547, call: scores, phase: playing
2026-06-13 18:23:14, tokens_remaining: 1547, call: scores, phase: playing
2026-06-13 18:23:15, tokens_remaining: 1547, call: scores, phase: playing
2026-06-13 18:23:15, tokens_remaining: 1547, call: scores, phase: playing
2026-06-13 18:23:15, tokens_remaining: 1546, call: events, phase: playing
2026-06-13 18:23:16, tokens_remaining: 1545, call: scores, phase: playing
2026-06-13 18:23:16, tokens_remaining: 1545, call: scores, phase: playing
2026-06-13 18:23:17, tokens_remaining: 1545, call: scores, phase: playing
2026-06-13 18:23:17, tokens_remaining: 1545, call: scores, phase: playing
2026-06-13 18:23:17, tokens_remaining: 1544, call: scores, phase: playing
2026-06-13 18:23:18, tokens_remaining: 1544, call: scores, phase: playing
2026-06-13 18:23:18, tokens_remaining: 1544, call: scores, phase: playing
2026-06-13 18:23:18, tokens_remaining: 1544, call: scores, phase: playing
2026-06-13 18:23:19, tokens_remaining: 1543, call: scores, phase: playing
2026-06-13 18:23:19, tokens_remaining: 1542, call: events, phase: playing
2026-06-13 18:23:19, tokens_remaining: 1543, call: scores, phase: playing
2026-06-13 18:23:20, tokens_remaining: 1541, call: scores, phase: playing
2026-06-13 18:23:20, tokens_remaining: 1541, call: scores, phase: playing
2026-06-13 18:23:21, tokens_remaining: 1541, call: scores, phase: playing
2026-06-13 18:23:21, tokens_remaining: 1541, call: scores, phase: playing
2026-06-13 18:23:21, tokens_remaining: 1540, call: scores, phase: playing
2026-06-13 18:23:22, tokens_remaining: 1540, call: scores, phase: playing
2026-06-13 18:23:22, tokens_remaining: 1540, call: scores, phase: playing
2026-06-13 18:23:22, tokens_remaining: 1540, call: scores, phase: playing
2026-06-13 18:23:23, tokens_remaining: 1539, call: events, phase: playing
2026-06-13 18:23:23, tokens_remaining: 1538, call: scores, phase: playing
2026-06-13 18:23:23, tokens_remaining: 1538, call: scores, phase: playing
2026-06-13 18:23:24, tokens_remaining: 1538, call: scores, phase: playing
2026-06-13 18:23:24, tokens_remaining: 1538, call: scores, phase: playing
2026-06-13 18:23:25, tokens_remaining: 1537, call: scores, phase: playing
2026-06-13 18:23:25, tokens_remaining: 1537, call: scores, phase: playing
2026-06-13 18:23:25, tokens_remaining: 1537, call: scores, phase: playing
2026-06-13 18:23:25, tokens_remaining: 1537, call: scores, phase: playing
2026-06-13 18:23:26, tokens_remaining: 1536, call: scores, phase: playing
2026-06-13 18:23:26, tokens_remaining: 1535, call: events, phase: playing
2026-06-13 18:23:27, tokens_remaining: 1536, call: scores, phase: playing
2026-06-13 18:23:27, tokens_remaining: 1534, call: scores, phase: playing
2026-06-13 18:23:27, tokens_remaining: 1534, call: scores, phase: playing
2026-06-13 18:23:28, tokens_remaining: 1534, call: scores, phase: playing
2026-06-13 18:23:28, tokens_remaining: 1534, call: scores, phase: playing
2026-06-13 18:23:28, tokens_remaining: 1533, call: scores, phase: playing
2026-06-13 18:23:29, tokens_remaining: 1533, call: scores, phase: playing
2026-06-13 18:23:29, tokens_remaining: 1533, call: scores, phase: playing
2026-06-13 18:23:29, tokens_remaining: 1533, call: scores, phase: playing
2026-06-13 18:23:30, tokens_remaining: 1532, call: events, phase: playing
2026-06-13 18:23:30, tokens_remaining: 1531, call: scores, phase: playing
2026-06-13 18:23:31, tokens_remaining: 1531, call: scores, phase: playing
2026-06-13 18:23:31, tokens_remaining: 1531, call: scores, phase: playing
2026-06-13 18:23:31, tokens_remaining: 1531, call: scores, phase: playing
2026-06-13 18:23:32, tokens_remaining: 1530, call: scores, phase: playing
2026-06-13 18:23:32, tokens_remaining: 1530, call: scores, phase: playing
2026-06-13 18:23:32, tokens_remaining: 1530, call: scores, phase: playing
2026-06-13 18:23:32, tokens_remaining: 1530, call: scores, phase: playing
2026-06-13 18:23:33, tokens_remaining: 1529, call: scores, phase: playing
2026-06-13 18:23:33, tokens_remaining: 1528, call: events, phase: playing
2026-06-13 18:23:34, tokens_remaining: 1529, call: scores, phase: playing
2026-06-13 18:23:34, tokens_remaining: 1527, call: scores, phase: playing
2026-06-13 18:23:35, tokens_remaining: 1527, call: scores, phase: playing
2026-06-13 18:23:35, tokens_remaining: 1527, call: scores, phase: playing
2026-06-13 18:23:35, tokens_remaining: 1527, call: scores, phase: playing
2026-06-13 18:23:36, tokens_remaining: 1526, call: scores, phase: playing
2026-06-13 18:23:36, tokens_remaining: 1526, call: scores, phase: playing
2026-06-13 18:23:36, tokens_remaining: 1526, call: scores, phase: playing
2026-06-13 18:23:36, tokens_remaining: 1526, call: scores, phase: playing
2026-06-13 18:23:37, tokens_remaining: 1525, call: events, phase: playing
2026-06-13 18:23:37, tokens_remaining: 1524, call: scores, phase: playing
2026-06-13 18:23:38, tokens_remaining: 1524, call: scores, phase: playing
2026-06-13 18:23:38, tokens_remaining: 1524, call: scores, phase: playing
2026-06-13 18:23:38, tokens_remaining: 1524, call: scores, phase: playing
2026-06-13 18:23:39, tokens_remaining: 1523, call: scores, phase: playing
2026-06-13 18:23:39, tokens_remaining: 1523, call: scores, phase: playing
2026-06-13 18:23:39, tokens_remaining: 1523, call: scores, phase: playing
2026-06-13 18:23:39, tokens_remaining: 1523, call: scores, phase: playing
2026-06-13 18:23:40, tokens_remaining: 1522, call: scores, phase: playing
2026-06-13 18:23:40, tokens_remaining: 1521, call: events, phase: playing
2026-06-13 18:23:41, tokens_remaining: 1522, call: scores, phase: playing
2026-06-13 18:23:41, tokens_remaining: 1520, call: scores, phase: playing
2026-06-13 18:23:42, tokens_remaining: 1520, call: scores, phase: playing
2026-06-13 18:23:42, tokens_remaining: 1520, call: scores, phase: playing
2026-06-13 18:23:42, tokens_remaining: 1520, call: scores, phase: playing
2026-06-13 18:23:43, tokens_remaining: 1519, call: scores, phase: playing
2026-06-13 18:23:43, tokens_remaining: 1519, call: scores, phase: playing
2026-06-13 18:23:43, tokens_remaining: 1519, call: scores, phase: playing
2026-06-13 18:23:43, tokens_remaining: 1519, call: scores, phase: playing
2026-06-13 18:23:44, tokens_remaining: 1518, call: events, phase: playing
2026-06-13 18:23:44, tokens_remaining: 1517, call: scores, phase: playing
2026-06-13 18:23:45, tokens_remaining: 1517, call: scores, phase: playing
2026-06-13 18:23:45, tokens_remaining: 1517, call: scores, phase: playing
2026-06-13 18:23:45, tokens_remaining: 1517, call: scores, phase: playing
2026-06-13 18:23:46, tokens_remaining: 1516, call: scores, phase: playing
2026-06-13 18:23:46, tokens_remaining: 1516, call: scores, phase: playing
2026-06-13 18:23:46, tokens_remaining: 1516, call: scores, phase: playing
2026-06-13 18:23:46, tokens_remaining: 1516, call: scores, phase: playing
2026-06-13 18:23:47, tokens_remaining: 1515, call: scores, phase: playing
2026-06-13 18:23:47, tokens_remaining: 1514, call: events, phase: playing
2026-06-13 18:23:48, tokens_remaining: 1515, call: scores, phase: playing
2026-06-13 18:23:48, tokens_remaining: 1513, call: scores, phase: playing
2026-06-13 18:23:48, tokens_remaining: 1513, call: scores, phase: playing
2026-06-13 18:23:49, tokens_remaining: 1513, call: scores, phase: playing
2026-06-13 18:23:49, tokens_remaining: 1513, call: scores, phase: playing
2026-06-13 18:23:49, tokens_remaining: 1513, call: scores, phase: playing
2026-06-13 18:23:50, tokens_remaining: 1512, call: scores, phase: playing
2026-06-13 18:23:50, tokens_remaining: 1512, call: scores, phase: playing
2026-06-13 18:23:50, tokens_remaining: 1512, call: scores, phase: playing
2026-06-13 18:23:51, tokens_remaining: 1511, call: events, phase: playing
2026-06-13 18:23:51, tokens_remaining: 1510, call: scores, phase: playing
2026-06-13 18:23:51, tokens_remaining: 1510, call: scores, phase: playing
2026-06-13 18:23:52, tokens_remaining: 1510, call: scores, phase: playing
2026-06-13 18:23:52, tokens_remaining: 1510, call: scores, phase: playing
2026-06-13 18:23:52, tokens_remaining: 1509, call: scores, phase: playing
2026-06-13 18:23:53, tokens_remaining: 1509, call: scores, phase: playing
2026-06-13 18:23:53, tokens_remaining: 1509, call: scores, phase: playing
2026-06-13 18:23:53, tokens_remaining: 1509, call: scores, phase: playing
2026-06-13 18:23:54, tokens_remaining: 1508, call: scores, phase: playing
2026-06-13 18:23:54, tokens_remaining: 1507, call: events, phase: playing
2026-06-13 18:23:55, tokens_remaining: 1508, call: scores, phase: playing
2026-06-13 18:23:55, tokens_remaining: 1506, call: scores, phase: playing
2026-06-13 18:23:55, tokens_remaining: 1506, call: scores, phase: playing
2026-06-13 18:23:56, tokens_remaining: 1506, call: scores, phase: playing
2026-06-13 18:23:56, tokens_remaining: 1506, call: scores, phase: playing
2026-06-13 18:23:56, tokens_remaining: 1505, call: scores, phase: playing
2026-06-13 18:23:57, tokens_remaining: 1505, call: scores, phase: playing
2026-06-13 18:23:57, tokens_remaining: 1505, call: scores, phase: playing
2026-06-13 18:23:57, tokens_remaining: 1505, call: scores, phase: playing
2026-06-13 18:23:58, tokens_remaining: 1504, call: events, phase: playing
2026-06-13 18:23:58, tokens_remaining: 1503, call: scores, phase: playing
2026-06-13 18:23:58, tokens_remaining: 1503, call: scores, phase: playing
2026-06-13 18:23:59, tokens_remaining: 1503, call: scores, phase: playing
2026-06-13 18:23:59, tokens_remaining: 1503, call: scores, phase: playing
2026-06-13 18:23:59, tokens_remaining: 1502, call: scores, phase: playing
2026-06-13 18:24:00, tokens_remaining: 1502, call: scores, phase: playing
2026-06-13 18:24:00, tokens_remaining: 1502, call: scores, phase: playing
2026-06-13 18:24:00, tokens_remaining: 1502, call: scores, phase: playing
2026-06-13 18:24:01, tokens_remaining: 1501, call: scores, phase: playing
2026-06-13 18:24:01, tokens_remaining: 1500, call: events, phase: playing
2026-06-13 18:24:01, tokens_remaining: 1501, call: scores, phase: playing
2026-06-13 18:24:02, tokens_remaining: 1499, call: scores, phase: playing
2026-06-13 18:24:02, tokens_remaining: 1499, call: scores, phase: playing
2026-06-13 18:24:02, tokens_remaining: 1499, call: scores, phase: playing
2026-06-13 18:24:03, tokens_remaining: 1499, call: scores, phase: playing
2026-06-13 18:24:03, tokens_remaining: 1498, call: scores, phase: playing
2026-06-13 18:24:03, tokens_remaining: 1498, call: scores, phase: playing
2026-06-13 18:24:04, tokens_remaining: 1498, call: scores, phase: playing
2026-06-13 18:24:04, tokens_remaining: 1498, call: scores, phase: playing
2026-06-13 18:24:04, tokens_remaining: 1497, call: events, phase: playing
2026-06-13 18:24:05, tokens_remaining: 1496, call: scores, phase: playing
2026-06-13 18:24:05, tokens_remaining: 1496, call: scores, phase: playing
2026-06-13 18:24:05, tokens_remaining: 1496, call: scores, phase: playing
2026-06-13 18:24:06, tokens_remaining: 1496, call: scores, phase: playing
2026-06-13 18:24:06, tokens_remaining: 1495, call: scores, phase: playing
2026-06-13 18:24:06, tokens_remaining: 1495, call: scores, phase: playing
2026-06-13 18:24:07, tokens_remaining: 1495, call: scores, phase: playing
2026-06-13 18:24:07, tokens_remaining: 1495, call: scores, phase: playing
2026-06-13 18:24:07, tokens_remaining: 1495, call: scores, phase: playing
2026-06-13 18:24:08, tokens_remaining: 1494, call: events, phase: playing
2026-06-13 18:24:08, tokens_remaining: 1493, call: scores, phase: playing
2026-06-13 18:24:08, tokens_remaining: 1493, call: scores, phase: playing
2026-06-13 18:24:09, tokens_remaining: 1493, call: scores, phase: playing
2026-06-13 18:24:09, tokens_remaining: 1493, call: scores, phase: playing
2026-06-13 18:24:09, tokens_remaining: 1493, call: scores, phase: playing
2026-06-13 18:24:10, tokens_remaining: 1492, call: scores, phase: playing
2026-06-13 18:24:10, tokens_remaining: 1492, call: scores, phase: playing
2026-06-13 18:24:10, tokens_remaining: 1492, call: scores, phase: playing
2026-06-13 18:24:10, tokens_remaining: 1492, call: scores, phase: playing
2026-06-13 18:24:11, tokens_remaining: 1491, call: events, phase: playing
2026-06-13 18:24:11, tokens_remaining: 1490, call: scores, phase: playing
2026-06-13 18:24:12, tokens_remaining: 1490, call: scores, phase: playing
2026-06-13 18:24:12, tokens_remaining: 1490, call: scores, phase: playing
2026-06-13 18:24:12, tokens_remaining: 1490, call: scores, phase: playing
2026-06-13 18:24:12, tokens_remaining: 1490, call: scores, phase: playing
2026-06-13 18:24:13, tokens_remaining: 1489, call: scores, phase: playing
2026-06-13 18:24:13, tokens_remaining: 1489, call: scores, phase: playing
2026-06-13 18:24:13, tokens_remaining: 1489, call: scores, phase: playing
2026-06-13 18:24:13, tokens_remaining: 1489, call: scores, phase: playing
2026-06-13 18:24:14, tokens_remaining: 1488, call: events, phase: playing
2026-06-13 18:24:14, tokens_remaining: 1487, call: scores, phase: playing
2026-06-13 18:24:15, tokens_remaining: 1487, call: scores, phase: playing
2026-06-13 18:24:15, tokens_remaining: 1487, call: scores, phase: playing
2026-06-13 18:24:15, tokens_remaining: 1487, call: scores, phase: playing
2026-06-13 18:24:15, tokens_remaining: 1487, call: scores, phase: playing
2026-06-13 18:24:16, tokens_remaining: 1486, call: scores, phase: playing
2026-06-13 18:24:16, tokens_remaining: 1486, call: scores, phase: playing
2026-06-13 18:24:16, tokens_remaining: 1486, call: scores, phase: playing
2026-06-13 18:24:17, tokens_remaining: 1486, call: scores, phase: playing
2026-06-13 18:24:17, tokens_remaining: 1485, call: events, phase: playing
2026-06-13 18:24:18, tokens_remaining: 1484, call: scores, phase: playing
2026-06-13 18:24:18, tokens_remaining: 1484, call: scores, phase: playing
2026-06-13 18:24:18, tokens_remaining: 1484, call: scores, phase: playing
2026-06-13 18:24:18, tokens_remaining: 1484, call: scores, phase: playing
2026-06-13 18:24:19, tokens_remaining: 1484, call: scores, phase: playing
2026-06-13 18:24:19, tokens_remaining: 1483, call: scores, phase: playing
2026-06-13 18:24:19, tokens_remaining: 1483, call: scores, phase: playing
2026-06-13 18:24:20, tokens_remaining: 1483, call: scores, phase: playing
2026-06-13 18:24:20, tokens_remaining: 1483, call: scores, phase: playing
2026-06-13 18:24:20, tokens_remaining: 1482, call: events, phase: playing
2026-06-13 18:24:21, tokens_remaining: 1481, call: scores, phase: playing
2026-06-13 18:24:21, tokens_remaining: 1481, call: scores, phase: playing
2026-06-13 18:24:21, tokens_remaining: 1481, call: scores, phase: playing
2026-06-13 18:24:22, tokens_remaining: 1481, call: scores, phase: playing
2026-06-13 18:24:22, tokens_remaining: 1481, call: scores, phase: playing
2026-06-13 18:24:22, tokens_remaining: 1480, call: scores, phase: playing
2026-06-13 18:24:23, tokens_remaining: 1480, call: scores, phase: playing
2026-06-13 18:24:23, tokens_remaining: 1480, call: scores, phase: playing
2026-06-13 18:24:23, tokens_remaining: 1480, call: scores, phase: playing
2026-06-13 18:24:24, tokens_remaining: 1479, call: events, phase: playing
2026-06-13 18:24:24, tokens_remaining: 1478, call: scores, phase: playing
2026-06-13 18:24:24, tokens_remaining: 1478, call: scores, phase: playing
2026-06-13 18:24:24, tokens_remaining: 1478, call: scores, phase: playing
2026-06-13 18:24:25, tokens_remaining: 1478, call: scores, phase: playing
2026-06-13 18:24:25, tokens_remaining: 1478, call: scores, phase: playing
2026-06-13 18:24:25, tokens_remaining: 1477, call: scores, phase: playing
2026-06-13 18:24:26, tokens_remaining: 1477, call: scores, phase: playing
2026-06-13 18:24:26, tokens_remaining: 1477, call: scores, phase: playing
2026-06-13 18:24:26, tokens_remaining: 1477, call: scores, phase: playing
2026-06-13 18:24:27, tokens_remaining: 1476, call: events, phase: playing
2026-06-13 18:24:27, tokens_remaining: 1475, call: scores, phase: playing
2026-06-13 18:24:27, tokens_remaining: 1475, call: scores, phase: playing
2026-06-13 18:24:28, tokens_remaining: 1475, call: scores, phase: playing
2026-06-13 18:24:28, tokens_remaining: 1475, call: scores, phase: playing
2026-06-13 18:24:28, tokens_remaining: 1475, call: scores, phase: playing
2026-06-13 18:24:29, tokens_remaining: 1474, call: scores, phase: playing
2026-06-13 18:24:29, tokens_remaining: 1474, call: scores, phase: playing
2026-06-13 18:24:29, tokens_remaining: 1474, call: scores, phase: playing
2026-06-13 18:24:29, tokens_remaining: 1474, call: scores, phase: playing
2026-06-13 18:24:30, tokens_remaining: 1473, call: events, phase: playing
2026-06-13 18:24:30, tokens_remaining: 1472, call: scores, phase: playing
2026-06-13 18:24:30, tokens_remaining: 1472, call: scores, phase: playing
2026-06-13 18:24:31, tokens_remaining: 1472, call: scores, phase: playing
2026-06-13 18:24:31, tokens_remaining: 1472, call: scores, phase: playing
2026-06-13 18:24:31, tokens_remaining: 1472, call: scores, phase: playing
2026-06-13 18:24:32, tokens_remaining: 1471, call: scores, phase: playing
2026-06-13 18:24:32, tokens_remaining: 1471, call: scores, phase: playing
2026-06-13 18:24:32, tokens_remaining: 1471, call: scores, phase: playing
2026-06-13 18:24:32, tokens_remaining: 1471, call: scores, phase: playing
2026-06-13 18:24:33, tokens_remaining: 1470, call: events, phase: playing
2026-06-13 18:24:33, tokens_remaining: 1469, call: scores, phase: playing
2026-06-13 18:24:34, tokens_remaining: 1469, call: scores, phase: playing
2026-06-13 18:24:34, tokens_remaining: 1469, call: scores, phase: playing
2026-06-13 18:24:34, tokens_remaining: 1469, call: scores, phase: playing
2026-06-13 18:24:34, tokens_remaining: 1469, call: scores, phase: playing
2026-06-13 18:24:35, tokens_remaining: 1468, call: scores, phase: playing
2026-06-13 18:24:35, tokens_remaining: 1468, call: scores, phase: playing
2026-06-13 18:24:35, tokens_remaining: 1468, call: scores, phase: playing
2026-06-13 18:24:35, tokens_remaining: 1468, call: scores, phase: playing
2026-06-13 18:24:36, tokens_remaining: 1467, call: events, phase: playing
2026-06-13 18:24:36, tokens_remaining: 1466, call: scores, phase: playing
2026-06-13 18:24:37, tokens_remaining: 1466, call: scores, phase: playing
2026-06-13 18:24:37, tokens_remaining: 1466, call: scores, phase: playing
2026-06-13 18:24:37, tokens_remaining: 1466, call: scores, phase: playing
2026-06-13 18:24:37, tokens_remaining: 1466, call: scores, phase: playing
2026-06-13 18:24:38, tokens_remaining: 1465, call: scores, phase: playing
2026-06-13 18:24:38, tokens_remaining: 1465, call: scores, phase: playing
2026-06-13 18:24:38, tokens_remaining: 1465, call: scores, phase: playing
2026-06-13 18:24:38, tokens_remaining: 1465, call: scores, phase: playing
2026-06-13 18:24:39, tokens_remaining: 1464, call: events, phase: playing
2026-06-13 18:24:39, tokens_remaining: 1463, call: scores, phase: playing
2026-06-13 18:24:40, tokens_remaining: 1463, call: scores, phase: playing
2026-06-13 18:24:40, tokens_remaining: 1463, call: scores, phase: playing
2026-06-13 18:24:40, tokens_remaining: 1463, call: scores, phase: playing
2026-06-13 18:24:40, tokens_remaining: 1463, call: scores, phase: playing
2026-06-13 18:24:41, tokens_remaining: 1462, call: scores, phase: playing
2026-06-13 18:24:41, tokens_remaining: 1462, call: scores, phase: playing
2026-06-13 18:24:41, tokens_remaining: 1462, call: scores, phase: playing
2026-06-13 18:24:41, tokens_remaining: 1462, call: scores, phase: playing
2026-06-13 18:24:42, tokens_remaining: 1461, call: events, phase: playing
2026-06-13 18:24:42, tokens_remaining: 1460, call: scores, phase: playing
2026-06-13 18:24:43, tokens_remaining: 1460, call: scores, phase: playing
2026-06-13 18:24:43, tokens_remaining: 1460, call: scores, phase: playing
2026-06-13 18:24:43, tokens_remaining: 1460, call: scores, phase: playing
2026-06-13 18:24:43, tokens_remaining: 1460, call: scores, phase: playing
2026-06-13 18:24:44, tokens_remaining: 1459, call: scores, phase: playing
2026-06-13 18:24:44, tokens_remaining: 1459, call: scores, phase: playing
2026-06-13 18:24:44, tokens_remaining: 1459, call: scores, phase: playing
2026-06-13 18:24:44, tokens_remaining: 1459, call: scores, phase: playing
2026-06-13 18:24:45, tokens_remaining: 1458, call: events, phase: playing
2026-06-13 18:24:45, tokens_remaining: 1457, call: scores, phase: playing
2026-06-13 18:24:46, tokens_remaining: 1457, call: scores, phase: playing
2026-06-13 18:24:46, tokens_remaining: 1457, call: scores, phase: playing
2026-06-13 18:24:46, tokens_remaining: 1457, call: scores, phase: playing
2026-06-13 18:24:46, tokens_remaining: 1457, call: scores, phase: playing
2026-06-13 18:24:47, tokens_remaining: 1456, call: scores, phase: playing
2026-06-13 18:24:47, tokens_remaining: 1456, call: scores, phase: playing
2026-06-13 18:24:47, tokens_remaining: 1456, call: scores, phase: playing
2026-06-13 18:24:47, tokens_remaining: 1456, call: scores, phase: playing
2026-06-13 18:24:48, tokens_remaining: 1455, call: events, phase: playing
2026-06-13 18:24:48, tokens_remaining: 1454, call: scores, phase: playing
2026-06-13 18:24:49, tokens_remaining: 1454, call: scores, phase: playing
2026-06-13 18:24:49, tokens_remaining: 1454, call: scores, phase: playing
2026-06-13 18:24:49, tokens_remaining: 1454, call: scores, phase: playing
2026-06-13 18:24:49, tokens_remaining: 1454, call: scores, phase: playing
2026-06-13 18:24:50, tokens_remaining: 1453, call: scores, phase: playing
2026-06-13 18:24:50, tokens_remaining: 1453, call: scores, phase: playing
2026-06-13 18:24:50, tokens_remaining: 1453, call: scores, phase: playing
2026-06-13 18:24:50, tokens_remaining: 1453, call: scores, phase: playing
2026-06-13 18:24:51, tokens_remaining: 1452, call: events, phase: playing
2026-06-13 18:24:51, tokens_remaining: 1451, call: scores, phase: playing
2026-06-13 18:24:52, tokens_remaining: 1451, call: scores, phase: playing
2026-06-13 18:24:52, tokens_remaining: 1451, call: scores, phase: playing
2026-06-13 18:24:52, tokens_remaining: 1451, call: scores, phase: playing
2026-06-13 18:24:52, tokens_remaining: 1451, call: scores, phase: playing
2026-06-13 18:24:53, tokens_remaining: 1450, call: scores, phase: playing
2026-06-13 18:24:53, tokens_remaining: 1450, call: scores, phase: playing
2026-06-13 18:24:53, tokens_remaining: 1450, call: scores, phase: playing
2026-06-13 18:24:53, tokens_remaining: 1450, call: scores, phase: playing
2026-06-13 18:24:54, tokens_remaining: 1449, call: events, phase: playing
2026-06-13 18:24:54, tokens_remaining: 1448, call: scores, phase: playing
2026-06-13 18:24:55, tokens_remaining: 1448, call: scores, phase: playing
2026-06-13 18:24:55, tokens_remaining: 1448, call: scores, phase: playing
2026-06-13 18:24:55, tokens_remaining: 1448, call: scores, phase: playing
2026-06-13 18:24:55, tokens_remaining: 1448, call: scores, phase: playing
2026-06-13 18:24:56, tokens_remaining: 1447, call: scores, phase: playing
2026-06-13 18:24:56, tokens_remaining: 1447, call: scores, phase: playing
2026-06-13 18:24:56, tokens_remaining: 1447, call: scores, phase: playing
2026-06-13 18:24:56, tokens_remaining: 1447, call: scores, phase: playing
2026-06-13 18:24:57, tokens_remaining: 1446, call: events, phase: playing
2026-06-13 18:24:57, tokens_remaining: 1445, call: scores, phase: playing
2026-06-13 18:24:57, tokens_remaining: 1445, call: scores, phase: playing
2026-06-13 18:24:58, tokens_remaining: 1445, call: scores, phase: playing
2026-06-13 18:24:58, tokens_remaining: 1445, call: scores, phase: playing
2026-06-13 18:24:58, tokens_remaining: 1445, call: scores, phase: playing
2026-06-13 18:24:59, tokens_remaining: 1444, call: scores, phase: playing
2026-06-13 18:24:59, tokens_remaining: 1444, call: scores, phase: playing
2026-06-13 18:24:59, tokens_remaining: 1444, call: scores, phase: playing
2026-06-13 18:24:59, tokens_remaining: 1444, call: scores, phase: playing
2026-06-13 18:25:00, tokens_remaining: 1443, call: events, phase: playing
2026-06-13 18:25:00, GOAL: Morocco (Brazil 0-1 Morocco)
2026-06-13 18:25:00, tokens_remaining: 1442, call: scores, phase: playing
2026-06-13 18:25:00, tokens_remaining: 1442, call: scores, phase: playing
2026-06-13 18:25:01, tokens_remaining: 1442, call: scores, phase: playing
2026-06-13 18:25:01, tokens_remaining: 1442, call: scores, phase: playing
2026-06-13 18:25:01, tokens_remaining: 1442, call: scores, phase: playing
2026-06-13 18:25:02, tokens_remaining: 1441, call: scores, phase: playing
2026-06-13 18:25:02, tokens_remaining: 1441, call: scores, phase: playing
2026-06-13 18:25:02, tokens_remaining: 1441, call: scores, phase: playing
2026-06-13 18:25:02, tokens_remaining: 1441, call: scores, phase: playing
2026-06-13 18:25:03, tokens_remaining: 1440, call: events, phase: playing
2026-06-13 18:25:03, tokens_remaining: 1439, call: scores, phase: playing
2026-06-13 18:25:03, tokens_remaining: 1439, call: scores, phase: playing
2026-06-13 18:25:04, tokens_remaining: 1439, call: scores, phase: playing
2026-06-13 18:25:04, tokens_remaining: 1439, call: scores, phase: playing
2026-06-13 18:25:04, tokens_remaining: 1439, call: scores, phase: playing
2026-06-13 18:25:04, tokens_remaining: 1438, call: scores, phase: playing
2026-06-13 18:25:05, tokens_remaining: 1438, call: scores, phase: playing
2026-06-13 18:25:05, tokens_remaining: 1438, call: scores, phase: playing
2026-06-13 18:25:05, tokens_remaining: 1438, call: scores, phase: playing
2026-06-13 18:25:06, tokens_remaining: 1437, call: events, phase: playing
2026-06-13 18:25:06, tokens_remaining: 1436, call: scores, phase: playing
2026-06-13 18:25:06, tokens_remaining: 1436, call: scores, phase: playing
2026-06-13 18:25:06, tokens_remaining: 1436, call: scores, phase: playing
2026-06-13 18:25:07, tokens_remaining: 1436, call: scores, phase: playing
2026-06-13 18:25:07, tokens_remaining: 1436, call: scores, phase: playing
2026-06-13 18:25:07, tokens_remaining: 1435, call: scores, phase: playing
2026-06-13 18:25:08, tokens_remaining: 1435, call: scores, phase: playing
2026-06-13 18:25:08, tokens_remaining: 1435, call: scores, phase: playing
2026-06-13 18:25:08, tokens_remaining: 1435, call: scores, phase: playing
2026-06-13 18:25:08, tokens_remaining: 1434, call: events, phase: playing
2026-06-13 18:25:09, tokens_remaining: 1433, call: scores, phase: playing
2026-06-13 18:25:09, tokens_remaining: 1433, call: scores, phase: playing
2026-06-13 18:25:09, tokens_remaining: 1433, call: scores, phase: playing
2026-06-13 18:25:10, tokens_remaining: 1433, call: scores, phase: playing
2026-06-13 18:25:10, tokens_remaining: 1433, call: scores, phase: playing
2026-06-13 18:25:10, tokens_remaining: 1432, call: scores, phase: playing
2026-06-13 18:25:10, tokens_remaining: 1432, call: scores, phase: playing
2026-06-13 18:25:11, tokens_remaining: 1432, call: scores, phase: playing
2026-06-13 18:25:11, tokens_remaining: 1432, call: scores, phase: playing
2026-06-13 18:25:11, tokens_remaining: 1431, call: events, phase: playing
2026-06-13 18:25:12, tokens_remaining: 1430, call: scores, phase: playing
2026-06-13 18:25:12, tokens_remaining: 1430, call: scores, phase: playing
2026-06-13 18:25:12, tokens_remaining: 1430, call: scores, phase: playing
2026-06-13 18:25:12, tokens_remaining: 1430, call: scores, phase: playing
2026-06-13 18:25:13, tokens_remaining: 1430, call: scores, phase: playing
2026-06-13 18:25:13, tokens_remaining: 1429, call: scores, phase: playing
2026-06-13 18:25:13, tokens_remaining: 1429, call: scores, phase: playing
2026-06-13 18:25:13, tokens_remaining: 1429, call: scores, phase: playing
2026-06-13 18:25:14, tokens_remaining: 1429, call: scores, phase: playing
2026-06-13 18:25:14, tokens_remaining: 1428, call: events, phase: playing
2026-06-13 18:25:14, EVENT: GOAL 21' Ismael Saibari (0-1) [Brazil vs Morocco]
2026-06-13 18:25:15, tokens_remaining: 1427, call: scores, phase: playing
2026-06-13 18:25:15, tokens_remaining: 1427, call: scores, phase: playing
2026-06-13 18:25:15, tokens_remaining: 1427, call: scores, phase: playing
2026-06-13 18:25:15, tokens_remaining: 1427, call: scores, phase: playing
2026-06-13 18:25:15, tokens_remaining: 1427, call: scores, phase: playing
2026-06-13 18:25:16, tokens_remaining: 1426, call: scores, phase: playing
2026-06-13 18:25:16, tokens_remaining: 1426, call: scores, phase: playing
2026-06-13 18:25:16, tokens_remaining: 1426, call: scores, phase: playing
2026-06-13 18:25:16, tokens_remaining: 1426, call: scores, phase: playing
2026-06-13 18:25:17, tokens_remaining: 1425, call: events, phase: playing
2026-06-13 18:25:17, tokens_remaining: 1424, call: scores, phase: playing
2026-06-13 18:25:18, tokens_remaining: 1424, call: scores, phase: playing
2026-06-13 18:25:18, tokens_remaining: 1424, call: scores, phase: playing
2026-06-13 18:25:18, tokens_remaining: 1424, call: scores, phase: playing
2026-06-13 18:25:18, tokens_remaining: 1424, call: scores, phase: playing
2026-06-13 18:25:19, tokens_remaining: 1423, call: scores, phase: playing
2026-06-13 18:25:19, tokens_remaining: 1423, call: scores, phase: playing
2026-06-13 18:25:19, tokens_remaining: 1423, call: scores, phase: playing
2026-06-13 18:25:19, tokens_remaining: 1423, call: scores, phase: playing
2026-06-13 18:25:20, tokens_remaining: 1422, call: events, phase: playing
2026-06-13 18:25:20, tokens_remaining: 1421, call: scores, phase: playing
2026-06-13 18:25:20, tokens_remaining: 1421, call: scores, phase: playing
2026-06-13 18:25:21, tokens_remaining: 1421, call: scores, phase: playing
2026-06-13 18:25:21, tokens_remaining: 1421, call: scores, phase: playing
2026-06-13 18:25:21, tokens_remaining: 1421, call: scores, phase: playing
2026-06-13 18:25:21, tokens_remaining: 1421, call: scores, phase: playing
2026-06-13 18:25:22, tokens_remaining: 1420, call: scores, phase: playing
2026-06-13 18:25:22, tokens_remaining: 1420, call: scores, phase: playing
2026-06-13 18:25:22, tokens_remaining: 1420, call: scores, phase: playing
2026-06-13 18:25:22, tokens_remaining: 1419, call: events, phase: playing
2026-06-13 18:25:23, tokens_remaining: 1418, call: scores, phase: playing
2026-06-13 18:25:23, tokens_remaining: 1418, call: scores, phase: playing
2026-06-13 18:25:23, tokens_remaining: 1418, call: scores, phase: playing
2026-06-13 18:25:23, tokens_remaining: 1418, call: scores, phase: playing
2026-06-13 18:25:24, tokens_remaining: 1418, call: scores, phase: playing
2026-06-13 18:25:24, tokens_remaining: 1417, call: scores, phase: playing
2026-06-13 18:25:24, tokens_remaining: 1417, call: scores, phase: playing
2026-06-13 18:25:25, tokens_remaining: 1417, call: scores, phase: playing
2026-06-13 18:25:25, tokens_remaining: 1417, call: scores, phase: playing
2026-06-13 18:25:25, tokens_remaining: 1416, call: events, phase: playing
2026-06-13 18:25:26, tokens_remaining: 1415, call: scores, phase: playing
2026-06-13 18:25:26, tokens_remaining: 1415, call: scores, phase: playing
2026-06-13 18:25:26, tokens_remaining: 1415, call: scores, phase: playing
2026-06-13 18:25:26, tokens_remaining: 1415, call: scores, phase: playing
2026-06-13 18:25:26, tokens_remaining: 1415, call: scores, phase: playing
2026-06-13 18:25:27, tokens_remaining: 1415, call: scores, phase: playing
2026-06-13 18:25:27, tokens_remaining: 1414, call: scores, phase: playing
2026-06-13 18:25:27, tokens_remaining: 1414, call: scores, phase: playing
2026-06-13 18:25:27, tokens_remaining: 1414, call: scores, phase: playing
2026-06-13 18:25:28, tokens_remaining: 1413, call: events, phase: playing
2026-06-13 18:25:28, tokens_remaining: 1412, call: scores, phase: playing
2026-06-13 18:25:29, tokens_remaining: 1412, call: scores, phase: playing
2026-06-13 18:25:29, tokens_remaining: 1412, call: scores, phase: playing
2026-06-13 18:25:29, tokens_remaining: 1412, call: scores, phase: playing
2026-06-13 18:25:29, tokens_remaining: 1412, call: scores, phase: playing
2026-06-13 18:25:30, tokens_remaining: 1411, call: scores, phase: playing
2026-06-13 18:25:30, tokens_remaining: 1411, call: scores, phase: playing
2026-06-13 18:25:30, tokens_remaining: 1411, call: scores, phase: playing
2026-06-13 18:25:30, tokens_remaining: 1411, call: scores, phase: playing
2026-06-13 18:25:31, tokens_remaining: 1410, call: events, phase: playing
2026-06-13 18:25:31, tokens_remaining: 1409, call: scores, phase: playing
2026-06-13 18:25:31, tokens_remaining: 1409, call: scores, phase: playing
2026-06-13 18:25:32, tokens_remaining: 1409, call: scores, phase: playing
2026-06-13 18:25:32, tokens_remaining: 1409, call: scores, phase: playing
2026-06-13 18:25:32, tokens_remaining: 1409, call: scores, phase: playing
2026-06-13 18:25:32, tokens_remaining: 1409, call: scores, phase: playing
2026-06-13 18:25:33, tokens_remaining: 1408, call: scores, phase: playing
2026-06-13 18:25:33, tokens_remaining: 1408, call: scores, phase: playing
2026-06-13 18:25:33, tokens_remaining: 1408, call: scores, phase: playing
2026-06-13 18:25:33, tokens_remaining: 1407, call: events, phase: playing
2026-06-13 18:25:34, tokens_remaining: 1406, call: scores, phase: playing
2026-06-13 18:25:34, tokens_remaining: 1406, call: scores, phase: playing
2026-06-13 18:25:34, tokens_remaining: 1406, call: scores, phase: playing
2026-06-13 18:25:34, tokens_remaining: 1406, call: scores, phase: playing
2026-06-13 18:25:35, tokens_remaining: 1406, call: scores, phase: playing
2026-06-13 18:25:35, tokens_remaining: 1406, call: scores, phase: playing
2026-06-13 18:25:35, tokens_remaining: 1405, call: scores, phase: playing
2026-06-13 18:25:35, tokens_remaining: 1405, call: scores, phase: playing
2026-06-13 18:25:36, tokens_remaining: 1405, call: scores, phase: playing
2026-06-13 18:25:36, tokens_remaining: 1404, call: events, phase: playing
2026-06-13 18:25:37, tokens_remaining: 1403, call: scores, phase: playing
2026-06-13 18:25:37, tokens_remaining: 1403, call: scores, phase: playing
2026-06-13 18:25:37, tokens_remaining: 1403, call: scores, phase: playing
2026-06-13 18:25:37, tokens_remaining: 1403, call: scores, phase: playing
2026-06-13 18:25:37, tokens_remaining: 1403, call: scores, phase: playing
2026-06-13 18:25:38, tokens_remaining: 1403, call: scores, phase: playing
2026-06-13 18:25:38, tokens_remaining: 1402, call: scores, phase: playing
2026-06-13 18:25:38, tokens_remaining: 1402, call: scores, phase: playing
2026-06-13 18:25:38, tokens_remaining: 1402, call: scores, phase: playing
2026-06-13 18:25:39, tokens_remaining: 1401, call: events, phase: playing
2026-06-13 18:25:39, tokens_remaining: 1400, call: scores, phase: playing
2026-06-13 18:25:39, tokens_remaining: 1400, call: scores, phase: playing
2026-06-13 18:25:40, tokens_remaining: 1400, call: scores, phase: playing
2026-06-13 18:25:40, tokens_remaining: 1400, call: scores, phase: playing
2026-06-13 18:25:40, tokens_remaining: 1400, call: scores, phase: playing
2026-06-13 18:25:40, tokens_remaining: 1400, call: scores, phase: playing
2026-06-13 18:25:41, tokens_remaining: 1399, call: scores, phase: playing
2026-06-13 18:25:41, tokens_remaining: 1399, call: scores, phase: playing
2026-06-13 18:25:41, tokens_remaining: 1399, call: scores, phase: playing
2026-06-13 18:25:41, tokens_remaining: 1398, call: events, phase: playing
2026-06-13 18:25:42, tokens_remaining: 1397, call: scores, phase: playing
2026-06-13 18:25:42, tokens_remaining: 1397, call: scores, phase: playing
2026-06-13 18:25:42, tokens_remaining: 1397, call: scores, phase: playing
2026-06-13 18:25:42, tokens_remaining: 1397, call: scores, phase: playing
2026-06-13 18:25:43, tokens_remaining: 1397, call: scores, phase: playing
2026-06-13 18:25:43, tokens_remaining: 1397, call: scores, phase: playing
2026-06-13 18:25:43, tokens_remaining: 1396, call: scores, phase: playing
2026-06-13 18:25:43, tokens_remaining: 1396, call: scores, phase: playing
2026-06-13 18:25:44, tokens_remaining: 1396, call: scores, phase: playing
2026-06-13 18:25:44, tokens_remaining: 1395, call: events, phase: playing
2026-06-13 18:25:44, tokens_remaining: 1394, call: scores, phase: playing
2026-06-13 18:25:45, tokens_remaining: 1394, call: scores, phase: playing
2026-06-13 18:25:45, tokens_remaining: 1394, call: scores, phase: playing
2026-06-13 18:25:45, tokens_remaining: 1394, call: scores, phase: playing
2026-06-13 18:25:45, tokens_remaining: 1394, call: scores, phase: playing
2026-06-13 18:25:45, tokens_remaining: 1394, call: scores, phase: playing
2026-06-13 18:25:46, tokens_remaining: 1393, call: scores, phase: playing
2026-06-13 18:25:46, tokens_remaining: 1393, call: scores, phase: playing
2026-06-13 18:25:46, tokens_remaining: 1393, call: scores, phase: playing
2026-06-13 18:25:47, tokens_remaining: 1392, call: events, phase: playing
2026-06-13 18:25:47, tokens_remaining: 1391, call: scores, phase: playing
2026-06-13 18:25:47, tokens_remaining: 1391, call: scores, phase: playing
2026-06-13 18:25:47, tokens_remaining: 1391, call: scores, phase: playing
2026-06-13 18:25:48, tokens_remaining: 1391, call: scores, phase: playing
2026-06-13 18:25:48, tokens_remaining: 1391, call: scores, phase: playing
2026-06-13 18:25:48, tokens_remaining: 1391, call: scores, phase: playing
2026-06-13 18:25:48, tokens_remaining: 1390, call: scores, phase: playing
2026-06-13 18:25:49, tokens_remaining: 1390, call: scores, phase: playing
2026-06-13 18:25:49, tokens_remaining: 1390, call: scores, phase: playing
2026-06-13 18:25:49, tokens_remaining: 1389, call: events, phase: playing
2026-06-13 18:25:50, tokens_remaining: 1388, call: scores, phase: playing
2026-06-13 18:25:50, tokens_remaining: 1388, call: scores, phase: playing
2026-06-13 18:25:50, tokens_remaining: 1388, call: scores, phase: playing
2026-06-13 18:25:50, tokens_remaining: 1388, call: scores, phase: playing
2026-06-13 18:25:50, tokens_remaining: 1388, call: scores, phase: playing
2026-06-13 18:25:51, tokens_remaining: 1388, call: scores, phase: playing
2026-06-13 18:25:51, tokens_remaining: 1387, call: scores, phase: playing
2026-06-13 18:25:51, tokens_remaining: 1387, call: scores, phase: playing
2026-06-13 18:25:51, tokens_remaining: 1387, call: scores, phase: playing
2026-06-13 18:25:52, tokens_remaining: 1386, call: events, phase: playing
2026-06-13 18:25:52, tokens_remaining: 1385, call: scores, phase: playing
2026-06-13 18:25:52, tokens_remaining: 1385, call: scores, phase: playing
2026-06-13 18:25:53, tokens_remaining: 1385, call: scores, phase: playing
2026-06-13 18:25:53, tokens_remaining: 1385, call: scores, phase: playing
2026-06-13 18:25:53, tokens_remaining: 1385, call: scores, phase: playing
2026-06-13 18:25:53, tokens_remaining: 1385, call: scores, phase: playing
2026-06-13 18:25:53, tokens_remaining: 1384, call: scores, phase: playing
2026-06-13 18:25:54, tokens_remaining: 1384, call: scores, phase: playing
2026-06-13 18:25:54, tokens_remaining: 1384, call: scores, phase: playing
2026-06-13 18:25:54, tokens_remaining: 1383, call: events, phase: playing
2026-06-13 18:25:55, tokens_remaining: 1382, call: scores, phase: playing
2026-06-13 18:25:55, tokens_remaining: 1382, call: scores, phase: playing
2026-06-13 18:25:55, tokens_remaining: 1382, call: scores, phase: playing
2026-06-13 18:25:55, tokens_remaining: 1382, call: scores, phase: playing
2026-06-13 18:25:55, tokens_remaining: 1382, call: scores, phase: playing
2026-06-13 18:25:56, tokens_remaining: 1382, call: scores, phase: playing
2026-06-13 18:25:56, tokens_remaining: 1381, call: scores, phase: playing
2026-06-13 18:25:56, tokens_remaining: 1381, call: scores, phase: playing
2026-06-13 18:25:56, tokens_remaining: 1381, call: scores, phase: playing
2026-06-13 18:25:57, tokens_remaining: 1380, call: events, phase: playing
2026-06-13 18:25:57, tokens_remaining: 1381, call: scores, phase: playing
2026-06-13 18:25:57, tokens_remaining: 1379, call: scores, phase: playing
2026-06-13 18:25:58, tokens_remaining: 1379, call: scores, phase: playing
2026-06-13 18:25:58, tokens_remaining: 1379, call: scores, phase: playing
2026-06-13 18:25:58, tokens_remaining: 1379, call: scores, phase: playing
2026-06-13 18:25:58, tokens_remaining: 1379, call: scores, phase: playing
2026-06-13 18:25:58, tokens_remaining: 1379, call: scores, phase: playing
2026-06-13 18:25:59, tokens_remaining: 1378, call: scores, phase: playing
2026-06-13 18:25:59, tokens_remaining: 1378, call: scores, phase: playing
2026-06-13 18:25:59, tokens_remaining: 1377, call: events, phase: playing
2026-06-13 18:26:00, tokens_remaining: 1378, call: scores, phase: playing
2026-06-13 18:26:00, tokens_remaining: 1378, call: scores, phase: playing
2026-06-13 18:26:00, tokens_remaining: 1376, call: scores, phase: playing
2026-06-13 18:26:00, tokens_remaining: 1376, call: scores, phase: playing
2026-06-13 18:26:00, tokens_remaining: 1376, call: scores, phase: playing
2026-06-13 18:26:01, tokens_remaining: 1376, call: scores, phase: playing
2026-06-13 18:26:01, tokens_remaining: 1376, call: scores, phase: playing
2026-06-13 18:26:01, tokens_remaining: 1376, call: scores, phase: playing
2026-06-13 18:26:01, tokens_remaining: 1375, call: scores, phase: playing
2026-06-13 18:26:02, tokens_remaining: 1374, call: events, phase: playing
2026-06-13 18:26:02, tokens_remaining: 1375, call: scores, phase: playing
2026-06-13 18:26:02, tokens_remaining: 1375, call: scores, phase: playing
2026-06-13 18:26:02, tokens_remaining: 1375, call: scores, phase: playing
2026-06-13 18:26:03, tokens_remaining: 1373, call: scores, phase: playing
2026-06-13 18:26:03, tokens_remaining: 1373, call: scores, phase: playing
2026-06-13 18:26:03, tokens_remaining: 1373, call: scores, phase: playing
2026-06-13 18:26:03, tokens_remaining: 1373, call: scores, phase: playing
2026-06-13 18:26:03, tokens_remaining: 1373, call: scores, phase: playing
2026-06-13 18:26:04, tokens_remaining: 1373, call: scores, phase: playing
2026-06-13 18:26:04, tokens_remaining: 1372, call: events, phase: playing
2026-06-13 18:26:05, tokens_remaining: 1371, call: scores, phase: playing
2026-06-13 18:26:05, tokens_remaining: 1371, call: scores, phase: playing
2026-06-13 18:26:05, tokens_remaining: 1371, call: scores, phase: playing
2026-06-13 18:26:05, tokens_remaining: 1371, call: scores, phase: playing
2026-06-13 18:26:05, tokens_remaining: 1371, call: scores, phase: playing
2026-06-13 18:26:05, tokens_remaining: 1371, call: scores, phase: playing
2026-06-13 18:26:06, tokens_remaining: 1370, call: scores, phase: playing
2026-06-13 18:26:06, tokens_remaining: 1370, call: scores, phase: playing
2026-06-13 18:26:06, tokens_remaining: 1370, call: scores, phase: playing
2026-06-13 18:26:07, tokens_remaining: 1369, call: events, phase: playing
2026-06-13 18:26:07, tokens_remaining: 1368, call: scores, phase: playing
2026-06-13 18:26:07, tokens_remaining: 1368, call: scores, phase: playing
2026-06-13 18:26:07, tokens_remaining: 1368, call: scores, phase: playing
2026-06-13 18:26:08, tokens_remaining: 1368, call: scores, phase: playing
2026-06-13 18:26:08, tokens_remaining: 1368, call: scores, phase: playing
2026-06-13 18:26:08, tokens_remaining: 1368, call: scores, phase: playing
2026-06-13 18:26:08, tokens_remaining: 1367, call: scores, phase: playing
2026-06-13 18:26:08, tokens_remaining: 1367, call: scores, phase: playing
2026-06-13 18:26:09, tokens_remaining: 1367, call: scores, phase: playing
2026-06-13 18:26:09, tokens_remaining: 1366, call: events, phase: playing
2026-06-13 18:26:09, tokens_remaining: 1367, call: scores, phase: playing
2026-06-13 18:26:10, tokens_remaining: 1365, call: scores, phase: playing
2026-06-13 18:26:10, tokens_remaining: 1365, call: scores, phase: playing
2026-06-13 18:26:10, tokens_remaining: 1365, call: scores, phase: playing
2026-06-13 18:26:10, tokens_remaining: 1365, call: scores, phase: playing
2026-06-13 18:26:10, tokens_remaining: 1365, call: scores, phase: playing
2026-06-13 18:26:11, tokens_remaining: 1365, call: scores, phase: playing
2026-06-13 18:26:11, tokens_remaining: 1364, call: scores, phase: playing
2026-06-13 18:26:11, tokens_remaining: 1364, call: scores, phase: playing
2026-06-13 18:26:12, tokens_remaining: 1363, call: events, phase: playing
2026-06-13 18:26:12, tokens_remaining: 1364, call: scores, phase: playing
2026-06-13 18:26:12, tokens_remaining: 1364, call: scores, phase: playing
2026-06-13 18:26:12, tokens_remaining: 1362, call: scores, phase: playing
2026-06-13 18:26:12, tokens_remaining: 1362, call: scores, phase: playing
2026-06-13 18:26:13, tokens_remaining: 1362, call: scores, phase: playing
2026-06-13 18:26:13, tokens_remaining: 1362, call: scores, phase: playing
2026-06-13 18:26:13, tokens_remaining: 1362, call: scores, phase: playing
2026-06-13 18:26:13, tokens_remaining: 1362, call: scores, phase: playing
2026-06-13 18:26:14, tokens_remaining: 1361, call: scores, phase: playing
2026-06-13 18:26:14, tokens_remaining: 1360, call: events, phase: playing
2026-06-13 18:26:14, tokens_remaining: 1361, call: scores, phase: playing
2026-06-13 18:26:14, tokens_remaining: 1361, call: scores, phase: playing
2026-06-13 18:26:15, tokens_remaining: 1359, call: scores, phase: playing
2026-06-13 18:26:15, tokens_remaining: 1359, call: scores, phase: playing
2026-06-13 18:26:15, tokens_remaining: 1359, call: scores, phase: playing
2026-06-13 18:26:15, tokens_remaining: 1359, call: scores, phase: playing
2026-06-13 18:26:16, tokens_remaining: 1359, call: scores, phase: playing
2026-06-13 18:26:16, tokens_remaining: 1359, call: scores, phase: playing
2026-06-13 18:26:16, tokens_remaining: 1358, call: scores, phase: playing
2026-06-13 18:26:17, tokens_remaining: 1357, call: events, phase: playing
2026-06-13 18:26:17, tokens_remaining: 1358, call: scores, phase: playing
2026-06-13 18:26:17, tokens_remaining: 1358, call: scores, phase: playing
2026-06-13 18:26:17, tokens_remaining: 1356, call: scores, phase: playing
2026-06-13 18:26:18, tokens_remaining: 1356, call: scores, phase: playing
2026-06-13 18:26:18, tokens_remaining: 1356, call: scores, phase: playing
2026-06-13 18:26:18, tokens_remaining: 1356, call: scores, phase: playing
2026-06-13 18:26:18, tokens_remaining: 1356, call: scores, phase: playing
2026-06-13 18:26:18, tokens_remaining: 1356, call: scores, phase: playing
2026-06-13 18:26:19, tokens_remaining: 1355, call: scores, phase: playing
2026-06-13 18:26:19, tokens_remaining: 1354, call: events, phase: playing
2026-06-13 18:26:19, tokens_remaining: 1355, call: scores, phase: playing
2026-06-13 18:26:19, tokens_remaining: 1355, call: scores, phase: playing
2026-06-13 18:26:20, tokens_remaining: 1355, call: scores, phase: playing
2026-06-13 18:26:20, tokens_remaining: 1353, call: scores, phase: playing
2026-06-13 18:26:20, tokens_remaining: 1353, call: scores, phase: playing
2026-06-13 18:26:20, tokens_remaining: 1353, call: scores, phase: playing
2026-06-13 18:26:21, tokens_remaining: 1353, call: scores, phase: playing
2026-06-13 18:26:21, tokens_remaining: 1353, call: scores, phase: playing
2026-06-13 18:26:21, tokens_remaining: 1353, call: scores, phase: playing
2026-06-13 18:26:21, tokens_remaining: 1352, call: events, phase: playing
2026-06-13 18:26:22, tokens_remaining: 1351, call: scores, phase: playing
2026-06-13 18:26:22, tokens_remaining: 1351, call: scores, phase: playing
2026-06-13 18:26:22, tokens_remaining: 1351, call: scores, phase: playing
2026-06-13 18:26:22, tokens_remaining: 1351, call: scores, phase: playing
2026-06-13 18:26:22, tokens_remaining: 1351, call: scores, phase: playing
2026-06-13 18:26:23, tokens_remaining: 1351, call: scores, phase: playing
2026-06-13 18:26:23, tokens_remaining: 1350, call: scores, phase: playing
2026-06-13 18:26:23, tokens_remaining: 1350, call: scores, phase: playing
2026-06-13 18:26:23, tokens_remaining: 1350, call: scores, phase: playing
2026-06-13 18:26:24, tokens_remaining: 1349, call: events, phase: playing
2026-06-13 18:26:24, tokens_remaining: 1350, call: scores, phase: playing
2026-06-13 18:26:24, tokens_remaining: 1348, call: scores, phase: playing
2026-06-13 18:26:25, tokens_remaining: 1348, call: scores, phase: playing
2026-06-13 18:26:25, tokens_remaining: 1348, call: scores, phase: playing
2026-06-13 18:26:25, tokens_remaining: 1348, call: scores, phase: playing
2026-06-13 18:26:25, tokens_remaining: 1348, call: scores, phase: playing
2026-06-13 18:26:25, tokens_remaining: 1348, call: scores, phase: playing
2026-06-13 18:26:26, tokens_remaining: 1347, call: scores, phase: playing
2026-06-13 18:26:26, tokens_remaining: 1347, call: scores, phase: playing
2026-06-13 18:26:26, tokens_remaining: 1346, call: events, phase: playing
2026-06-13 18:26:27, tokens_remaining: 1347, call: scores, phase: playing
2026-06-13 18:26:27, tokens_remaining: 1347, call: scores, phase: playing
2026-06-13 18:26:27, tokens_remaining: 1345, call: scores, phase: playing
2026-06-13 18:26:27, tokens_remaining: 1345, call: scores, phase: playing
2026-06-13 18:26:27, tokens_remaining: 1345, call: scores, phase: playing
2026-06-13 18:26:28, tokens_remaining: 1345, call: scores, phase: playing
2026-06-13 18:26:28, tokens_remaining: 1345, call: scores, phase: playing
2026-06-13 18:26:28, tokens_remaining: 1345, call: scores, phase: playing
2026-06-13 18:26:28, tokens_remaining: 1345, call: scores, phase: playing
2026-06-13 18:26:29, tokens_remaining: 1344, call: events, phase: playing
2026-06-13 18:26:29, tokens_remaining: 1343, call: scores, phase: playing
2026-06-13 18:26:29, tokens_remaining: 1343, call: scores, phase: playing
2026-06-13 18:26:29, tokens_remaining: 1343, call: scores, phase: playing
2026-06-13 18:26:30, tokens_remaining: 1343, call: scores, phase: playing
2026-06-13 18:26:30, tokens_remaining: 1343, call: scores, phase: playing
2026-06-13 18:26:30, tokens_remaining: 1343, call: scores, phase: playing
2026-06-13 18:26:30, tokens_remaining: 1342, call: scores, phase: playing
2026-06-13 18:26:30, tokens_remaining: 1342, call: scores, phase: playing
2026-06-13 18:26:31, tokens_remaining: 1342, call: scores, phase: playing
2026-06-13 18:26:31, tokens_remaining: 1341, call: events, phase: playing
2026-06-13 18:26:31, tokens_remaining: 1342, call: scores, phase: playing
2026-06-13 18:26:32, tokens_remaining: 1340, call: scores, phase: playing
2026-06-13 18:26:32, tokens_remaining: 1340, call: scores, phase: playing
2026-06-13 18:26:32, tokens_remaining: 1340, call: scores, phase: playing
2026-06-13 18:26:32, tokens_remaining: 1340, call: scores, phase: playing
2026-06-13 18:26:32, tokens_remaining: 1340, call: scores, phase: playing
2026-06-13 18:26:33, tokens_remaining: 1340, call: scores, phase: playing
2026-06-13 18:26:33, tokens_remaining: 1339, call: scores, phase: playing
2026-06-13 18:26:33, tokens_remaining: 1339, call: scores, phase: playing
2026-06-13 18:26:34, tokens_remaining: 1338, call: events, phase: playing
2026-06-13 18:26:34, tokens_remaining: 1339, call: scores, phase: playing
2026-06-13 18:26:34, tokens_remaining: 1339, call: scores, phase: playing
2026-06-13 18:26:34, tokens_remaining: 1337, call: scores, phase: playing
2026-06-13 18:26:35, tokens_remaining: 1337, call: scores, phase: playing
2026-06-13 18:26:35, tokens_remaining: 1337, call: scores, phase: playing
2026-06-13 18:26:35, tokens_remaining: 1337, call: scores, phase: playing
2026-06-13 18:26:35, tokens_remaining: 1337, call: scores, phase: playing
2026-06-13 18:26:35, tokens_remaining: 1337, call: scores, phase: playing
2026-06-13 18:26:36, tokens_remaining: 1336, call: scores, phase: playing
2026-06-13 18:26:36, tokens_remaining: 1335, call: events, phase: playing
2026-06-13 18:26:36, tokens_remaining: 1336, call: scores, phase: playing
2026-06-13 18:26:36, tokens_remaining: 1336, call: scores, phase: playing
2026-06-13 18:26:37, tokens_remaining: 1336, call: scores, phase: playing
2026-06-13 18:26:37, tokens_remaining: 1334, call: scores, phase: playing
2026-06-13 18:26:37, tokens_remaining: 1334, call: scores, phase: playing
2026-06-13 18:26:37, tokens_remaining: 1334, call: scores, phase: playing
2026-06-13 18:26:37, tokens_remaining: 1334, call: scores, phase: playing
2026-06-13 18:26:38, tokens_remaining: 1334, call: scores, phase: playing
2026-06-13 18:26:38, tokens_remaining: 1334, call: scores, phase: playing
2026-06-13 18:26:38, tokens_remaining: 1333, call: events, phase: playing
2026-06-13 18:26:39, tokens_remaining: 1332, call: scores, phase: playing
2026-06-13 18:26:39, tokens_remaining: 1332, call: scores, phase: playing
2026-06-13 18:26:39, tokens_remaining: 1332, call: scores, phase: playing
2026-06-13 18:26:39, tokens_remaining: 1332, call: scores, phase: playing
2026-06-13 18:26:39, tokens_remaining: 1332, call: scores, phase: playing
2026-06-13 18:26:40, tokens_remaining: 1332, call: scores, phase: playing
2026-06-13 18:26:40, tokens_remaining: 1331, call: scores, phase: playing
2026-06-13 18:26:40, tokens_remaining: 1331, call: scores, phase: playing
2026-06-13 18:26:40, tokens_remaining: 1331, call: scores, phase: playing
2026-06-13 18:26:41, tokens_remaining: 1330, call: events, phase: playing
2026-06-13 18:26:41, tokens_remaining: 1331, call: scores, phase: playing
2026-06-13 18:26:41, tokens_remaining: 1329, call: scores, phase: playing
2026-06-13 18:26:42, tokens_remaining: 1329, call: scores, phase: playing
2026-06-13 18:26:42, tokens_remaining: 1329, call: scores, phase: playing
2026-06-13 18:26:42, tokens_remaining: 1329, call: scores, phase: playing
2026-06-13 18:26:42, tokens_remaining: 1329, call: scores, phase: playing
2026-06-13 18:26:42, tokens_remaining: 1329, call: scores, phase: playing
2026-06-13 18:26:43, tokens_remaining: 1328, call: scores, phase: playing
2026-06-13 18:26:43, tokens_remaining: 1328, call: scores, phase: playing
2026-06-13 18:26:43, tokens_remaining: 1327, call: events, phase: playing
2026-06-13 18:26:43, tokens_remaining: 1328, call: scores, phase: playing
2026-06-13 18:26:44, tokens_remaining: 1328, call: scores, phase: playing
2026-06-13 18:26:44, tokens_remaining: 1326, call: scores, phase: playing
2026-06-13 18:26:44, tokens_remaining: 1326, call: scores, phase: playing
2026-06-13 18:26:44, tokens_remaining: 1326, call: scores, phase: playing
2026-06-13 18:26:45, tokens_remaining: 1326, call: scores, phase: playing
2026-06-13 18:26:45, tokens_remaining: 1326, call: scores, phase: playing
2026-06-13 18:26:45, tokens_remaining: 1326, call: scores, phase: playing
2026-06-13 18:26:45, tokens_remaining: 1325, call: scores, phase: playing
2026-06-13 18:26:46, tokens_remaining: 1324, call: events, phase: playing
2026-06-13 18:26:46, tokens_remaining: 1325, call: scores, phase: playing
2026-06-13 18:26:46, tokens_remaining: 1325, call: scores, phase: playing
2026-06-13 18:26:47, tokens_remaining: 1323, call: scores, phase: playing
2026-06-13 18:26:47, tokens_remaining: 1323, call: scores, phase: playing
2026-06-13 18:26:47, tokens_remaining: 1323, call: scores, phase: playing
2026-06-13 18:26:47, tokens_remaining: 1323, call: scores, phase: playing
2026-06-13 18:26:47, tokens_remaining: 1323, call: scores, phase: playing
2026-06-13 18:26:47, tokens_remaining: 1323, call: scores, phase: playing
2026-06-13 18:26:48, tokens_remaining: 1322, call: scores, phase: playing
2026-06-13 18:26:48, tokens_remaining: 1321, call: events, phase: playing
2026-06-13 18:26:48, tokens_remaining: 1322, call: scores, phase: playing
2026-06-13 18:26:49, tokens_remaining: 1322, call: scores, phase: playing
2026-06-13 18:26:49, tokens_remaining: 1322, call: scores, phase: playing
2026-06-13 18:26:49, tokens_remaining: 1320, call: scores, phase: playing
2026-06-13 18:26:49, tokens_remaining: 1320, call: scores, phase: playing
2026-06-13 18:26:49, tokens_remaining: 1320, call: scores, phase: playing
2026-06-13 18:26:50, tokens_remaining: 1320, call: scores, phase: playing
2026-06-13 18:26:50, tokens_remaining: 1320, call: scores, phase: playing
2026-06-13 18:26:50, tokens_remaining: 1320, call: scores, phase: playing
2026-06-13 18:26:50, tokens_remaining: 1319, call: events, phase: playing
2026-06-13 18:26:51, tokens_remaining: 1318, call: scores, phase: playing
2026-06-13 18:26:51, tokens_remaining: 1318, call: scores, phase: playing
2026-06-13 18:26:51, tokens_remaining: 1318, call: scores, phase: playing
2026-06-13 18:26:51, tokens_remaining: 1318, call: scores, phase: playing
2026-06-13 18:26:52, tokens_remaining: 1318, call: scores, phase: playing
2026-06-13 18:26:52, tokens_remaining: 1317, call: scores, phase: playing
2026-06-13 18:26:52, tokens_remaining: 1317, call: scores, phase: playing
2026-06-13 18:26:53, tokens_remaining: 1317, call: scores, phase: playing
2026-06-13 18:26:53, tokens_remaining: 1317, call: scores, phase: playing
2026-06-13 18:26:53, tokens_remaining: 1316, call: events, phase: playing
2026-06-13 18:26:54, tokens_remaining: 1315, call: scores, phase: playing
2026-06-13 18:26:54, tokens_remaining: 1315, call: scores, phase: playing
2026-06-13 18:26:54, tokens_remaining: 1315, call: scores, phase: playing
2026-06-13 18:26:54, tokens_remaining: 1315, call: scores, phase: playing
2026-06-13 18:26:55, tokens_remaining: 1315, call: scores, phase: playing
2026-06-13 18:26:55, tokens_remaining: 1315, call: scores, phase: playing
2026-06-13 18:26:55, tokens_remaining: 1314, call: scores, phase: playing
2026-06-13 18:26:55, tokens_remaining: 1314, call: scores, phase: playing
2026-06-13 18:26:56, tokens_remaining: 1314, call: scores, phase: playing
2026-06-13 18:26:56, tokens_remaining: 1313, call: events, phase: playing
2026-06-13 18:26:56, tokens_remaining: 1312, call: scores, phase: playing
2026-06-13 18:26:57, tokens_remaining: 1312, call: scores, phase: playing
2026-06-13 18:26:57, tokens_remaining: 1312, call: scores, phase: playing
2026-06-13 18:26:57, tokens_remaining: 1312, call: scores, phase: playing
2026-06-13 18:26:57, tokens_remaining: 1312, call: scores, phase: playing
2026-06-13 18:26:57, tokens_remaining: 1312, call: scores, phase: playing
2026-06-13 18:26:58, tokens_remaining: 1311, call: scores, phase: playing
2026-06-13 18:26:58, tokens_remaining: 1311, call: scores, phase: playing
2026-06-13 18:26:58, tokens_remaining: 1311, call: scores, phase: playing
2026-06-13 18:26:58, tokens_remaining: 1310, call: events, phase: playing
2026-06-13 18:26:59, tokens_remaining: 1311, call: scores, phase: playing
2026-06-13 18:26:59, tokens_remaining: 1309, call: scores, phase: playing
2026-06-13 18:26:59, tokens_remaining: 1309, call: scores, phase: playing
2026-06-13 18:26:59, tokens_remaining: 1309, call: scores, phase: playing
2026-06-13 18:27:00, tokens_remaining: 1309, call: scores, phase: playing
2026-06-13 18:27:00, tokens_remaining: 1309, call: scores, phase: playing
2026-06-13 18:27:00, tokens_remaining: 1309, call: scores, phase: playing
2026-06-13 18:27:00, tokens_remaining: 1308, call: scores, phase: playing
2026-06-13 18:27:00, tokens_remaining: 1308, call: scores, phase: playing
2026-06-13 18:27:01, tokens_remaining: 1307, call: events, phase: playing
2026-06-13 18:27:01, tokens_remaining: 1308, call: scores, phase: playing
2026-06-13 18:27:01, tokens_remaining: 1308, call: scores, phase: playing
2026-06-13 18:27:02, tokens_remaining: 1306, call: scores, phase: playing
2026-06-13 18:27:02, tokens_remaining: 1306, call: scores, phase: playing
2026-06-13 18:27:02, tokens_remaining: 1306, call: scores, phase: playing
2026-06-13 18:27:02, tokens_remaining: 1306, call: scores, phase: playing
2026-06-13 18:27:02, tokens_remaining: 1306, call: scores, phase: playing
2026-06-13 18:27:02, tokens_remaining: 1306, call: scores, phase: playing
2026-06-13 18:27:03, tokens_remaining: 1305, call: scores, phase: playing
2026-06-13 18:27:03, tokens_remaining: 1304, call: events, phase: playing
2026-06-13 18:27:04, tokens_remaining: 1305, call: scores, phase: playing
2026-06-13 18:27:04, tokens_remaining: 1305, call: scores, phase: playing
2026-06-13 18:27:04, tokens_remaining: 1305, call: scores, phase: playing
2026-06-13 18:27:04, tokens_remaining: 1303, call: scores, phase: playing
2026-06-13 18:27:04, tokens_remaining: 1303, call: scores, phase: playing
2026-06-13 18:27:05, tokens_remaining: 1303, call: scores, phase: playing
2026-06-13 18:27:05, tokens_remaining: 1303, call: scores, phase: playing
2026-06-13 18:27:05, tokens_remaining: 1303, call: scores, phase: playing
2026-06-13 18:27:05, tokens_remaining: 1303, call: scores, phase: playing
2026-06-13 18:27:06, tokens_remaining: 1302, call: events, phase: playing
2026-06-13 18:27:06, tokens_remaining: 1301, call: scores, phase: playing
2026-06-13 18:27:06, tokens_remaining: 1301, call: scores, phase: playing
2026-06-13 18:27:06, tokens_remaining: 1301, call: scores, phase: playing
2026-06-13 18:27:07, tokens_remaining: 1301, call: scores, phase: playing
2026-06-13 18:27:07, tokens_remaining: 1301, call: scores, phase: playing
2026-06-13 18:27:07, tokens_remaining: 1301, call: scores, phase: playing
2026-06-13 18:27:07, tokens_remaining: 1300, call: scores, phase: playing
2026-06-13 18:27:08, tokens_remaining: 1300, call: scores, phase: playing
2026-06-13 18:27:08, tokens_remaining: 1300, call: scores, phase: playing
2026-06-13 18:27:08, tokens_remaining: 1299, call: events, phase: playing
2026-06-13 18:27:08, tokens_remaining: 1300, call: scores, phase: playing
2026-06-13 18:27:09, tokens_remaining: 1298, call: scores, phase: playing
2026-06-13 18:27:09, tokens_remaining: 1298, call: scores, phase: playing
2026-06-13 18:27:09, tokens_remaining: 1298, call: scores, phase: playing
2026-06-13 18:27:09, tokens_remaining: 1298, call: scores, phase: playing
2026-06-13 18:27:09, tokens_remaining: 1298, call: scores, phase: playing
2026-06-13 18:27:10, tokens_remaining: 1298, call: scores, phase: playing
2026-06-13 18:27:10, tokens_remaining: 1297, call: scores, phase: playing
2026-06-13 18:27:10, tokens_remaining: 1297, call: scores, phase: playing
2026-06-13 18:27:11, tokens_remaining: 1296, call: events, phase: playing
2026-06-13 18:27:11, tokens_remaining: 1297, call: scores, phase: playing
2026-06-13 18:27:11, tokens_remaining: 1297, call: scores, phase: playing
2026-06-13 18:27:11, tokens_remaining: 1295, call: scores, phase: playing
2026-06-13 18:27:12, tokens_remaining: 1295, call: scores, phase: playing
2026-06-13 18:27:12, tokens_remaining: 1295, call: scores, phase: playing
2026-06-13 18:27:12, tokens_remaining: 1295, call: scores, phase: playing
2026-06-13 18:27:12, tokens_remaining: 1295, call: scores, phase: playing
2026-06-13 18:27:12, tokens_remaining: 1295, call: scores, phase: playing
2026-06-13 18:27:12, tokens_remaining: 1295, call: scores, phase: playing
2026-06-13 18:27:13, tokens_remaining: 1294, call: events, phase: playing
2026-06-13 18:27:13, tokens_remaining: 1293, call: scores, phase: playing
2026-06-13 18:27:13, tokens_remaining: 1293, call: scores, phase: playing
2026-06-13 18:27:14, tokens_remaining: 1293, call: scores, phase: playing
2026-06-13 18:27:14, tokens_remaining: 1293, call: scores, phase: playing
2026-06-13 18:27:14, tokens_remaining: 1293, call: scores, phase: playing
2026-06-13 18:27:14, tokens_remaining: 1293, call: scores, phase: playing
2026-06-13 18:27:14, tokens_remaining: 1292, call: scores, phase: playing
2026-06-13 18:27:15, tokens_remaining: 1292, call: scores, phase: playing
2026-06-13 18:27:15, tokens_remaining: 1292, call: scores, phase: playing
2026-06-13 18:27:15, tokens_remaining: 1291, call: events, phase: playing
2026-06-13 18:27:16, tokens_remaining: 1290, call: scores, phase: playing
2026-06-13 18:27:16, tokens_remaining: 1290, call: scores, phase: playing
2026-06-13 18:27:16, tokens_remaining: 1290, call: scores, phase: playing
2026-06-13 18:27:16, tokens_remaining: 1290, call: scores, phase: playing
2026-06-13 18:27:16, tokens_remaining: 1290, call: scores, phase: playing
2026-06-13 18:27:17, tokens_remaining: 1290, call: scores, phase: playing
2026-06-13 18:27:17, tokens_remaining: 1289, call: scores, phase: playing
2026-06-13 18:27:17, tokens_remaining: 1289, call: scores, phase: playing
2026-06-13 18:27:17, tokens_remaining: 1289, call: scores, phase: playing
2026-06-13 18:27:18, tokens_remaining: 1288, call: events, phase: playing
2026-06-13 18:27:18, tokens_remaining: 1289, call: scores, phase: playing
2026-06-13 18:27:18, tokens_remaining: 1287, call: scores, phase: playing
2026-06-13 18:27:19, tokens_remaining: 1287, call: scores, phase: playing
2026-06-13 18:27:19, tokens_remaining: 1287, call: scores, phase: playing
2026-06-13 18:27:19, tokens_remaining: 1287, call: scores, phase: playing
2026-06-13 18:27:19, tokens_remaining: 1287, call: scores, phase: playing
2026-06-13 18:27:19, tokens_remaining: 1287, call: scores, phase: playing
2026-06-13 18:27:20, tokens_remaining: 1286, call: scores, phase: playing
2026-06-13 18:27:20, tokens_remaining: 1286, call: scores, phase: playing
2026-06-13 18:27:20, tokens_remaining: 1285, call: events, phase: playing
2026-06-13 18:27:21, tokens_remaining: 1286, call: scores, phase: playing
2026-06-13 18:27:21, tokens_remaining: 1286, call: scores, phase: playing
2026-06-13 18:27:21, tokens_remaining: 1284, call: scores, phase: playing
2026-06-13 18:27:21, tokens_remaining: 1284, call: scores, phase: playing
2026-06-13 18:27:21, tokens_remaining: 1284, call: scores, phase: playing
2026-06-13 18:27:22, tokens_remaining: 1284, call: scores, phase: playing
2026-06-13 18:27:22, tokens_remaining: 1284, call: scores, phase: playing
2026-06-13 18:27:22, tokens_remaining: 1284, call: scores, phase: playing
2026-06-13 18:27:22, tokens_remaining: 1283, call: scores, phase: playing
2026-06-13 18:27:23, tokens_remaining: 1282, call: events, phase: playing
2026-06-13 18:27:23, tokens_remaining: 1283, call: scores, phase: playing
2026-06-13 18:27:23, tokens_remaining: 1283, call: scores, phase: playing
2026-06-13 18:27:23, tokens_remaining: 1283, call: scores, phase: playing
2026-06-13 18:27:24, tokens_remaining: 1281, call: scores, phase: playing
2026-06-13 18:27:24, tokens_remaining: 1281, call: scores, phase: playing
2026-06-13 18:27:24, tokens_remaining: 1281, call: scores, phase: playing
2026-06-13 18:27:24, tokens_remaining: 1281, call: scores, phase: playing
2026-06-13 18:27:25, tokens_remaining: 1281, call: scores, phase: playing
2026-06-13 18:27:25, tokens_remaining: 1281, call: scores, phase: playing
2026-06-13 18:27:25, tokens_remaining: 1280, call: events, phase: playing
2026-06-13 18:27:26, tokens_remaining: 1279, call: scores, phase: playing
2026-06-13 18:27:26, tokens_remaining: 1279, call: scores, phase: playing
2026-06-13 18:27:26, tokens_remaining: 1279, call: scores, phase: playing
2026-06-13 18:27:26, tokens_remaining: 1279, call: scores, phase: playing
2026-06-13 18:27:26, tokens_remaining: 1279, call: scores, phase: playing
2026-06-13 18:27:26, tokens_remaining: 1279, call: scores, phase: playing
2026-06-13 18:27:27, tokens_remaining: 1278, call: scores, phase: playing
2026-06-13 18:27:27, tokens_remaining: 1278, call: scores, phase: playing
2026-06-13 18:27:27, tokens_remaining: 1278, call: scores, phase: playing
2026-06-13 18:27:28, tokens_remaining: 1277, call: events, phase: playing
2026-06-13 18:27:28, tokens_remaining: 1278, call: scores, phase: playing
2026-06-13 18:27:28, tokens_remaining: 1276, call: scores, phase: playing
2026-06-13 18:27:28, tokens_remaining: 1276, call: scores, phase: playing
2026-06-13 18:27:29, tokens_remaining: 1276, call: scores, phase: playing
2026-06-13 18:27:29, tokens_remaining: 1276, call: scores, phase: playing
2026-06-13 18:27:29, tokens_remaining: 1276, call: scores, phase: playing
2026-06-13 18:27:29, tokens_remaining: 1276, call: scores, phase: playing
2026-06-13 18:27:30, tokens_remaining: 1275, call: scores, phase: playing
2026-06-13 18:27:30, tokens_remaining: 1275, call: scores, phase: playing
2026-06-13 18:27:30, tokens_remaining: 1274, call: events, phase: playing
2026-06-13 18:27:30, tokens_remaining: 1275, call: scores, phase: playing
2026-06-13 18:27:31, tokens_remaining: 1273, call: scores, phase: playing
2026-06-13 18:27:31, tokens_remaining: 1273, call: scores, phase: playing
2026-06-13 18:27:31, tokens_remaining: 1273, call: scores, phase: playing
2026-06-13 18:27:31, tokens_remaining: 1273, call: scores, phase: playing
2026-06-13 18:27:32, tokens_remaining: 1273, call: scores, phase: playing
2026-06-13 18:27:32, tokens_remaining: 1273, call: scores, phase: playing
2026-06-13 18:27:32, tokens_remaining: 1272, call: scores, phase: playing
2026-06-13 18:27:32, tokens_remaining: 1272, call: scores, phase: playing
2026-06-13 18:27:33, tokens_remaining: 1271, call: events, phase: playing
2026-06-13 18:27:33, tokens_remaining: 1272, call: scores, phase: playing
2026-06-13 18:27:33, tokens_remaining: 1272, call: scores, phase: playing
2026-06-13 18:27:34, tokens_remaining: 1270, call: scores, phase: playing
2026-06-13 18:27:34, tokens_remaining: 1270, call: scores, phase: playing
2026-06-13 18:27:34, tokens_remaining: 1270, call: scores, phase: playing
2026-06-13 18:27:34, tokens_remaining: 1270, call: scores, phase: playing
2026-06-13 18:27:34, tokens_remaining: 1270, call: scores, phase: playing
2026-06-13 18:27:34, tokens_remaining: 1270, call: scores, phase: playing
2026-06-13 18:27:35, tokens_remaining: 1269, call: scores, phase: playing
2026-06-13 18:27:35, tokens_remaining: 1268, call: events, phase: playing
2026-06-13 18:27:35, tokens_remaining: 1269, call: scores, phase: playing
2026-06-13 18:27:36, tokens_remaining: 1269, call: scores, phase: playing
2026-06-13 18:27:36, tokens_remaining: 1269, call: scores, phase: playing
2026-06-13 18:27:36, tokens_remaining: 1267, call: scores, phase: playing
2026-06-13 18:27:36, tokens_remaining: 1267, call: scores, phase: playing
2026-06-13 18:27:36, tokens_remaining: 1267, call: scores, phase: playing
2026-06-13 18:27:37, tokens_remaining: 1267, call: scores, phase: playing
2026-06-13 18:27:37, tokens_remaining: 1267, call: scores, phase: playing
2026-06-13 18:27:37, tokens_remaining: 1267, call: scores, phase: playing
2026-06-13 18:27:37, tokens_remaining: 1266, call: events, phase: playing
2026-06-13 18:27:38, tokens_remaining: 1265, call: scores, phase: playing
2026-06-13 18:27:38, tokens_remaining: 1265, call: scores, phase: playing
2026-06-13 18:27:38, tokens_remaining: 1265, call: scores, phase: playing
2026-06-13 18:27:38, tokens_remaining: 1265, call: scores, phase: playing
2026-06-13 18:27:39, tokens_remaining: 1265, call: scores, phase: playing
2026-06-13 18:27:39, tokens_remaining: 1265, call: scores, phase: playing
2026-06-13 18:27:39, tokens_remaining: 1264, call: scores, phase: playing
2026-06-13 18:27:39, tokens_remaining: 1264, call: scores, phase: playing
2026-06-13 18:27:39, tokens_remaining: 1264, call: scores, phase: playing
2026-06-13 18:27:40, tokens_remaining: 1263, call: events, phase: playing
2026-06-13 18:27:40, tokens_remaining: 1262, call: scores, phase: playing
2026-06-13 18:27:41, tokens_remaining: 1262, call: scores, phase: playing
2026-06-13 18:27:41, tokens_remaining: 1262, call: scores, phase: playing
2026-06-13 18:27:41, tokens_remaining: 1262, call: scores, phase: playing
2026-06-13 18:27:41, tokens_remaining: 1262, call: scores, phase: playing
2026-06-13 18:27:41, tokens_remaining: 1262, call: scores, phase: playing
2026-06-13 18:27:42, tokens_remaining: 1261, call: scores, phase: playing
2026-06-13 18:27:42, tokens_remaining: 1261, call: scores, phase: playing
2026-06-13 18:27:42, tokens_remaining: 1261, call: scores, phase: playing
2026-06-13 18:27:42, tokens_remaining: 1260, call: events, phase: playing
2026-06-13 18:27:43, tokens_remaining: 1261, call: scores, phase: playing
2026-06-13 18:27:43, tokens_remaining: 1259, call: scores, phase: playing
2026-06-13 18:27:43, tokens_remaining: 1259, call: scores, phase: playing
2026-06-13 18:27:43, tokens_remaining: 1259, call: scores, phase: playing
2026-06-13 18:27:44, tokens_remaining: 1259, call: scores, phase: playing
2026-06-13 18:27:44, tokens_remaining: 1259, call: scores, phase: playing
2026-06-13 18:27:44, tokens_remaining: 1259, call: scores, phase: playing
2026-06-13 18:27:44, tokens_remaining: 1258, call: scores, phase: playing
2026-06-13 18:27:44, tokens_remaining: 1258, call: scores, phase: playing
2026-06-13 18:27:45, tokens_remaining: 1257, call: events, phase: playing
2026-06-13 18:27:45, tokens_remaining: 1258, call: scores, phase: playing
2026-06-13 18:27:45, tokens_remaining: 1258, call: scores, phase: playing
2026-06-13 18:27:46, tokens_remaining: 1256, call: scores, phase: playing
2026-06-13 18:27:46, tokens_remaining: 1256, call: scores, phase: playing
2026-06-13 18:27:46, tokens_remaining: 1256, call: scores, phase: playing
2026-06-13 18:27:46, tokens_remaining: 1256, call: scores, phase: playing
2026-06-13 18:27:46, tokens_remaining: 1256, call: scores, phase: playing
2026-06-13 18:27:47, tokens_remaining: 1256, call: scores, phase: playing
2026-06-13 18:27:47, tokens_remaining: 1255, call: scores, phase: playing
2026-06-13 18:27:47, tokens_remaining: 1254, call: events, phase: playing
2026-06-13 18:27:48, tokens_remaining: 1255, call: scores, phase: playing
2026-06-13 18:27:48, tokens_remaining: 1255, call: scores, phase: playing
2026-06-13 18:27:48, tokens_remaining: 1255, call: scores, phase: playing
2026-06-13 18:27:48, tokens_remaining: 1253, call: scores, phase: playing
2026-06-13 18:27:48, tokens_remaining: 1253, call: scores, phase: playing
2026-06-13 18:27:49, tokens_remaining: 1253, call: scores, phase: playing
2026-06-13 18:27:49, tokens_remaining: 1253, call: scores, phase: playing
2026-06-13 18:27:49, tokens_remaining: 1253, call: scores, phase: playing
2026-06-13 18:27:49, tokens_remaining: 1253, call: scores, phase: playing
2026-06-13 18:27:50, tokens_remaining: 1252, call: events, phase: playing
2026-06-13 18:27:50, tokens_remaining: 1251, call: scores, phase: playing
2026-06-13 18:27:50, tokens_remaining: 1251, call: scores, phase: playing
2026-06-13 18:27:50, tokens_remaining: 1251, call: scores, phase: playing
2026-06-13 18:27:51, tokens_remaining: 1251, call: scores, phase: playing
2026-06-13 18:27:51, tokens_remaining: 1251, call: scores, phase: playing
2026-06-13 18:27:51, tokens_remaining: 1251, call: scores, phase: playing
2026-06-13 18:27:51, tokens_remaining: 1250, call: scores, phase: playing
2026-06-13 18:27:51, tokens_remaining: 1250, call: scores, phase: playing
2026-06-13 18:27:52, tokens_remaining: 1250, call: scores, phase: playing
2026-06-13 18:27:52, tokens_remaining: 1249, call: events, phase: playing
2026-06-13 18:27:52, tokens_remaining: 1250, call: scores, phase: playing
2026-06-13 18:27:53, tokens_remaining: 1248, call: scores, phase: playing
2026-06-13 18:27:53, tokens_remaining: 1248, call: scores, phase: playing
2026-06-13 18:27:53, tokens_remaining: 1248, call: scores, phase: playing
2026-06-13 18:27:53, tokens_remaining: 1248, call: scores, phase: playing
2026-06-13 18:27:53, tokens_remaining: 1248, call: scores, phase: playing
2026-06-13 18:27:54, tokens_remaining: 1248, call: scores, phase: playing
2026-06-13 18:27:54, tokens_remaining: 1247, call: scores, phase: playing
2026-06-13 18:27:54, tokens_remaining: 1247, call: scores, phase: playing
2026-06-13 18:27:55, tokens_remaining: 1246, call: events, phase: playing
2026-06-13 18:27:55, tokens_remaining: 1247, call: scores, phase: playing
2026-06-13 18:27:55, tokens_remaining: 1245, call: scores, phase: playing
2026-06-13 18:27:55, tokens_remaining: 1245, call: scores, phase: playing
2026-06-13 18:27:56, tokens_remaining: 1245, call: scores, phase: playing
2026-06-13 18:27:56, tokens_remaining: 1245, call: scores, phase: playing
2026-06-13 18:27:56, tokens_remaining: 1245, call: scores, phase: playing
2026-06-13 18:27:56, tokens_remaining: 1245, call: scores, phase: playing
2026-06-13 18:27:57, tokens_remaining: 1244, call: scores, phase: playing
2026-06-13 18:27:57, tokens_remaining: 1244, call: scores, phase: playing
2026-06-13 18:27:57, tokens_remaining: 1243, call: events, phase: playing
2026-06-13 18:27:57, tokens_remaining: 1244, call: scores, phase: playing
2026-06-13 18:27:58, tokens_remaining: 1244, call: scores, phase: playing
2026-06-13 18:27:58, tokens_remaining: 1242, call: scores, phase: playing
2026-06-13 18:27:58, tokens_remaining: 1242, call: scores, phase: playing
2026-06-13 18:27:58, tokens_remaining: 1242, call: scores, phase: playing
2026-06-13 18:27:58, tokens_remaining: 1242, call: scores, phase: playing
2026-06-13 18:27:59, tokens_remaining: 1242, call: scores, phase: playing
2026-06-13 18:27:59, tokens_remaining: 1242, call: scores, phase: playing
2026-06-13 18:27:59, tokens_remaining: 1241, call: scores, phase: playing
2026-06-13 18:28:00, tokens_remaining: 1240, call: events, phase: playing
2026-06-13 18:28:00, tokens_remaining: 1241, call: scores, phase: playing
2026-06-13 18:28:00, tokens_remaining: 1241, call: scores, phase: playing
2026-06-13 18:28:00, tokens_remaining: 1241, call: scores, phase: playing
2026-06-13 18:28:01, tokens_remaining: 1239, call: scores, phase: playing
2026-06-13 18:28:01, tokens_remaining: 1239, call: scores, phase: playing
2026-06-13 18:28:01, tokens_remaining: 1239, call: scores, phase: playing
2026-06-13 18:28:01, tokens_remaining: 1239, call: scores, phase: playing
2026-06-13 18:28:01, tokens_remaining: 1239, call: scores, phase: playing
2026-06-13 18:28:01, tokens_remaining: 1239, call: scores, phase: playing
2026-06-13 18:28:02, tokens_remaining: 1238, call: events, phase: playing
2026-06-13 18:28:02, tokens_remaining: 1237, call: scores, phase: playing
2026-06-13 18:28:02, tokens_remaining: 1237, call: scores, phase: playing
2026-06-13 18:28:03, tokens_remaining: 1237, call: scores, phase: playing
2026-06-13 18:28:03, tokens_remaining: 1237, call: scores, phase: playing
2026-06-13 18:28:03, tokens_remaining: 1237, call: scores, phase: playing
2026-06-13 18:28:03, tokens_remaining: 1237, call: scores, phase: playing
2026-06-13 18:28:04, tokens_remaining: 1236, call: scores, phase: playing
2026-06-13 18:28:04, tokens_remaining: 1236, call: scores, phase: playing
2026-06-13 18:28:04, tokens_remaining: 1236, call: scores, phase: playing
2026-06-13 18:28:04, tokens_remaining: 1235, call: events, phase: playing
2026-06-13 18:28:04, tokens_remaining: 1236, call: scores, phase: playing
2026-06-13 18:28:05, tokens_remaining: 1234, call: scores, phase: playing
2026-06-13 18:28:05, tokens_remaining: 1234, call: scores, phase: playing
2026-06-13 18:28:05, tokens_remaining: 1234, call: scores, phase: playing
2026-06-13 18:28:05, tokens_remaining: 1234, call: scores, phase: playing
2026-06-13 18:28:06, tokens_remaining: 1234, call: scores, phase: playing
2026-06-13 18:28:06, tokens_remaining: 1234, call: scores, phase: playing
2026-06-13 18:28:06, tokens_remaining: 1233, call: scores, phase: playing
2026-06-13 18:28:06, tokens_remaining: 1233, call: scores, phase: playing
2026-06-13 18:28:07, tokens_remaining: 1232, call: events, phase: playing
2026-06-13 18:28:07, tokens_remaining: 1233, call: scores, phase: playing
2026-06-13 18:28:07, tokens_remaining: 1233, call: scores, phase: playing
2026-06-13 18:28:08, tokens_remaining: 1231, call: scores, phase: playing
2026-06-13 18:28:08, tokens_remaining: 1231, call: scores, phase: playing
2026-06-13 18:28:08, tokens_remaining: 1231, call: scores, phase: playing
2026-06-13 18:28:08, tokens_remaining: 1231, call: scores, phase: playing
2026-06-13 18:28:08, tokens_remaining: 1231, call: scores, phase: playing
2026-06-13 18:28:08, tokens_remaining: 1231, call: scores, phase: playing
2026-06-13 18:28:09, tokens_remaining: 1230, call: scores, phase: playing
2026-06-13 18:28:09, tokens_remaining: 1229, call: events, phase: playing
2026-06-13 18:28:09, tokens_remaining: 1230, call: scores, phase: playing
2026-06-13 18:28:10, tokens_remaining: 1230, call: scores, phase: playing
2026-06-13 18:28:10, tokens_remaining: 1230, call: scores, phase: playing
2026-06-13 18:28:10, tokens_remaining: 1228, call: scores, phase: playing
2026-06-13 18:28:10, tokens_remaining: 1228, call: scores, phase: playing
2026-06-13 18:28:11, tokens_remaining: 1228, call: scores, phase: playing
2026-06-13 18:28:11, tokens_remaining: 1228, call: scores, phase: playing
2026-06-13 18:28:11, tokens_remaining: 1228, call: scores, phase: playing
2026-06-13 18:28:11, tokens_remaining: 1228, call: scores, phase: playing
2026-06-13 18:28:11, tokens_remaining: 1227, call: events, phase: playing
2026-06-13 18:28:12, tokens_remaining: 1226, call: scores, phase: playing
2026-06-13 18:28:12, tokens_remaining: 1226, call: scores, phase: playing
2026-06-13 18:28:12, tokens_remaining: 1226, call: scores, phase: playing
2026-06-13 18:28:12, tokens_remaining: 1226, call: scores, phase: playing
2026-06-13 18:28:13, tokens_remaining: 1226, call: scores, phase: playing
2026-06-13 18:28:13, tokens_remaining: 1226, call: scores, phase: playing
2026-06-13 18:28:13, tokens_remaining: 1225, call: scores, phase: playing
2026-06-13 18:28:13, tokens_remaining: 1225, call: scores, phase: playing
2026-06-13 18:28:13, tokens_remaining: 1225, call: scores, phase: playing
2026-06-13 18:28:14, tokens_remaining: 1224, call: events, phase: playing
2026-06-13 18:28:14, tokens_remaining: 1225, call: scores, phase: playing
2026-06-13 18:28:14, tokens_remaining: 1223, call: scores, phase: playing
2026-06-13 18:28:15, tokens_remaining: 1223, call: scores, phase: playing
2026-06-13 18:28:15, tokens_remaining: 1223, call: scores, phase: playing
2026-06-13 18:28:15, tokens_remaining: 1223, call: scores, phase: playing
2026-06-13 18:28:15, tokens_remaining: 1223, call: scores, phase: playing
2026-06-13 18:28:15, tokens_remaining: 1223, call: scores, phase: playing
2026-06-13 18:28:16, tokens_remaining: 1222, call: scores, phase: playing
2026-06-13 18:28:16, tokens_remaining: 1222, call: scores, phase: playing
2026-06-13 18:28:16, tokens_remaining: 1221, call: events, phase: playing
2026-06-13 18:28:17, tokens_remaining: 1222, call: scores, phase: playing
2026-06-13 18:28:17, tokens_remaining: 1220, call: scores, phase: playing
2026-06-13 18:28:17, tokens_remaining: 1220, call: scores, phase: playing
2026-06-13 18:28:17, tokens_remaining: 1220, call: scores, phase: playing
2026-06-13 18:28:18, tokens_remaining: 1220, call: scores, phase: playing
2026-06-13 18:28:18, tokens_remaining: 1220, call: scores, phase: playing
2026-06-13 18:28:18, tokens_remaining: 1220, call: scores, phase: playing
2026-06-13 18:28:18, tokens_remaining: 1220, call: scores, phase: playing
2026-06-13 18:28:18, tokens_remaining: 1219, call: scores, phase: playing
2026-06-13 18:28:19, tokens_remaining: 1218, call: events, phase: playing
2026-06-13 18:28:19, tokens_remaining: 1219, call: scores, phase: playing
2026-06-13 18:28:19, tokens_remaining: 1219, call: scores, phase: playing
2026-06-13 18:28:19, tokens_remaining: 1219, call: scores, phase: playing
2026-06-13 18:28:20, tokens_remaining: 1217, call: scores, phase: playing
2026-06-13 18:28:20, tokens_remaining: 1217, call: scores, phase: playing
2026-06-13 18:28:20, tokens_remaining: 1217, call: scores, phase: playing
2026-06-13 18:28:20, tokens_remaining: 1217, call: scores, phase: playing
2026-06-13 18:28:20, tokens_remaining: 1217, call: scores, phase: playing
2026-06-13 18:28:21, tokens_remaining: 1217, call: scores, phase: playing
2026-06-13 18:28:21, tokens_remaining: 1216, call: events, phase: playing
2026-06-13 18:28:22, tokens_remaining: 1215, call: scores, phase: playing
2026-06-13 18:28:22, tokens_remaining: 1215, call: scores, phase: playing
2026-06-13 18:28:22, tokens_remaining: 1215, call: scores, phase: playing
2026-06-13 18:28:22, tokens_remaining: 1215, call: scores, phase: playing
2026-06-13 18:28:22, tokens_remaining: 1215, call: scores, phase: playing
2026-06-13 18:28:22, tokens_remaining: 1215, call: scores, phase: playing
2026-06-13 18:28:23, tokens_remaining: 1214, call: scores, phase: playing
2026-06-13 18:28:23, tokens_remaining: 1214, call: scores, phase: playing
2026-06-13 18:28:23, tokens_remaining: 1214, call: scores, phase: playing
2026-06-13 18:28:24, tokens_remaining: 2499, call: events, phase: playing
2026-06-13 18:28:24, tokens_remaining: 2498, call: scores, phase: playing
2026-06-13 18:28:25, tokens_remaining: 2498, call: scores, phase: playing
2026-06-13 18:28:27, tokens_remaining: 2497, call: scores, phase: playing
2026-06-13 18:28:28, tokens_remaining: 2496, call: scores, phase: playing
2026-06-13 18:28:30, tokens_remaining: 2495, call: scores, phase: playing
2026-06-13 18:28:31, tokens_remaining: 2494, call: scores, phase: playing
2026-06-13 18:28:33, tokens_remaining: 2493, call: scores, phase: playing
2026-06-13 18:28:34, tokens_remaining: 2492, call: scores, phase: playing
2026-06-13 18:28:36, tokens_remaining: 2491, call: scores, phase: playing
2026-06-13 18:28:38, tokens_remaining: 2490, call: events, phase: playing
2026-06-13 18:28:40, tokens_remaining: 2489, call: scores, phase: playing
2026-06-13 18:28:42, tokens_remaining: 2488, call: scores, phase: playing
2026-06-13 18:28:43, tokens_remaining: 2487, call: scores, phase: playing
2026-06-13 18:28:45, tokens_remaining: 2486, call: scores, phase: playing
2026-06-13 18:28:47, tokens_remaining: 2485, call: scores, phase: playing
2026-06-13 18:28:49, tokens_remaining: 2484, call: scores, phase: playing
2026-06-13 18:28:50, tokens_remaining: 2483, call: scores, phase: playing
2026-06-13 18:28:52, tokens_remaining: 2482, call: scores, phase: playing
2026-06-13 18:28:54, tokens_remaining: 2481, call: scores, phase: playing
2026-06-13 18:28:56, tokens_remaining: 2480, call: events, phase: playing
2026-06-13 18:28:57, tokens_remaining: 2479, call: scores, phase: playing
2026-06-13 18:28:59, tokens_remaining: 2478, call: scores, phase: playing
2026-06-13 18:29:01, tokens_remaining: 2477, call: scores, phase: playing
2026-06-13 18:29:03, tokens_remaining: 2476, call: scores, phase: playing
2026-06-13 18:29:04, tokens_remaining: 2475, call: scores, phase: playing
2026-06-13 18:29:06, tokens_remaining: 2474, call: scores, phase: playing
2026-06-13 18:29:08, tokens_remaining: 2473, call: scores, phase: playing
2026-06-13 18:29:10, tokens_remaining: 2472, call: scores, phase: playing
2026-06-13 18:29:11, tokens_remaining: 2471, call: scores, phase: playing
2026-06-13 18:29:13, tokens_remaining: 2470, call: events, phase: playing
2026-06-13 18:29:15, tokens_remaining: 2469, call: scores, phase: playing
2026-06-13 18:29:17, tokens_remaining: 2468, call: scores, phase: playing
2026-06-13 18:29:19, tokens_remaining: 2467, call: scores, phase: playing
2026-06-13 18:29:20, tokens_remaining: 2466, call: scores, phase: playing
2026-06-13 18:29:22, tokens_remaining: 2465, call: scores, phase: playing
2026-06-13 18:29:24, tokens_remaining: 2464, call: scores, phase: playing
2026-06-13 18:29:26, tokens_remaining: 2463, call: scores, phase: playing
2026-06-13 18:29:28, tokens_remaining: 2462, call: scores, phase: playing
2026-06-13 18:29:29, tokens_remaining: 2461, call: scores, phase: playing
2026-06-13 18:29:31, tokens_remaining: 2460, call: events, phase: playing
2026-06-13 18:29:33, tokens_remaining: 2459, call: scores, phase: playing
2026-06-13 18:29:35, tokens_remaining: 2458, call: scores, phase: playing
2026-06-13 18:29:37, tokens_remaining: 2457, call: scores, phase: playing
2026-06-13 18:29:38, tokens_remaining: 2456, call: scores, phase: playing
2026-06-13 18:29:40, tokens_remaining: 2455, call: scores, phase: playing
2026-06-13 18:29:42, tokens_remaining: 2454, call: scores, phase: playing
2026-06-13 18:29:44, tokens_remaining: 2453, call: scores, phase: playing
2026-06-13 18:29:46, tokens_remaining: 2452, call: scores, phase: playing
2026-06-13 18:29:47, tokens_remaining: 2451, call: scores, phase: playing
2026-06-13 18:29:49, tokens_remaining: 2450, call: events, phase: playing
2026-06-13 18:29:51, tokens_remaining: 2449, call: scores, phase: playing
2026-06-13 18:29:53, tokens_remaining: 2448, call: scores, phase: playing
2026-06-13 18:29:54, tokens_remaining: 2447, call: scores, phase: playing
2026-06-13 18:29:56, tokens_remaining: 2446, call: scores, phase: playing
2026-06-13 18:29:58, tokens_remaining: 2445, call: scores, phase: playing
2026-06-13 18:30:00, tokens_remaining: 2444, call: scores, phase: playing
2026-06-13 18:30:01, tokens_remaining: 2443, call: scores, phase: playing
2026-06-13 18:30:03, tokens_remaining: 2442, call: scores, phase: playing
2026-06-13 18:30:05, tokens_remaining: 2441, call: scores, phase: playing
2026-06-13 18:30:07, tokens_remaining: 2440, call: events, phase: playing
2026-06-13 18:30:09, tokens_remaining: 2439, call: scores, phase: playing
2026-06-13 18:30:10, tokens_remaining: 2438, call: scores, phase: playing
2026-06-13 18:30:12, tokens_remaining: 2437, call: scores, phase: playing
2026-06-13 18:30:14, tokens_remaining: 2436, call: scores, phase: playing
2026-06-13 18:30:16, tokens_remaining: 2435, call: scores, phase: playing
2026-06-13 18:30:17, tokens_remaining: 2434, call: scores, phase: playing
2026-06-13 18:30:19, tokens_remaining: 2433, call: scores, phase: playing
2026-06-13 18:30:21, tokens_remaining: 2432, call: scores, phase: playing
2026-06-13 18:30:23, tokens_remaining: 2431, call: scores, phase: playing
2026-06-13 18:30:24, tokens_remaining: 2430, call: events, phase: playing
2026-06-13 18:30:26, tokens_remaining: 2429, call: scores, phase: playing
2026-06-13 18:30:28, tokens_remaining: 2428, call: scores, phase: playing
2026-06-13 18:30:30, tokens_remaining: 2427, call: scores, phase: playing
2026-06-13 18:30:32, tokens_remaining: 2426, call: scores, phase: playing
2026-06-13 18:30:33, tokens_remaining: 2425, call: scores, phase: playing
2026-06-13 18:30:35, tokens_remaining: 2424, call: scores, phase: playing
2026-06-13 18:30:37, tokens_remaining: 2423, call: scores, phase: playing
2026-06-13 18:30:39, tokens_remaining: 2422, call: scores, phase: playing
2026-06-13 18:30:40, tokens_remaining: 2421, call: scores, phase: playing
2026-06-13 18:30:42, tokens_remaining: 2420, call: events, phase: playing
2026-06-13 18:30:44, tokens_remaining: 2419, call: scores, phase: playing
2026-06-13 18:30:46, tokens_remaining: 2418, call: scores, phase: playing
2026-06-13 18:30:48, tokens_remaining: 2417, call: scores, phase: playing
2026-06-13 18:30:50, tokens_remaining: 2416, call: scores, phase: playing
2026-06-13 18:30:52, tokens_remaining: 2415, call: scores, phase: playing
2026-06-13 18:30:53, tokens_remaining: 2414, call: scores, phase: playing
2026-06-13 18:30:55, tokens_remaining: 2413, call: scores, phase: playing
2026-06-13 18:30:57, tokens_remaining: 2412, call: scores, phase: playing
2026-06-13 18:30:59, tokens_remaining: 2411, call: scores, phase: playing
2026-06-13 18:31:01, tokens_remaining: 2410, call: events, phase: playing
2026-06-13 18:31:03, tokens_remaining: 2409, call: scores, phase: playing
2026-06-13 18:31:04, tokens_remaining: 2408, call: scores, phase: playing
2026-06-13 18:31:06, tokens_remaining: 2407, call: scores, phase: playing
2026-06-13 18:31:08, tokens_remaining: 2406, call: scores, phase: playing
2026-06-13 18:31:10, tokens_remaining: 2405, call: scores, phase: playing
2026-06-13 18:31:11, tokens_remaining: 2404, call: scores, phase: playing
2026-06-13 18:31:13, tokens_remaining: 2403, call: scores, phase: playing
2026-06-13 18:31:15, tokens_remaining: 2402, call: scores, phase: playing
2026-06-13 18:31:17, tokens_remaining: 2401, call: scores, phase: playing
2026-06-13 18:31:18, tokens_remaining: 2400, call: events, phase: playing
2026-06-13 18:31:20, tokens_remaining: 2399, call: scores, phase: playing
2026-06-13 18:31:22, tokens_remaining: 2398, call: scores, phase: playing
2026-06-13 18:31:24, tokens_remaining: 2397, call: scores, phase: playing
2026-06-13 18:31:26, tokens_remaining: 2396, call: scores, phase: playing
2026-06-13 18:31:27, tokens_remaining: 2395, call: scores, phase: playing
2026-06-13 18:31:29, tokens_remaining: 2394, call: scores, phase: playing
2026-06-13 18:31:31, tokens_remaining: 2393, call: scores, phase: playing
2026-06-13 18:31:32, tokens_remaining: 2392, call: scores, phase: playing
2026-06-13 18:31:34, tokens_remaining: 2391, call: scores, phase: playing
2026-06-13 18:31:36, tokens_remaining: 2390, call: events, phase: playing
2026-06-13 18:31:38, tokens_remaining: 2389, call: scores, phase: playing
2026-06-13 18:31:40, tokens_remaining: 2388, call: scores, phase: playing
2026-06-13 18:31:41, tokens_remaining: 2387, call: scores, phase: playing
2026-06-13 18:31:43, tokens_remaining: 2386, call: scores, phase: playing
2026-06-13 18:31:45, tokens_remaining: 2385, call: scores, phase: playing
2026-06-13 18:31:47, tokens_remaining: 2384, call: scores, phase: playing
2026-06-13 18:31:48, tokens_remaining: 2383, call: scores, phase: playing
2026-06-13 18:31:50, tokens_remaining: 2382, call: scores, phase: playing
2026-06-13 18:31:52, tokens_remaining: 2381, call: scores, phase: playing
2026-06-13 18:31:54, tokens_remaining: 2380, call: events, phase: playing
2026-06-13 18:31:55, tokens_remaining: 2379, call: scores, phase: playing
2026-06-13 18:31:57, tokens_remaining: 2378, call: scores, phase: playing
2026-06-13 18:31:59, tokens_remaining: 2377, call: scores, phase: playing
2026-06-13 18:32:01, tokens_remaining: 2376, call: scores, phase: playing
2026-06-13 18:32:02, tokens_remaining: 2375, call: scores, phase: playing
2026-06-13 18:32:04, tokens_remaining: 2374, call: scores, phase: playing
2026-06-13 18:32:06, tokens_remaining: 2373, call: scores, phase: playing
2026-06-13 18:32:08, tokens_remaining: 2372, call: scores, phase: playing
2026-06-13 18:32:09, tokens_remaining: 2371, call: scores, phase: playing
2026-06-13 18:32:11, tokens_remaining: 2370, call: events, phase: playing
2026-06-13 18:32:13, tokens_remaining: 2369, call: scores, phase: playing
2026-06-13 18:32:15, tokens_remaining: 2368, call: scores, phase: playing
2026-06-13 18:32:17, tokens_remaining: 2367, call: scores, phase: playing
2026-06-13 18:32:19, tokens_remaining: 2366, call: scores, phase: playing
2026-06-13 18:32:20, tokens_remaining: 2365, call: scores, phase: playing
2026-06-13 18:32:22, tokens_remaining: 2364, call: scores, phase: playing
2026-06-13 18:32:24, tokens_remaining: 2363, call: scores, phase: playing
2026-06-13 18:32:26, tokens_remaining: 2362, call: scores, phase: playing
2026-06-13 18:32:28, tokens_remaining: 2361, call: scores, phase: playing
2026-06-13 18:32:29, tokens_remaining: 2360, call: events, phase: playing
2026-06-13 18:32:31, tokens_remaining: 2359, call: scores, phase: playing
2026-06-13 18:32:33, tokens_remaining: 2358, call: scores, phase: playing
2026-06-13 18:32:35, tokens_remaining: 2357, call: scores, phase: playing
2026-06-13 18:32:36, tokens_remaining: 2356, call: scores, phase: playing
2026-06-13 18:32:38, tokens_remaining: 2355, call: scores, phase: playing
2026-06-13 18:32:40, tokens_remaining: 2354, call: scores, phase: playing
2026-06-13 18:32:41, tokens_remaining: 2353, call: scores, phase: playing
2026-06-13 18:32:43, tokens_remaining: 2352, call: scores, phase: playing
2026-06-13 18:32:45, tokens_remaining: 2351, call: scores, phase: playing
2026-06-13 18:32:47, tokens_remaining: 2350, call: events, phase: playing
2026-06-13 18:32:49, tokens_remaining: 2349, call: scores, phase: playing
2026-06-13 18:32:50, tokens_remaining: 2348, call: scores, phase: playing
2026-06-13 18:32:52, tokens_remaining: 2347, call: scores, phase: playing
2026-06-13 18:32:54, tokens_remaining: 2346, call: scores, phase: playing
2026-06-13 18:32:56, tokens_remaining: 2345, call: scores, phase: playing
2026-06-13 18:32:57, tokens_remaining: 2344, call: scores, phase: playing
2026-06-13 18:32:59, tokens_remaining: 2343, call: scores, phase: playing
2026-06-13 18:33:01, tokens_remaining: 2342, call: scores, phase: playing
2026-06-13 18:33:03, tokens_remaining: 2341, call: scores, phase: playing
2026-06-13 18:33:04, tokens_remaining: 2340, call: events, phase: playing
2026-06-13 18:33:06, tokens_remaining: 2339, call: scores, phase: playing
2026-06-13 18:33:08, tokens_remaining: 2338, call: scores, phase: playing
2026-06-13 18:33:10, tokens_remaining: 2337, call: scores, phase: playing
2026-06-13 18:33:11, tokens_remaining: 2336, call: scores, phase: playing
2026-06-13 18:33:13, tokens_remaining: 2335, call: scores, phase: playing
2026-06-13 18:33:15, tokens_remaining: 2334, call: scores, phase: playing
2026-06-13 18:33:17, tokens_remaining: 2333, call: scores, phase: playing
2026-06-13 18:33:18, tokens_remaining: 2332, call: scores, phase: playing
2026-06-13 18:33:20, tokens_remaining: 2331, call: scores, phase: playing
2026-06-13 18:33:22, tokens_remaining: 2330, call: events, phase: playing
2026-06-13 18:33:24, tokens_remaining: 2329, call: scores, phase: playing
2026-06-13 18:33:26, tokens_remaining: 2328, call: scores, phase: playing
2026-06-13 18:33:27, tokens_remaining: 2327, call: scores, phase: playing
2026-06-13 18:33:29, tokens_remaining: 2326, call: scores, phase: playing
2026-06-13 18:33:31, tokens_remaining: 2325, call: scores, phase: playing
2026-06-13 18:33:33, tokens_remaining: 2324, call: scores, phase: playing
2026-06-13 18:33:34, tokens_remaining: 2323, call: scores, phase: playing
2026-06-13 18:33:36, tokens_remaining: 2322, call: scores, phase: playing
2026-06-13 18:33:38, tokens_remaining: 2321, call: scores, phase: playing
2026-06-13 18:33:40, tokens_remaining: 2320, call: events, phase: playing
2026-06-13 18:33:41, tokens_remaining: 2319, call: scores, phase: playing
2026-06-13 18:33:43, tokens_remaining: 2318, call: scores, phase: playing
2026-06-13 18:33:45, tokens_remaining: 2317, call: scores, phase: playing
2026-06-13 18:33:47, tokens_remaining: 2316, call: scores, phase: playing
2026-06-13 18:33:48, tokens_remaining: 2315, call: scores, phase: playing
2026-06-13 18:33:50, tokens_remaining: 2314, call: scores, phase: playing
2026-06-13 18:33:52, tokens_remaining: 2313, call: scores, phase: playing
2026-06-13 18:33:54, tokens_remaining: 2312, call: scores, phase: playing
2026-06-13 18:33:55, tokens_remaining: 2311, call: scores, phase: playing
2026-06-13 18:33:57, tokens_remaining: 2310, call: events, phase: playing
2026-06-13 18:33:59, tokens_remaining: 2309, call: scores, phase: playing
2026-06-13 18:34:01, tokens_remaining: 2308, call: scores, phase: playing
2026-06-13 18:34:03, tokens_remaining: 2307, call: scores, phase: playing
2026-06-13 18:34:04, tokens_remaining: 2306, call: scores, phase: playing
2026-06-13 18:34:06, tokens_remaining: 2305, call: scores, phase: playing
2026-06-13 18:34:08, tokens_remaining: 2304, call: scores, phase: playing
2026-06-13 18:34:10, tokens_remaining: 2303, call: scores, phase: playing
2026-06-13 18:34:11, tokens_remaining: 2302, call: scores, phase: playing
2026-06-13 18:34:13, tokens_remaining: 2301, call: scores, phase: playing
2026-06-13 18:34:15, tokens_remaining: 2300, call: events, phase: playing
2026-06-13 18:34:17, tokens_remaining: 2299, call: scores, phase: playing
2026-06-13 18:34:18, tokens_remaining: 2298, call: scores, phase: playing
2026-06-13 18:34:20, tokens_remaining: 2297, call: scores, phase: playing
2026-06-13 18:34:22, tokens_remaining: 2296, call: scores, phase: playing
2026-06-13 18:34:23, tokens_remaining: 2295, call: scores, phase: playing
2026-06-13 18:34:25, tokens_remaining: 2294, call: scores, phase: playing
2026-06-13 18:34:27, tokens_remaining: 2293, call: scores, phase: playing
2026-06-13 18:34:29, tokens_remaining: 2292, call: scores, phase: playing
2026-06-13 18:34:30, tokens_remaining: 2291, call: scores, phase: playing
2026-06-13 18:34:32, tokens_remaining: 2290, call: events, phase: playing
2026-06-13 18:34:34, tokens_remaining: 2289, call: scores, phase: playing
2026-06-13 18:34:36, tokens_remaining: 2288, call: scores, phase: playing
2026-06-13 18:34:37, tokens_remaining: 2287, call: scores, phase: playing
2026-06-13 18:34:39, tokens_remaining: 2286, call: scores, phase: playing
2026-06-13 18:34:41, tokens_remaining: 2285, call: scores, phase: playing
2026-06-13 18:34:43, tokens_remaining: 2284, call: scores, phase: playing
2026-06-13 18:34:44, tokens_remaining: 2283, call: scores, phase: playing
2026-06-13 18:34:46, tokens_remaining: 2282, call: scores, phase: playing
2026-06-13 18:34:48, tokens_remaining: 2281, call: scores, phase: playing
2026-06-13 18:34:50, tokens_remaining: 2280, call: events, phase: playing
2026-06-13 18:34:51, tokens_remaining: 2279, call: scores, phase: playing
2026-06-13 18:34:53, tokens_remaining: 2278, call: scores, phase: playing
2026-06-13 18:34:55, tokens_remaining: 2277, call: scores, phase: playing
2026-06-13 18:34:57, tokens_remaining: 2276, call: scores, phase: playing
2026-06-13 18:34:58, tokens_remaining: 2275, call: scores, phase: playing
2026-06-13 18:35:00, tokens_remaining: 2274, call: scores, phase: playing
2026-06-13 18:35:02, tokens_remaining: 2273, call: scores, phase: playing
2026-06-13 18:35:04, tokens_remaining: 2272, call: scores, phase: playing
2026-06-13 18:35:05, tokens_remaining: 2271, call: scores, phase: playing
2026-06-13 18:35:07, tokens_remaining: 2270, call: events, phase: playing
2026-06-13 18:35:09, tokens_remaining: 2269, call: scores, phase: playing
2026-06-13 18:35:11, tokens_remaining: 2268, call: scores, phase: playing
2026-06-13 18:35:12, tokens_remaining: 2267, call: scores, phase: playing
2026-06-13 18:35:14, tokens_remaining: 2266, call: scores, phase: playing
2026-06-13 18:35:16, tokens_remaining: 2265, call: scores, phase: playing
2026-06-13 18:35:18, tokens_remaining: 2264, call: scores, phase: playing
2026-06-13 18:35:19, tokens_remaining: 2263, call: scores, phase: playing
2026-06-13 18:35:21, tokens_remaining: 2262, call: scores, phase: playing
2026-06-13 18:35:23, tokens_remaining: 2261, call: scores, phase: playing
2026-06-13 18:35:25, tokens_remaining: 2260, call: events, phase: playing
2026-06-13 18:35:26, tokens_remaining: 2259, call: scores, phase: playing
2026-06-13 18:35:28, tokens_remaining: 2258, call: scores, phase: playing
2026-06-13 18:35:30, tokens_remaining: 2257, call: scores, phase: playing
2026-06-13 18:35:31, tokens_remaining: 2256, call: scores, phase: playing
2026-06-13 18:35:33, tokens_remaining: 2255, call: scores, phase: playing
2026-06-13 18:35:35, tokens_remaining: 2254, call: scores, phase: playing
2026-06-13 18:35:37, tokens_remaining: 2253, call: scores, phase: playing
2026-06-13 18:35:38, tokens_remaining: 2252, call: scores, phase: playing
2026-06-13 18:35:40, tokens_remaining: 2251, call: scores, phase: playing
2026-06-13 18:35:42, tokens_remaining: 2250, call: events, phase: playing
2026-06-13 18:35:44, tokens_remaining: 2249, call: scores, phase: playing
2026-06-13 18:35:45, tokens_remaining: 2248, call: scores, phase: playing
2026-06-13 18:35:47, tokens_remaining: 2247, call: scores, phase: playing
2026-06-13 18:35:49, tokens_remaining: 2246, call: scores, phase: playing
2026-06-13 18:35:51, tokens_remaining: 2245, call: scores, phase: playing
2026-06-13 18:35:52, tokens_remaining: 2244, call: scores, phase: playing
2026-06-13 18:35:54, tokens_remaining: 2243, call: scores, phase: playing
2026-06-13 18:35:56, tokens_remaining: 2242, call: scores, phase: playing
2026-06-13 18:35:57, tokens_remaining: 2241, call: scores, phase: playing
2026-06-13 18:35:59, tokens_remaining: 2240, call: events, phase: playing
2026-06-13 18:36:01, tokens_remaining: 2239, call: scores, phase: playing
2026-06-13 18:36:03, tokens_remaining: 2238, call: scores, phase: playing
2026-06-13 18:36:04, tokens_remaining: 2237, call: scores, phase: playing
2026-06-13 18:36:06, tokens_remaining: 2236, call: scores, phase: playing
2026-06-13 18:36:08, tokens_remaining: 2235, call: scores, phase: playing
2026-06-13 18:36:10, tokens_remaining: 2234, call: scores, phase: playing
2026-06-13 18:36:11, tokens_remaining: 2233, call: scores, phase: playing
2026-06-13 18:36:11, GOAL: Brazil (Brazil 1-1 Morocco)
2026-06-13 18:36:14, tokens_remaining: 2232, call: scores, phase: playing
2026-06-13 18:36:16, tokens_remaining: 2231, call: scores, phase: playing
2026-06-13 18:36:18, tokens_remaining: 2230, call: events, phase: playing
2026-06-13 18:36:18, EVENT: GOAL 32' Vinicius Junior (1-1) [Brazil vs Morocco]
2026-06-13 18:36:20, tokens_remaining: 2229, call: scores, phase: playing
2026-06-13 18:36:21, tokens_remaining: 2228, call: scores, phase: playing
2026-06-13 18:36:23, tokens_remaining: 2227, call: scores, phase: playing
2026-06-13 18:36:25, tokens_remaining: 2226, call: scores, phase: playing
2026-06-13 18:36:26, tokens_remaining: 2225, call: scores, phase: playing
2026-06-13 18:36:28, tokens_remaining: 2224, call: scores, phase: playing
2026-06-13 18:36:30, tokens_remaining: 2223, call: scores, phase: playing
2026-06-13 18:36:32, tokens_remaining: 2222, call: scores, phase: playing
2026-06-13 18:36:33, tokens_remaining: 2221, call: scores, phase: playing
2026-06-13 18:36:35, tokens_remaining: 2220, call: events, phase: playing
2026-06-13 18:36:37, tokens_remaining: 2219, call: scores, phase: playing
2026-06-13 18:36:39, tokens_remaining: 2218, call: scores, phase: playing
2026-06-13 18:36:40, tokens_remaining: 2217, call: scores, phase: playing
2026-06-13 18:36:42, tokens_remaining: 2216, call: scores, phase: playing
2026-06-13 18:36:44, tokens_remaining: 2215, call: scores, phase: playing
2026-06-13 18:36:46, tokens_remaining: 2214, call: scores, phase: playing
2026-06-13 18:36:47, tokens_remaining: 2213, call: scores, phase: playing
2026-06-13 18:36:49, tokens_remaining: 2212, call: scores, phase: playing
2026-06-13 18:36:51, tokens_remaining: 2211, call: scores, phase: playing
2026-06-13 18:36:52, tokens_remaining: 2210, call: events, phase: playing
2026-06-13 18:36:54, tokens_remaining: 2209, call: scores, phase: playing
2026-06-13 18:36:56, tokens_remaining: 2208, call: scores, phase: playing
2026-06-13 18:36:58, tokens_remaining: 2207, call: scores, phase: playing
2026-06-13 18:36:59, tokens_remaining: 2206, call: scores, phase: playing
2026-06-13 18:37:01, tokens_remaining: 2205, call: scores, phase: playing
2026-06-13 18:37:03, tokens_remaining: 2204, call: scores, phase: playing
2026-06-13 18:37:05, tokens_remaining: 2203, call: scores, phase: playing
2026-06-13 18:37:06, tokens_remaining: 2202, call: scores, phase: playing
2026-06-13 18:37:08, tokens_remaining: 2201, call: scores, phase: playing
2026-06-13 18:37:10, tokens_remaining: 2200, call: events, phase: playing
2026-06-13 18:37:12, tokens_remaining: 2199, call: scores, phase: playing
2026-06-13 18:37:14, tokens_remaining: 2198, call: scores, phase: playing
2026-06-13 18:37:15, tokens_remaining: 2197, call: scores, phase: playing
2026-06-13 18:37:17, tokens_remaining: 2196, call: scores, phase: playing
2026-06-13 18:37:19, tokens_remaining: 2195, call: scores, phase: playing
2026-06-13 18:37:20, tokens_remaining: 2194, call: scores, phase: playing
2026-06-13 18:37:22, tokens_remaining: 2193, call: scores, phase: playing
2026-06-13 18:37:24, tokens_remaining: 2192, call: scores, phase: playing
2026-06-13 18:37:26, tokens_remaining: 2191, call: scores, phase: playing
2026-06-13 18:37:28, tokens_remaining: 2190, call: events, phase: playing
2026-06-13 18:37:29, tokens_remaining: 2189, call: scores, phase: playing
2026-06-13 18:37:31, tokens_remaining: 2188, call: scores, phase: playing
2026-06-13 18:37:33, tokens_remaining: 2187, call: scores, phase: playing
2026-06-13 18:37:35, tokens_remaining: 2186, call: scores, phase: playing
2026-06-13 18:37:36, tokens_remaining: 2185, call: scores, phase: playing
2026-06-13 18:37:38, tokens_remaining: 2184, call: scores, phase: playing
2026-06-13 18:37:40, tokens_remaining: 2183, call: scores, phase: playing
2026-06-13 18:37:41, tokens_remaining: 2182, call: scores, phase: playing
2026-06-13 18:37:43, tokens_remaining: 2181, call: scores, phase: playing
2026-06-13 18:37:45, tokens_remaining: 2180, call: events, phase: playing
2026-06-13 18:37:47, tokens_remaining: 2179, call: scores, phase: playing
2026-06-13 18:37:48, tokens_remaining: 2178, call: scores, phase: playing
2026-06-13 18:37:50, tokens_remaining: 2177, call: scores, phase: playing
2026-06-13 18:37:52, tokens_remaining: 2176, call: scores, phase: playing
2026-06-13 18:37:54, tokens_remaining: 2175, call: scores, phase: playing
2026-06-13 18:37:55, tokens_remaining: 2174, call: scores, phase: playing
2026-06-13 18:37:57, tokens_remaining: 2173, call: scores, phase: playing
2026-06-13 18:37:59, tokens_remaining: 2172, call: scores, phase: playing
2026-06-13 18:38:00, tokens_remaining: 2171, call: scores, phase: playing
2026-06-13 18:38:02, tokens_remaining: 2170, call: events, phase: playing
2026-06-13 18:38:04, tokens_remaining: 2169, call: scores, phase: playing
2026-06-13 18:38:06, tokens_remaining: 2168, call: scores, phase: playing
2026-06-13 18:38:07, tokens_remaining: 2167, call: scores, phase: playing
2026-06-13 18:38:09, tokens_remaining: 2166, call: scores, phase: playing
2026-06-13 18:38:11, tokens_remaining: 2165, call: scores, phase: playing
2026-06-13 18:38:13, tokens_remaining: 2164, call: scores, phase: playing
2026-06-13 18:38:14, tokens_remaining: 2163, call: scores, phase: playing
2026-06-13 18:38:16, tokens_remaining: 2162, call: scores, phase: playing
2026-06-13 18:38:18, tokens_remaining: 2161, call: scores, phase: playing
2026-06-13 18:38:19, tokens_remaining: 2160, call: events, phase: playing
2026-06-13 18:38:21, tokens_remaining: 2159, call: scores, phase: playing
2026-06-13 18:38:23, tokens_remaining: 2158, call: scores, phase: playing
2026-06-13 18:38:25, tokens_remaining: 2157, call: scores, phase: playing
2026-06-13 18:38:26, tokens_remaining: 2156, call: scores, phase: playing
2026-06-13 18:38:28, tokens_remaining: 2155, call: scores, phase: playing
2026-06-13 18:38:30, tokens_remaining: 2154, call: scores, phase: playing
2026-06-13 18:38:32, tokens_remaining: 2153, call: scores, phase: playing
2026-06-13 18:38:33, tokens_remaining: 2152, call: scores, phase: playing
2026-06-13 18:38:35, tokens_remaining: 2151, call: scores, phase: playing
2026-06-13 18:38:37, tokens_remaining: 2150, call: events, phase: playing
2026-06-13 18:38:38, tokens_remaining: 2149, call: scores, phase: playing
2026-06-13 18:38:40, tokens_remaining: 2148, call: scores, phase: playing
2026-06-13 18:38:42, tokens_remaining: 2147, call: scores, phase: playing
2026-06-13 18:38:44, tokens_remaining: 2146, call: scores, phase: playing
2026-06-13 18:38:45, tokens_remaining: 2145, call: scores, phase: playing
2026-06-13 18:38:47, tokens_remaining: 2144, call: scores, phase: playing
2026-06-13 18:38:49, tokens_remaining: 2143, call: scores, phase: playing
2026-06-13 18:38:50, tokens_remaining: 2142, call: scores, phase: playing
2026-06-13 18:38:52, tokens_remaining: 2141, call: scores, phase: playing
2026-06-13 18:38:54, tokens_remaining: 2140, call: events, phase: playing
2026-06-13 18:38:56, tokens_remaining: 2139, call: scores, phase: playing
2026-06-13 18:38:57, tokens_remaining: 2138, call: scores, phase: playing
2026-06-13 18:38:59, tokens_remaining: 2137, call: scores, phase: playing
2026-06-13 18:39:01, tokens_remaining: 2136, call: scores, phase: playing
2026-06-13 18:39:02, tokens_remaining: 2135, call: scores, phase: playing
2026-06-13 18:39:04, tokens_remaining: 2134, call: scores, phase: playing
2026-06-13 18:39:06, tokens_remaining: 2133, call: scores, phase: playing
2026-06-13 18:39:08, tokens_remaining: 2132, call: scores, phase: playing
2026-06-13 18:39:09, tokens_remaining: 2131, call: scores, phase: playing
2026-06-13 18:39:11, tokens_remaining: 2130, call: events, phase: playing
2026-06-13 18:39:13, tokens_remaining: 2129, call: scores, phase: playing
2026-06-13 18:39:15, tokens_remaining: 2128, call: scores, phase: playing
2026-06-13 18:39:16, tokens_remaining: 2127, call: scores, phase: playing
2026-06-13 18:39:18, tokens_remaining: 2126, call: scores, phase: playing
2026-06-13 18:39:20, tokens_remaining: 2125, call: scores, phase: playing
2026-06-13 18:39:21, tokens_remaining: 2124, call: scores, phase: playing
2026-06-13 18:39:23, tokens_remaining: 2123, call: scores, phase: playing
2026-06-13 18:39:25, tokens_remaining: 2122, call: scores, phase: playing
2026-06-13 18:39:27, tokens_remaining: 2121, call: scores, phase: playing
2026-06-13 18:39:28, tokens_remaining: 2120, call: events, phase: playing
2026-06-13 18:39:30, tokens_remaining: 2119, call: scores, phase: playing
2026-06-13 18:39:32, tokens_remaining: 2118, call: scores, phase: playing
2026-06-13 18:39:33, tokens_remaining: 2117, call: scores, phase: playing
2026-06-13 18:39:35, tokens_remaining: 2116, call: scores, phase: playing
2026-06-13 18:39:37, tokens_remaining: 2115, call: scores, phase: playing
2026-06-13 18:39:39, tokens_remaining: 2114, call: scores, phase: playing
2026-06-13 18:39:40, tokens_remaining: 2113, call: scores, phase: playing
2026-06-13 18:39:42, tokens_remaining: 2112, call: scores, phase: playing
2026-06-13 18:39:44, tokens_remaining: 2111, call: scores, phase: playing
2026-06-13 18:39:46, tokens_remaining: 2110, call: events, phase: playing
2026-06-13 18:39:47, tokens_remaining: 2109, call: scores, phase: playing
2026-06-13 18:39:49, tokens_remaining: 2108, call: scores, phase: playing
2026-06-13 18:39:51, tokens_remaining: 2107, call: scores, phase: playing
2026-06-13 18:39:52, tokens_remaining: 2106, call: scores, phase: playing
2026-06-13 18:39:54, tokens_remaining: 2105, call: scores, phase: playing
2026-06-13 18:39:56, tokens_remaining: 2104, call: scores, phase: playing
2026-06-13 18:39:58, tokens_remaining: 2103, call: scores, phase: playing
2026-06-13 18:39:59, tokens_remaining: 2102, call: scores, phase: playing
2026-06-13 18:40:01, tokens_remaining: 2101, call: scores, phase: playing
2026-06-13 18:40:03, tokens_remaining: 2100, call: events, phase: playing
2026-06-13 18:40:04, tokens_remaining: 2099, call: scores, phase: playing
2026-06-13 18:40:06, tokens_remaining: 2098, call: scores, phase: playing
2026-06-13 18:40:08, tokens_remaining: 2097, call: scores, phase: playing
2026-06-13 18:40:10, tokens_remaining: 2096, call: scores, phase: playing
2026-06-13 18:40:11, tokens_remaining: 2095, call: scores, phase: playing
2026-06-13 18:40:13, tokens_remaining: 2094, call: scores, phase: playing
2026-06-13 18:40:15, tokens_remaining: 2093, call: scores, phase: playing
2026-06-13 18:40:16, tokens_remaining: 2092, call: scores, phase: playing
2026-06-13 18:40:18, tokens_remaining: 2091, call: scores, phase: playing
2026-06-13 18:40:20, tokens_remaining: 2090, call: events, phase: playing
2026-06-13 18:40:22, tokens_remaining: 2089, call: scores, phase: playing
2026-06-13 18:40:23, tokens_remaining: 2088, call: scores, phase: playing
2026-06-13 18:40:25, tokens_remaining: 2087, call: scores, phase: playing
2026-06-13 18:40:27, tokens_remaining: 2086, call: scores, phase: playing
2026-06-13 18:40:28, tokens_remaining: 2085, call: scores, phase: playing
2026-06-13 18:40:30, tokens_remaining: 2084, call: scores, phase: playing
2026-06-13 18:40:32, tokens_remaining: 2083, call: scores, phase: playing
2026-06-13 18:40:34, tokens_remaining: 2082, call: scores, phase: playing
2026-06-13 18:40:35, tokens_remaining: 2081, call: scores, phase: playing
2026-06-13 18:40:37, tokens_remaining: 2080, call: events, phase: playing
2026-06-13 18:40:39, tokens_remaining: 2079, call: scores, phase: playing
2026-06-13 18:40:40, tokens_remaining: 2078, call: scores, phase: playing
2026-06-13 18:40:42, tokens_remaining: 2077, call: scores, phase: playing
2026-06-13 18:40:44, tokens_remaining: 2076, call: scores, phase: playing
2026-06-13 18:40:46, tokens_remaining: 2075, call: scores, phase: playing
2026-06-13 18:40:47, tokens_remaining: 2074, call: scores, phase: playing
2026-06-13 18:40:49, tokens_remaining: 2073, call: scores, phase: playing
2026-06-13 18:40:51, tokens_remaining: 2072, call: scores, phase: playing
2026-06-13 18:40:52, tokens_remaining: 2071, call: scores, phase: playing
2026-06-13 18:40:54, tokens_remaining: 2070, call: events, phase: playing
2026-06-13 18:40:56, tokens_remaining: 2069, call: scores, phase: playing
2026-06-13 18:40:58, tokens_remaining: 2068, call: scores, phase: playing
2026-06-13 18:40:59, tokens_remaining: 2067, call: scores, phase: playing
2026-06-13 18:41:01, tokens_remaining: 2066, call: scores, phase: playing
2026-06-13 18:41:03, tokens_remaining: 2065, call: scores, phase: playing
2026-06-13 18:41:04, tokens_remaining: 2064, call: scores, phase: playing
2026-06-13 18:41:06, tokens_remaining: 2063, call: scores, phase: playing
2026-06-13 18:41:08, tokens_remaining: 2062, call: scores, phase: playing
2026-06-13 18:41:10, tokens_remaining: 2061, call: scores, phase: playing
2026-06-13 18:41:11, tokens_remaining: 2060, call: events, phase: playing
2026-06-13 18:41:13, tokens_remaining: 2059, call: scores, phase: playing
2026-06-13 18:41:15, tokens_remaining: 2058, call: scores, phase: playing
2026-06-13 18:41:17, tokens_remaining: 2057, call: scores, phase: playing
2026-06-13 18:41:18, tokens_remaining: 2056, call: scores, phase: playing
2026-06-13 18:41:20, tokens_remaining: 2055, call: scores, phase: playing
2026-06-13 18:41:22, tokens_remaining: 2054, call: scores, phase: playing
2026-06-13 18:41:23, tokens_remaining: 2053, call: scores, phase: playing
2026-06-13 18:41:25, tokens_remaining: 2052, call: scores, phase: playing
2026-06-13 18:41:27, tokens_remaining: 2051, call: scores, phase: playing
2026-06-13 18:41:28, tokens_remaining: 2050, call: events, phase: playing
2026-06-13 18:41:30, tokens_remaining: 2049, call: scores, phase: playing
2026-06-13 18:41:32, tokens_remaining: 2048, call: scores, phase: playing
2026-06-13 18:41:34, tokens_remaining: 2047, call: scores, phase: playing
2026-06-13 18:41:35, tokens_remaining: 2046, call: scores, phase: playing
2026-06-13 18:41:37, tokens_remaining: 2045, call: scores, phase: playing
2026-06-13 18:41:39, tokens_remaining: 2044, call: scores, phase: playing
2026-06-13 18:41:40, tokens_remaining: 2043, call: scores, phase: playing
2026-06-13 18:41:42, tokens_remaining: 2042, call: scores, phase: playing
2026-06-13 18:41:44, tokens_remaining: 2041, call: scores, phase: playing
2026-06-13 18:41:46, tokens_remaining: 2040, call: events, phase: playing
2026-06-13 18:41:47, tokens_remaining: 2039, call: scores, phase: playing
2026-06-13 18:41:49, tokens_remaining: 2038, call: scores, phase: playing
2026-06-13 18:41:51, tokens_remaining: 2037, call: scores, phase: playing
2026-06-13 18:41:52, tokens_remaining: 2036, call: scores, phase: playing
2026-06-13 18:41:54, tokens_remaining: 2035, call: scores, phase: playing
2026-06-13 18:41:56, tokens_remaining: 2034, call: scores, phase: playing
2026-06-13 18:41:57, tokens_remaining: 2033, call: scores, phase: playing
2026-06-13 18:41:59, tokens_remaining: 2032, call: scores, phase: playing
2026-06-13 18:42:01, tokens_remaining: 2031, call: scores, phase: playing
2026-06-13 18:42:03, tokens_remaining: 2030, call: events, phase: playing
2026-06-13 18:42:03, EVENT: YELLOW_CARD 37' Casemiro [Brazil vs Morocco]
2026-06-13 18:42:04, tokens_remaining: 2029, call: scores, phase: playing
2026-06-13 18:42:06, tokens_remaining: 2028, call: scores, phase: playing
2026-06-13 18:42:08, tokens_remaining: 2027, call: scores, phase: playing
2026-06-13 18:42:09, tokens_remaining: 2026, call: scores, phase: playing
2026-06-13 18:42:11, tokens_remaining: 2025, call: scores, phase: playing
2026-06-13 18:42:13, tokens_remaining: 2024, call: scores, phase: playing
2026-06-13 18:42:14, tokens_remaining: 2023, call: scores, phase: playing
2026-06-13 18:42:16, tokens_remaining: 2022, call: scores, phase: playing
2026-06-13 18:42:18, tokens_remaining: 2021, call: scores, phase: playing
2026-06-13 18:42:20, tokens_remaining: 2020, call: events, phase: playing
2026-06-13 18:42:21, tokens_remaining: 2019, call: scores, phase: playing
2026-06-13 18:42:23, tokens_remaining: 2018, call: scores, phase: playing
2026-06-13 18:42:25, tokens_remaining: 2017, call: scores, phase: playing
2026-06-13 18:42:26, tokens_remaining: 2016, call: scores, phase: playing
2026-06-13 18:42:28, tokens_remaining: 2015, call: scores, phase: playing
2026-06-13 18:42:30, tokens_remaining: 2014, call: scores, phase: playing
2026-06-13 18:42:31, tokens_remaining: 2013, call: scores, phase: playing
2026-06-13 18:42:33, tokens_remaining: 2012, call: scores, phase: playing
2026-06-13 18:42:35, tokens_remaining: 2011, call: scores, phase: playing
2026-06-13 18:42:37, tokens_remaining: 2010, call: events, phase: playing
2026-06-13 18:42:38, tokens_remaining: 2009, call: scores, phase: playing
2026-06-13 18:42:40, tokens_remaining: 2008, call: scores, phase: playing
2026-06-13 18:42:42, tokens_remaining: 2007, call: scores, phase: playing
2026-06-13 18:42:43, tokens_remaining: 2006, call: scores, phase: playing
2026-06-13 18:42:45, tokens_remaining: 2005, call: scores, phase: playing
2026-06-13 18:42:47, tokens_remaining: 2004, call: scores, phase: playing
2026-06-13 18:42:48, tokens_remaining: 2003, call: scores, phase: playing
2026-06-13 18:42:50, tokens_remaining: 2002, call: scores, phase: playing
2026-06-13 18:42:52, tokens_remaining: 2001, call: scores, phase: playing
2026-06-13 18:42:54, tokens_remaining: 2000, call: events, phase: playing
2026-06-13 18:42:55, tokens_remaining: 1999, call: scores, phase: playing
2026-06-13 18:42:57, tokens_remaining: 1998, call: scores, phase: playing
2026-06-13 18:42:59, tokens_remaining: 1997, call: scores, phase: playing
2026-06-13 18:43:00, tokens_remaining: 1996, call: scores, phase: playing
2026-06-13 18:43:02, tokens_remaining: 1995, call: scores, phase: playing
2026-06-13 18:43:04, tokens_remaining: 1994, call: scores, phase: playing
2026-06-13 18:43:05, tokens_remaining: 1993, call: scores, phase: playing
2026-06-13 18:43:07, tokens_remaining: 1992, call: scores, phase: playing
2026-06-13 18:43:09, tokens_remaining: 1991, call: scores, phase: playing
2026-06-13 18:43:11, tokens_remaining: 1990, call: events, phase: playing
2026-06-13 18:43:12, tokens_remaining: 1989, call: scores, phase: playing
2026-06-13 18:43:14, tokens_remaining: 1988, call: scores, phase: playing
2026-06-13 18:43:16, tokens_remaining: 1987, call: scores, phase: playing
2026-06-13 18:43:17, tokens_remaining: 1986, call: scores, phase: playing
2026-06-13 18:43:19, tokens_remaining: 1985, call: scores, phase: playing
2026-06-13 18:43:21, tokens_remaining: 1984, call: scores, phase: playing
2026-06-13 18:43:22, tokens_remaining: 1983, call: scores, phase: playing
2026-06-13 18:43:24, tokens_remaining: 1982, call: scores, phase: playing
2026-06-13 18:43:26, tokens_remaining: 1981, call: scores, phase: playing
2026-06-13 18:43:28, tokens_remaining: 1980, call: events, phase: playing
2026-06-13 18:43:29, tokens_remaining: 1979, call: scores, phase: playing
2026-06-13 18:43:31, tokens_remaining: 1978, call: scores, phase: playing
2026-06-13 18:43:33, tokens_remaining: 1977, call: scores, phase: playing
2026-06-13 18:43:34, tokens_remaining: 1976, call: scores, phase: playing
2026-06-13 18:43:36, tokens_remaining: 1975, call: scores, phase: playing
2026-06-13 18:43:38, tokens_remaining: 1974, call: scores, phase: playing
2026-06-13 18:43:39, tokens_remaining: 1973, call: scores, phase: playing
2026-06-13 18:43:41, tokens_remaining: 1972, call: scores, phase: playing
2026-06-13 18:43:43, tokens_remaining: 1971, call: scores, phase: playing
2026-06-13 18:43:45, tokens_remaining: 1970, call: events, phase: playing
2026-06-13 18:43:46, tokens_remaining: 1969, call: scores, phase: playing
2026-06-13 18:43:48, tokens_remaining: 1968, call: scores, phase: playing
2026-06-13 18:43:50, tokens_remaining: 1967, call: scores, phase: playing
2026-06-13 18:43:51, tokens_remaining: 1966, call: scores, phase: playing
2026-06-13 18:43:53, tokens_remaining: 1965, call: scores, phase: playing
2026-06-13 18:43:55, tokens_remaining: 1964, call: scores, phase: playing
2026-06-13 18:43:56, tokens_remaining: 1963, call: scores, phase: playing
2026-06-13 18:43:58, tokens_remaining: 1962, call: scores, phase: playing
2026-06-13 18:44:00, tokens_remaining: 1961, call: scores, phase: playing
2026-06-13 18:44:01, tokens_remaining: 1960, call: events, phase: playing
2026-06-13 18:44:03, tokens_remaining: 1959, call: scores, phase: playing
2026-06-13 18:44:05, tokens_remaining: 1958, call: scores, phase: playing
2026-06-13 18:44:07, tokens_remaining: 1957, call: scores, phase: playing
2026-06-13 18:44:08, tokens_remaining: 1956, call: scores, phase: playing
2026-06-13 18:44:10, tokens_remaining: 1955, call: scores, phase: playing
2026-06-13 18:44:12, tokens_remaining: 1954, call: scores, phase: playing
2026-06-13 18:44:13, tokens_remaining: 1953, call: scores, phase: playing
2026-06-13 18:44:15, tokens_remaining: 1952, call: scores, phase: playing
2026-06-13 18:44:17, tokens_remaining: 1951, call: scores, phase: playing
2026-06-13 18:44:18, tokens_remaining: 1950, call: events, phase: playing
2026-06-13 18:44:20, tokens_remaining: 1949, call: scores, phase: playing
2026-06-13 18:44:22, tokens_remaining: 1948, call: scores, phase: playing
2026-06-13 18:44:24, tokens_remaining: 1947, call: scores, phase: playing
