2026-06-13 15:00:01, tokens_remaining: 2439, call: scores, phase: pregame
2026-06-13 15:00:22, tokens_remaining: 2438, call: events, phase: pregame
2026-06-13 15:00:42, tokens_remaining: 2437, call: scores, phase: pregame
2026-06-13 15:01:03, tokens_remaining: 2436, call: scores, phase: pregame
2026-06-13 15:01:23, tokens_remaining: 2435, call: scores, phase: pregame
2026-06-13 15:01:44, tokens_remaining: 2434, call: scores, phase: pregame
2026-06-13 15:02:04, tokens_remaining: 2433, call: scores, phase: pregame
2026-06-13 15:02:24, tokens_remaining: 2432, call: scores, phase: pregame
2026-06-13 15:02:45, tokens_remaining: 2431, call: scores, phase: pregame
2026-06-13 15:03:05, tokens_remaining: 2430, call: scores, phase: pregame
2026-06-13 15:03:25, tokens_remaining: 2429, call: scores, phase: pregame
2026-06-13 15:03:46, tokens_remaining: 2428, call: events, phase: pregame
2026-06-13 15:04:06, tokens_remaining: 2427, call: scores, phase: pregame
2026-06-13 15:04:27, tokens_remaining: 2426, call: scores, phase: pregame
2026-06-13 15:04:47, tokens_remaining: 2425, call: scores, phase: pregame
2026-06-13 15:05:07, tokens_remaining: 2424, call: scores, phase: pregame
2026-06-13 15:05:07, STATE_CHANGE: Qatar vs Switzerland [NS -> 1H]
2026-06-13 15:05:09, tokens_remaining: 2423, call: scores, phase: playing
2026-06-13 15:05:09, tokens_remaining: 2423, call: scores, phase: playing
2026-06-13 15:05:10, tokens_remaining: 2422, call: scores, phase: playing
2026-06-13 15:05:11, tokens_remaining: 2422, call: scores, phase: playing
2026-06-13 15:05:12, tokens_remaining: 2421, call: scores, phase: playing
2026-06-13 15:05:13, tokens_remaining: 2420, call: events, phase: playing
2026-06-13 15:05:14, tokens_remaining: 2419, call: scores, phase: playing
2026-06-13 15:05:14, tokens_remaining: 2419, call: scores, phase: playing
2026-06-13 15:05:15, tokens_remaining: 2418, call: scores, phase: playing
2026-06-13 15:05:16, tokens_remaining: 2418, call: scores, phase: playing
2026-06-13 15:05:17, tokens_remaining: 2417, call: scores, phase: playing
2026-06-13 15:05:17, tokens_remaining: 2417, call: scores, phase: playing
2026-06-13 15:05:18, tokens_remaining: 2416, call: scores, phase: playing
2026-06-13 15:05:19, tokens_remaining: 2416, call: scores, phase: playing
2026-06-13 15:05:20, tokens_remaining: 2415, call: scores, phase: playing
2026-06-13 15:05:21, tokens_remaining: 2414, call: events, phase: playing
2026-06-13 15:05:22, tokens_remaining: 2413, call: scores, phase: playing
2026-06-13 15:05:22, tokens_remaining: 2413, call: scores, phase: playing
2026-06-13 15:05:23, tokens_remaining: 2412, call: scores, phase: playing
2026-06-13 15:05:24, tokens_remaining: 2412, call: scores, phase: playing
2026-06-13 15:05:25, tokens_remaining: 2411, call: scores, phase: playing
2026-06-13 15:05:25, tokens_remaining: 2411, call: scores, phase: playing
2026-06-13 15:05:26, tokens_remaining: 2410, call: scores, phase: playing
2026-06-13 15:05:27, tokens_remaining: 2410, call: scores, phase: playing
2026-06-13 15:05:28, tokens_remaining: 2409, call: scores, phase: playing
2026-06-13 15:05:29, tokens_remaining: 2408, call: events, phase: playing
2026-06-13 15:05:30, tokens_remaining: 2407, call: scores, phase: playing
2026-06-13 15:05:30, tokens_remaining: 2407, call: scores, phase: playing
2026-06-13 15:05:31, tokens_remaining: 2406, call: scores, phase: playing
2026-06-13 15:05:32, tokens_remaining: 2406, call: scores, phase: playing
2026-06-13 15:05:33, tokens_remaining: 2405, call: scores, phase: playing
2026-06-13 15:05:33, tokens_remaining: 2405, call: scores, phase: playing
2026-06-13 15:05:34, tokens_remaining: 2404, call: scores, phase: playing
2026-06-13 15:05:35, tokens_remaining: 2404, call: scores, phase: playing
2026-06-13 15:05:36, tokens_remaining: 2403, call: scores, phase: playing
2026-06-13 15:05:37, tokens_remaining: 2402, call: events, phase: playing
2026-06-13 15:05:37, tokens_remaining: 2401, call: scores, phase: playing
2026-06-13 15:05:38, tokens_remaining: 2401, call: scores, phase: playing
2026-06-13 15:05:39, tokens_remaining: 2400, call: scores, phase: playing
2026-06-13 15:05:40, tokens_remaining: 2400, call: scores, phase: playing
2026-06-13 15:05:40, tokens_remaining: 2399, call: scores, phase: playing
2026-06-13 15:05:41, tokens_remaining: 2399, call: scores, phase: playing
2026-06-13 15:05:42, tokens_remaining: 2398, call: scores, phase: playing
2026-06-13 15:05:42, tokens_remaining: 2398, call: scores, phase: playing
2026-06-13 15:05:43, tokens_remaining: 2397, call: scores, phase: playing
2026-06-13 15:05:44, tokens_remaining: 2396, call: events, phase: playing
2026-06-13 15:05:45, tokens_remaining: 2395, call: scores, phase: playing
2026-06-13 15:05:46, tokens_remaining: 2395, call: scores, phase: playing
2026-06-13 15:05:47, tokens_remaining: 2394, call: scores, phase: playing
2026-06-13 15:05:47, tokens_remaining: 2394, call: scores, phase: playing
2026-06-13 15:05:48, tokens_remaining: 2393, call: scores, phase: playing
2026-06-13 15:05:49, tokens_remaining: 2393, call: scores, phase: playing
2026-06-13 15:05:50, tokens_remaining: 2392, call: scores, phase: playing
2026-06-13 15:05:50, tokens_remaining: 2392, call: scores, phase: playing
2026-06-13 15:05:51, tokens_remaining: 2391, call: scores, phase: playing
2026-06-13 15:05:52, tokens_remaining: 2390, call: events, phase: playing
2026-06-13 15:05:53, tokens_remaining: 2389, call: scores, phase: playing
2026-06-13 15:05:54, tokens_remaining: 2389, call: scores, phase: playing
2026-06-13 15:05:54, tokens_remaining: 2388, call: scores, phase: playing
2026-06-13 15:05:55, tokens_remaining: 2388, call: scores, phase: playing
2026-06-13 15:05:56, tokens_remaining: 2387, call: scores, phase: playing
2026-06-13 15:05:57, tokens_remaining: 2387, call: scores, phase: playing
2026-06-13 15:05:57, tokens_remaining: 2386, call: scores, phase: playing
2026-06-13 15:05:58, tokens_remaining: 2386, call: scores, phase: playing
2026-06-13 15:05:59, tokens_remaining: 2385, call: scores, phase: playing
2026-06-13 15:06:00, tokens_remaining: 2384, call: events, phase: playing
2026-06-13 15:06:01, tokens_remaining: 2383, call: scores, phase: playing
2026-06-13 15:06:01, tokens_remaining: 2383, call: scores, phase: playing
2026-06-13 15:06:02, tokens_remaining: 2382, call: scores, phase: playing
2026-06-13 15:06:03, tokens_remaining: 2382, call: scores, phase: playing
2026-06-13 15:06:04, tokens_remaining: 2381, call: scores, phase: playing
2026-06-13 15:06:04, tokens_remaining: 2381, call: scores, phase: playing
2026-06-13 15:06:05, tokens_remaining: 2380, call: scores, phase: playing
2026-06-13 15:06:06, tokens_remaining: 2380, call: scores, phase: playing
2026-06-13 15:06:07, tokens_remaining: 2379, call: scores, phase: playing
2026-06-13 15:06:08, tokens_remaining: 2378, call: events, phase: playing
2026-06-13 15:06:08, tokens_remaining: 2377, call: scores, phase: playing
2026-06-13 15:06:09, tokens_remaining: 2377, call: scores, phase: playing
2026-06-13 15:06:10, tokens_remaining: 2376, call: scores, phase: playing
2026-06-13 15:06:10, tokens_remaining: 2376, call: scores, phase: playing
2026-06-13 15:06:11, tokens_remaining: 2375, call: scores, phase: playing
2026-06-13 15:06:12, tokens_remaining: 2375, call: scores, phase: playing
2026-06-13 15:06:13, tokens_remaining: 2374, call: scores, phase: playing
2026-06-13 15:06:13, tokens_remaining: 2374, call: scores, phase: playing
2026-06-13 15:06:14, tokens_remaining: 2373, call: scores, phase: playing
2026-06-13 15:06:15, tokens_remaining: 2372, call: events, phase: playing
2026-06-13 15:06:16, tokens_remaining: 2371, call: scores, phase: playing
2026-06-13 15:06:17, tokens_remaining: 2371, call: scores, phase: playing
2026-06-13 15:06:18, tokens_remaining: 2370, call: scores, phase: playing
2026-06-13 15:06:18, tokens_remaining: 2370, call: scores, phase: playing
2026-06-13 15:06:19, tokens_remaining: 2369, call: scores, phase: playing
2026-06-13 15:06:20, tokens_remaining: 2369, call: scores, phase: playing
2026-06-13 15:06:21, tokens_remaining: 2368, call: scores, phase: playing
2026-06-13 15:06:21, tokens_remaining: 2368, call: scores, phase: playing
2026-06-13 15:06:22, tokens_remaining: 2367, call: scores, phase: playing
2026-06-13 15:06:23, tokens_remaining: 2366, call: events, phase: playing
2026-06-13 15:06:24, tokens_remaining: 2365, call: scores, phase: playing
2026-06-13 15:06:25, tokens_remaining: 2365, call: scores, phase: playing
2026-06-13 15:06:26, tokens_remaining: 2364, call: scores, phase: playing
2026-06-13 15:06:26, tokens_remaining: 2364, call: scores, phase: playing
2026-06-13 15:06:27, tokens_remaining: 2363, call: scores, phase: playing
2026-06-13 15:06:28, tokens_remaining: 2363, call: scores, phase: playing
2026-06-13 15:06:29, tokens_remaining: 2362, call: scores, phase: playing
2026-06-13 15:06:29, tokens_remaining: 2362, call: scores, phase: playing
2026-06-13 15:06:30, tokens_remaining: 2361, call: scores, phase: playing
2026-06-13 15:06:31, tokens_remaining: 2360, call: events, phase: playing
2026-06-13 15:06:32, tokens_remaining: 2359, call: scores, phase: playing
2026-06-13 15:06:33, tokens_remaining: 2359, call: scores, phase: playing
2026-06-13 15:06:34, tokens_remaining: 2358, call: scores, phase: playing
2026-06-13 15:06:34, tokens_remaining: 2358, call: scores, phase: playing
2026-06-13 15:06:35, tokens_remaining: 2357, call: scores, phase: playing
2026-06-13 15:06:36, tokens_remaining: 2357, call: scores, phase: playing
2026-06-13 15:06:37, tokens_remaining: 2356, call: scores, phase: playing
2026-06-13 15:06:37, tokens_remaining: 2356, call: scores, phase: playing
2026-06-13 15:06:38, tokens_remaining: 2355, call: scores, phase: playing
2026-06-13 15:06:39, tokens_remaining: 2354, call: events, phase: playing
2026-06-13 15:06:40, tokens_remaining: 2353, call: scores, phase: playing
2026-06-13 15:06:40, tokens_remaining: 2353, call: scores, phase: playing
2026-06-13 15:06:41, tokens_remaining: 2352, call: scores, phase: playing
2026-06-13 15:06:42, tokens_remaining: 2352, call: scores, phase: playing
2026-06-13 15:06:43, tokens_remaining: 2351, call: scores, phase: playing
2026-06-13 15:06:43, tokens_remaining: 2351, call: scores, phase: playing
2026-06-13 15:06:44, tokens_remaining: 2350, call: scores, phase: playing
2026-06-13 15:06:45, tokens_remaining: 2350, call: scores, phase: playing
2026-06-13 15:06:46, tokens_remaining: 2349, call: scores, phase: playing
2026-06-13 15:06:47, tokens_remaining: 2348, call: events, phase: playing
2026-06-13 15:06:47, tokens_remaining: 2347, call: scores, phase: playing
2026-06-13 15:06:48, tokens_remaining: 2347, call: scores, phase: playing
2026-06-13 15:06:49, tokens_remaining: 2346, call: scores, phase: playing
2026-06-13 15:06:50, tokens_remaining: 2346, call: scores, phase: playing
2026-06-13 15:06:50, tokens_remaining: 2345, call: scores, phase: playing
2026-06-13 15:06:51, tokens_remaining: 2345, call: scores, phase: playing
2026-06-13 15:06:52, tokens_remaining: 2344, call: scores, phase: playing
2026-06-13 15:06:52, tokens_remaining: 2344, call: scores, phase: playing
2026-06-13 15:06:53, tokens_remaining: 2343, call: scores, phase: playing
2026-06-13 15:06:54, tokens_remaining: 2342, call: events, phase: playing
2026-06-13 15:06:55, tokens_remaining: 2341, call: scores, phase: playing
2026-06-13 15:06:56, tokens_remaining: 2341, call: scores, phase: playing
2026-06-13 15:06:57, tokens_remaining: 2340, call: scores, phase: playing
2026-06-13 15:06:57, tokens_remaining: 2340, call: scores, phase: playing
2026-06-13 15:06:58, tokens_remaining: 2339, call: scores, phase: playing
2026-06-13 15:06:59, tokens_remaining: 2339, call: scores, phase: playing
2026-06-13 15:06:59, tokens_remaining: 2338, call: scores, phase: playing
2026-06-13 15:07:00, tokens_remaining: 2338, call: scores, phase: playing
2026-06-13 15:07:01, tokens_remaining: 2337, call: scores, phase: playing
2026-06-13 15:07:02, tokens_remaining: 2336, call: events, phase: playing
2026-06-13 15:07:03, tokens_remaining: 2335, call: scores, phase: playing
2026-06-13 15:07:03, tokens_remaining: 2335, call: scores, phase: playing
2026-06-13 15:07:04, tokens_remaining: 2334, call: scores, phase: playing
2026-06-13 15:07:05, tokens_remaining: 2334, call: scores, phase: playing
2026-06-13 15:07:06, tokens_remaining: 2333, call: scores, phase: playing
2026-06-13 15:07:06, tokens_remaining: 2333, call: scores, phase: playing
2026-06-13 15:07:07, tokens_remaining: 2332, call: scores, phase: playing
2026-06-13 15:07:08, tokens_remaining: 2332, call: scores, phase: playing
2026-06-13 15:07:08, tokens_remaining: 2331, call: scores, phase: playing
2026-06-13 15:07:09, tokens_remaining: 2330, call: events, phase: playing
2026-06-13 15:07:10, tokens_remaining: 2329, call: scores, phase: playing
2026-06-13 15:07:11, tokens_remaining: 2329, call: scores, phase: playing
2026-06-13 15:07:12, tokens_remaining: 2328, call: scores, phase: playing
2026-06-13 15:07:12, tokens_remaining: 2328, call: scores, phase: playing
2026-06-13 15:07:13, tokens_remaining: 2327, call: scores, phase: playing
2026-06-13 15:07:14, tokens_remaining: 2327, call: scores, phase: playing
2026-06-13 15:07:15, tokens_remaining: 2326, call: scores, phase: playing
2026-06-13 15:07:15, tokens_remaining: 2326, call: scores, phase: playing
2026-06-13 15:07:16, tokens_remaining: 2325, call: scores, phase: playing
2026-06-13 15:07:17, tokens_remaining: 2324, call: events, phase: playing
2026-06-13 15:07:18, tokens_remaining: 2323, call: scores, phase: playing
2026-06-13 15:07:18, tokens_remaining: 2323, call: scores, phase: playing
2026-06-13 15:07:19, tokens_remaining: 2322, call: scores, phase: playing
2026-06-13 15:07:20, tokens_remaining: 2322, call: scores, phase: playing
2026-06-13 15:07:21, tokens_remaining: 2321, call: scores, phase: playing
2026-06-13 15:07:21, tokens_remaining: 2321, call: scores, phase: playing
2026-06-13 15:07:22, tokens_remaining: 2320, call: scores, phase: playing
2026-06-13 15:07:23, tokens_remaining: 2320, call: scores, phase: playing
2026-06-13 15:07:24, tokens_remaining: 2319, call: scores, phase: playing
2026-06-13 15:07:25, tokens_remaining: 2318, call: events, phase: playing
2026-06-13 15:07:25, tokens_remaining: 2317, call: scores, phase: playing
2026-06-13 15:07:26, tokens_remaining: 2317, call: scores, phase: playing
2026-06-13 15:07:27, tokens_remaining: 2316, call: scores, phase: playing
2026-06-13 15:07:27, tokens_remaining: 2316, call: scores, phase: playing
2026-06-13 15:07:28, tokens_remaining: 2315, call: scores, phase: playing
2026-06-13 15:07:29, tokens_remaining: 2315, call: scores, phase: playing
2026-06-13 15:07:30, tokens_remaining: 2314, call: scores, phase: playing
2026-06-13 15:07:30, tokens_remaining: 2314, call: scores, phase: playing
2026-06-13 15:07:31, tokens_remaining: 2313, call: scores, phase: playing
2026-06-13 15:07:32, tokens_remaining: 2312, call: events, phase: playing
2026-06-13 15:07:33, tokens_remaining: 2311, call: scores, phase: playing
2026-06-13 15:07:34, tokens_remaining: 2311, call: scores, phase: playing
2026-06-13 15:07:35, tokens_remaining: 2310, call: scores, phase: playing
2026-06-13 15:07:35, tokens_remaining: 2310, call: scores, phase: playing
2026-06-13 15:07:36, tokens_remaining: 2309, call: scores, phase: playing
2026-06-13 15:07:37, tokens_remaining: 2309, call: scores, phase: playing
2026-06-13 15:07:38, tokens_remaining: 2308, call: scores, phase: playing
2026-06-13 15:07:38, tokens_remaining: 2308, call: scores, phase: playing
2026-06-13 15:07:39, tokens_remaining: 2307, call: scores, phase: playing
2026-06-13 15:07:40, tokens_remaining: 2306, call: events, phase: playing
2026-06-13 15:07:41, tokens_remaining: 2305, call: scores, phase: playing
2026-06-13 15:07:41, tokens_remaining: 2305, call: scores, phase: playing
2026-06-13 15:07:42, tokens_remaining: 2304, call: scores, phase: playing
2026-06-13 15:07:43, tokens_remaining: 2304, call: scores, phase: playing
2026-06-13 15:07:44, tokens_remaining: 2303, call: scores, phase: playing
2026-06-13 15:07:44, tokens_remaining: 2303, call: scores, phase: playing
2026-06-13 15:07:45, tokens_remaining: 2302, call: scores, phase: playing
2026-06-13 15:07:46, tokens_remaining: 2302, call: scores, phase: playing
2026-06-13 15:07:47, tokens_remaining: 2301, call: scores, phase: playing
2026-06-13 15:07:48, tokens_remaining: 2300, call: events, phase: playing
2026-06-13 15:07:48, tokens_remaining: 2299, call: scores, phase: playing
2026-06-13 15:07:49, tokens_remaining: 2299, call: scores, phase: playing
2026-06-13 15:07:50, tokens_remaining: 2298, call: scores, phase: playing
2026-06-13 15:07:50, tokens_remaining: 2298, call: scores, phase: playing
2026-06-13 15:07:51, tokens_remaining: 2297, call: scores, phase: playing
2026-06-13 15:07:52, tokens_remaining: 2297, call: scores, phase: playing
2026-06-13 15:07:53, tokens_remaining: 2296, call: scores, phase: playing
2026-06-13 15:07:53, tokens_remaining: 2296, call: scores, phase: playing
2026-06-13 15:07:54, tokens_remaining: 2295, call: scores, phase: playing
2026-06-13 15:07:55, tokens_remaining: 2294, call: events, phase: playing
2026-06-13 15:07:56, tokens_remaining: 2293, call: scores, phase: playing
2026-06-13 15:07:56, tokens_remaining: 2293, call: scores, phase: playing
2026-06-13 15:07:57, tokens_remaining: 2292, call: scores, phase: playing
2026-06-13 15:07:58, tokens_remaining: 2292, call: scores, phase: playing
2026-06-13 15:07:59, tokens_remaining: 2291, call: scores, phase: playing
2026-06-13 15:07:59, tokens_remaining: 2291, call: scores, phase: playing
2026-06-13 15:08:00, tokens_remaining: 2290, call: scores, phase: playing
2026-06-13 15:08:01, tokens_remaining: 2290, call: scores, phase: playing
2026-06-13 15:08:01, tokens_remaining: 2289, call: scores, phase: playing
2026-06-13 15:08:02, tokens_remaining: 2288, call: events, phase: playing
2026-06-13 15:08:03, tokens_remaining: 2287, call: scores, phase: playing
2026-06-13 15:08:04, tokens_remaining: 2287, call: scores, phase: playing
2026-06-13 15:08:05, tokens_remaining: 2286, call: scores, phase: playing
2026-06-13 15:08:05, tokens_remaining: 2286, call: scores, phase: playing
2026-06-13 15:08:06, tokens_remaining: 2285, call: scores, phase: playing
2026-06-13 15:08:07, tokens_remaining: 2285, call: scores, phase: playing
2026-06-13 15:08:07, tokens_remaining: 2284, call: scores, phase: playing
2026-06-13 15:08:08, tokens_remaining: 2284, call: scores, phase: playing
2026-06-13 15:08:09, tokens_remaining: 2283, call: scores, phase: playing
2026-06-13 15:08:10, tokens_remaining: 2282, call: events, phase: playing
2026-06-13 15:08:11, tokens_remaining: 2281, call: scores, phase: playing
2026-06-13 15:08:11, tokens_remaining: 2281, call: scores, phase: playing
2026-06-13 15:08:12, tokens_remaining: 2280, call: scores, phase: playing
2026-06-13 15:08:13, tokens_remaining: 2280, call: scores, phase: playing
2026-06-13 15:08:13, tokens_remaining: 2279, call: scores, phase: playing
2026-06-13 15:08:14, tokens_remaining: 2279, call: scores, phase: playing
2026-06-13 15:08:15, tokens_remaining: 2278, call: scores, phase: playing
2026-06-13 15:08:15, tokens_remaining: 2278, call: scores, phase: playing
2026-06-13 15:08:16, tokens_remaining: 2277, call: scores, phase: playing
2026-06-13 15:08:17, tokens_remaining: 2276, call: events, phase: playing
2026-06-13 15:08:18, tokens_remaining: 2275, call: scores, phase: playing
2026-06-13 15:08:19, tokens_remaining: 2275, call: scores, phase: playing
2026-06-13 15:08:19, tokens_remaining: 2274, call: scores, phase: playing
2026-06-13 15:08:20, tokens_remaining: 2274, call: scores, phase: playing
2026-06-13 15:08:21, tokens_remaining: 2273, call: scores, phase: playing
2026-06-13 15:08:21, tokens_remaining: 2273, call: scores, phase: playing
2026-06-13 15:08:22, tokens_remaining: 2272, call: scores, phase: playing
2026-06-13 15:08:23, tokens_remaining: 2272, call: scores, phase: playing
2026-06-13 15:08:24, tokens_remaining: 2271, call: scores, phase: playing
2026-06-13 15:08:25, tokens_remaining: 2270, call: events, phase: playing
2026-06-13 15:08:25, tokens_remaining: 2269, call: scores, phase: playing
2026-06-13 15:08:26, tokens_remaining: 2269, call: scores, phase: playing
2026-06-13 15:08:27, tokens_remaining: 2268, call: scores, phase: playing
2026-06-13 15:08:27, tokens_remaining: 2268, call: scores, phase: playing
2026-06-13 15:08:28, tokens_remaining: 2267, call: scores, phase: playing
2026-06-13 15:08:29, tokens_remaining: 2267, call: scores, phase: playing
2026-06-13 15:08:30, tokens_remaining: 2266, call: scores, phase: playing
2026-06-13 15:08:30, tokens_remaining: 2266, call: scores, phase: playing
2026-06-13 15:08:31, tokens_remaining: 2265, call: scores, phase: playing
2026-06-13 15:08:32, tokens_remaining: 2264, call: events, phase: playing
2026-06-13 15:08:33, tokens_remaining: 2263, call: scores, phase: playing
2026-06-13 15:08:33, tokens_remaining: 2263, call: scores, phase: playing
2026-06-13 15:08:34, tokens_remaining: 2262, call: scores, phase: playing
2026-06-13 15:08:35, tokens_remaining: 2262, call: scores, phase: playing
2026-06-13 15:08:36, tokens_remaining: 2261, call: scores, phase: playing
2026-06-13 15:08:36, tokens_remaining: 2261, call: scores, phase: playing
2026-06-13 15:08:37, tokens_remaining: 2260, call: scores, phase: playing
2026-06-13 15:08:38, tokens_remaining: 2260, call: scores, phase: playing
2026-06-13 15:08:38, tokens_remaining: 2259, call: scores, phase: playing
2026-06-13 15:08:39, tokens_remaining: 2258, call: events, phase: playing
2026-06-13 15:08:40, tokens_remaining: 2257, call: scores, phase: playing
2026-06-13 15:08:41, tokens_remaining: 2257, call: scores, phase: playing
2026-06-13 15:08:42, tokens_remaining: 2256, call: scores, phase: playing
2026-06-13 15:08:42, tokens_remaining: 2256, call: scores, phase: playing
2026-06-13 15:08:43, tokens_remaining: 2255, call: scores, phase: playing
2026-06-13 15:08:44, tokens_remaining: 2255, call: scores, phase: playing
2026-06-13 15:08:44, tokens_remaining: 2254, call: scores, phase: playing
2026-06-13 15:08:45, tokens_remaining: 2254, call: scores, phase: playing
2026-06-13 15:08:46, tokens_remaining: 2253, call: scores, phase: playing
2026-06-13 15:08:47, tokens_remaining: 2252, call: events, phase: playing
2026-06-13 15:08:47, tokens_remaining: 2251, call: scores, phase: playing
2026-06-13 15:08:48, tokens_remaining: 2251, call: scores, phase: playing
2026-06-13 15:08:49, tokens_remaining: 2250, call: scores, phase: playing
2026-06-13 15:08:49, tokens_remaining: 2250, call: scores, phase: playing
2026-06-13 15:08:50, tokens_remaining: 2249, call: scores, phase: playing
2026-06-13 15:08:51, tokens_remaining: 2249, call: scores, phase: playing
2026-06-13 15:08:52, tokens_remaining: 2248, call: scores, phase: playing
2026-06-13 15:08:52, tokens_remaining: 2248, call: scores, phase: playing
2026-06-13 15:08:53, tokens_remaining: 2247, call: scores, phase: playing
2026-06-13 15:08:54, tokens_remaining: 2246, call: events, phase: playing
2026-06-13 15:08:55, tokens_remaining: 2245, call: scores, phase: playing
2026-06-13 15:08:55, tokens_remaining: 2245, call: scores, phase: playing
2026-06-13 15:08:56, tokens_remaining: 2244, call: scores, phase: playing
2026-06-13 15:08:57, tokens_remaining: 2244, call: scores, phase: playing
2026-06-13 15:08:58, tokens_remaining: 2243, call: scores, phase: playing
2026-06-13 15:08:58, tokens_remaining: 2243, call: scores, phase: playing
2026-06-13 15:08:59, tokens_remaining: 2242, call: scores, phase: playing
2026-06-13 15:09:00, tokens_remaining: 2242, call: scores, phase: playing
2026-06-13 15:09:00, tokens_remaining: 2241, call: scores, phase: playing
2026-06-13 15:09:01, tokens_remaining: 2240, call: events, phase: playing
2026-06-13 15:09:02, tokens_remaining: 2239, call: scores, phase: playing
2026-06-13 15:09:03, tokens_remaining: 2239, call: scores, phase: playing
2026-06-13 15:09:03, tokens_remaining: 2238, call: scores, phase: playing
2026-06-13 15:09:04, tokens_remaining: 2238, call: scores, phase: playing
2026-06-13 15:09:05, tokens_remaining: 2237, call: scores, phase: playing
2026-06-13 15:09:05, tokens_remaining: 2237, call: scores, phase: playing
2026-06-13 15:09:06, tokens_remaining: 2236, call: scores, phase: playing
2026-06-13 15:09:07, tokens_remaining: 2236, call: scores, phase: playing
2026-06-13 15:09:08, tokens_remaining: 2235, call: scores, phase: playing
2026-06-13 15:09:08, tokens_remaining: 2234, call: events, phase: playing
2026-06-13 15:09:09, tokens_remaining: 2233, call: scores, phase: playing
2026-06-13 15:09:10, tokens_remaining: 2233, call: scores, phase: playing
2026-06-13 15:09:11, tokens_remaining: 2232, call: scores, phase: playing
2026-06-13 15:09:11, tokens_remaining: 2232, call: scores, phase: playing
2026-06-13 15:09:12, tokens_remaining: 2231, call: scores, phase: playing
2026-06-13 15:09:13, tokens_remaining: 2231, call: scores, phase: playing
2026-06-13 15:09:13, tokens_remaining: 2230, call: scores, phase: playing
2026-06-13 15:09:14, tokens_remaining: 2230, call: scores, phase: playing
2026-06-13 15:09:15, tokens_remaining: 2229, call: scores, phase: playing
2026-06-13 15:09:16, tokens_remaining: 2228, call: events, phase: playing
2026-06-13 15:09:16, tokens_remaining: 2227, call: scores, phase: playing
2026-06-13 15:09:17, tokens_remaining: 2227, call: scores, phase: playing
2026-06-13 15:09:18, tokens_remaining: 2226, call: scores, phase: playing
2026-06-13 15:09:18, tokens_remaining: 2226, call: scores, phase: playing
2026-06-13 15:09:19, tokens_remaining: 2225, call: scores, phase: playing
2026-06-13 15:09:20, tokens_remaining: 2225, call: scores, phase: playing
2026-06-13 15:09:21, tokens_remaining: 2224, call: scores, phase: playing
2026-06-13 15:09:21, tokens_remaining: 2224, call: scores, phase: playing
2026-06-13 15:09:22, tokens_remaining: 2223, call: scores, phase: playing
2026-06-13 15:09:23, tokens_remaining: 2222, call: events, phase: playing
2026-06-13 15:09:24, tokens_remaining: 2221, call: scores, phase: playing
2026-06-13 15:09:24, tokens_remaining: 2221, call: scores, phase: playing
2026-06-13 15:09:25, tokens_remaining: 2220, call: scores, phase: playing
2026-06-13 15:09:26, tokens_remaining: 2220, call: scores, phase: playing
2026-06-13 15:09:26, tokens_remaining: 2219, call: scores, phase: playing
2026-06-13 15:09:27, tokens_remaining: 2219, call: scores, phase: playing
2026-06-13 15:09:28, tokens_remaining: 2218, call: scores, phase: playing
2026-06-13 15:09:28, tokens_remaining: 2218, call: scores, phase: playing
2026-06-13 15:09:29, tokens_remaining: 2217, call: scores, phase: playing
2026-06-13 15:09:30, tokens_remaining: 2216, call: events, phase: playing
2026-06-13 15:09:31, tokens_remaining: 2215, call: scores, phase: playing
2026-06-13 15:09:31, tokens_remaining: 2215, call: scores, phase: playing
2026-06-13 15:09:32, tokens_remaining: 2214, call: scores, phase: playing
2026-06-13 15:09:33, tokens_remaining: 2214, call: scores, phase: playing
2026-06-13 15:09:34, tokens_remaining: 2213, call: scores, phase: playing
2026-06-13 15:09:34, tokens_remaining: 2213, call: scores, phase: playing
2026-06-13 15:09:35, tokens_remaining: 2212, call: scores, phase: playing
2026-06-13 15:09:36, tokens_remaining: 2212, call: scores, phase: playing
2026-06-13 15:09:36, tokens_remaining: 2211, call: scores, phase: playing
2026-06-13 15:09:37, tokens_remaining: 2210, call: events, phase: playing
2026-06-13 15:09:38, tokens_remaining: 2209, call: scores, phase: playing
2026-06-13 15:09:39, tokens_remaining: 2209, call: scores, phase: playing
2026-06-13 15:09:39, tokens_remaining: 2208, call: scores, phase: playing
2026-06-13 15:09:40, tokens_remaining: 2208, call: scores, phase: playing
2026-06-13 15:09:41, tokens_remaining: 2207, call: scores, phase: playing
2026-06-13 15:09:41, tokens_remaining: 2207, call: scores, phase: playing
2026-06-13 15:09:42, tokens_remaining: 2206, call: scores, phase: playing
2026-06-13 15:09:43, tokens_remaining: 2206, call: scores, phase: playing
2026-06-13 15:09:44, tokens_remaining: 2205, call: scores, phase: playing
2026-06-13 15:09:44, tokens_remaining: 2204, call: events, phase: playing
2026-06-13 15:09:45, tokens_remaining: 2203, call: scores, phase: playing
2026-06-13 15:09:46, tokens_remaining: 2203, call: scores, phase: playing
2026-06-13 15:09:47, tokens_remaining: 2202, call: scores, phase: playing
2026-06-13 15:09:47, tokens_remaining: 2202, call: scores, phase: playing
2026-06-13 15:09:48, tokens_remaining: 2201, call: scores, phase: playing
2026-06-13 15:09:49, tokens_remaining: 2201, call: scores, phase: playing
2026-06-13 15:09:49, tokens_remaining: 2200, call: scores, phase: playing
2026-06-13 15:09:50, tokens_remaining: 2200, call: scores, phase: playing
2026-06-13 15:09:51, tokens_remaining: 2199, call: scores, phase: playing
2026-06-13 15:09:52, tokens_remaining: 2198, call: events, phase: playing
2026-06-13 15:09:52, tokens_remaining: 2197, call: scores, phase: playing
2026-06-13 15:09:53, tokens_remaining: 2197, call: scores, phase: playing
2026-06-13 15:09:54, tokens_remaining: 2196, call: scores, phase: playing
2026-06-13 15:09:54, tokens_remaining: 2196, call: scores, phase: playing
2026-06-13 15:09:55, tokens_remaining: 2195, call: scores, phase: playing
2026-06-13 15:09:56, tokens_remaining: 2195, call: scores, phase: playing
2026-06-13 15:09:57, tokens_remaining: 2194, call: scores, phase: playing
2026-06-13 15:09:57, tokens_remaining: 2194, call: scores, phase: playing
2026-06-13 15:09:58, tokens_remaining: 2193, call: scores, phase: playing
2026-06-13 15:09:59, tokens_remaining: 2192, call: events, phase: playing
2026-06-13 15:10:00, tokens_remaining: 2191, call: scores, phase: playing
2026-06-13 15:10:00, tokens_remaining: 2191, call: scores, phase: playing
2026-06-13 15:10:01, tokens_remaining: 2190, call: scores, phase: playing
2026-06-13 15:10:02, tokens_remaining: 2190, call: scores, phase: playing
2026-06-13 15:10:02, tokens_remaining: 2189, call: scores, phase: playing
2026-06-13 15:10:03, tokens_remaining: 2189, call: scores, phase: playing
2026-06-13 15:10:04, tokens_remaining: 2188, call: scores, phase: playing
2026-06-13 15:10:05, tokens_remaining: 2188, call: scores, phase: playing
2026-06-13 15:10:05, tokens_remaining: 2187, call: scores, phase: playing
2026-06-13 15:10:06, tokens_remaining: 2186, call: events, phase: playing
2026-06-13 15:10:07, tokens_remaining: 2185, call: scores, phase: playing
2026-06-13 15:10:08, tokens_remaining: 2185, call: scores, phase: playing
2026-06-13 15:10:09, tokens_remaining: 2184, call: scores, phase: playing
2026-06-13 15:10:09, tokens_remaining: 2184, call: scores, phase: playing
2026-06-13 15:10:10, tokens_remaining: 2183, call: scores, phase: playing
2026-06-13 15:10:11, tokens_remaining: 2183, call: scores, phase: playing
2026-06-13 15:10:11, tokens_remaining: 2182, call: scores, phase: playing
2026-06-13 15:10:12, tokens_remaining: 2182, call: scores, phase: playing
2026-06-13 15:10:13, tokens_remaining: 2181, call: scores, phase: playing
2026-06-13 15:10:14, tokens_remaining: 2180, call: events, phase: playing
2026-06-13 15:10:14, tokens_remaining: 2179, call: scores, phase: playing
2026-06-13 15:10:15, tokens_remaining: 2179, call: scores, phase: playing
2026-06-13 15:10:16, tokens_remaining: 2178, call: scores, phase: playing
2026-06-13 15:10:16, tokens_remaining: 2178, call: scores, phase: playing
2026-06-13 15:10:17, tokens_remaining: 2177, call: scores, phase: playing
2026-06-13 15:10:18, tokens_remaining: 2177, call: scores, phase: playing
2026-06-13 15:10:18, tokens_remaining: 2176, call: scores, phase: playing
2026-06-13 15:10:19, tokens_remaining: 2176, call: scores, phase: playing
2026-06-13 15:10:20, tokens_remaining: 2175, call: scores, phase: playing
2026-06-13 15:10:21, tokens_remaining: 2174, call: events, phase: playing
2026-06-13 15:10:21, tokens_remaining: 2173, call: scores, phase: playing
2026-06-13 15:10:22, tokens_remaining: 2173, call: scores, phase: playing
2026-06-13 15:10:23, tokens_remaining: 2172, call: scores, phase: playing
2026-06-13 15:10:23, tokens_remaining: 2172, call: scores, phase: playing
2026-06-13 15:10:24, tokens_remaining: 2171, call: scores, phase: playing
2026-06-13 15:10:25, tokens_remaining: 2171, call: scores, phase: playing
2026-06-13 15:10:25, tokens_remaining: 2170, call: scores, phase: playing
2026-06-13 15:10:26, tokens_remaining: 2170, call: scores, phase: playing
2026-06-13 15:10:27, tokens_remaining: 2169, call: scores, phase: playing
2026-06-13 15:10:28, tokens_remaining: 2168, call: events, phase: playing
2026-06-13 15:10:28, tokens_remaining: 2167, call: scores, phase: playing
2026-06-13 15:10:29, tokens_remaining: 2167, call: scores, phase: playing
2026-06-13 15:10:30, tokens_remaining: 2166, call: scores, phase: playing
2026-06-13 15:10:30, tokens_remaining: 2166, call: scores, phase: playing
2026-06-13 15:10:31, tokens_remaining: 2165, call: scores, phase: playing
2026-06-13 15:10:32, tokens_remaining: 2165, call: scores, phase: playing
2026-06-13 15:10:33, tokens_remaining: 2164, call: scores, phase: playing
2026-06-13 15:10:33, tokens_remaining: 2164, call: scores, phase: playing
2026-06-13 15:10:34, tokens_remaining: 2163, call: scores, phase: playing
2026-06-13 15:10:35, tokens_remaining: 2162, call: events, phase: playing
2026-06-13 15:10:36, tokens_remaining: 2161, call: scores, phase: playing
2026-06-13 15:10:36, tokens_remaining: 2161, call: scores, phase: playing
2026-06-13 15:10:37, tokens_remaining: 2160, call: scores, phase: playing
2026-06-13 15:10:38, tokens_remaining: 2160, call: scores, phase: playing
2026-06-13 15:10:38, tokens_remaining: 2159, call: scores, phase: playing
2026-06-13 15:10:39, tokens_remaining: 2159, call: scores, phase: playing
2026-06-13 15:10:40, tokens_remaining: 2158, call: scores, phase: playing
2026-06-13 15:10:40, tokens_remaining: 2158, call: scores, phase: playing
2026-06-13 15:10:41, tokens_remaining: 2157, call: scores, phase: playing
2026-06-13 15:10:42, tokens_remaining: 2156, call: events, phase: playing
2026-06-13 15:10:43, tokens_remaining: 2155, call: scores, phase: playing
2026-06-13 15:10:43, tokens_remaining: 2155, call: scores, phase: playing
2026-06-13 15:10:44, tokens_remaining: 2154, call: scores, phase: playing
2026-06-13 15:10:45, tokens_remaining: 2154, call: scores, phase: playing
2026-06-13 15:10:45, tokens_remaining: 2153, call: scores, phase: playing
2026-06-13 15:10:46, tokens_remaining: 2153, call: scores, phase: playing
2026-06-13 15:10:47, tokens_remaining: 2152, call: scores, phase: playing
2026-06-13 15:10:47, tokens_remaining: 2152, call: scores, phase: playing
2026-06-13 15:10:48, tokens_remaining: 2151, call: scores, phase: playing
2026-06-13 15:10:49, tokens_remaining: 2150, call: events, phase: playing
2026-06-13 15:10:50, tokens_remaining: 2149, call: scores, phase: playing
2026-06-13 15:10:50, tokens_remaining: 2149, call: scores, phase: playing
2026-06-13 15:10:51, tokens_remaining: 2148, call: scores, phase: playing
2026-06-13 15:10:52, tokens_remaining: 2148, call: scores, phase: playing
2026-06-13 15:10:52, tokens_remaining: 2147, call: scores, phase: playing
2026-06-13 15:10:53, tokens_remaining: 2147, call: scores, phase: playing
2026-06-13 15:10:54, tokens_remaining: 2146, call: scores, phase: playing
2026-06-13 15:10:54, tokens_remaining: 2146, call: scores, phase: playing
2026-06-13 15:10:55, tokens_remaining: 2145, call: scores, phase: playing
2026-06-13 15:10:56, tokens_remaining: 2144, call: events, phase: playing
2026-06-13 15:10:57, tokens_remaining: 2143, call: scores, phase: playing
2026-06-13 15:10:57, tokens_remaining: 2143, call: scores, phase: playing
2026-06-13 15:10:58, tokens_remaining: 2142, call: scores, phase: playing
2026-06-13 15:10:58, tokens_remaining: 2142, call: scores, phase: playing
2026-06-13 15:10:59, tokens_remaining: 2141, call: scores, phase: playing
2026-06-13 15:11:00, tokens_remaining: 2141, call: scores, phase: playing
2026-06-13 15:11:01, tokens_remaining: 2140, call: scores, phase: playing
2026-06-13 15:11:01, tokens_remaining: 2140, call: scores, phase: playing
2026-06-13 15:11:02, tokens_remaining: 2139, call: scores, phase: playing
2026-06-13 15:11:03, tokens_remaining: 2138, call: events, phase: playing
2026-06-13 15:11:04, tokens_remaining: 2137, call: scores, phase: playing
2026-06-13 15:11:04, tokens_remaining: 2137, call: scores, phase: playing
2026-06-13 15:11:05, tokens_remaining: 2136, call: scores, phase: playing
2026-06-13 15:11:05, tokens_remaining: 2136, call: scores, phase: playing
2026-06-13 15:11:06, tokens_remaining: 2135, call: scores, phase: playing
2026-06-13 15:11:07, tokens_remaining: 2135, call: scores, phase: playing
2026-06-13 15:11:08, tokens_remaining: 2134, call: scores, phase: playing
2026-06-13 15:11:08, tokens_remaining: 2134, call: scores, phase: playing
2026-06-13 15:11:09, tokens_remaining: 2133, call: scores, phase: playing
2026-06-13 15:11:10, tokens_remaining: 2132, call: events, phase: playing
2026-06-13 15:11:11, tokens_remaining: 2131, call: scores, phase: playing
2026-06-13 15:11:11, tokens_remaining: 2131, call: scores, phase: playing
2026-06-13 15:11:12, tokens_remaining: 2130, call: scores, phase: playing
2026-06-13 15:11:12, tokens_remaining: 2130, call: scores, phase: playing
2026-06-13 15:11:13, tokens_remaining: 2129, call: scores, phase: playing
2026-06-13 15:11:14, tokens_remaining: 2129, call: scores, phase: playing
2026-06-13 15:11:15, tokens_remaining: 2128, call: scores, phase: playing
2026-06-13 15:11:15, tokens_remaining: 2128, call: scores, phase: playing
2026-06-13 15:11:16, tokens_remaining: 2127, call: scores, phase: playing
2026-06-13 15:11:17, tokens_remaining: 2126, call: events, phase: playing
2026-06-13 15:11:18, tokens_remaining: 2125, call: scores, phase: playing
2026-06-13 15:11:18, tokens_remaining: 2125, call: scores, phase: playing
2026-06-13 15:11:19, tokens_remaining: 2124, call: scores, phase: playing
2026-06-13 15:11:19, tokens_remaining: 2124, call: scores, phase: playing
2026-06-13 15:11:20, tokens_remaining: 2123, call: scores, phase: playing
2026-06-13 15:11:21, tokens_remaining: 2123, call: scores, phase: playing
2026-06-13 15:11:22, tokens_remaining: 2122, call: scores, phase: playing
2026-06-13 15:11:22, tokens_remaining: 2122, call: scores, phase: playing
2026-06-13 15:11:23, tokens_remaining: 2121, call: scores, phase: playing
2026-06-13 15:11:24, tokens_remaining: 2120, call: events, phase: playing
2026-06-13 15:11:24, tokens_remaining: 2119, call: scores, phase: playing
2026-06-13 15:11:25, tokens_remaining: 2119, call: scores, phase: playing
2026-06-13 15:11:26, tokens_remaining: 2118, call: scores, phase: playing
2026-06-13 15:11:26, tokens_remaining: 2118, call: scores, phase: playing
2026-06-13 15:11:27, tokens_remaining: 2117, call: scores, phase: playing
2026-06-13 15:11:28, tokens_remaining: 2117, call: scores, phase: playing
2026-06-13 15:11:28, tokens_remaining: 2116, call: scores, phase: playing
2026-06-13 15:11:29, tokens_remaining: 2116, call: scores, phase: playing
2026-06-13 15:11:30, tokens_remaining: 2115, call: scores, phase: playing
2026-06-13 15:11:31, tokens_remaining: 2114, call: events, phase: playing
2026-06-13 15:11:31, tokens_remaining: 2113, call: scores, phase: playing
2026-06-13 15:11:32, tokens_remaining: 2113, call: scores, phase: playing
2026-06-13 15:11:33, tokens_remaining: 2112, call: scores, phase: playing
2026-06-13 15:11:33, tokens_remaining: 2112, call: scores, phase: playing
2026-06-13 15:11:34, tokens_remaining: 2111, call: scores, phase: playing
2026-06-13 15:11:34, tokens_remaining: 2111, call: scores, phase: playing
2026-06-13 15:11:35, tokens_remaining: 2110, call: scores, phase: playing
2026-06-13 15:11:36, tokens_remaining: 2110, call: scores, phase: playing
2026-06-13 15:11:37, tokens_remaining: 2109, call: scores, phase: playing
2026-06-13 15:11:37, tokens_remaining: 2108, call: events, phase: playing
2026-06-13 15:11:38, tokens_remaining: 2107, call: scores, phase: playing
2026-06-13 15:11:39, tokens_remaining: 2107, call: scores, phase: playing
2026-06-13 15:11:39, tokens_remaining: 2106, call: scores, phase: playing
2026-06-13 15:11:40, tokens_remaining: 2106, call: scores, phase: playing
2026-06-13 15:11:41, tokens_remaining: 2105, call: scores, phase: playing
2026-06-13 15:11:41, tokens_remaining: 2105, call: scores, phase: playing
2026-06-13 15:11:42, tokens_remaining: 2104, call: scores, phase: playing
2026-06-13 15:11:43, tokens_remaining: 2104, call: scores, phase: playing
2026-06-13 15:11:43, tokens_remaining: 2103, call: scores, phase: playing
2026-06-13 15:11:44, tokens_remaining: 2102, call: events, phase: playing
2026-06-13 15:11:45, tokens_remaining: 2101, call: scores, phase: playing
2026-06-13 15:11:46, tokens_remaining: 2101, call: scores, phase: playing
2026-06-13 15:11:46, tokens_remaining: 2100, call: scores, phase: playing
2026-06-13 15:11:47, tokens_remaining: 2100, call: scores, phase: playing
2026-06-13 15:11:48, tokens_remaining: 2099, call: scores, phase: playing
2026-06-13 15:11:48, tokens_remaining: 2099, call: scores, phase: playing
2026-06-13 15:11:49, tokens_remaining: 2098, call: scores, phase: playing
2026-06-13 15:11:49, tokens_remaining: 2098, call: scores, phase: playing
2026-06-13 15:11:50, tokens_remaining: 2097, call: scores, phase: playing
2026-06-13 15:11:51, tokens_remaining: 2096, call: events, phase: playing
2026-06-13 15:11:52, tokens_remaining: 2095, call: scores, phase: playing
2026-06-13 15:11:52, tokens_remaining: 2095, call: scores, phase: playing
2026-06-13 15:11:53, tokens_remaining: 2094, call: scores, phase: playing
2026-06-13 15:11:54, tokens_remaining: 2094, call: scores, phase: playing
2026-06-13 15:11:54, tokens_remaining: 2093, call: scores, phase: playing
2026-06-13 15:11:55, tokens_remaining: 2093, call: scores, phase: playing
2026-06-13 15:11:56, tokens_remaining: 2092, call: scores, phase: playing
2026-06-13 15:11:56, tokens_remaining: 2092, call: scores, phase: playing
2026-06-13 15:11:57, tokens_remaining: 2091, call: scores, phase: playing
2026-06-13 15:11:58, tokens_remaining: 2090, call: events, phase: playing
2026-06-13 15:11:59, tokens_remaining: 2089, call: scores, phase: playing
2026-06-13 15:11:59, tokens_remaining: 2089, call: scores, phase: playing
2026-06-13 15:12:00, tokens_remaining: 2088, call: scores, phase: playing
2026-06-13 15:12:00, tokens_remaining: 2088, call: scores, phase: playing
2026-06-13 15:12:01, tokens_remaining: 2087, call: scores, phase: playing
2026-06-13 15:12:02, tokens_remaining: 2087, call: scores, phase: playing
2026-06-13 15:12:03, tokens_remaining: 2086, call: scores, phase: playing
2026-06-13 15:12:03, tokens_remaining: 2086, call: scores, phase: playing
2026-06-13 15:12:04, tokens_remaining: 2085, call: scores, phase: playing
2026-06-13 15:12:05, tokens_remaining: 2084, call: events, phase: playing
2026-06-13 15:12:05, tokens_remaining: 2083, call: scores, phase: playing
2026-06-13 15:12:06, tokens_remaining: 2083, call: scores, phase: playing
2026-06-13 15:12:07, tokens_remaining: 2082, call: scores, phase: playing
2026-06-13 15:12:07, tokens_remaining: 2082, call: scores, phase: playing
2026-06-13 15:12:08, tokens_remaining: 2081, call: scores, phase: playing
2026-06-13 15:12:09, tokens_remaining: 2081, call: scores, phase: playing
2026-06-13 15:12:09, tokens_remaining: 2080, call: scores, phase: playing
2026-06-13 15:12:10, tokens_remaining: 2080, call: scores, phase: playing
2026-06-13 15:12:11, tokens_remaining: 2079, call: scores, phase: playing
2026-06-13 15:12:11, tokens_remaining: 2078, call: events, phase: playing
2026-06-13 15:12:12, tokens_remaining: 2077, call: scores, phase: playing
2026-06-13 15:12:13, tokens_remaining: 2077, call: scores, phase: playing
2026-06-13 15:12:14, tokens_remaining: 2076, call: scores, phase: playing
2026-06-13 15:12:14, tokens_remaining: 2076, call: scores, phase: playing
2026-06-13 15:12:15, tokens_remaining: 2075, call: scores, phase: playing
2026-06-13 15:12:15, tokens_remaining: 2075, call: scores, phase: playing
2026-06-13 15:12:16, tokens_remaining: 2074, call: scores, phase: playing
2026-06-13 15:12:17, tokens_remaining: 2074, call: scores, phase: playing
2026-06-13 15:12:17, tokens_remaining: 2073, call: scores, phase: playing
2026-06-13 15:12:18, tokens_remaining: 2072, call: events, phase: playing
2026-06-13 15:12:19, tokens_remaining: 2071, call: scores, phase: playing
2026-06-13 15:12:20, tokens_remaining: 2071, call: scores, phase: playing
2026-06-13 15:12:20, tokens_remaining: 2070, call: scores, phase: playing
2026-06-13 15:12:21, tokens_remaining: 2070, call: scores, phase: playing
2026-06-13 15:12:22, tokens_remaining: 2069, call: scores, phase: playing
2026-06-13 15:12:22, tokens_remaining: 2069, call: scores, phase: playing
2026-06-13 15:12:23, tokens_remaining: 2068, call: scores, phase: playing
2026-06-13 15:12:23, tokens_remaining: 2068, call: scores, phase: playing
2026-06-13 15:12:24, tokens_remaining: 2067, call: scores, phase: playing
2026-06-13 15:12:25, tokens_remaining: 2066, call: events, phase: playing
2026-06-13 15:12:26, tokens_remaining: 2065, call: scores, phase: playing
2026-06-13 15:12:26, tokens_remaining: 2065, call: scores, phase: playing
2026-06-13 15:12:27, tokens_remaining: 2064, call: scores, phase: playing
2026-06-13 15:12:28, tokens_remaining: 2064, call: scores, phase: playing
2026-06-13 15:12:28, tokens_remaining: 2063, call: scores, phase: playing
2026-06-13 15:12:29, tokens_remaining: 2063, call: scores, phase: playing
2026-06-13 15:12:30, tokens_remaining: 2062, call: scores, phase: playing
2026-06-13 15:12:30, tokens_remaining: 2062, call: scores, phase: playing
2026-06-13 15:12:31, tokens_remaining: 2061, call: scores, phase: playing
2026-06-13 15:12:32, tokens_remaining: 2060, call: events, phase: playing
2026-06-13 15:12:32, tokens_remaining: 2059, call: scores, phase: playing
2026-06-13 15:12:33, tokens_remaining: 2059, call: scores, phase: playing
2026-06-13 15:12:34, tokens_remaining: 2058, call: scores, phase: playing
2026-06-13 15:12:34, tokens_remaining: 2058, call: scores, phase: playing
2026-06-13 15:12:35, tokens_remaining: 2057, call: scores, phase: playing
2026-06-13 15:12:36, tokens_remaining: 2057, call: scores, phase: playing
2026-06-13 15:12:36, tokens_remaining: 2056, call: scores, phase: playing
2026-06-13 15:12:37, tokens_remaining: 2056, call: scores, phase: playing
2026-06-13 15:12:38, tokens_remaining: 2055, call: scores, phase: playing
2026-06-13 15:12:38, tokens_remaining: 2054, call: events, phase: playing
2026-06-13 15:12:39, tokens_remaining: 2053, call: scores, phase: playing
2026-06-13 15:12:40, tokens_remaining: 2053, call: scores, phase: playing
2026-06-13 15:12:40, tokens_remaining: 2052, call: scores, phase: playing
2026-06-13 15:12:41, tokens_remaining: 2052, call: scores, phase: playing
2026-06-13 15:12:42, tokens_remaining: 2051, call: scores, phase: playing
2026-06-13 15:12:42, tokens_remaining: 2051, call: scores, phase: playing
2026-06-13 15:12:43, tokens_remaining: 2050, call: scores, phase: playing
2026-06-13 15:12:44, tokens_remaining: 2050, call: scores, phase: playing
2026-06-13 15:12:44, tokens_remaining: 2049, call: scores, phase: playing
2026-06-13 15:12:45, tokens_remaining: 2048, call: events, phase: playing
2026-06-13 15:12:46, tokens_remaining: 2047, call: scores, phase: playing
2026-06-13 15:12:46, tokens_remaining: 2047, call: scores, phase: playing
2026-06-13 15:12:47, tokens_remaining: 2046, call: scores, phase: playing
2026-06-13 15:12:48, tokens_remaining: 2046, call: scores, phase: playing
2026-06-13 15:12:48, tokens_remaining: 2045, call: scores, phase: playing
2026-06-13 15:12:49, tokens_remaining: 2045, call: scores, phase: playing
2026-06-13 15:12:50, tokens_remaining: 2044, call: scores, phase: playing
2026-06-13 15:12:50, tokens_remaining: 2044, call: scores, phase: playing
2026-06-13 15:12:51, tokens_remaining: 2043, call: scores, phase: playing
2026-06-13 15:12:52, tokens_remaining: 2042, call: events, phase: playing
2026-06-13 15:12:53, tokens_remaining: 2041, call: scores, phase: playing
2026-06-13 15:12:53, tokens_remaining: 2041, call: scores, phase: playing
2026-06-13 15:12:54, tokens_remaining: 2040, call: scores, phase: playing
2026-06-13 15:12:54, tokens_remaining: 2040, call: scores, phase: playing
2026-06-13 15:12:55, tokens_remaining: 2039, call: scores, phase: playing
2026-06-13 15:12:56, tokens_remaining: 2039, call: scores, phase: playing
2026-06-13 15:12:56, tokens_remaining: 2038, call: scores, phase: playing
2026-06-13 15:12:57, tokens_remaining: 2038, call: scores, phase: playing
2026-06-13 15:12:58, tokens_remaining: 2037, call: scores, phase: playing
2026-06-13 15:12:58, tokens_remaining: 2036, call: events, phase: playing
2026-06-13 15:12:59, tokens_remaining: 2035, call: scores, phase: playing
2026-06-13 15:13:00, tokens_remaining: 2035, call: scores, phase: playing
2026-06-13 15:13:00, tokens_remaining: 2034, call: scores, phase: playing
2026-06-13 15:13:01, tokens_remaining: 2034, call: scores, phase: playing
2026-06-13 15:13:02, tokens_remaining: 2033, call: scores, phase: playing
2026-06-13 15:13:02, tokens_remaining: 2033, call: scores, phase: playing
2026-06-13 15:13:03, tokens_remaining: 2032, call: scores, phase: playing
2026-06-13 15:13:03, tokens_remaining: 2032, call: scores, phase: playing
2026-06-13 15:13:04, tokens_remaining: 2031, call: scores, phase: playing
2026-06-13 15:13:05, tokens_remaining: 2030, call: events, phase: playing
2026-06-13 15:13:06, tokens_remaining: 2029, call: scores, phase: playing
2026-06-13 15:13:06, tokens_remaining: 2029, call: scores, phase: playing
2026-06-13 15:13:07, tokens_remaining: 2028, call: scores, phase: playing
2026-06-13 15:13:08, tokens_remaining: 2028, call: scores, phase: playing
2026-06-13 15:13:08, tokens_remaining: 2027, call: scores, phase: playing
2026-06-13 15:13:09, tokens_remaining: 2027, call: scores, phase: playing
2026-06-13 15:13:10, tokens_remaining: 2026, call: scores, phase: playing
2026-06-13 15:13:10, tokens_remaining: 2026, call: scores, phase: playing
2026-06-13 15:13:11, tokens_remaining: 2025, call: scores, phase: playing
2026-06-13 15:13:12, tokens_remaining: 2024, call: events, phase: playing
2026-06-13 15:13:13, tokens_remaining: 2023, call: scores, phase: playing
2026-06-13 15:13:13, tokens_remaining: 2023, call: scores, phase: playing
2026-06-13 15:13:14, tokens_remaining: 2022, call: scores, phase: playing
2026-06-13 15:13:14, tokens_remaining: 2022, call: scores, phase: playing
2026-06-13 15:13:15, tokens_remaining: 2021, call: scores, phase: playing
2026-06-13 15:13:16, tokens_remaining: 2021, call: scores, phase: playing
2026-06-13 15:13:16, tokens_remaining: 2020, call: scores, phase: playing
2026-06-13 15:13:17, tokens_remaining: 2020, call: scores, phase: playing
2026-06-13 15:13:18, tokens_remaining: 2019, call: scores, phase: playing
2026-06-13 15:13:18, tokens_remaining: 2018, call: events, phase: playing
2026-06-13 15:13:20, tokens_remaining: 2017, call: scores, phase: playing
2026-06-13 15:13:20, tokens_remaining: 2017, call: scores, phase: playing
2026-06-13 15:13:21, tokens_remaining: 2016, call: scores, phase: playing
2026-06-13 15:13:22, tokens_remaining: 2016, call: scores, phase: playing
2026-06-13 15:13:22, tokens_remaining: 2016, call: scores, phase: playing
2026-06-13 15:13:23, tokens_remaining: 2015, call: scores, phase: playing
2026-06-13 15:13:23, tokens_remaining: 2015, call: scores, phase: playing
2026-06-13 15:13:24, tokens_remaining: 2014, call: scores, phase: playing
2026-06-13 15:13:25, tokens_remaining: 2014, call: scores, phase: playing
2026-06-13 15:13:26, tokens_remaining: 2013, call: events, phase: playing
2026-06-13 15:13:26, tokens_remaining: 2012, call: scores, phase: playing
2026-06-13 15:13:27, tokens_remaining: 2012, call: scores, phase: playing
2026-06-13 15:13:27, tokens_remaining: 2012, call: scores, phase: playing
2026-06-13 15:13:28, tokens_remaining: 2011, call: scores, phase: playing
2026-06-13 15:13:29, tokens_remaining: 2011, call: scores, phase: playing
2026-06-13 15:13:29, tokens_remaining: 2010, call: scores, phase: playing
2026-06-13 15:13:30, tokens_remaining: 2010, call: scores, phase: playing
2026-06-13 15:13:30, tokens_remaining: 2010, call: scores, phase: playing
2026-06-13 15:13:31, tokens_remaining: 2009, call: scores, phase: playing
2026-06-13 15:13:32, tokens_remaining: 2008, call: events, phase: playing
2026-06-13 15:13:33, tokens_remaining: 2007, call: scores, phase: playing
2026-06-13 15:13:33, tokens_remaining: 2007, call: scores, phase: playing
2026-06-13 15:13:34, tokens_remaining: 2007, call: scores, phase: playing
2026-06-13 15:13:34, tokens_remaining: 2006, call: scores, phase: playing
2026-06-13 15:13:35, tokens_remaining: 2006, call: scores, phase: playing
2026-06-13 15:13:35, tokens_remaining: 2006, call: scores, phase: playing
2026-06-13 15:13:36, tokens_remaining: 2005, call: scores, phase: playing
2026-06-13 15:13:37, tokens_remaining: 2005, call: scores, phase: playing
2026-06-13 15:13:37, tokens_remaining: 2005, call: scores, phase: playing
2026-06-13 15:13:38, tokens_remaining: 2004, call: events, phase: playing
2026-06-13 15:13:39, tokens_remaining: 2003, call: scores, phase: playing
2026-06-13 15:13:39, tokens_remaining: 2003, call: scores, phase: playing
2026-06-13 15:13:40, tokens_remaining: 2003, call: scores, phase: playing
2026-06-13 15:13:40, tokens_remaining: 2002, call: scores, phase: playing
2026-06-13 15:13:41, tokens_remaining: 2002, call: scores, phase: playing
2026-06-13 15:13:41, tokens_remaining: 2002, call: scores, phase: playing
2026-06-13 15:13:42, tokens_remaining: 2001, call: scores, phase: playing
2026-06-13 15:13:42, tokens_remaining: 2001, call: scores, phase: playing
2026-06-13 15:13:43, tokens_remaining: 2001, call: scores, phase: playing
2026-06-13 15:13:44, tokens_remaining: 2000, call: events, phase: playing
2026-06-13 15:13:44, tokens_remaining: 1999, call: scores, phase: playing
2026-06-13 15:13:45, tokens_remaining: 1999, call: scores, phase: playing
2026-06-13 15:13:45, tokens_remaining: 1999, call: scores, phase: playing
2026-06-13 15:13:46, tokens_remaining: 1998, call: scores, phase: playing
2026-06-13 15:13:47, tokens_remaining: 1998, call: scores, phase: playing
2026-06-13 15:13:47, tokens_remaining: 1998, call: scores, phase: playing
2026-06-13 15:13:48, tokens_remaining: 1997, call: scores, phase: playing
2026-06-13 15:13:48, tokens_remaining: 1997, call: scores, phase: playing
2026-06-13 15:13:49, tokens_remaining: 1996, call: scores, phase: playing
2026-06-13 15:13:50, tokens_remaining: 1995, call: events, phase: playing
2026-06-13 15:13:51, tokens_remaining: 1994, call: scores, phase: playing
2026-06-13 15:13:51, tokens_remaining: 1994, call: scores, phase: playing
2026-06-13 15:13:52, tokens_remaining: 1994, call: scores, phase: playing
2026-06-13 15:13:52, tokens_remaining: 1993, call: scores, phase: playing
2026-06-13 15:13:53, tokens_remaining: 1993, call: scores, phase: playing
2026-06-13 15:13:53, tokens_remaining: 1993, call: scores, phase: playing
2026-06-13 15:13:54, tokens_remaining: 1992, call: scores, phase: playing
2026-06-13 15:13:55, tokens_remaining: 1992, call: scores, phase: playing
2026-06-13 15:13:55, tokens_remaining: 1992, call: scores, phase: playing
2026-06-13 15:13:56, tokens_remaining: 1991, call: events, phase: playing
2026-06-13 15:13:57, tokens_remaining: 1990, call: scores, phase: playing
2026-06-13 15:13:57, tokens_remaining: 1990, call: scores, phase: playing
2026-06-13 15:13:58, tokens_remaining: 1990, call: scores, phase: playing
2026-06-13 15:13:58, tokens_remaining: 1989, call: scores, phase: playing
2026-06-13 15:13:59, tokens_remaining: 1989, call: scores, phase: playing
2026-06-13 15:13:59, tokens_remaining: 1989, call: scores, phase: playing
2026-06-13 15:14:00, tokens_remaining: 1988, call: scores, phase: playing
2026-06-13 15:14:01, tokens_remaining: 1988, call: scores, phase: playing
2026-06-13 15:14:01, tokens_remaining: 1988, call: scores, phase: playing
2026-06-13 15:14:02, tokens_remaining: 1987, call: events, phase: playing
2026-06-13 15:14:03, tokens_remaining: 1986, call: scores, phase: playing
2026-06-13 15:14:03, tokens_remaining: 1986, call: scores, phase: playing
2026-06-13 15:14:03, tokens_remaining: 1986, call: scores, phase: playing
2026-06-13 15:14:04, tokens_remaining: 1985, call: scores, phase: playing
2026-06-13 15:14:05, tokens_remaining: 1985, call: scores, phase: playing
2026-06-13 15:14:05, tokens_remaining: 1985, call: scores, phase: playing
2026-06-13 15:14:06, tokens_remaining: 1984, call: scores, phase: playing
2026-06-13 15:14:06, tokens_remaining: 1984, call: scores, phase: playing
2026-06-13 15:14:07, tokens_remaining: 1984, call: scores, phase: playing
2026-06-13 15:14:08, tokens_remaining: 1983, call: events, phase: playing
2026-06-13 15:14:08, tokens_remaining: 1982, call: scores, phase: playing
2026-06-13 15:14:09, tokens_remaining: 1982, call: scores, phase: playing
2026-06-13 15:14:09, tokens_remaining: 1982, call: scores, phase: playing
2026-06-13 15:14:10, tokens_remaining: 1981, call: scores, phase: playing
2026-06-13 15:14:10, tokens_remaining: 1981, call: scores, phase: playing
2026-06-13 15:14:11, tokens_remaining: 1981, call: scores, phase: playing
2026-06-13 15:14:12, tokens_remaining: 1980, call: scores, phase: playing
2026-06-13 15:14:12, tokens_remaining: 1980, call: scores, phase: playing
2026-06-13 15:14:13, tokens_remaining: 1980, call: scores, phase: playing
2026-06-13 15:14:13, tokens_remaining: 1979, call: events, phase: playing
2026-06-13 15:14:14, tokens_remaining: 1978, call: scores, phase: playing
2026-06-13 15:14:15, tokens_remaining: 1978, call: scores, phase: playing
2026-06-13 15:14:15, tokens_remaining: 1978, call: scores, phase: playing
2026-06-13 15:14:16, tokens_remaining: 1977, call: scores, phase: playing
2026-06-13 15:14:16, tokens_remaining: 1977, call: scores, phase: playing
2026-06-13 15:14:17, tokens_remaining: 1977, call: scores, phase: playing
2026-06-13 15:14:18, tokens_remaining: 1976, call: scores, phase: playing
2026-06-13 15:14:18, tokens_remaining: 1976, call: scores, phase: playing
2026-06-13 15:14:18, tokens_remaining: 1976, call: scores, phase: playing
2026-06-13 15:14:19, tokens_remaining: 1975, call: events, phase: playing
2026-06-13 15:14:20, tokens_remaining: 1974, call: scores, phase: playing
2026-06-13 15:14:20, tokens_remaining: 1974, call: scores, phase: playing
2026-06-13 15:14:21, tokens_remaining: 1974, call: scores, phase: playing
2026-06-13 15:14:22, tokens_remaining: 1973, call: scores, phase: playing
2026-06-13 15:14:22, tokens_remaining: 1973, call: scores, phase: playing
2026-06-13 15:14:23, tokens_remaining: 1973, call: scores, phase: playing
2026-06-13 15:14:23, tokens_remaining: 1972, call: scores, phase: playing
2026-06-13 15:14:24, tokens_remaining: 1972, call: scores, phase: playing
2026-06-13 15:14:24, tokens_remaining: 1972, call: scores, phase: playing
2026-06-13 15:14:25, tokens_remaining: 1971, call: events, phase: playing
2026-06-13 15:14:26, tokens_remaining: 1970, call: scores, phase: playing
2026-06-13 15:14:26, tokens_remaining: 1970, call: scores, phase: playing
2026-06-13 15:14:27, tokens_remaining: 1970, call: scores, phase: playing
2026-06-13 15:14:28, tokens_remaining: 1969, call: scores, phase: playing
2026-06-13 15:14:28, tokens_remaining: 1969, call: scores, phase: playing
2026-06-13 15:14:28, tokens_remaining: 1969, call: scores, phase: playing
2026-06-13 15:14:29, tokens_remaining: 1968, call: scores, phase: playing
2026-06-13 15:14:30, tokens_remaining: 1968, call: scores, phase: playing
2026-06-13 15:14:30, tokens_remaining: 1968, call: scores, phase: playing
2026-06-13 15:14:31, tokens_remaining: 1967, call: events, phase: playing
2026-06-13 15:14:32, tokens_remaining: 1966, call: scores, phase: playing
2026-06-13 15:14:32, tokens_remaining: 1966, call: scores, phase: playing
2026-06-13 15:14:33, tokens_remaining: 1966, call: scores, phase: playing
2026-06-13 15:14:33, tokens_remaining: 1965, call: scores, phase: playing
2026-06-13 15:14:34, tokens_remaining: 1965, call: scores, phase: playing
2026-06-13 15:14:34, tokens_remaining: 1965, call: scores, phase: playing
2026-06-13 15:14:35, tokens_remaining: 1964, call: scores, phase: playing
2026-06-13 15:14:35, tokens_remaining: 1964, call: scores, phase: playing
2026-06-13 15:14:36, tokens_remaining: 1964, call: scores, phase: playing
2026-06-13 15:14:37, tokens_remaining: 1963, call: events, phase: playing
2026-06-13 15:14:37, tokens_remaining: 1962, call: scores, phase: playing
2026-06-13 15:14:38, tokens_remaining: 1962, call: scores, phase: playing
2026-06-13 15:14:38, tokens_remaining: 1962, call: scores, phase: playing
2026-06-13 15:14:39, tokens_remaining: 1961, call: scores, phase: playing
2026-06-13 15:14:39, tokens_remaining: 1961, call: scores, phase: playing
2026-06-13 15:14:40, tokens_remaining: 1961, call: scores, phase: playing
2026-06-13 15:14:41, tokens_remaining: 1960, call: scores, phase: playing
2026-06-13 15:14:41, tokens_remaining: 1960, call: scores, phase: playing
2026-06-13 15:14:42, tokens_remaining: 1960, call: scores, phase: playing
2026-06-13 15:14:42, tokens_remaining: 1959, call: events, phase: playing
2026-06-13 15:14:43, tokens_remaining: 1958, call: scores, phase: playing
2026-06-13 15:14:44, tokens_remaining: 1958, call: scores, phase: playing
2026-06-13 15:14:44, tokens_remaining: 1958, call: scores, phase: playing
2026-06-13 15:14:45, tokens_remaining: 1957, call: scores, phase: playing
2026-06-13 15:14:45, tokens_remaining: 1957, call: scores, phase: playing
2026-06-13 15:14:46, tokens_remaining: 1957, call: scores, phase: playing
2026-06-13 15:14:46, tokens_remaining: 1956, call: scores, phase: playing
2026-06-13 15:14:47, tokens_remaining: 1956, call: scores, phase: playing
2026-06-13 15:14:47, tokens_remaining: 1956, call: scores, phase: playing
2026-06-13 15:14:48, tokens_remaining: 1955, call: events, phase: playing
2026-06-13 15:14:49, tokens_remaining: 1954, call: scores, phase: playing
2026-06-13 15:14:49, tokens_remaining: 1954, call: scores, phase: playing
2026-06-13 15:14:50, tokens_remaining: 1954, call: scores, phase: playing
2026-06-13 15:14:50, tokens_remaining: 1953, call: scores, phase: playing
2026-06-13 15:14:51, tokens_remaining: 1953, call: scores, phase: playing
2026-06-13 15:14:51, tokens_remaining: 1953, call: scores, phase: playing
2026-06-13 15:14:52, tokens_remaining: 1952, call: scores, phase: playing
2026-06-13 15:14:53, tokens_remaining: 1952, call: scores, phase: playing
2026-06-13 15:14:53, tokens_remaining: 1952, call: scores, phase: playing
2026-06-13 15:14:54, tokens_remaining: 1951, call: events, phase: playing
2026-06-13 15:14:55, tokens_remaining: 1950, call: scores, phase: playing
2026-06-13 15:14:55, tokens_remaining: 1950, call: scores, phase: playing
2026-06-13 15:14:55, tokens_remaining: 1950, call: scores, phase: playing
2026-06-13 15:14:56, tokens_remaining: 1949, call: scores, phase: playing
2026-06-13 15:14:57, tokens_remaining: 1949, call: scores, phase: playing
2026-06-13 15:14:57, tokens_remaining: 1949, call: scores, phase: playing
2026-06-13 15:14:58, tokens_remaining: 1948, call: scores, phase: playing
2026-06-13 15:14:58, tokens_remaining: 1948, call: scores, phase: playing
2026-06-13 15:14:59, tokens_remaining: 1948, call: scores, phase: playing
2026-06-13 15:14:59, tokens_remaining: 1947, call: events, phase: playing
2026-06-13 15:15:00, tokens_remaining: 1946, call: scores, phase: playing
2026-06-13 15:15:01, tokens_remaining: 1946, call: scores, phase: playing
2026-06-13 15:15:01, tokens_remaining: 1946, call: scores, phase: playing
2026-06-13 15:15:02, tokens_remaining: 1945, call: scores, phase: playing
2026-06-13 15:15:02, tokens_remaining: 1945, call: scores, phase: playing
2026-06-13 15:15:03, tokens_remaining: 1945, call: scores, phase: playing
2026-06-13 15:15:03, tokens_remaining: 1944, call: scores, phase: playing
2026-06-13 15:15:04, tokens_remaining: 1944, call: scores, phase: playing
2026-06-13 15:15:04, tokens_remaining: 1944, call: scores, phase: playing
2026-06-13 15:15:05, tokens_remaining: 1943, call: events, phase: playing
2026-06-13 15:15:06, tokens_remaining: 1942, call: scores, phase: playing
2026-06-13 15:15:06, tokens_remaining: 1942, call: scores, phase: playing
2026-06-13 15:15:07, tokens_remaining: 1942, call: scores, phase: playing
2026-06-13 15:15:07, tokens_remaining: 1941, call: scores, phase: playing
2026-06-13 15:15:08, tokens_remaining: 1941, call: scores, phase: playing
2026-06-13 15:15:08, tokens_remaining: 1941, call: scores, phase: playing
2026-06-13 15:15:09, tokens_remaining: 1940, call: scores, phase: playing
2026-06-13 15:15:09, tokens_remaining: 1940, call: scores, phase: playing
2026-06-13 15:15:10, tokens_remaining: 1940, call: scores, phase: playing
2026-06-13 15:15:11, tokens_remaining: 1939, call: events, phase: playing
2026-06-13 15:15:11, tokens_remaining: 1938, call: scores, phase: playing
2026-06-13 15:15:12, tokens_remaining: 1938, call: scores, phase: playing
2026-06-13 15:15:12, tokens_remaining: 1938, call: scores, phase: playing
2026-06-13 15:15:13, tokens_remaining: 1937, call: scores, phase: playing
2026-06-13 15:15:13, tokens_remaining: 1937, call: scores, phase: playing
2026-06-13 15:15:14, tokens_remaining: 1937, call: scores, phase: playing
2026-06-13 15:15:15, tokens_remaining: 1936, call: scores, phase: playing
2026-06-13 15:15:15, tokens_remaining: 1936, call: scores, phase: playing
2026-06-13 15:15:16, tokens_remaining: 1936, call: scores, phase: playing
2026-06-13 15:15:16, tokens_remaining: 1935, call: events, phase: playing
2026-06-13 15:15:17, tokens_remaining: 1934, call: scores, phase: playing
2026-06-13 15:15:17, tokens_remaining: 1934, call: scores, phase: playing
2026-06-13 15:15:18, tokens_remaining: 1934, call: scores, phase: playing
2026-06-13 15:15:19, tokens_remaining: 1933, call: scores, phase: playing
2026-06-13 15:15:19, tokens_remaining: 1933, call: scores, phase: playing
2026-06-13 15:15:20, tokens_remaining: 1933, call: scores, phase: playing
2026-06-13 15:15:20, tokens_remaining: 1932, call: scores, phase: playing
2026-06-13 15:15:21, tokens_remaining: 1932, call: scores, phase: playing
2026-06-13 15:15:21, tokens_remaining: 1932, call: scores, phase: playing
2026-06-13 15:15:22, tokens_remaining: 1931, call: events, phase: playing
2026-06-13 15:15:23, tokens_remaining: 1930, call: scores, phase: playing
2026-06-13 15:15:23, tokens_remaining: 1930, call: scores, phase: playing
2026-06-13 15:15:24, tokens_remaining: 1930, call: scores, phase: playing
2026-06-13 15:15:24, tokens_remaining: 1929, call: scores, phase: playing
2026-06-13 15:15:25, tokens_remaining: 1929, call: scores, phase: playing
2026-06-13 15:15:25, tokens_remaining: 1929, call: scores, phase: playing
2026-06-13 15:15:26, tokens_remaining: 1928, call: scores, phase: playing
2026-06-13 15:15:26, tokens_remaining: 1928, call: scores, phase: playing
2026-06-13 15:15:27, tokens_remaining: 1928, call: scores, phase: playing
2026-06-13 15:15:28, tokens_remaining: 1927, call: events, phase: playing
2026-06-13 15:15:28, tokens_remaining: 1926, call: scores, phase: playing
2026-06-13 15:15:29, tokens_remaining: 1926, call: scores, phase: playing
2026-06-13 15:15:29, tokens_remaining: 1926, call: scores, phase: playing
2026-06-13 15:15:30, tokens_remaining: 1925, call: scores, phase: playing
2026-06-13 15:15:30, tokens_remaining: 1925, call: scores, phase: playing
2026-06-13 15:15:31, tokens_remaining: 1925, call: scores, phase: playing
2026-06-13 15:15:32, tokens_remaining: 1924, call: scores, phase: playing
2026-06-13 15:15:32, tokens_remaining: 1924, call: scores, phase: playing
2026-06-13 15:15:32, tokens_remaining: 1924, call: scores, phase: playing
2026-06-13 15:15:33, tokens_remaining: 1923, call: events, phase: playing
2026-06-13 15:15:34, tokens_remaining: 1922, call: scores, phase: playing
2026-06-13 15:15:34, tokens_remaining: 1922, call: scores, phase: playing
2026-06-13 15:15:35, tokens_remaining: 1922, call: scores, phase: playing
2026-06-13 15:15:36, tokens_remaining: 1921, call: scores, phase: playing
2026-06-13 15:15:36, tokens_remaining: 1921, call: scores, phase: playing
2026-06-13 15:15:36, tokens_remaining: 1921, call: scores, phase: playing
2026-06-13 15:15:37, tokens_remaining: 1920, call: scores, phase: playing
2026-06-13 15:15:38, tokens_remaining: 1920, call: scores, phase: playing
2026-06-13 15:15:38, tokens_remaining: 1920, call: scores, phase: playing
2026-06-13 15:15:39, tokens_remaining: 1919, call: events, phase: playing
2026-06-13 15:15:40, tokens_remaining: 1918, call: scores, phase: playing
2026-06-13 15:15:40, tokens_remaining: 1918, call: scores, phase: playing
2026-06-13 15:15:40, tokens_remaining: 1918, call: scores, phase: playing
2026-06-13 15:15:41, tokens_remaining: 1917, call: scores, phase: playing
2026-06-13 15:15:42, tokens_remaining: 1917, call: scores, phase: playing
2026-06-13 15:15:42, tokens_remaining: 1917, call: scores, phase: playing
2026-06-13 15:15:43, tokens_remaining: 1916, call: scores, phase: playing
2026-06-13 15:15:43, tokens_remaining: 1916, call: scores, phase: playing
2026-06-13 15:15:44, tokens_remaining: 1916, call: scores, phase: playing
2026-06-13 15:15:44, tokens_remaining: 1915, call: events, phase: playing
2026-06-13 15:15:45, tokens_remaining: 1914, call: scores, phase: playing
2026-06-13 15:15:46, tokens_remaining: 1914, call: scores, phase: playing
2026-06-13 15:15:46, tokens_remaining: 1914, call: scores, phase: playing
2026-06-13 15:15:47, tokens_remaining: 1913, call: scores, phase: playing
2026-06-13 15:15:47, tokens_remaining: 1913, call: scores, phase: playing
2026-06-13 15:15:47, tokens_remaining: 1913, call: scores, phase: playing
2026-06-13 15:15:48, tokens_remaining: 1912, call: scores, phase: playing
2026-06-13 15:15:49, tokens_remaining: 1912, call: scores, phase: playing
2026-06-13 15:15:49, tokens_remaining: 1912, call: scores, phase: playing
2026-06-13 15:15:50, tokens_remaining: 1911, call: events, phase: playing
2026-06-13 15:15:51, tokens_remaining: 1910, call: scores, phase: playing
2026-06-13 15:15:51, tokens_remaining: 1910, call: scores, phase: playing
2026-06-13 15:15:51, tokens_remaining: 1910, call: scores, phase: playing
2026-06-13 15:15:52, tokens_remaining: 1909, call: scores, phase: playing
2026-06-13 15:15:53, tokens_remaining: 1909, call: scores, phase: playing
2026-06-13 15:15:53, tokens_remaining: 1909, call: scores, phase: playing
2026-06-13 15:15:54, tokens_remaining: 1908, call: scores, phase: playing
2026-06-13 15:15:54, tokens_remaining: 1908, call: scores, phase: playing
2026-06-13 15:15:55, tokens_remaining: 1908, call: scores, phase: playing
2026-06-13 15:15:55, tokens_remaining: 1907, call: events, phase: playing
2026-06-13 15:15:56, tokens_remaining: 1906, call: scores, phase: playing
2026-06-13 15:15:56, tokens_remaining: 1906, call: scores, phase: playing
2026-06-13 15:15:57, tokens_remaining: 1906, call: scores, phase: playing
2026-06-13 15:15:58, tokens_remaining: 1905, call: scores, phase: playing
2026-06-13 15:15:58, tokens_remaining: 1905, call: scores, phase: playing
2026-06-13 15:15:58, tokens_remaining: 1905, call: scores, phase: playing
2026-06-13 15:15:59, tokens_remaining: 1904, call: scores, phase: playing
2026-06-13 15:16:00, tokens_remaining: 1904, call: scores, phase: playing
2026-06-13 15:16:00, tokens_remaining: 1904, call: scores, phase: playing
2026-06-13 15:16:01, tokens_remaining: 1903, call: events, phase: playing
2026-06-13 15:16:01, tokens_remaining: 1902, call: scores, phase: playing
2026-06-13 15:16:02, tokens_remaining: 1902, call: scores, phase: playing
2026-06-13 15:16:02, tokens_remaining: 1902, call: scores, phase: playing
2026-06-13 15:16:03, tokens_remaining: 1901, call: scores, phase: playing
2026-06-13 15:16:03, tokens_remaining: 1901, call: scores, phase: playing
2026-06-13 15:16:04, tokens_remaining: 1901, call: scores, phase: playing
2026-06-13 15:16:05, tokens_remaining: 1900, call: scores, phase: playing
2026-06-13 15:16:05, tokens_remaining: 1900, call: scores, phase: playing
2026-06-13 15:16:05, tokens_remaining: 1900, call: scores, phase: playing
2026-06-13 15:16:06, tokens_remaining: 1899, call: events, phase: playing
2026-06-13 15:16:07, tokens_remaining: 1898, call: scores, phase: playing
2026-06-13 15:16:07, tokens_remaining: 1898, call: scores, phase: playing
2026-06-13 15:16:08, tokens_remaining: 1898, call: scores, phase: playing
2026-06-13 15:16:08, tokens_remaining: 1897, call: scores, phase: playing
2026-06-13 15:16:09, tokens_remaining: 1897, call: scores, phase: playing
2026-06-13 15:16:09, tokens_remaining: 1897, call: scores, phase: playing
2026-06-13 15:16:10, tokens_remaining: 1896, call: scores, phase: playing
2026-06-13 15:16:10, tokens_remaining: 1896, call: scores, phase: playing
2026-06-13 15:16:11, tokens_remaining: 1896, call: scores, phase: playing
2026-06-13 15:16:12, tokens_remaining: 1895, call: events, phase: playing
2026-06-13 15:16:12, tokens_remaining: 1894, call: scores, phase: playing
2026-06-13 15:16:13, tokens_remaining: 1894, call: scores, phase: playing
2026-06-13 15:16:13, tokens_remaining: 1894, call: scores, phase: playing
2026-06-13 15:16:14, tokens_remaining: 1893, call: scores, phase: playing
2026-06-13 15:16:14, tokens_remaining: 1893, call: scores, phase: playing
2026-06-13 15:16:15, tokens_remaining: 1893, call: scores, phase: playing
2026-06-13 15:16:15, tokens_remaining: 1892, call: scores, phase: playing
2026-06-13 15:16:16, tokens_remaining: 1892, call: scores, phase: playing
2026-06-13 15:16:16, tokens_remaining: 1892, call: scores, phase: playing
2026-06-13 15:16:17, tokens_remaining: 1891, call: events, phase: playing
2026-06-13 15:16:18, tokens_remaining: 1890, call: scores, phase: playing
2026-06-13 15:16:18, tokens_remaining: 1890, call: scores, phase: playing
2026-06-13 15:16:18, tokens_remaining: 1890, call: scores, phase: playing
2026-06-13 15:16:19, tokens_remaining: 1889, call: scores, phase: playing
2026-06-13 15:16:20, tokens_remaining: 1889, call: scores, phase: playing
2026-06-13 15:16:21, tokens_remaining: 1888, call: scores, phase: playing
2026-06-13 15:16:21, tokens_remaining: 1888, call: scores, phase: playing
2026-06-13 15:16:22, tokens_remaining: 1888, call: scores, phase: playing
2026-06-13 15:16:23, tokens_remaining: 1887, call: scores, phase: playing
2026-06-13 15:16:23, tokens_remaining: 1886, call: events, phase: playing
2026-06-13 15:16:24, tokens_remaining: 1885, call: scores, phase: playing
2026-06-13 15:16:24, tokens_remaining: 1885, call: scores, phase: playing
2026-06-13 15:16:25, tokens_remaining: 1885, call: scores, phase: playing
2026-06-13 15:16:26, tokens_remaining: 1884, call: scores, phase: playing
2026-06-13 15:16:26, tokens_remaining: 1884, call: scores, phase: playing
2026-06-13 15:16:26, tokens_remaining: 1884, call: scores, phase: playing
2026-06-13 15:16:27, tokens_remaining: 1883, call: scores, phase: playing
2026-06-13 15:16:28, tokens_remaining: 1883, call: scores, phase: playing
2026-06-13 15:16:28, tokens_remaining: 1883, call: scores, phase: playing
2026-06-13 15:16:29, tokens_remaining: 1882, call: events, phase: playing
2026-06-13 15:16:30, tokens_remaining: 1881, call: scores, phase: playing
2026-06-13 15:16:30, tokens_remaining: 1881, call: scores, phase: playing
2026-06-13 15:16:30, tokens_remaining: 1881, call: scores, phase: playing
2026-06-13 15:16:31, tokens_remaining: 1880, call: scores, phase: playing
2026-06-13 15:16:32, tokens_remaining: 1880, call: scores, phase: playing
2026-06-13 15:16:32, tokens_remaining: 1880, call: scores, phase: playing
2026-06-13 15:16:33, tokens_remaining: 1879, call: scores, phase: playing
2026-06-13 15:16:33, tokens_remaining: 1879, call: scores, phase: playing
2026-06-13 15:16:34, tokens_remaining: 1879, call: scores, phase: playing
2026-06-13 15:16:34, tokens_remaining: 1878, call: events, phase: playing
2026-06-13 15:16:35, tokens_remaining: 1877, call: scores, phase: playing
2026-06-13 15:16:35, tokens_remaining: 1877, call: scores, phase: playing
2026-06-13 15:16:36, tokens_remaining: 1877, call: scores, phase: playing
2026-06-13 15:16:36, tokens_remaining: 1876, call: scores, phase: playing
2026-06-13 15:16:37, tokens_remaining: 1876, call: scores, phase: playing
2026-06-13 15:16:37, tokens_remaining: 1876, call: scores, phase: playing
2026-06-13 15:16:38, tokens_remaining: 1875, call: scores, phase: playing
2026-06-13 15:16:38, tokens_remaining: 1875, call: scores, phase: playing
2026-06-13 15:16:39, tokens_remaining: 1875, call: scores, phase: playing
2026-06-13 15:16:40, tokens_remaining: 1874, call: events, phase: playing
2026-06-13 15:16:40, tokens_remaining: 1873, call: scores, phase: playing
2026-06-13 15:16:41, tokens_remaining: 1873, call: scores, phase: playing
2026-06-13 15:16:41, tokens_remaining: 1873, call: scores, phase: playing
2026-06-13 15:16:42, tokens_remaining: 1872, call: scores, phase: playing
2026-06-13 15:16:42, tokens_remaining: 1872, call: scores, phase: playing
2026-06-13 15:16:43, tokens_remaining: 1872, call: scores, phase: playing
2026-06-13 15:16:43, tokens_remaining: 1871, call: scores, phase: playing
2026-06-13 15:16:44, tokens_remaining: 1871, call: scores, phase: playing
2026-06-13 15:16:44, tokens_remaining: 1871, call: scores, phase: playing
2026-06-13 15:16:45, tokens_remaining: 1870, call: events, phase: playing
2026-06-13 15:16:46, tokens_remaining: 1869, call: scores, phase: playing
2026-06-13 15:16:46, tokens_remaining: 1869, call: scores, phase: playing
2026-06-13 15:16:46, tokens_remaining: 1869, call: scores, phase: playing
2026-06-13 15:16:47, tokens_remaining: 1868, call: scores, phase: playing
2026-06-13 15:16:48, tokens_remaining: 1868, call: scores, phase: playing
2026-06-13 15:16:48, tokens_remaining: 1868, call: scores, phase: playing
2026-06-13 15:16:49, tokens_remaining: 1867, call: scores, phase: playing
2026-06-13 15:16:49, tokens_remaining: 1867, call: scores, phase: playing
2026-06-13 15:16:49, tokens_remaining: 1867, call: scores, phase: playing
2026-06-13 15:16:50, tokens_remaining: 1866, call: events, phase: playing
2026-06-13 15:16:51, tokens_remaining: 1865, call: scores, phase: playing
2026-06-13 15:16:51, tokens_remaining: 1865, call: scores, phase: playing
2026-06-13 15:16:52, tokens_remaining: 1865, call: scores, phase: playing
2026-06-13 15:16:52, tokens_remaining: 1864, call: scores, phase: playing
2026-06-13 15:16:53, tokens_remaining: 1864, call: scores, phase: playing
2026-06-13 15:16:53, tokens_remaining: 1864, call: scores, phase: playing
2026-06-13 15:16:54, tokens_remaining: 1863, call: scores, phase: playing
2026-06-13 15:16:54, tokens_remaining: 1863, call: scores, phase: playing
2026-06-13 15:16:55, tokens_remaining: 1863, call: scores, phase: playing
2026-06-13 15:16:55, tokens_remaining: 1862, call: events, phase: playing
2026-06-13 15:16:56, tokens_remaining: 1861, call: scores, phase: playing
2026-06-13 15:16:56, tokens_remaining: 1861, call: scores, phase: playing
2026-06-13 15:16:57, tokens_remaining: 1861, call: scores, phase: playing
2026-06-13 15:16:58, tokens_remaining: 1860, call: scores, phase: playing
2026-06-13 15:16:58, tokens_remaining: 1860, call: scores, phase: playing
2026-06-13 15:16:58, tokens_remaining: 1860, call: scores, phase: playing
2026-06-13 15:16:59, tokens_remaining: 1859, call: scores, phase: playing
2026-06-13 15:16:59, tokens_remaining: 1859, call: scores, phase: playing
2026-06-13 15:17:00, tokens_remaining: 1859, call: scores, phase: playing
2026-06-13 15:17:01, tokens_remaining: 1858, call: events, phase: playing
2026-06-13 15:17:01, tokens_remaining: 1857, call: scores, phase: playing
2026-06-13 15:17:02, tokens_remaining: 1857, call: scores, phase: playing
2026-06-13 15:17:02, tokens_remaining: 1857, call: scores, phase: playing
2026-06-13 15:17:03, tokens_remaining: 1856, call: scores, phase: playing
2026-06-13 15:17:03, tokens_remaining: 1856, call: scores, phase: playing
2026-06-13 15:17:04, tokens_remaining: 1856, call: scores, phase: playing
2026-06-13 15:17:04, tokens_remaining: 1855, call: scores, phase: playing
2026-06-13 15:17:05, tokens_remaining: 1855, call: scores, phase: playing
2026-06-13 15:17:05, tokens_remaining: 1855, call: scores, phase: playing
2026-06-13 15:17:06, tokens_remaining: 1854, call: events, phase: playing
2026-06-13 15:17:07, tokens_remaining: 1853, call: scores, phase: playing
2026-06-13 15:17:07, tokens_remaining: 1853, call: scores, phase: playing
2026-06-13 15:17:07, tokens_remaining: 1853, call: scores, phase: playing
2026-06-13 15:17:08, tokens_remaining: 1852, call: scores, phase: playing
2026-06-13 15:17:08, tokens_remaining: 1852, call: scores, phase: playing
2026-06-13 15:17:09, tokens_remaining: 1852, call: scores, phase: playing
2026-06-13 15:17:09, tokens_remaining: 1851, call: scores, phase: playing
2026-06-13 15:17:10, tokens_remaining: 1851, call: scores, phase: playing
2026-06-13 15:17:10, tokens_remaining: 1851, call: scores, phase: playing
2026-06-13 15:17:11, tokens_remaining: 1850, call: events, phase: playing
2026-06-13 15:17:12, tokens_remaining: 1849, call: scores, phase: playing
2026-06-13 15:17:12, tokens_remaining: 1849, call: scores, phase: playing
2026-06-13 15:17:13, tokens_remaining: 1849, call: scores, phase: playing
2026-06-13 15:17:13, tokens_remaining: 1848, call: scores, phase: playing
2026-06-13 15:17:14, tokens_remaining: 1848, call: scores, phase: playing
2026-06-13 15:17:14, tokens_remaining: 1848, call: scores, phase: playing
2026-06-13 15:17:15, tokens_remaining: 1847, call: scores, phase: playing
2026-06-13 15:17:15, tokens_remaining: 1847, call: scores, phase: playing
2026-06-13 15:17:15, tokens_remaining: 1847, call: scores, phase: playing
2026-06-13 15:17:16, tokens_remaining: 1846, call: events, phase: playing
2026-06-13 15:17:17, tokens_remaining: 1845, call: scores, phase: playing
2026-06-13 15:17:17, tokens_remaining: 1845, call: scores, phase: playing
2026-06-13 15:17:18, tokens_remaining: 1845, call: scores, phase: playing
2026-06-13 15:17:18, tokens_remaining: 1844, call: scores, phase: playing
2026-06-13 15:17:19, tokens_remaining: 1844, call: scores, phase: playing
2026-06-13 15:17:19, tokens_remaining: 1844, call: scores, phase: playing
2026-06-13 15:17:20, tokens_remaining: 1843, call: scores, phase: playing
2026-06-13 15:17:20, tokens_remaining: 1843, call: scores, phase: playing
2026-06-13 15:17:21, tokens_remaining: 1843, call: scores, phase: playing
2026-06-13 15:17:21, tokens_remaining: 1842, call: events, phase: playing
2026-06-13 15:17:22, tokens_remaining: 1841, call: scores, phase: playing
2026-06-13 15:17:22, tokens_remaining: 1841, call: scores, phase: playing
2026-06-13 15:17:23, tokens_remaining: 1841, call: scores, phase: playing
2026-06-13 15:17:23, tokens_remaining: 1840, call: scores, phase: playing
2026-06-13 15:17:24, tokens_remaining: 1840, call: scores, phase: playing
2026-06-13 15:17:24, tokens_remaining: 1840, call: scores, phase: playing
2026-06-13 15:17:25, tokens_remaining: 1839, call: scores, phase: playing
2026-06-13 15:17:25, tokens_remaining: 1839, call: scores, phase: playing
2026-06-13 15:17:26, tokens_remaining: 1839, call: scores, phase: playing
2026-06-13 15:17:26, tokens_remaining: 1838, call: events, phase: playing
2026-06-13 15:17:27, tokens_remaining: 1837, call: scores, phase: playing
2026-06-13 15:17:27, tokens_remaining: 1837, call: scores, phase: playing
2026-06-13 15:17:28, tokens_remaining: 1837, call: scores, phase: playing
2026-06-13 15:17:28, tokens_remaining: 1836, call: scores, phase: playing
2026-06-13 15:17:29, tokens_remaining: 1836, call: scores, phase: playing
2026-06-13 15:17:29, tokens_remaining: 1836, call: scores, phase: playing
2026-06-13 15:17:30, tokens_remaining: 1835, call: scores, phase: playing
2026-06-13 15:17:30, tokens_remaining: 1835, call: scores, phase: playing
2026-06-13 15:17:31, tokens_remaining: 1835, call: scores, phase: playing
2026-06-13 15:17:31, tokens_remaining: 1834, call: events, phase: playing
2026-06-13 15:17:32, tokens_remaining: 1833, call: scores, phase: playing
2026-06-13 15:17:32, tokens_remaining: 1833, call: scores, phase: playing
2026-06-13 15:17:33, tokens_remaining: 1833, call: scores, phase: playing
2026-06-13 15:17:34, tokens_remaining: 1832, call: scores, phase: playing
2026-06-13 15:17:34, tokens_remaining: 1832, call: scores, phase: playing
2026-06-13 15:17:34, tokens_remaining: 1832, call: scores, phase: playing
2026-06-13 15:17:35, tokens_remaining: 1831, call: scores, phase: playing
2026-06-13 15:17:35, tokens_remaining: 1831, call: scores, phase: playing
2026-06-13 15:17:36, tokens_remaining: 1831, call: scores, phase: playing
2026-06-13 15:17:36, tokens_remaining: 1830, call: events, phase: playing
2026-06-13 15:17:37, tokens_remaining: 1829, call: scores, phase: playing
2026-06-13 15:17:38, tokens_remaining: 1829, call: scores, phase: playing
2026-06-13 15:17:38, tokens_remaining: 1829, call: scores, phase: playing
2026-06-13 15:17:39, tokens_remaining: 1828, call: scores, phase: playing
2026-06-13 15:17:39, tokens_remaining: 1828, call: scores, phase: playing
2026-06-13 15:17:39, tokens_remaining: 1828, call: scores, phase: playing
2026-06-13 15:17:40, tokens_remaining: 1827, call: scores, phase: playing
2026-06-13 15:17:40, tokens_remaining: 1827, call: scores, phase: playing
2026-06-13 15:17:41, tokens_remaining: 1827, call: scores, phase: playing
2026-06-13 15:17:41, tokens_remaining: 1826, call: events, phase: playing
2026-06-13 15:17:42, tokens_remaining: 1825, call: scores, phase: playing
2026-06-13 15:17:43, tokens_remaining: 1825, call: scores, phase: playing
2026-06-13 15:17:43, tokens_remaining: 1825, call: scores, phase: playing
2026-06-13 15:17:44, tokens_remaining: 1824, call: scores, phase: playing
2026-06-13 15:17:44, tokens_remaining: 1824, call: scores, phase: playing
2026-06-13 15:17:44, tokens_remaining: 1824, call: scores, phase: playing
2026-06-13 15:17:45, tokens_remaining: 1823, call: scores, phase: playing
2026-06-13 15:17:45, tokens_remaining: 1823, call: scores, phase: playing
2026-06-13 15:17:46, tokens_remaining: 1823, call: scores, phase: playing
2026-06-13 15:17:46, tokens_remaining: 1822, call: events, phase: playing
2026-06-13 15:17:47, tokens_remaining: 1821, call: scores, phase: playing
2026-06-13 15:17:47, tokens_remaining: 1821, call: scores, phase: playing
2026-06-13 15:17:48, tokens_remaining: 1821, call: scores, phase: playing
2026-06-13 15:17:49, tokens_remaining: 1820, call: scores, phase: playing
2026-06-13 15:17:49, tokens_remaining: 1820, call: scores, phase: playing
2026-06-13 15:17:49, tokens_remaining: 1820, call: scores, phase: playing
2026-06-13 15:17:50, tokens_remaining: 1819, call: scores, phase: playing
2026-06-13 15:17:50, tokens_remaining: 1819, call: scores, phase: playing
2026-06-13 15:17:51, tokens_remaining: 1819, call: scores, phase: playing
2026-06-13 15:17:52, tokens_remaining: 1818, call: events, phase: playing
2026-06-13 15:17:52, tokens_remaining: 1817, call: scores, phase: playing
2026-06-13 15:17:53, tokens_remaining: 1817, call: scores, phase: playing
2026-06-13 15:17:53, tokens_remaining: 1817, call: scores, phase: playing
2026-06-13 15:17:54, tokens_remaining: 1816, call: scores, phase: playing
2026-06-13 15:17:54, tokens_remaining: 1816, call: scores, phase: playing
2026-06-13 15:17:54, tokens_remaining: 1816, call: scores, phase: playing
2026-06-13 15:17:55, tokens_remaining: 1815, call: scores, phase: playing
2026-06-13 15:17:55, tokens_remaining: 1815, call: scores, phase: playing
2026-06-13 15:17:56, tokens_remaining: 1815, call: scores, phase: playing
2026-06-13 15:17:56, tokens_remaining: 1814, call: events, phase: playing
2026-06-13 15:17:57, tokens_remaining: 1813, call: scores, phase: playing
2026-06-13 15:17:58, tokens_remaining: 1813, call: scores, phase: playing
2026-06-13 15:17:58, tokens_remaining: 1813, call: scores, phase: playing
2026-06-13 15:17:59, tokens_remaining: 1812, call: scores, phase: playing
2026-06-13 15:17:59, tokens_remaining: 1812, call: scores, phase: playing
2026-06-13 15:17:59, tokens_remaining: 1812, call: scores, phase: playing
2026-06-13 15:18:00, tokens_remaining: 1811, call: scores, phase: playing
2026-06-13 15:18:00, tokens_remaining: 1811, call: scores, phase: playing
2026-06-13 15:18:01, tokens_remaining: 1811, call: scores, phase: playing
2026-06-13 15:18:01, tokens_remaining: 1810, call: events, phase: playing
2026-06-13 15:18:02, tokens_remaining: 1809, call: scores, phase: playing
2026-06-13 15:18:02, tokens_remaining: 1809, call: scores, phase: playing
2026-06-13 15:18:03, tokens_remaining: 1809, call: scores, phase: playing
2026-06-13 15:18:04, tokens_remaining: 1808, call: scores, phase: playing
2026-06-13 15:18:04, tokens_remaining: 1808, call: scores, phase: playing
2026-06-13 15:18:04, tokens_remaining: 1808, call: scores, phase: playing
2026-06-13 15:18:05, tokens_remaining: 1807, call: scores, phase: playing
2026-06-13 15:18:05, tokens_remaining: 1807, call: scores, phase: playing
2026-06-13 15:18:06, tokens_remaining: 1807, call: scores, phase: playing
2026-06-13 15:18:06, tokens_remaining: 1806, call: events, phase: playing
2026-06-13 15:18:07, tokens_remaining: 1805, call: scores, phase: playing
2026-06-13 15:18:07, tokens_remaining: 1805, call: scores, phase: playing
2026-06-13 15:18:08, tokens_remaining: 1805, call: scores, phase: playing
2026-06-13 15:18:09, tokens_remaining: 1804, call: scores, phase: playing
2026-06-13 15:18:09, tokens_remaining: 1804, call: scores, phase: playing
2026-06-13 15:18:09, tokens_remaining: 1804, call: scores, phase: playing
2026-06-13 15:18:10, tokens_remaining: 1803, call: scores, phase: playing
2026-06-13 15:18:10, tokens_remaining: 1803, call: scores, phase: playing
2026-06-13 15:18:11, tokens_remaining: 1803, call: scores, phase: playing
2026-06-13 15:18:11, tokens_remaining: 1802, call: events, phase: playing
2026-06-13 15:18:12, tokens_remaining: 1801, call: scores, phase: playing
2026-06-13 15:18:12, tokens_remaining: 1801, call: scores, phase: playing
2026-06-13 15:18:13, tokens_remaining: 1801, call: scores, phase: playing
2026-06-13 15:18:13, tokens_remaining: 1800, call: scores, phase: playing
2026-06-13 15:18:14, tokens_remaining: 1800, call: scores, phase: playing
2026-06-13 15:18:14, tokens_remaining: 1800, call: scores, phase: playing
2026-06-13 15:18:15, tokens_remaining: 1799, call: scores, phase: playing
2026-06-13 15:18:15, tokens_remaining: 1799, call: scores, phase: playing
2026-06-13 15:18:16, tokens_remaining: 1799, call: scores, phase: playing
2026-06-13 15:18:16, tokens_remaining: 1798, call: events, phase: playing
2026-06-13 15:18:17, tokens_remaining: 1797, call: scores, phase: playing
2026-06-13 15:18:17, tokens_remaining: 1797, call: scores, phase: playing
2026-06-13 15:18:18, tokens_remaining: 1797, call: scores, phase: playing
2026-06-13 15:18:18, tokens_remaining: 1796, call: scores, phase: playing
2026-06-13 15:18:19, tokens_remaining: 1796, call: scores, phase: playing
2026-06-13 15:18:19, tokens_remaining: 1796, call: scores, phase: playing
2026-06-13 15:18:20, tokens_remaining: 1795, call: scores, phase: playing
2026-06-13 15:18:20, tokens_remaining: 1795, call: scores, phase: playing
2026-06-13 15:18:20, tokens_remaining: 1795, call: scores, phase: playing
2026-06-13 15:18:21, tokens_remaining: 1794, call: events, phase: playing
2026-06-13 15:18:22, tokens_remaining: 1793, call: scores, phase: playing
2026-06-13 15:18:22, tokens_remaining: 1793, call: scores, phase: playing
2026-06-13 15:18:22, tokens_remaining: 1793, call: scores, phase: playing
2026-06-13 15:18:23, tokens_remaining: 1792, call: scores, phase: playing
2026-06-13 15:18:23, tokens_remaining: 1792, call: scores, phase: playing
2026-06-13 15:18:24, tokens_remaining: 1792, call: scores, phase: playing
2026-06-13 15:18:24, tokens_remaining: 1791, call: scores, phase: playing
2026-06-13 15:18:25, tokens_remaining: 1791, call: scores, phase: playing
2026-06-13 15:18:25, tokens_remaining: 1791, call: scores, phase: playing
2026-06-13 15:18:26, tokens_remaining: 1790, call: events, phase: playing
2026-06-13 15:18:27, tokens_remaining: 1789, call: scores, phase: playing
2026-06-13 15:18:27, tokens_remaining: 1789, call: scores, phase: playing
2026-06-13 15:18:27, tokens_remaining: 1789, call: scores, phase: playing
2026-06-13 15:18:28, tokens_remaining: 1788, call: scores, phase: playing
2026-06-13 15:18:28, tokens_remaining: 1788, call: scores, phase: playing
2026-06-13 15:18:29, tokens_remaining: 1788, call: scores, phase: playing
2026-06-13 15:18:29, tokens_remaining: 1787, call: scores, phase: playing
2026-06-13 15:18:30, tokens_remaining: 1787, call: scores, phase: playing
2026-06-13 15:18:30, tokens_remaining: 1787, call: scores, phase: playing
2026-06-13 15:18:31, tokens_remaining: 1786, call: events, phase: playing
2026-06-13 15:18:31, tokens_remaining: 1785, call: scores, phase: playing
2026-06-13 15:18:32, tokens_remaining: 1785, call: scores, phase: playing
2026-06-13 15:18:32, tokens_remaining: 1785, call: scores, phase: playing
2026-06-13 15:18:33, tokens_remaining: 1784, call: scores, phase: playing
2026-06-13 15:18:33, tokens_remaining: 1784, call: scores, phase: playing
2026-06-13 15:18:34, tokens_remaining: 1784, call: scores, phase: playing
2026-06-13 15:18:34, tokens_remaining: 1783, call: scores, phase: playing
2026-06-13 15:18:35, tokens_remaining: 1783, call: scores, phase: playing
2026-06-13 15:18:35, tokens_remaining: 1783, call: scores, phase: playing
2026-06-13 15:18:36, tokens_remaining: 1782, call: events, phase: playing
2026-06-13 15:18:36, tokens_remaining: 1781, call: scores, phase: playing
2026-06-13 15:18:37, tokens_remaining: 1781, call: scores, phase: playing
2026-06-13 15:18:37, tokens_remaining: 1781, call: scores, phase: playing
2026-06-13 15:18:38, tokens_remaining: 1780, call: scores, phase: playing
2026-06-13 15:18:38, tokens_remaining: 1780, call: scores, phase: playing
2026-06-13 15:18:38, tokens_remaining: 1780, call: scores, phase: playing
2026-06-13 15:18:39, tokens_remaining: 1779, call: scores, phase: playing
2026-06-13 15:18:39, tokens_remaining: 1779, call: scores, phase: playing
2026-06-13 15:18:40, tokens_remaining: 1779, call: scores, phase: playing
2026-06-13 15:18:40, tokens_remaining: 1778, call: events, phase: playing
2026-06-13 15:18:41, tokens_remaining: 1777, call: scores, phase: playing
2026-06-13 15:18:41, tokens_remaining: 1777, call: scores, phase: playing
2026-06-13 15:18:42, tokens_remaining: 1777, call: scores, phase: playing
2026-06-13 15:18:42, tokens_remaining: 1776, call: scores, phase: playing
2026-06-13 15:18:43, tokens_remaining: 1776, call: scores, phase: playing
2026-06-13 15:18:43, tokens_remaining: 1776, call: scores, phase: playing
2026-06-13 15:18:44, tokens_remaining: 1775, call: scores, phase: playing
2026-06-13 15:18:44, tokens_remaining: 1775, call: scores, phase: playing
2026-06-13 15:18:44, tokens_remaining: 1775, call: scores, phase: playing
2026-06-13 15:18:45, tokens_remaining: 1774, call: events, phase: playing
2026-06-13 15:18:46, tokens_remaining: 1773, call: scores, phase: playing
2026-06-13 15:18:46, tokens_remaining: 1773, call: scores, phase: playing
2026-06-13 15:18:46, tokens_remaining: 1773, call: scores, phase: playing
2026-06-13 15:18:47, tokens_remaining: 1772, call: scores, phase: playing
2026-06-13 15:18:47, tokens_remaining: 1772, call: scores, phase: playing
2026-06-13 15:18:48, tokens_remaining: 1772, call: scores, phase: playing
2026-06-13 15:18:48, tokens_remaining: 1771, call: scores, phase: playing
2026-06-13 15:18:49, tokens_remaining: 1771, call: scores, phase: playing
2026-06-13 15:18:49, tokens_remaining: 1771, call: scores, phase: playing
2026-06-13 15:18:50, tokens_remaining: 1770, call: events, phase: playing
2026-06-13 15:18:51, tokens_remaining: 1769, call: scores, phase: playing
2026-06-13 15:18:51, tokens_remaining: 1769, call: scores, phase: playing
2026-06-13 15:18:51, tokens_remaining: 1769, call: scores, phase: playing
2026-06-13 15:18:52, tokens_remaining: 1768, call: scores, phase: playing
2026-06-13 15:18:52, tokens_remaining: 1768, call: scores, phase: playing
2026-06-13 15:18:53, tokens_remaining: 1768, call: scores, phase: playing
2026-06-13 15:18:53, tokens_remaining: 1767, call: scores, phase: playing
2026-06-13 15:18:54, tokens_remaining: 1767, call: scores, phase: playing
2026-06-13 15:18:54, tokens_remaining: 1767, call: scores, phase: playing
2026-06-13 15:18:55, tokens_remaining: 1766, call: events, phase: playing
2026-06-13 15:18:55, tokens_remaining: 1765, call: scores, phase: playing
2026-06-13 15:18:56, tokens_remaining: 1765, call: scores, phase: playing
2026-06-13 15:18:56, tokens_remaining: 1765, call: scores, phase: playing
2026-06-13 15:18:57, tokens_remaining: 1764, call: scores, phase: playing
2026-06-13 15:18:57, tokens_remaining: 1764, call: scores, phase: playing
2026-06-13 15:18:57, tokens_remaining: 1764, call: scores, phase: playing
2026-06-13 15:18:58, tokens_remaining: 1763, call: scores, phase: playing
2026-06-13 15:18:58, tokens_remaining: 1763, call: scores, phase: playing
2026-06-13 15:18:59, tokens_remaining: 1763, call: scores, phase: playing
2026-06-13 15:18:59, tokens_remaining: 1762, call: events, phase: playing
2026-06-13 15:19:00, tokens_remaining: 1761, call: scores, phase: playing
2026-06-13 15:19:00, tokens_remaining: 1761, call: scores, phase: playing
2026-06-13 15:19:01, tokens_remaining: 1761, call: scores, phase: playing
2026-06-13 15:19:01, tokens_remaining: 1760, call: scores, phase: playing
2026-06-13 15:19:02, tokens_remaining: 1760, call: scores, phase: playing
2026-06-13 15:19:02, tokens_remaining: 1760, call: scores, phase: playing
2026-06-13 15:19:03, tokens_remaining: 1759, call: scores, phase: playing
2026-06-13 15:19:03, tokens_remaining: 1759, call: scores, phase: playing
2026-06-13 15:19:03, tokens_remaining: 1759, call: scores, phase: playing
2026-06-13 15:19:04, tokens_remaining: 1758, call: events, phase: playing
2026-06-13 15:19:05, tokens_remaining: 1757, call: scores, phase: playing
2026-06-13 15:19:05, tokens_remaining: 1757, call: scores, phase: playing
2026-06-13 15:19:05, tokens_remaining: 1757, call: scores, phase: playing
2026-06-13 15:19:06, tokens_remaining: 1756, call: scores, phase: playing
2026-06-13 15:19:07, tokens_remaining: 1756, call: scores, phase: playing
2026-06-13 15:19:07, tokens_remaining: 1756, call: scores, phase: playing
2026-06-13 15:19:08, tokens_remaining: 1755, call: scores, phase: playing
2026-06-13 15:19:08, tokens_remaining: 1755, call: scores, phase: playing
2026-06-13 15:19:08, tokens_remaining: 1755, call: scores, phase: playing
2026-06-13 15:19:09, tokens_remaining: 1754, call: events, phase: playing
2026-06-13 15:19:10, tokens_remaining: 1753, call: scores, phase: playing
2026-06-13 15:19:10, tokens_remaining: 1753, call: scores, phase: playing
2026-06-13 15:19:10, tokens_remaining: 1753, call: scores, phase: playing
2026-06-13 15:19:11, tokens_remaining: 1752, call: scores, phase: playing
2026-06-13 15:19:11, tokens_remaining: 1752, call: scores, phase: playing
2026-06-13 15:19:12, tokens_remaining: 1752, call: scores, phase: playing
2026-06-13 15:19:12, tokens_remaining: 1751, call: scores, phase: playing
2026-06-13 15:19:13, tokens_remaining: 1751, call: scores, phase: playing
2026-06-13 15:19:13, tokens_remaining: 1751, call: scores, phase: playing
2026-06-13 15:19:14, tokens_remaining: 1750, call: events, phase: playing
2026-06-13 15:19:14, tokens_remaining: 1749, call: scores, phase: playing
2026-06-13 15:19:15, tokens_remaining: 1749, call: scores, phase: playing
2026-06-13 15:19:15, tokens_remaining: 1749, call: scores, phase: playing
2026-06-13 15:19:16, tokens_remaining: 1748, call: scores, phase: playing
2026-06-13 15:19:16, tokens_remaining: 1748, call: scores, phase: playing
2026-06-13 15:19:16, tokens_remaining: 1748, call: scores, phase: playing
2026-06-13 15:19:17, tokens_remaining: 1747, call: scores, phase: playing
2026-06-13 15:19:17, tokens_remaining: 1747, call: scores, phase: playing
2026-06-13 15:19:18, tokens_remaining: 1747, call: scores, phase: playing
2026-06-13 15:19:18, tokens_remaining: 1746, call: events, phase: playing
2026-06-13 15:19:19, tokens_remaining: 1745, call: scores, phase: playing
2026-06-13 15:19:19, tokens_remaining: 1745, call: scores, phase: playing
2026-06-13 15:19:20, tokens_remaining: 1745, call: scores, phase: playing
2026-06-13 15:19:20, tokens_remaining: 1744, call: scores, phase: playing
2026-06-13 15:19:21, tokens_remaining: 1744, call: scores, phase: playing
2026-06-13 15:19:21, tokens_remaining: 1744, call: scores, phase: playing
2026-06-13 15:19:22, tokens_remaining: 1743, call: scores, phase: playing
2026-06-13 15:19:22, tokens_remaining: 1743, call: scores, phase: playing
2026-06-13 15:19:22, tokens_remaining: 1743, call: scores, phase: playing
2026-06-13 15:19:23, tokens_remaining: 1742, call: events, phase: playing
2026-06-13 15:19:24, tokens_remaining: 1741, call: scores, phase: playing
2026-06-13 15:19:24, tokens_remaining: 1741, call: scores, phase: playing
2026-06-13 15:19:24, tokens_remaining: 1741, call: scores, phase: playing
2026-06-13 15:19:25, tokens_remaining: 1740, call: scores, phase: playing
2026-06-13 15:19:25, tokens_remaining: 1740, call: scores, phase: playing
2026-06-13 15:19:26, tokens_remaining: 1740, call: scores, phase: playing
2026-06-13 15:19:26, tokens_remaining: 1739, call: scores, phase: playing
2026-06-13 15:19:27, tokens_remaining: 1739, call: scores, phase: playing
2026-06-13 15:19:27, tokens_remaining: 1739, call: scores, phase: playing
2026-06-13 15:19:28, tokens_remaining: 1738, call: events, phase: playing
2026-06-13 15:19:28, tokens_remaining: 1737, call: scores, phase: playing
2026-06-13 15:19:28, tokens_remaining: 1737, call: scores, phase: playing
2026-06-13 15:19:29, tokens_remaining: 1737, call: scores, phase: playing
2026-06-13 15:19:29, tokens_remaining: 1736, call: scores, phase: playing
2026-06-13 15:19:30, tokens_remaining: 1736, call: scores, phase: playing
2026-06-13 15:19:30, tokens_remaining: 1736, call: scores, phase: playing
2026-06-13 15:19:31, tokens_remaining: 1735, call: scores, phase: playing
2026-06-13 15:19:31, tokens_remaining: 1735, call: scores, phase: playing
2026-06-13 15:19:31, tokens_remaining: 1735, call: scores, phase: playing
2026-06-13 15:19:32, tokens_remaining: 1734, call: events, phase: playing
2026-06-13 15:19:32, EVENT: EVENT_10 15'   [Qatar vs Switzerland]
2026-06-13 15:19:33, tokens_remaining: 1733, call: scores, phase: playing
2026-06-13 15:19:33, tokens_remaining: 1733, call: scores, phase: playing
2026-06-13 15:19:33, tokens_remaining: 1733, call: scores, phase: playing
2026-06-13 15:19:34, tokens_remaining: 1732, call: scores, phase: playing
2026-06-13 15:19:34, tokens_remaining: 1732, call: scores, phase: playing
2026-06-13 15:19:35, tokens_remaining: 1732, call: scores, phase: playing
2026-06-13 15:19:35, tokens_remaining: 1731, call: scores, phase: playing
2026-06-13 15:19:36, tokens_remaining: 1731, call: scores, phase: playing
2026-06-13 15:19:36, tokens_remaining: 1731, call: scores, phase: playing
2026-06-13 15:19:37, tokens_remaining: 1730, call: events, phase: playing
2026-06-13 15:19:37, tokens_remaining: 1729, call: scores, phase: playing
2026-06-13 15:19:38, tokens_remaining: 1729, call: scores, phase: playing
2026-06-13 15:19:38, tokens_remaining: 1729, call: scores, phase: playing
2026-06-13 15:19:39, tokens_remaining: 1728, call: scores, phase: playing
2026-06-13 15:19:39, tokens_remaining: 1728, call: scores, phase: playing
2026-06-13 15:19:39, tokens_remaining: 1728, call: scores, phase: playing
2026-06-13 15:19:40, tokens_remaining: 1727, call: scores, phase: playing
2026-06-13 15:19:40, tokens_remaining: 1727, call: scores, phase: playing
2026-06-13 15:19:41, tokens_remaining: 1727, call: scores, phase: playing
2026-06-13 15:19:41, tokens_remaining: 1726, call: events, phase: playing
2026-06-13 15:19:42, tokens_remaining: 1725, call: scores, phase: playing
2026-06-13 15:19:42, tokens_remaining: 1725, call: scores, phase: playing
2026-06-13 15:19:42, tokens_remaining: 1725, call: scores, phase: playing
2026-06-13 15:19:43, tokens_remaining: 1724, call: scores, phase: playing
2026-06-13 15:19:43, tokens_remaining: 1724, call: scores, phase: playing
2026-06-13 15:19:44, tokens_remaining: 1724, call: scores, phase: playing
2026-06-13 15:19:44, tokens_remaining: 1723, call: scores, phase: playing
2026-06-13 15:19:45, tokens_remaining: 1723, call: scores, phase: playing
2026-06-13 15:19:45, tokens_remaining: 1723, call: scores, phase: playing
2026-06-13 15:19:46, tokens_remaining: 1722, call: events, phase: playing
2026-06-13 15:19:46, tokens_remaining: 1721, call: scores, phase: playing
2026-06-13 15:19:47, tokens_remaining: 1721, call: scores, phase: playing
2026-06-13 15:19:47, tokens_remaining: 1721, call: scores, phase: playing
2026-06-13 15:19:48, tokens_remaining: 1720, call: scores, phase: playing
2026-06-13 15:19:48, tokens_remaining: 1720, call: scores, phase: playing
2026-06-13 15:19:48, tokens_remaining: 1720, call: scores, phase: playing
2026-06-13 15:19:49, tokens_remaining: 1719, call: scores, phase: playing
2026-06-13 15:19:49, tokens_remaining: 1719, call: scores, phase: playing
2026-06-13 15:19:49, tokens_remaining: 1719, call: scores, phase: playing
2026-06-13 15:19:50, tokens_remaining: 1718, call: events, phase: playing
2026-06-13 15:19:51, tokens_remaining: 1717, call: scores, phase: playing
2026-06-13 15:19:51, tokens_remaining: 1717, call: scores, phase: playing
2026-06-13 15:19:51, tokens_remaining: 1717, call: scores, phase: playing
2026-06-13 15:19:52, tokens_remaining: 1716, call: scores, phase: playing
2026-06-13 15:19:52, tokens_remaining: 1716, call: scores, phase: playing
2026-06-13 15:19:53, tokens_remaining: 1716, call: scores, phase: playing
2026-06-13 15:19:53, tokens_remaining: 1715, call: scores, phase: playing
2026-06-13 15:19:54, tokens_remaining: 1715, call: scores, phase: playing
2026-06-13 15:19:54, tokens_remaining: 1715, call: scores, phase: playing
2026-06-13 15:19:55, tokens_remaining: 1714, call: events, phase: playing
2026-06-13 15:19:55, tokens_remaining: 1713, call: scores, phase: playing
2026-06-13 15:19:56, tokens_remaining: 1713, call: scores, phase: playing
2026-06-13 15:19:56, tokens_remaining: 1713, call: scores, phase: playing
2026-06-13 15:19:56, tokens_remaining: 1712, call: scores, phase: playing
2026-06-13 15:19:57, tokens_remaining: 1712, call: scores, phase: playing
2026-06-13 15:19:57, tokens_remaining: 1712, call: scores, phase: playing
2026-06-13 15:19:58, tokens_remaining: 1711, call: scores, phase: playing
2026-06-13 15:19:58, tokens_remaining: 1711, call: scores, phase: playing
2026-06-13 15:19:58, tokens_remaining: 1711, call: scores, phase: playing
2026-06-13 15:19:59, tokens_remaining: 1710, call: events, phase: playing
2026-06-13 15:20:00, tokens_remaining: 1709, call: scores, phase: playing
2026-06-13 15:20:00, tokens_remaining: 1709, call: scores, phase: playing
2026-06-13 15:20:00, tokens_remaining: 1709, call: scores, phase: playing
2026-06-13 15:20:01, tokens_remaining: 1708, call: scores, phase: playing
2026-06-13 15:20:01, tokens_remaining: 1708, call: scores, phase: playing
2026-06-13 15:20:02, tokens_remaining: 1708, call: scores, phase: playing
2026-06-13 15:20:02, tokens_remaining: 1707, call: scores, phase: playing
2026-06-13 15:20:02, tokens_remaining: 1707, call: scores, phase: playing
2026-06-13 15:20:03, tokens_remaining: 1707, call: scores, phase: playing
2026-06-13 15:20:03, tokens_remaining: 1706, call: events, phase: playing
2026-06-13 15:20:04, tokens_remaining: 1705, call: scores, phase: playing
2026-06-13 15:20:05, tokens_remaining: 1705, call: scores, phase: playing
2026-06-13 15:20:05, tokens_remaining: 1705, call: scores, phase: playing
2026-06-13 15:20:05, tokens_remaining: 1704, call: scores, phase: playing
2026-06-13 15:20:06, tokens_remaining: 1704, call: scores, phase: playing
2026-06-13 15:20:06, tokens_remaining: 1704, call: scores, phase: playing
2026-06-13 15:20:07, tokens_remaining: 1703, call: scores, phase: playing
2026-06-13 15:20:07, tokens_remaining: 1703, call: scores, phase: playing
2026-06-13 15:20:07, tokens_remaining: 1703, call: scores, phase: playing
2026-06-13 15:20:08, tokens_remaining: 1702, call: events, phase: playing
2026-06-13 15:20:09, tokens_remaining: 1701, call: scores, phase: playing
2026-06-13 15:20:09, tokens_remaining: 1701, call: scores, phase: playing
2026-06-13 15:20:09, tokens_remaining: 1701, call: scores, phase: playing
2026-06-13 15:20:10, tokens_remaining: 1701, call: scores, phase: playing
2026-06-13 15:20:10, tokens_remaining: 1700, call: scores, phase: playing
2026-06-13 15:20:10, tokens_remaining: 1700, call: scores, phase: playing
2026-06-13 15:20:11, tokens_remaining: 1700, call: scores, phase: playing
2026-06-13 15:20:11, tokens_remaining: 1699, call: scores, phase: playing
2026-06-13 15:20:12, tokens_remaining: 1699, call: scores, phase: playing
2026-06-13 15:20:12, tokens_remaining: 1698, call: events, phase: playing
2026-06-13 15:20:13, tokens_remaining: 1697, call: scores, phase: playing
2026-06-13 15:20:13, tokens_remaining: 1697, call: scores, phase: playing
2026-06-13 15:20:14, tokens_remaining: 1697, call: scores, phase: playing
2026-06-13 15:20:14, tokens_remaining: 1696, call: scores, phase: playing
2026-06-13 15:20:15, tokens_remaining: 1696, call: scores, phase: playing
2026-06-13 15:20:15, tokens_remaining: 1696, call: scores, phase: playing
2026-06-13 15:20:15, tokens_remaining: 1695, call: scores, phase: playing
2026-06-13 15:20:16, tokens_remaining: 1695, call: scores, phase: playing
2026-06-13 15:20:16, tokens_remaining: 1695, call: scores, phase: playing
2026-06-13 15:20:17, tokens_remaining: 1694, call: events, phase: playing
2026-06-13 15:20:18, tokens_remaining: 1693, call: scores, phase: playing
2026-06-13 15:20:18, tokens_remaining: 1693, call: scores, phase: playing
2026-06-13 15:20:18, tokens_remaining: 1693, call: scores, phase: playing
2026-06-13 15:20:19, tokens_remaining: 1692, call: scores, phase: playing
2026-06-13 15:20:19, tokens_remaining: 1692, call: scores, phase: playing
2026-06-13 15:20:19, tokens_remaining: 1692, call: scores, phase: playing
2026-06-13 15:20:20, tokens_remaining: 1691, call: scores, phase: playing
2026-06-13 15:20:20, tokens_remaining: 1691, call: scores, phase: playing
2026-06-13 15:20:21, tokens_remaining: 1691, call: scores, phase: playing
2026-06-13 15:20:21, tokens_remaining: 1690, call: events, phase: playing
2026-06-13 15:20:22, tokens_remaining: 1689, call: scores, phase: playing
2026-06-13 15:20:22, tokens_remaining: 1689, call: scores, phase: playing
2026-06-13 15:20:23, tokens_remaining: 1689, call: scores, phase: playing
2026-06-13 15:20:23, tokens_remaining: 1688, call: scores, phase: playing
2026-06-13 15:20:23, tokens_remaining: 1688, call: scores, phase: playing
2026-06-13 15:20:24, tokens_remaining: 1688, call: scores, phase: playing
2026-06-13 15:20:24, tokens_remaining: 1687, call: scores, phase: playing
2026-06-13 15:20:25, tokens_remaining: 1687, call: scores, phase: playing
2026-06-13 15:20:25, tokens_remaining: 1687, call: scores, phase: playing
2026-06-13 15:20:26, tokens_remaining: 1686, call: events, phase: playing
2026-06-13 15:20:26, tokens_remaining: 1685, call: scores, phase: playing
2026-06-13 15:20:27, tokens_remaining: 1685, call: scores, phase: playing
2026-06-13 15:20:27, tokens_remaining: 1685, call: scores, phase: playing
2026-06-13 15:20:27, tokens_remaining: 1685, call: scores, phase: playing
2026-06-13 15:20:28, tokens_remaining: 1684, call: scores, phase: playing
2026-06-13 15:20:28, tokens_remaining: 1684, call: scores, phase: playing
2026-06-13 15:20:28, tokens_remaining: 1684, call: scores, phase: playing
2026-06-13 15:20:29, tokens_remaining: 1684, call: scores, phase: playing
2026-06-13 15:20:29, tokens_remaining: 1683, call: scores, phase: playing
2026-06-13 15:20:30, tokens_remaining: 1682, call: events, phase: playing
2026-06-13 15:20:30, tokens_remaining: 1683, call: scores, phase: playing
2026-06-13 15:20:31, tokens_remaining: 1681, call: scores, phase: playing
2026-06-13 15:20:31, tokens_remaining: 1681, call: scores, phase: playing
2026-06-13 15:20:31, tokens_remaining: 1681, call: scores, phase: playing
2026-06-13 15:20:32, tokens_remaining: 1681, call: scores, phase: playing
2026-06-13 15:20:32, tokens_remaining: 1680, call: scores, phase: playing
2026-06-13 15:20:33, tokens_remaining: 1680, call: scores, phase: playing
2026-06-13 15:20:33, tokens_remaining: 1680, call: scores, phase: playing
2026-06-13 15:20:33, tokens_remaining: 1680, call: scores, phase: playing
2026-06-13 15:20:34, tokens_remaining: 1679, call: events, phase: playing
2026-06-13 15:20:35, tokens_remaining: 1678, call: scores, phase: playing
2026-06-13 15:20:35, tokens_remaining: 1678, call: scores, phase: playing
2026-06-13 15:20:35, tokens_remaining: 1678, call: scores, phase: playing
2026-06-13 15:20:35, tokens_remaining: 1678, call: scores, phase: playing
2026-06-13 15:20:36, tokens_remaining: 1677, call: scores, phase: playing
2026-06-13 15:20:36, tokens_remaining: 1677, call: scores, phase: playing
2026-06-13 15:20:37, tokens_remaining: 1677, call: scores, phase: playing
2026-06-13 15:20:37, tokens_remaining: 1677, call: scores, phase: playing
2026-06-13 15:20:38, tokens_remaining: 1676, call: scores, phase: playing
2026-06-13 15:20:38, tokens_remaining: 1675, call: events, phase: playing
2026-06-13 15:20:39, tokens_remaining: 1676, call: scores, phase: playing
2026-06-13 15:20:39, tokens_remaining: 1674, call: scores, phase: playing
2026-06-13 15:20:39, tokens_remaining: 1674, call: scores, phase: playing
2026-06-13 15:20:40, tokens_remaining: 1674, call: scores, phase: playing
2026-06-13 15:20:40, tokens_remaining: 1674, call: scores, phase: playing
2026-06-13 15:20:41, tokens_remaining: 1673, call: scores, phase: playing
2026-06-13 15:20:41, tokens_remaining: 1673, call: scores, phase: playing
2026-06-13 15:20:41, tokens_remaining: 1673, call: scores, phase: playing
2026-06-13 15:20:42, tokens_remaining: 1673, call: scores, phase: playing
2026-06-13 15:20:42, tokens_remaining: 1672, call: events, phase: playing
2026-06-13 15:20:43, tokens_remaining: 1671, call: scores, phase: playing
2026-06-13 15:20:43, tokens_remaining: 1671, call: scores, phase: playing
2026-06-13 15:20:43, tokens_remaining: 1671, call: scores, phase: playing
2026-06-13 15:20:44, tokens_remaining: 1671, call: scores, phase: playing
2026-06-13 15:20:44, tokens_remaining: 1670, call: scores, phase: playing
2026-06-13 15:20:45, tokens_remaining: 1670, call: scores, phase: playing
2026-06-13 15:20:45, tokens_remaining: 1670, call: scores, phase: playing
2026-06-13 15:20:45, tokens_remaining: 1670, call: scores, phase: playing
2026-06-13 15:20:46, tokens_remaining: 1669, call: scores, phase: playing
2026-06-13 15:20:47, tokens_remaining: 1668, call: events, phase: playing
2026-06-13 15:20:47, tokens_remaining: 1669, call: scores, phase: playing
2026-06-13 15:20:47, tokens_remaining: 1667, call: scores, phase: playing
2026-06-13 15:20:48, tokens_remaining: 1667, call: scores, phase: playing
2026-06-13 15:20:48, tokens_remaining: 1667, call: scores, phase: playing
2026-06-13 15:20:48, tokens_remaining: 1667, call: scores, phase: playing
2026-06-13 15:20:49, tokens_remaining: 1666, call: scores, phase: playing
2026-06-13 15:20:49, tokens_remaining: 1666, call: scores, phase: playing
2026-06-13 15:20:50, tokens_remaining: 1666, call: scores, phase: playing
2026-06-13 15:20:50, tokens_remaining: 1666, call: scores, phase: playing
2026-06-13 15:20:50, tokens_remaining: 1665, call: events, phase: playing
2026-06-13 15:20:51, tokens_remaining: 1664, call: scores, phase: playing
2026-06-13 15:20:51, tokens_remaining: 1664, call: scores, phase: playing
2026-06-13 15:20:52, tokens_remaining: 1664, call: scores, phase: playing
2026-06-13 15:20:52, tokens_remaining: 1664, call: scores, phase: playing
2026-06-13 15:20:53, tokens_remaining: 1663, call: scores, phase: playing
2026-06-13 15:20:53, tokens_remaining: 1663, call: scores, phase: playing
2026-06-13 15:20:53, tokens_remaining: 1663, call: scores, phase: playing
2026-06-13 15:20:53, tokens_remaining: 1663, call: scores, phase: playing
2026-06-13 15:20:54, tokens_remaining: 1662, call: scores, phase: playing
2026-06-13 15:20:55, tokens_remaining: 1661, call: events, phase: playing
2026-06-13 15:20:55, tokens_remaining: 1662, call: scores, phase: playing
2026-06-13 15:20:56, tokens_remaining: 1660, call: scores, phase: playing
2026-06-13 15:20:56, tokens_remaining: 1660, call: scores, phase: playing
2026-06-13 15:20:56, tokens_remaining: 1660, call: scores, phase: playing
2026-06-13 15:20:56, tokens_remaining: 1660, call: scores, phase: playing
2026-06-13 15:20:57, tokens_remaining: 1659, call: scores, phase: playing
2026-06-13 15:20:57, tokens_remaining: 1659, call: scores, phase: playing
2026-06-13 15:20:58, tokens_remaining: 1659, call: scores, phase: playing
2026-06-13 15:20:58, tokens_remaining: 1659, call: scores, phase: playing
2026-06-13 15:20:59, tokens_remaining: 1658, call: events, phase: playing
2026-06-13 15:20:59, tokens_remaining: 1657, call: scores, phase: playing
2026-06-13 15:20:59, tokens_remaining: 1657, call: scores, phase: playing
2026-06-13 15:21:00, tokens_remaining: 1657, call: scores, phase: playing
2026-06-13 15:21:00, tokens_remaining: 1657, call: scores, phase: playing
2026-06-13 15:21:01, tokens_remaining: 1656, call: scores, phase: playing
2026-06-13 15:21:01, tokens_remaining: 1656, call: scores, phase: playing
2026-06-13 15:21:01, tokens_remaining: 1656, call: scores, phase: playing
2026-06-13 15:21:02, tokens_remaining: 1656, call: scores, phase: playing
2026-06-13 15:21:02, tokens_remaining: 1655, call: scores, phase: playing
2026-06-13 15:21:03, tokens_remaining: 1654, call: events, phase: playing
2026-06-13 15:21:03, tokens_remaining: 1655, call: scores, phase: playing
2026-06-13 15:21:04, tokens_remaining: 1653, call: scores, phase: playing
2026-06-13 15:21:04, tokens_remaining: 1653, call: scores, phase: playing
2026-06-13 15:21:04, tokens_remaining: 1653, call: scores, phase: playing
2026-06-13 15:21:05, tokens_remaining: 1653, call: scores, phase: playing
2026-06-13 15:21:05, tokens_remaining: 1652, call: scores, phase: playing
2026-06-13 15:21:05, tokens_remaining: 1652, call: scores, phase: playing
2026-06-13 15:21:06, tokens_remaining: 1652, call: scores, phase: playing
2026-06-13 15:21:06, tokens_remaining: 1652, call: scores, phase: playing
2026-06-13 15:21:07, tokens_remaining: 1651, call: events, phase: playing
2026-06-13 15:21:07, tokens_remaining: 1650, call: scores, phase: playing
2026-06-13 15:21:07, tokens_remaining: 1650, call: scores, phase: playing
2026-06-13 15:21:08, tokens_remaining: 1650, call: scores, phase: playing
2026-06-13 15:21:08, tokens_remaining: 1650, call: scores, phase: playing
2026-06-13 15:21:09, tokens_remaining: 1649, call: scores, phase: playing
2026-06-13 15:21:09, tokens_remaining: 1649, call: scores, phase: playing
2026-06-13 15:21:09, tokens_remaining: 1649, call: scores, phase: playing
2026-06-13 15:21:10, tokens_remaining: 1649, call: scores, phase: playing
2026-06-13 15:21:10, tokens_remaining: 1648, call: scores, phase: playing
2026-06-13 15:21:11, tokens_remaining: 1647, call: events, phase: playing
2026-06-13 15:21:11, tokens_remaining: 1648, call: scores, phase: playing
2026-06-13 15:21:12, tokens_remaining: 1646, call: scores, phase: playing
2026-06-13 15:21:12, tokens_remaining: 1646, call: scores, phase: playing
2026-06-13 15:21:12, tokens_remaining: 1646, call: scores, phase: playing
2026-06-13 15:21:12, tokens_remaining: 1646, call: scores, phase: playing
2026-06-13 15:21:13, tokens_remaining: 1645, call: scores, phase: playing
2026-06-13 15:21:13, tokens_remaining: 1645, call: scores, phase: playing
2026-06-13 15:21:14, tokens_remaining: 1645, call: scores, phase: playing
2026-06-13 15:21:14, tokens_remaining: 1645, call: scores, phase: playing
2026-06-13 15:21:15, tokens_remaining: 1644, call: events, phase: playing
2026-06-13 15:21:15, tokens_remaining: 1643, call: scores, phase: playing
2026-06-13 15:21:15, tokens_remaining: 1643, call: scores, phase: playing
2026-06-13 15:21:16, tokens_remaining: 1643, call: scores, phase: playing
2026-06-13 15:21:16, tokens_remaining: 1643, call: scores, phase: playing
2026-06-13 15:21:17, tokens_remaining: 1642, call: scores, phase: playing
2026-06-13 15:21:17, tokens_remaining: 1642, call: scores, phase: playing
2026-06-13 15:21:17, tokens_remaining: 1642, call: scores, phase: playing
2026-06-13 15:21:18, tokens_remaining: 1642, call: scores, phase: playing
2026-06-13 15:21:18, tokens_remaining: 1641, call: scores, phase: playing
2026-06-13 15:21:19, tokens_remaining: 1640, call: events, phase: playing
2026-06-13 15:21:19, tokens_remaining: 1641, call: scores, phase: playing
2026-06-13 15:21:20, tokens_remaining: 1639, call: scores, phase: playing
2026-06-13 15:21:20, tokens_remaining: 1639, call: scores, phase: playing
2026-06-13 15:21:20, tokens_remaining: 1639, call: scores, phase: playing
2026-06-13 15:21:20, tokens_remaining: 1639, call: scores, phase: playing
2026-06-13 15:21:21, tokens_remaining: 1638, call: scores, phase: playing
2026-06-13 15:21:21, tokens_remaining: 1638, call: scores, phase: playing
2026-06-13 15:21:22, tokens_remaining: 1638, call: scores, phase: playing
2026-06-13 15:21:22, tokens_remaining: 1638, call: scores, phase: playing
2026-06-13 15:21:23, tokens_remaining: 1637, call: events, phase: playing
2026-06-13 15:21:23, tokens_remaining: 1636, call: scores, phase: playing
2026-06-13 15:21:23, tokens_remaining: 1636, call: scores, phase: playing
2026-06-13 15:21:24, tokens_remaining: 1636, call: scores, phase: playing
2026-06-13 15:21:24, tokens_remaining: 1636, call: scores, phase: playing
2026-06-13 15:21:25, tokens_remaining: 1635, call: scores, phase: playing
2026-06-13 15:21:25, tokens_remaining: 1635, call: scores, phase: playing
2026-06-13 15:21:25, tokens_remaining: 1635, call: scores, phase: playing
2026-06-13 15:21:25, tokens_remaining: 1635, call: scores, phase: playing
2026-06-13 15:21:26, tokens_remaining: 1634, call: scores, phase: playing
2026-06-13 15:21:27, tokens_remaining: 1633, call: events, phase: playing
2026-06-13 15:21:27, tokens_remaining: 1634, call: scores, phase: playing
2026-06-13 15:21:27, tokens_remaining: 1632, call: scores, phase: playing
2026-06-13 15:21:28, tokens_remaining: 1632, call: scores, phase: playing
2026-06-13 15:21:28, tokens_remaining: 1632, call: scores, phase: playing
2026-06-13 15:21:28, tokens_remaining: 1632, call: scores, phase: playing
2026-06-13 15:21:29, tokens_remaining: 1631, call: scores, phase: playing
2026-06-13 15:21:29, tokens_remaining: 1631, call: scores, phase: playing
2026-06-13 15:21:29, tokens_remaining: 1631, call: scores, phase: playing
2026-06-13 15:21:30, tokens_remaining: 1631, call: scores, phase: playing
2026-06-13 15:21:30, tokens_remaining: 1630, call: events, phase: playing
2026-06-13 15:21:31, tokens_remaining: 1629, call: scores, phase: playing
2026-06-13 15:21:31, tokens_remaining: 1629, call: scores, phase: playing
2026-06-13 15:21:31, tokens_remaining: 1629, call: scores, phase: playing
2026-06-13 15:21:32, tokens_remaining: 1629, call: scores, phase: playing
2026-06-13 15:21:32, tokens_remaining: 1628, call: scores, phase: playing
2026-06-13 15:21:33, tokens_remaining: 1628, call: scores, phase: playing
2026-06-13 15:21:33, tokens_remaining: 1628, call: scores, phase: playing
2026-06-13 15:21:33, tokens_remaining: 1628, call: scores, phase: playing
2026-06-13 15:21:34, tokens_remaining: 1627, call: scores, phase: playing
2026-06-13 15:21:34, tokens_remaining: 1626, call: events, phase: playing
2026-06-13 15:21:34, EVENT: YELLOW_CARD 17' Mahmoud Abunada [Qatar vs Switzerland]
2026-06-13 15:21:35, tokens_remaining: 1627, call: scores, phase: playing
2026-06-13 15:21:35, tokens_remaining: 1625, call: scores, phase: playing
2026-06-13 15:21:35, tokens_remaining: 1625, call: scores, phase: playing
2026-06-13 15:21:36, tokens_remaining: 1625, call: scores, phase: playing
2026-06-13 15:21:36, tokens_remaining: 1625, call: scores, phase: playing
2026-06-13 15:21:37, tokens_remaining: 1624, call: scores, phase: playing
2026-06-13 15:21:37, tokens_remaining: 1624, call: scores, phase: playing
2026-06-13 15:21:37, tokens_remaining: 1624, call: scores, phase: playing
2026-06-13 15:21:37, tokens_remaining: 1624, call: scores, phase: playing
2026-06-13 15:21:38, tokens_remaining: 1623, call: events, phase: playing
2026-06-13 15:21:38, GOAL: Switzerland (Qatar 0-1 Switzerland)
2026-06-13 15:21:39, tokens_remaining: 1622, call: scores, phase: playing
2026-06-13 15:21:39, tokens_remaining: 1622, call: scores, phase: playing
2026-06-13 15:21:39, tokens_remaining: 1622, call: scores, phase: playing
2026-06-13 15:21:40, tokens_remaining: 1622, call: scores, phase: playing
2026-06-13 15:21:40, tokens_remaining: 1621, call: scores, phase: playing
2026-06-13 15:21:40, tokens_remaining: 1621, call: scores, phase: playing
2026-06-13 15:21:41, tokens_remaining: 1621, call: scores, phase: playing
2026-06-13 15:21:41, tokens_remaining: 1621, call: scores, phase: playing
2026-06-13 15:21:42, tokens_remaining: 1620, call: scores, phase: playing
2026-06-13 15:21:42, tokens_remaining: 1619, call: events, phase: playing
2026-06-13 15:21:42, tokens_remaining: 1620, call: scores, phase: playing
2026-06-13 15:21:43, tokens_remaining: 1618, call: scores, phase: playing
2026-06-13 15:21:43, tokens_remaining: 1618, call: scores, phase: playing
2026-06-13 15:21:43, tokens_remaining: 1618, call: scores, phase: playing
2026-06-13 15:21:44, tokens_remaining: 1618, call: scores, phase: playing
2026-06-13 15:21:44, tokens_remaining: 1617, call: scores, phase: playing
2026-06-13 15:21:45, tokens_remaining: 1617, call: scores, phase: playing
2026-06-13 15:21:45, tokens_remaining: 1617, call: scores, phase: playing
2026-06-13 15:21:45, tokens_remaining: 1617, call: scores, phase: playing
2026-06-13 15:21:46, tokens_remaining: 1616, call: events, phase: playing
2026-06-13 15:21:46, EVENT: EVENT_16 17' Breel Embolo (0-1) [Qatar vs Switzerland]
2026-06-13 15:21:46, tokens_remaining: 1615, call: scores, phase: playing
2026-06-13 15:21:47, tokens_remaining: 1615, call: scores, phase: playing
2026-06-13 15:21:47, tokens_remaining: 1615, call: scores, phase: playing
2026-06-13 15:21:47, tokens_remaining: 1615, call: scores, phase: playing
2026-06-13 15:21:48, tokens_remaining: 1614, call: scores, phase: playing
2026-06-13 15:21:48, tokens_remaining: 1614, call: scores, phase: playing
2026-06-13 15:21:48, tokens_remaining: 1614, call: scores, phase: playing
2026-06-13 15:21:49, tokens_remaining: 1614, call: scores, phase: playing
2026-06-13 15:21:49, tokens_remaining: 1613, call: scores, phase: playing
2026-06-13 15:21:50, tokens_remaining: 1612, call: events, phase: playing
2026-06-13 15:21:50, tokens_remaining: 1613, call: scores, phase: playing
2026-06-13 15:21:50, tokens_remaining: 1611, call: scores, phase: playing
2026-06-13 15:21:51, tokens_remaining: 1611, call: scores, phase: playing
2026-06-13 15:21:51, tokens_remaining: 1611, call: scores, phase: playing
2026-06-13 15:21:51, tokens_remaining: 1611, call: scores, phase: playing
2026-06-13 15:21:52, tokens_remaining: 1610, call: scores, phase: playing
2026-06-13 15:21:52, tokens_remaining: 1610, call: scores, phase: playing
2026-06-13 15:21:52, tokens_remaining: 1610, call: scores, phase: playing
2026-06-13 15:21:53, tokens_remaining: 1610, call: scores, phase: playing
2026-06-13 15:21:53, tokens_remaining: 1609, call: events, phase: playing
2026-06-13 15:21:53, EVENT: EVENT_10 15' Pending VAR - penalty [Qatar vs Switzerland]
2026-06-13 15:21:54, tokens_remaining: 1608, call: scores, phase: playing
2026-06-13 15:21:54, tokens_remaining: 1608, call: scores, phase: playing
2026-06-13 15:21:54, tokens_remaining: 1608, call: scores, phase: playing
2026-06-13 15:21:55, tokens_remaining: 1608, call: scores, phase: playing
2026-06-13 15:21:55, tokens_remaining: 1607, call: scores, phase: playing
2026-06-13 15:21:56, tokens_remaining: 1607, call: scores, phase: playing
2026-06-13 15:21:56, tokens_remaining: 1607, call: scores, phase: playing
2026-06-13 15:21:56, tokens_remaining: 1607, call: scores, phase: playing
2026-06-13 15:21:57, tokens_remaining: 1606, call: scores, phase: playing
2026-06-13 15:21:57, tokens_remaining: 1605, call: events, phase: playing
2026-06-13 15:21:58, tokens_remaining: 1606, call: scores, phase: playing
2026-06-13 15:21:58, tokens_remaining: 1604, call: scores, phase: playing
2026-06-13 15:21:58, tokens_remaining: 1604, call: scores, phase: playing
2026-06-13 15:21:59, tokens_remaining: 1604, call: scores, phase: playing
2026-06-13 15:21:59, tokens_remaining: 1604, call: scores, phase: playing
2026-06-13 15:21:59, tokens_remaining: 1603, call: scores, phase: playing
2026-06-13 15:22:00, tokens_remaining: 1603, call: scores, phase: playing
2026-06-13 15:22:00, tokens_remaining: 1603, call: scores, phase: playing
2026-06-13 15:22:00, tokens_remaining: 1603, call: scores, phase: playing
2026-06-13 15:22:01, tokens_remaining: 1602, call: events, phase: playing
2026-06-13 15:22:01, tokens_remaining: 1601, call: scores, phase: playing
2026-06-13 15:22:02, tokens_remaining: 1601, call: scores, phase: playing
2026-06-13 15:22:02, tokens_remaining: 1601, call: scores, phase: playing
2026-06-13 15:22:02, tokens_remaining: 1601, call: scores, phase: playing
2026-06-13 15:22:03, tokens_remaining: 1600, call: scores, phase: playing
2026-06-13 15:22:03, tokens_remaining: 1600, call: scores, phase: playing
2026-06-13 15:22:03, tokens_remaining: 1600, call: scores, phase: playing
2026-06-13 15:22:03, tokens_remaining: 1600, call: scores, phase: playing
2026-06-13 15:22:04, tokens_remaining: 1599, call: scores, phase: playing
2026-06-13 15:22:05, tokens_remaining: 1598, call: events, phase: playing
2026-06-13 15:22:05, tokens_remaining: 1599, call: scores, phase: playing
2026-06-13 15:22:05, tokens_remaining: 1597, call: scores, phase: playing
2026-06-13 15:22:06, tokens_remaining: 1597, call: scores, phase: playing
2026-06-13 15:22:06, tokens_remaining: 1597, call: scores, phase: playing
2026-06-13 15:22:06, tokens_remaining: 1597, call: scores, phase: playing
2026-06-13 15:22:07, tokens_remaining: 1596, call: scores, phase: playing
2026-06-13 15:22:07, tokens_remaining: 1596, call: scores, phase: playing
2026-06-13 15:22:07, tokens_remaining: 1596, call: scores, phase: playing
2026-06-13 15:22:08, tokens_remaining: 1596, call: scores, phase: playing
2026-06-13 15:22:08, tokens_remaining: 1595, call: events, phase: playing
2026-06-13 15:22:09, tokens_remaining: 1594, call: scores, phase: playing
2026-06-13 15:22:09, tokens_remaining: 1594, call: scores, phase: playing
2026-06-13 15:22:09, tokens_remaining: 1594, call: scores, phase: playing
2026-06-13 15:22:10, tokens_remaining: 1594, call: scores, phase: playing
2026-06-13 15:22:10, tokens_remaining: 1593, call: scores, phase: playing
2026-06-13 15:22:10, tokens_remaining: 1593, call: scores, phase: playing
2026-06-13 15:22:11, tokens_remaining: 1593, call: scores, phase: playing
2026-06-13 15:22:11, tokens_remaining: 1593, call: scores, phase: playing
2026-06-13 15:22:12, tokens_remaining: 1592, call: scores, phase: playing
2026-06-13 15:22:12, tokens_remaining: 1591, call: events, phase: playing
2026-06-13 15:22:12, tokens_remaining: 1592, call: scores, phase: playing
2026-06-13 15:22:13, tokens_remaining: 1590, call: scores, phase: playing
2026-06-13 15:22:13, tokens_remaining: 1590, call: scores, phase: playing
2026-06-13 15:22:13, tokens_remaining: 1590, call: scores, phase: playing
2026-06-13 15:22:14, tokens_remaining: 1590, call: scores, phase: playing
2026-06-13 15:22:14, tokens_remaining: 1589, call: scores, phase: playing
2026-06-13 15:22:15, tokens_remaining: 1589, call: scores, phase: playing
2026-06-13 15:22:15, tokens_remaining: 1589, call: scores, phase: playing
2026-06-13 15:22:15, tokens_remaining: 1589, call: scores, phase: playing
2026-06-13 15:22:16, tokens_remaining: 1588, call: events, phase: playing
2026-06-13 15:22:16, tokens_remaining: 1587, call: scores, phase: playing
2026-06-13 15:22:16, tokens_remaining: 1587, call: scores, phase: playing
2026-06-13 15:22:17, tokens_remaining: 1587, call: scores, phase: playing
2026-06-13 15:22:17, tokens_remaining: 1587, call: scores, phase: playing
2026-06-13 15:22:18, tokens_remaining: 1586, call: scores, phase: playing
2026-06-13 15:22:18, tokens_remaining: 1586, call: scores, phase: playing
2026-06-13 15:22:18, tokens_remaining: 1586, call: scores, phase: playing
2026-06-13 15:22:18, tokens_remaining: 1586, call: scores, phase: playing
2026-06-13 15:22:19, tokens_remaining: 1585, call: scores, phase: playing
2026-06-13 15:22:19, tokens_remaining: 1584, call: events, phase: playing
2026-06-13 15:22:20, tokens_remaining: 1585, call: scores, phase: playing
2026-06-13 15:22:20, tokens_remaining: 1583, call: scores, phase: playing
2026-06-13 15:22:21, tokens_remaining: 1583, call: scores, phase: playing
2026-06-13 15:22:21, tokens_remaining: 1583, call: scores, phase: playing
2026-06-13 15:22:21, tokens_remaining: 1583, call: scores, phase: playing
2026-06-13 15:22:22, tokens_remaining: 1582, call: scores, phase: playing
2026-06-13 15:22:22, tokens_remaining: 1582, call: scores, phase: playing
2026-06-13 15:22:22, tokens_remaining: 1582, call: scores, phase: playing
2026-06-13 15:22:22, tokens_remaining: 1582, call: scores, phase: playing
2026-06-13 15:22:23, tokens_remaining: 1581, call: events, phase: playing
2026-06-13 15:22:24, tokens_remaining: 1580, call: scores, phase: playing
2026-06-13 15:22:24, tokens_remaining: 1580, call: scores, phase: playing
2026-06-13 15:22:24, tokens_remaining: 1580, call: scores, phase: playing
2026-06-13 15:22:24, tokens_remaining: 1580, call: scores, phase: playing
2026-06-13 15:22:25, tokens_remaining: 1579, call: scores, phase: playing
2026-06-13 15:22:25, tokens_remaining: 1579, call: scores, phase: playing
2026-06-13 15:22:25, tokens_remaining: 1579, call: scores, phase: playing
2026-06-13 15:22:26, tokens_remaining: 1579, call: scores, phase: playing
2026-06-13 15:22:26, tokens_remaining: 1578, call: scores, phase: playing
2026-06-13 15:22:27, tokens_remaining: 1577, call: events, phase: playing
2026-06-13 15:22:27, tokens_remaining: 1578, call: scores, phase: playing
2026-06-13 15:22:28, tokens_remaining: 1576, call: scores, phase: playing
2026-06-13 15:22:28, tokens_remaining: 1576, call: scores, phase: playing
2026-06-13 15:22:28, tokens_remaining: 1576, call: scores, phase: playing
2026-06-13 15:22:28, tokens_remaining: 1576, call: scores, phase: playing
2026-06-13 15:22:29, tokens_remaining: 1575, call: scores, phase: playing
2026-06-13 15:22:29, tokens_remaining: 1575, call: scores, phase: playing
2026-06-13 15:22:29, tokens_remaining: 1575, call: scores, phase: playing
2026-06-13 15:22:30, tokens_remaining: 1575, call: scores, phase: playing
2026-06-13 15:22:30, tokens_remaining: 1574, call: events, phase: playing
2026-06-13 15:22:31, tokens_remaining: 1573, call: scores, phase: playing
2026-06-13 15:22:31, tokens_remaining: 1573, call: scores, phase: playing
2026-06-13 15:22:31, tokens_remaining: 1573, call: scores, phase: playing
2026-06-13 15:22:32, tokens_remaining: 1573, call: scores, phase: playing
2026-06-13 15:22:32, tokens_remaining: 1572, call: scores, phase: playing
2026-06-13 15:22:32, tokens_remaining: 1572, call: scores, phase: playing
2026-06-13 15:22:33, tokens_remaining: 1572, call: scores, phase: playing
2026-06-13 15:22:33, tokens_remaining: 1572, call: scores, phase: playing
2026-06-13 15:22:34, tokens_remaining: 1571, call: scores, phase: playing
2026-06-13 15:22:34, tokens_remaining: 1570, call: events, phase: playing
2026-06-13 15:22:34, tokens_remaining: 1571, call: scores, phase: playing
2026-06-13 15:22:35, tokens_remaining: 1569, call: scores, phase: playing
2026-06-13 15:22:35, tokens_remaining: 1569, call: scores, phase: playing
2026-06-13 15:22:35, tokens_remaining: 1569, call: scores, phase: playing
2026-06-13 15:22:36, tokens_remaining: 1569, call: scores, phase: playing
2026-06-13 15:22:36, tokens_remaining: 1568, call: scores, phase: playing
2026-06-13 15:22:36, tokens_remaining: 1568, call: scores, phase: playing
2026-06-13 15:22:37, tokens_remaining: 1568, call: scores, phase: playing
2026-06-13 15:22:37, tokens_remaining: 1568, call: scores, phase: playing
2026-06-13 15:22:37, tokens_remaining: 1567, call: events, phase: playing
2026-06-13 15:22:38, tokens_remaining: 1566, call: scores, phase: playing
2026-06-13 15:22:38, tokens_remaining: 1566, call: scores, phase: playing
2026-06-13 15:22:39, tokens_remaining: 1566, call: scores, phase: playing
2026-06-13 15:22:39, tokens_remaining: 1566, call: scores, phase: playing
2026-06-13 15:22:39, tokens_remaining: 1565, call: scores, phase: playing
2026-06-13 15:22:40, tokens_remaining: 1565, call: scores, phase: playing
2026-06-13 15:22:40, tokens_remaining: 1565, call: scores, phase: playing
2026-06-13 15:22:40, tokens_remaining: 1565, call: scores, phase: playing
2026-06-13 15:22:41, tokens_remaining: 1564, call: scores, phase: playing
2026-06-13 15:22:41, tokens_remaining: 1563, call: events, phase: playing
2026-06-13 15:22:41, tokens_remaining: 1564, call: scores, phase: playing
2026-06-13 15:22:42, tokens_remaining: 1562, call: scores, phase: playing
2026-06-13 15:22:42, tokens_remaining: 1562, call: scores, phase: playing
2026-06-13 15:22:42, tokens_remaining: 1562, call: scores, phase: playing
2026-06-13 15:22:43, tokens_remaining: 1562, call: scores, phase: playing
2026-06-13 15:22:43, tokens_remaining: 1561, call: scores, phase: playing
2026-06-13 15:22:44, tokens_remaining: 1561, call: scores, phase: playing
2026-06-13 15:22:44, tokens_remaining: 1561, call: scores, phase: playing
2026-06-13 15:22:44, tokens_remaining: 1561, call: scores, phase: playing
2026-06-13 15:22:45, tokens_remaining: 1560, call: events, phase: playing
2026-06-13 15:22:45, tokens_remaining: 1559, call: scores, phase: playing
2026-06-13 15:22:45, tokens_remaining: 1559, call: scores, phase: playing
2026-06-13 15:22:46, tokens_remaining: 1559, call: scores, phase: playing
2026-06-13 15:22:46, tokens_remaining: 1559, call: scores, phase: playing
2026-06-13 15:22:46, tokens_remaining: 1558, call: scores, phase: playing
2026-06-13 15:22:47, tokens_remaining: 1558, call: scores, phase: playing
2026-06-13 15:22:47, tokens_remaining: 1558, call: scores, phase: playing
2026-06-13 15:22:47, tokens_remaining: 1558, call: scores, phase: playing
2026-06-13 15:22:48, tokens_remaining: 1557, call: scores, phase: playing
2026-06-13 15:22:48, tokens_remaining: 1556, call: events, phase: playing
2026-06-13 15:22:48, tokens_remaining: 1557, call: scores, phase: playing
2026-06-13 15:22:49, tokens_remaining: 1555, call: scores, phase: playing
2026-06-13 15:22:49, tokens_remaining: 1555, call: scores, phase: playing
2026-06-13 15:22:49, tokens_remaining: 1555, call: scores, phase: playing
2026-06-13 15:22:50, tokens_remaining: 1555, call: scores, phase: playing
2026-06-13 15:22:50, tokens_remaining: 1554, call: scores, phase: playing
2026-06-13 15:22:50, tokens_remaining: 1554, call: scores, phase: playing
2026-06-13 15:22:51, tokens_remaining: 1554, call: scores, phase: playing
2026-06-13 15:22:51, tokens_remaining: 1554, call: scores, phase: playing
2026-06-13 15:22:51, tokens_remaining: 1553, call: events, phase: playing
2026-06-13 15:22:52, tokens_remaining: 1552, call: scores, phase: playing
2026-06-13 15:22:52, tokens_remaining: 1552, call: scores, phase: playing
2026-06-13 15:22:52, tokens_remaining: 1552, call: scores, phase: playing
2026-06-13 15:22:53, tokens_remaining: 1552, call: scores, phase: playing
2026-06-13 15:22:53, tokens_remaining: 1551, call: scores, phase: playing
2026-06-13 15:22:53, tokens_remaining: 1551, call: scores, phase: playing
2026-06-13 15:22:54, tokens_remaining: 1551, call: scores, phase: playing
2026-06-13 15:22:54, tokens_remaining: 1551, call: scores, phase: playing
2026-06-13 15:22:55, tokens_remaining: 1550, call: scores, phase: playing
2026-06-13 15:22:55, tokens_remaining: 1549, call: events, phase: playing
2026-06-13 15:22:55, tokens_remaining: 1550, call: scores, phase: playing
2026-06-13 15:22:56, tokens_remaining: 1548, call: scores, phase: playing
2026-06-13 15:22:56, tokens_remaining: 1548, call: scores, phase: playing
2026-06-13 15:22:56, tokens_remaining: 1548, call: scores, phase: playing
2026-06-13 15:22:57, tokens_remaining: 1548, call: scores, phase: playing
2026-06-13 15:22:57, tokens_remaining: 1547, call: scores, phase: playing
2026-06-13 15:22:57, tokens_remaining: 1547, call: scores, phase: playing
2026-06-13 15:22:58, tokens_remaining: 1547, call: scores, phase: playing
2026-06-13 15:22:58, tokens_remaining: 1547, call: scores, phase: playing
2026-06-13 15:22:58, tokens_remaining: 1546, call: events, phase: playing
2026-06-13 15:22:59, tokens_remaining: 1545, call: scores, phase: playing
2026-06-13 15:22:59, tokens_remaining: 1545, call: scores, phase: playing
2026-06-13 15:22:59, tokens_remaining: 1545, call: scores, phase: playing
2026-06-13 15:23:00, tokens_remaining: 1545, call: scores, phase: playing
2026-06-13 15:23:00, tokens_remaining: 1544, call: scores, phase: playing
2026-06-13 15:23:00, tokens_remaining: 1544, call: scores, phase: playing
2026-06-13 15:23:01, tokens_remaining: 1544, call: scores, phase: playing
2026-06-13 15:23:01, tokens_remaining: 1544, call: scores, phase: playing
2026-06-13 15:23:01, tokens_remaining: 1543, call: scores, phase: playing
2026-06-13 15:23:02, tokens_remaining: 1542, call: events, phase: playing
2026-06-13 15:23:02, tokens_remaining: 1543, call: scores, phase: playing
2026-06-13 15:23:03, tokens_remaining: 1541, call: scores, phase: playing
2026-06-13 15:23:03, tokens_remaining: 1541, call: scores, phase: playing
2026-06-13 15:23:03, tokens_remaining: 1541, call: scores, phase: playing
2026-06-13 15:23:03, tokens_remaining: 1541, call: scores, phase: playing
2026-06-13 15:23:04, tokens_remaining: 1540, call: scores, phase: playing
2026-06-13 15:23:04, tokens_remaining: 1540, call: scores, phase: playing
2026-06-13 15:23:04, tokens_remaining: 1540, call: scores, phase: playing
2026-06-13 15:23:05, tokens_remaining: 1540, call: scores, phase: playing
2026-06-13 15:23:05, tokens_remaining: 1539, call: events, phase: playing
2026-06-13 15:23:06, tokens_remaining: 1538, call: scores, phase: playing
2026-06-13 15:23:06, tokens_remaining: 1538, call: scores, phase: playing
2026-06-13 15:23:06, tokens_remaining: 1538, call: scores, phase: playing
2026-06-13 15:23:06, tokens_remaining: 1538, call: scores, phase: playing
2026-06-13 15:23:07, tokens_remaining: 1538, call: scores, phase: playing
2026-06-13 15:23:07, tokens_remaining: 1537, call: scores, phase: playing
2026-06-13 15:23:08, tokens_remaining: 1537, call: scores, phase: playing
2026-06-13 15:23:08, tokens_remaining: 1537, call: scores, phase: playing
2026-06-13 15:23:08, tokens_remaining: 1537, call: scores, phase: playing
2026-06-13 15:23:09, tokens_remaining: 1536, call: events, phase: playing
2026-06-13 15:23:09, tokens_remaining: 1535, call: scores, phase: playing
2026-06-13 15:23:09, tokens_remaining: 1535, call: scores, phase: playing
2026-06-13 15:23:10, tokens_remaining: 1535, call: scores, phase: playing
2026-06-13 15:23:10, tokens_remaining: 1535, call: scores, phase: playing
2026-06-13 15:23:10, tokens_remaining: 1534, call: scores, phase: playing
2026-06-13 15:23:11, tokens_remaining: 1534, call: scores, phase: playing
2026-06-13 15:23:11, tokens_remaining: 1534, call: scores, phase: playing
2026-06-13 15:23:11, tokens_remaining: 1534, call: scores, phase: playing
2026-06-13 15:23:12, tokens_remaining: 1533, call: scores, phase: playing
2026-06-13 15:23:12, tokens_remaining: 1532, call: events, phase: playing
2026-06-13 15:23:12, tokens_remaining: 1533, call: scores, phase: playing
2026-06-13 15:23:13, tokens_remaining: 1531, call: scores, phase: playing
2026-06-13 15:23:13, tokens_remaining: 1531, call: scores, phase: playing
2026-06-13 15:23:13, tokens_remaining: 1531, call: scores, phase: playing
2026-06-13 15:23:14, tokens_remaining: 1531, call: scores, phase: playing
2026-06-13 15:23:14, tokens_remaining: 1531, call: scores, phase: playing
2026-06-13 15:23:14, tokens_remaining: 1530, call: scores, phase: playing
2026-06-13 15:23:15, tokens_remaining: 1530, call: scores, phase: playing
2026-06-13 15:23:15, tokens_remaining: 1530, call: scores, phase: playing
2026-06-13 15:23:15, tokens_remaining: 1529, call: events, phase: playing
2026-06-13 15:23:16, tokens_remaining: 1528, call: scores, phase: playing
2026-06-13 15:23:16, tokens_remaining: 1528, call: scores, phase: playing
2026-06-13 15:23:16, tokens_remaining: 1528, call: scores, phase: playing
2026-06-13 15:23:17, tokens_remaining: 1528, call: scores, phase: playing
2026-06-13 15:23:17, tokens_remaining: 1528, call: scores, phase: playing
2026-06-13 15:23:17, tokens_remaining: 1527, call: scores, phase: playing
2026-06-13 15:23:17, tokens_remaining: 1527, call: scores, phase: playing
2026-06-13 15:23:18, tokens_remaining: 1527, call: scores, phase: playing
2026-06-13 15:23:18, tokens_remaining: 1527, call: scores, phase: playing
2026-06-13 15:23:18, tokens_remaining: 1526, call: events, phase: playing
2026-06-13 15:23:19, tokens_remaining: 1525, call: scores, phase: playing
2026-06-13 15:23:19, tokens_remaining: 1525, call: scores, phase: playing
2026-06-13 15:23:19, tokens_remaining: 1525, call: scores, phase: playing
2026-06-13 15:23:20, tokens_remaining: 1525, call: scores, phase: playing
2026-06-13 15:23:20, tokens_remaining: 1525, call: scores, phase: playing
2026-06-13 15:23:20, tokens_remaining: 1524, call: scores, phase: playing
2026-06-13 15:23:21, tokens_remaining: 1524, call: scores, phase: playing
2026-06-13 15:23:21, tokens_remaining: 1524, call: scores, phase: playing
2026-06-13 15:23:21, tokens_remaining: 1524, call: scores, phase: playing
2026-06-13 15:23:22, tokens_remaining: 1523, call: events, phase: playing
2026-06-13 15:23:22, tokens_remaining: 1522, call: scores, phase: playing
2026-06-13 15:23:22, tokens_remaining: 1522, call: scores, phase: playing
2026-06-13 15:23:23, tokens_remaining: 1522, call: scores, phase: playing
2026-06-13 15:23:23, tokens_remaining: 1522, call: scores, phase: playing
2026-06-13 15:23:23, tokens_remaining: 1522, call: scores, phase: playing
2026-06-13 15:23:24, tokens_remaining: 1521, call: scores, phase: playing
2026-06-13 15:23:24, tokens_remaining: 1521, call: scores, phase: playing
2026-06-13 15:23:24, tokens_remaining: 1521, call: scores, phase: playing
2026-06-13 15:23:24, tokens_remaining: 1521, call: scores, phase: playing
2026-06-13 15:23:25, tokens_remaining: 1520, call: events, phase: playing
2026-06-13 15:23:25, tokens_remaining: 1519, call: scores, phase: playing
2026-06-13 15:23:26, tokens_remaining: 1519, call: scores, phase: playing
2026-06-13 15:23:26, tokens_remaining: 1519, call: scores, phase: playing
2026-06-13 15:23:26, tokens_remaining: 1519, call: scores, phase: playing
2026-06-13 15:23:26, tokens_remaining: 1519, call: scores, phase: playing
2026-06-13 15:23:27, tokens_remaining: 1518, call: scores, phase: playing
2026-06-13 15:23:27, tokens_remaining: 1518, call: scores, phase: playing
2026-06-13 15:23:27, tokens_remaining: 1518, call: scores, phase: playing
2026-06-13 15:23:28, tokens_remaining: 1518, call: scores, phase: playing
2026-06-13 15:23:28, tokens_remaining: 1517, call: events, phase: playing
2026-06-13 15:23:29, tokens_remaining: 1516, call: scores, phase: playing
2026-06-13 15:23:29, tokens_remaining: 1516, call: scores, phase: playing
2026-06-13 15:23:29, tokens_remaining: 1516, call: scores, phase: playing
2026-06-13 15:23:29, tokens_remaining: 1516, call: scores, phase: playing
2026-06-13 15:23:29, tokens_remaining: 1516, call: scores, phase: playing
2026-06-13 15:23:30, tokens_remaining: 1515, call: scores, phase: playing
2026-06-13 15:23:30, tokens_remaining: 1515, call: scores, phase: playing
2026-06-13 15:23:30, tokens_remaining: 1515, call: scores, phase: playing
2026-06-13 15:23:31, tokens_remaining: 1515, call: scores, phase: playing
2026-06-13 15:23:31, tokens_remaining: 1514, call: events, phase: playing
2026-06-13 15:23:32, tokens_remaining: 1513, call: scores, phase: playing
2026-06-13 15:23:32, tokens_remaining: 1513, call: scores, phase: playing
2026-06-13 15:23:32, tokens_remaining: 1513, call: scores, phase: playing
2026-06-13 15:23:32, tokens_remaining: 1513, call: scores, phase: playing
2026-06-13 15:23:33, tokens_remaining: 1513, call: scores, phase: playing
2026-06-13 15:23:33, tokens_remaining: 1512, call: scores, phase: playing
2026-06-13 15:23:33, tokens_remaining: 1512, call: scores, phase: playing
2026-06-13 15:23:34, tokens_remaining: 1512, call: scores, phase: playing
2026-06-13 15:23:34, tokens_remaining: 1512, call: scores, phase: playing
2026-06-13 15:23:34, tokens_remaining: 1511, call: events, phase: playing
2026-06-13 15:23:35, tokens_remaining: 1510, call: scores, phase: playing
2026-06-13 15:23:35, tokens_remaining: 1510, call: scores, phase: playing
2026-06-13 15:23:35, tokens_remaining: 1510, call: scores, phase: playing
2026-06-13 15:23:36, tokens_remaining: 1510, call: scores, phase: playing
2026-06-13 15:23:36, tokens_remaining: 1510, call: scores, phase: playing
2026-06-13 15:23:36, tokens_remaining: 1509, call: scores, phase: playing
2026-06-13 15:23:36, tokens_remaining: 1509, call: scores, phase: playing
2026-06-13 15:23:37, tokens_remaining: 1509, call: scores, phase: playing
2026-06-13 15:23:37, tokens_remaining: 1509, call: scores, phase: playing
2026-06-13 15:23:37, tokens_remaining: 1508, call: events, phase: playing
2026-06-13 15:23:38, tokens_remaining: 1507, call: scores, phase: playing
2026-06-13 15:23:38, tokens_remaining: 1507, call: scores, phase: playing
2026-06-13 15:23:38, tokens_remaining: 1507, call: scores, phase: playing
2026-06-13 15:23:39, tokens_remaining: 1507, call: scores, phase: playing
2026-06-13 15:23:39, tokens_remaining: 1507, call: scores, phase: playing
2026-06-13 15:23:39, tokens_remaining: 1506, call: scores, phase: playing
2026-06-13 15:23:40, tokens_remaining: 1506, call: scores, phase: playing
2026-06-13 15:23:40, tokens_remaining: 1506, call: scores, phase: playing
2026-06-13 15:23:40, tokens_remaining: 1506, call: scores, phase: playing
2026-06-13 15:23:40, tokens_remaining: 1505, call: events, phase: playing
2026-06-13 15:23:41, tokens_remaining: 1504, call: scores, phase: playing
2026-06-13 15:23:41, tokens_remaining: 1504, call: scores, phase: playing
2026-06-13 15:23:41, tokens_remaining: 1504, call: scores, phase: playing
2026-06-13 15:23:42, tokens_remaining: 1504, call: scores, phase: playing
2026-06-13 15:23:42, tokens_remaining: 1504, call: scores, phase: playing
2026-06-13 15:23:42, tokens_remaining: 1503, call: scores, phase: playing
2026-06-13 15:23:43, tokens_remaining: 1503, call: scores, phase: playing
2026-06-13 15:23:43, tokens_remaining: 1503, call: scores, phase: playing
2026-06-13 15:23:43, tokens_remaining: 1503, call: scores, phase: playing
2026-06-13 15:23:44, tokens_remaining: 1502, call: events, phase: playing
2026-06-13 15:23:44, tokens_remaining: 1501, call: scores, phase: playing
2026-06-13 15:23:44, tokens_remaining: 1501, call: scores, phase: playing
2026-06-13 15:23:44, tokens_remaining: 1501, call: scores, phase: playing
2026-06-13 15:23:45, tokens_remaining: 1501, call: scores, phase: playing
2026-06-13 15:23:45, tokens_remaining: 1501, call: scores, phase: playing
2026-06-13 15:23:45, tokens_remaining: 1500, call: scores, phase: playing
2026-06-13 15:23:46, tokens_remaining: 1500, call: scores, phase: playing
2026-06-13 15:23:46, tokens_remaining: 1500, call: scores, phase: playing
2026-06-13 15:23:46, tokens_remaining: 1500, call: scores, phase: playing
2026-06-13 15:23:47, tokens_remaining: 1499, call: events, phase: playing
2026-06-13 15:23:47, tokens_remaining: 1498, call: scores, phase: playing
2026-06-13 15:23:47, tokens_remaining: 1498, call: scores, phase: playing
2026-06-13 15:23:48, tokens_remaining: 1498, call: scores, phase: playing
2026-06-13 15:23:48, tokens_remaining: 1498, call: scores, phase: playing
2026-06-13 15:23:48, tokens_remaining: 1498, call: scores, phase: playing
2026-06-13 15:23:48, tokens_remaining: 1497, call: scores, phase: playing
2026-06-13 15:23:49, tokens_remaining: 1497, call: scores, phase: playing
2026-06-13 15:23:49, tokens_remaining: 1497, call: scores, phase: playing
2026-06-13 15:23:49, tokens_remaining: 1497, call: scores, phase: playing
2026-06-13 15:23:50, tokens_remaining: 1496, call: events, phase: playing
2026-06-13 15:23:50, tokens_remaining: 1495, call: scores, phase: playing
2026-06-13 15:23:50, tokens_remaining: 1495, call: scores, phase: playing
2026-06-13 15:23:51, tokens_remaining: 1495, call: scores, phase: playing
2026-06-13 15:23:51, tokens_remaining: 1495, call: scores, phase: playing
2026-06-13 15:23:51, tokens_remaining: 1495, call: scores, phase: playing
2026-06-13 15:23:51, tokens_remaining: 1494, call: scores, phase: playing
2026-06-13 15:23:52, tokens_remaining: 1494, call: scores, phase: playing
2026-06-13 15:23:52, tokens_remaining: 1494, call: scores, phase: playing
2026-06-13 15:23:52, tokens_remaining: 1494, call: scores, phase: playing
2026-06-13 15:23:53, tokens_remaining: 1493, call: events, phase: playing
2026-06-13 15:23:53, tokens_remaining: 1492, call: scores, phase: playing
2026-06-13 15:23:53, tokens_remaining: 1492, call: scores, phase: playing
2026-06-13 15:23:54, tokens_remaining: 1492, call: scores, phase: playing
2026-06-13 15:23:54, tokens_remaining: 1492, call: scores, phase: playing
2026-06-13 15:23:54, tokens_remaining: 1492, call: scores, phase: playing
2026-06-13 15:23:54, tokens_remaining: 1491, call: scores, phase: playing
2026-06-13 15:23:55, tokens_remaining: 1491, call: scores, phase: playing
2026-06-13 15:23:55, tokens_remaining: 1491, call: scores, phase: playing
2026-06-13 15:23:55, tokens_remaining: 1491, call: scores, phase: playing
2026-06-13 15:23:56, tokens_remaining: 1490, call: events, phase: playing
2026-06-13 15:23:56, tokens_remaining: 1489, call: scores, phase: playing
2026-06-13 15:23:56, tokens_remaining: 1489, call: scores, phase: playing
2026-06-13 15:23:56, tokens_remaining: 1489, call: scores, phase: playing
2026-06-13 15:23:57, tokens_remaining: 1489, call: scores, phase: playing
2026-06-13 15:23:57, tokens_remaining: 1489, call: scores, phase: playing
2026-06-13 15:23:57, tokens_remaining: 1488, call: scores, phase: playing
2026-06-13 15:23:58, tokens_remaining: 1488, call: scores, phase: playing
2026-06-13 15:23:58, tokens_remaining: 1488, call: scores, phase: playing
2026-06-13 15:23:58, tokens_remaining: 1488, call: scores, phase: playing
2026-06-13 15:23:59, tokens_remaining: 1487, call: events, phase: playing
2026-06-13 15:23:59, tokens_remaining: 1486, call: scores, phase: playing
2026-06-13 15:23:59, tokens_remaining: 1486, call: scores, phase: playing
2026-06-13 15:24:00, tokens_remaining: 1486, call: scores, phase: playing
2026-06-13 15:24:00, tokens_remaining: 1486, call: scores, phase: playing
2026-06-13 15:24:00, tokens_remaining: 1486, call: scores, phase: playing
2026-06-13 15:24:00, tokens_remaining: 1485, call: scores, phase: playing
2026-06-13 15:24:01, tokens_remaining: 1485, call: scores, phase: playing
2026-06-13 15:24:01, tokens_remaining: 1485, call: scores, phase: playing
2026-06-13 15:24:01, tokens_remaining: 1485, call: scores, phase: playing
2026-06-13 15:24:02, tokens_remaining: 1484, call: events, phase: playing
2026-06-13 15:24:02, tokens_remaining: 1483, call: scores, phase: playing
2026-06-13 15:24:02, tokens_remaining: 1483, call: scores, phase: playing
2026-06-13 15:24:02, tokens_remaining: 1483, call: scores, phase: playing
2026-06-13 15:24:03, tokens_remaining: 1483, call: scores, phase: playing
2026-06-13 15:24:03, tokens_remaining: 1483, call: scores, phase: playing
2026-06-13 15:24:03, tokens_remaining: 1482, call: scores, phase: playing
2026-06-13 15:24:04, tokens_remaining: 1482, call: scores, phase: playing
2026-06-13 15:24:04, tokens_remaining: 1482, call: scores, phase: playing
2026-06-13 15:24:04, tokens_remaining: 1482, call: scores, phase: playing
2026-06-13 15:24:05, tokens_remaining: 1481, call: events, phase: playing
2026-06-13 15:24:05, tokens_remaining: 1480, call: scores, phase: playing
2026-06-13 15:24:05, tokens_remaining: 1480, call: scores, phase: playing
2026-06-13 15:24:05, tokens_remaining: 1480, call: scores, phase: playing
2026-06-13 15:24:06, tokens_remaining: 1480, call: scores, phase: playing
2026-06-13 15:24:06, tokens_remaining: 1480, call: scores, phase: playing
2026-06-13 15:24:06, tokens_remaining: 1479, call: scores, phase: playing
2026-06-13 15:24:07, tokens_remaining: 1479, call: scores, phase: playing
2026-06-13 15:24:07, tokens_remaining: 1479, call: scores, phase: playing
2026-06-13 15:24:07, tokens_remaining: 1479, call: scores, phase: playing
2026-06-13 15:24:07, tokens_remaining: 1478, call: events, phase: playing
2026-06-13 15:24:08, tokens_remaining: 1477, call: scores, phase: playing
2026-06-13 15:24:08, tokens_remaining: 1477, call: scores, phase: playing
2026-06-13 15:24:08, tokens_remaining: 1477, call: scores, phase: playing
2026-06-13 15:24:09, tokens_remaining: 1477, call: scores, phase: playing
2026-06-13 15:24:09, tokens_remaining: 1477, call: scores, phase: playing
2026-06-13 15:24:09, tokens_remaining: 1476, call: scores, phase: playing
2026-06-13 15:24:09, tokens_remaining: 1476, call: scores, phase: playing
2026-06-13 15:24:10, tokens_remaining: 1476, call: scores, phase: playing
2026-06-13 15:24:10, tokens_remaining: 1476, call: scores, phase: playing
2026-06-13 15:24:10, tokens_remaining: 1475, call: events, phase: playing
2026-06-13 15:24:11, tokens_remaining: 1474, call: scores, phase: playing
2026-06-13 15:24:11, tokens_remaining: 1474, call: scores, phase: playing
2026-06-13 15:24:11, tokens_remaining: 1474, call: scores, phase: playing
2026-06-13 15:24:11, tokens_remaining: 1474, call: scores, phase: playing
2026-06-13 15:24:12, tokens_remaining: 1474, call: scores, phase: playing
2026-06-13 15:24:12, tokens_remaining: 1473, call: scores, phase: playing
2026-06-13 15:24:12, tokens_remaining: 1473, call: scores, phase: playing
2026-06-13 15:24:13, tokens_remaining: 1473, call: scores, phase: playing
2026-06-13 15:24:13, tokens_remaining: 1473, call: scores, phase: playing
2026-06-13 15:24:13, tokens_remaining: 1472, call: events, phase: playing
2026-06-13 15:24:14, tokens_remaining: 1471, call: scores, phase: playing
2026-06-13 15:24:14, tokens_remaining: 1471, call: scores, phase: playing
2026-06-13 15:24:14, tokens_remaining: 1471, call: scores, phase: playing
2026-06-13 15:24:14, tokens_remaining: 1471, call: scores, phase: playing
2026-06-13 15:24:14, tokens_remaining: 1471, call: scores, phase: playing
2026-06-13 15:24:15, tokens_remaining: 1470, call: scores, phase: playing
2026-06-13 15:24:15, tokens_remaining: 1470, call: scores, phase: playing
2026-06-13 15:24:15, tokens_remaining: 1470, call: scores, phase: playing
2026-06-13 15:24:16, tokens_remaining: 1470, call: scores, phase: playing
2026-06-13 15:24:16, tokens_remaining: 1469, call: events, phase: playing
2026-06-13 15:24:17, tokens_remaining: 1468, call: scores, phase: playing
2026-06-13 15:24:17, tokens_remaining: 1468, call: scores, phase: playing
2026-06-13 15:24:17, tokens_remaining: 1468, call: scores, phase: playing
2026-06-13 15:24:17, tokens_remaining: 1468, call: scores, phase: playing
2026-06-13 15:24:17, tokens_remaining: 1468, call: scores, phase: playing
2026-06-13 15:24:18, tokens_remaining: 1467, call: scores, phase: playing
2026-06-13 15:24:18, tokens_remaining: 1467, call: scores, phase: playing
2026-06-13 15:24:18, tokens_remaining: 1467, call: scores, phase: playing
2026-06-13 15:24:18, tokens_remaining: 1467, call: scores, phase: playing
2026-06-13 15:24:19, tokens_remaining: 1466, call: events, phase: playing
2026-06-13 15:24:19, tokens_remaining: 1465, call: scores, phase: playing
2026-06-13 15:24:20, tokens_remaining: 1465, call: scores, phase: playing
2026-06-13 15:24:20, tokens_remaining: 1465, call: scores, phase: playing
2026-06-13 15:24:20, tokens_remaining: 1465, call: scores, phase: playing
2026-06-13 15:24:20, tokens_remaining: 1465, call: scores, phase: playing
2026-06-13 15:24:21, tokens_remaining: 1464, call: scores, phase: playing
2026-06-13 15:24:21, tokens_remaining: 1464, call: scores, phase: playing
2026-06-13 15:24:21, tokens_remaining: 1464, call: scores, phase: playing
2026-06-13 15:24:21, tokens_remaining: 1464, call: scores, phase: playing
2026-06-13 15:24:22, tokens_remaining: 1463, call: events, phase: playing
2026-06-13 15:24:22, tokens_remaining: 1462, call: scores, phase: playing
2026-06-13 15:24:23, tokens_remaining: 1462, call: scores, phase: playing
2026-06-13 15:24:23, tokens_remaining: 1462, call: scores, phase: playing
2026-06-13 15:24:23, tokens_remaining: 1462, call: scores, phase: playing
2026-06-13 15:24:23, tokens_remaining: 1462, call: scores, phase: playing
2026-06-13 15:24:24, tokens_remaining: 1461, call: scores, phase: playing
2026-06-13 15:24:24, tokens_remaining: 1461, call: scores, phase: playing
2026-06-13 15:24:24, tokens_remaining: 1461, call: scores, phase: playing
2026-06-13 15:24:24, tokens_remaining: 1461, call: scores, phase: playing
2026-06-13 15:24:25, tokens_remaining: 1460, call: events, phase: playing
2026-06-13 15:24:25, tokens_remaining: 1459, call: scores, phase: playing
2026-06-13 15:24:25, tokens_remaining: 1459, call: scores, phase: playing
2026-06-13 15:24:26, tokens_remaining: 1459, call: scores, phase: playing
2026-06-13 15:24:26, tokens_remaining: 1459, call: scores, phase: playing
2026-06-13 15:24:26, tokens_remaining: 1459, call: scores, phase: playing
2026-06-13 15:24:26, tokens_remaining: 1458, call: scores, phase: playing
2026-06-13 15:24:27, tokens_remaining: 1458, call: scores, phase: playing
2026-06-13 15:24:27, tokens_remaining: 1458, call: scores, phase: playing
2026-06-13 15:24:27, tokens_remaining: 1458, call: scores, phase: playing
2026-06-13 15:24:27, tokens_remaining: 1457, call: events, phase: playing
2026-06-13 15:24:28, tokens_remaining: 1456, call: scores, phase: playing
2026-06-13 15:24:28, tokens_remaining: 1456, call: scores, phase: playing
2026-06-13 15:24:29, tokens_remaining: 1456, call: scores, phase: playing
2026-06-13 15:24:29, tokens_remaining: 1456, call: scores, phase: playing
2026-06-13 15:24:29, tokens_remaining: 1456, call: scores, phase: playing
2026-06-13 15:24:29, tokens_remaining: 1456, call: scores, phase: playing
2026-06-13 15:24:30, tokens_remaining: 1455, call: scores, phase: playing
2026-06-13 15:24:30, tokens_remaining: 1455, call: scores, phase: playing
2026-06-13 15:24:30, tokens_remaining: 1455, call: scores, phase: playing
2026-06-13 15:24:30, tokens_remaining: 1454, call: events, phase: playing
2026-06-13 15:24:31, tokens_remaining: 1453, call: scores, phase: playing
2026-06-13 15:24:31, tokens_remaining: 1453, call: scores, phase: playing
2026-06-13 15:24:31, tokens_remaining: 1453, call: scores, phase: playing
2026-06-13 15:24:31, tokens_remaining: 1453, call: scores, phase: playing
2026-06-13 15:24:32, tokens_remaining: 1453, call: scores, phase: playing
2026-06-13 15:24:32, tokens_remaining: 1453, call: scores, phase: playing
2026-06-13 15:24:32, tokens_remaining: 1452, call: scores, phase: playing
2026-06-13 15:24:33, tokens_remaining: 1452, call: scores, phase: playing
2026-06-13 15:24:33, tokens_remaining: 1452, call: scores, phase: playing
2026-06-13 15:24:33, tokens_remaining: 1451, call: events, phase: playing
2026-06-13 15:24:34, tokens_remaining: 1450, call: scores, phase: playing
2026-06-13 15:24:34, tokens_remaining: 1450, call: scores, phase: playing
2026-06-13 15:24:34, tokens_remaining: 1450, call: scores, phase: playing
2026-06-13 15:24:34, tokens_remaining: 1450, call: scores, phase: playing
2026-06-13 15:24:34, tokens_remaining: 1450, call: scores, phase: playing
2026-06-13 15:24:35, tokens_remaining: 1450, call: scores, phase: playing
2026-06-13 15:24:35, tokens_remaining: 1449, call: scores, phase: playing
2026-06-13 15:24:35, tokens_remaining: 1449, call: scores, phase: playing
2026-06-13 15:24:35, tokens_remaining: 1449, call: scores, phase: playing
2026-06-13 15:24:36, tokens_remaining: 1448, call: events, phase: playing
2026-06-13 15:24:36, tokens_remaining: 1447, call: scores, phase: playing
2026-06-13 15:24:37, tokens_remaining: 1447, call: scores, phase: playing
2026-06-13 15:24:37, tokens_remaining: 1447, call: scores, phase: playing
2026-06-13 15:24:37, tokens_remaining: 1447, call: scores, phase: playing
2026-06-13 15:24:37, tokens_remaining: 1447, call: scores, phase: playing
2026-06-13 15:24:37, tokens_remaining: 1447, call: scores, phase: playing
2026-06-13 15:24:38, tokens_remaining: 1446, call: scores, phase: playing
2026-06-13 15:24:38, tokens_remaining: 1446, call: scores, phase: playing
2026-06-13 15:24:38, tokens_remaining: 1446, call: scores, phase: playing
2026-06-13 15:24:39, tokens_remaining: 1445, call: events, phase: playing
2026-06-13 15:24:39, tokens_remaining: 1444, call: scores, phase: playing
2026-06-13 15:24:39, tokens_remaining: 1444, call: scores, phase: playing
2026-06-13 15:24:40, tokens_remaining: 1444, call: scores, phase: playing
2026-06-13 15:24:40, tokens_remaining: 1444, call: scores, phase: playing
2026-06-13 15:24:40, tokens_remaining: 1444, call: scores, phase: playing
2026-06-13 15:24:40, tokens_remaining: 1444, call: scores, phase: playing
2026-06-13 15:24:41, tokens_remaining: 1443, call: scores, phase: playing
2026-06-13 15:24:41, tokens_remaining: 1443, call: scores, phase: playing
2026-06-13 15:24:41, tokens_remaining: 1443, call: scores, phase: playing
2026-06-13 15:24:41, tokens_remaining: 1442, call: events, phase: playing
2026-06-13 15:24:42, tokens_remaining: 1441, call: scores, phase: playing
2026-06-13 15:24:42, tokens_remaining: 1441, call: scores, phase: playing
2026-06-13 15:24:42, tokens_remaining: 1441, call: scores, phase: playing
2026-06-13 15:24:42, tokens_remaining: 1441, call: scores, phase: playing
2026-06-13 15:24:43, tokens_remaining: 1441, call: scores, phase: playing
2026-06-13 15:24:43, tokens_remaining: 1441, call: scores, phase: playing
2026-06-13 15:24:43, tokens_remaining: 1440, call: scores, phase: playing
2026-06-13 15:24:43, tokens_remaining: 1440, call: scores, phase: playing
2026-06-13 15:24:44, tokens_remaining: 1440, call: scores, phase: playing
2026-06-13 15:24:44, tokens_remaining: 1439, call: events, phase: playing
2026-06-13 15:24:44, tokens_remaining: 1438, call: scores, phase: playing
2026-06-13 15:24:45, tokens_remaining: 1438, call: scores, phase: playing
2026-06-13 15:24:45, tokens_remaining: 1438, call: scores, phase: playing
2026-06-13 15:24:45, tokens_remaining: 1438, call: scores, phase: playing
2026-06-13 15:24:45, tokens_remaining: 1438, call: scores, phase: playing
2026-06-13 15:24:45, tokens_remaining: 1438, call: scores, phase: playing
2026-06-13 15:24:46, tokens_remaining: 1437, call: scores, phase: playing
2026-06-13 15:24:46, tokens_remaining: 1437, call: scores, phase: playing
2026-06-13 15:24:46, tokens_remaining: 1437, call: scores, phase: playing
2026-06-13 15:24:47, tokens_remaining: 1436, call: events, phase: playing
2026-06-13 15:24:47, tokens_remaining: 1435, call: scores, phase: playing
2026-06-13 15:24:47, tokens_remaining: 1435, call: scores, phase: playing
2026-06-13 15:24:48, tokens_remaining: 1435, call: scores, phase: playing
2026-06-13 15:24:48, tokens_remaining: 1435, call: scores, phase: playing
2026-06-13 15:24:48, tokens_remaining: 1435, call: scores, phase: playing
2026-06-13 15:24:48, tokens_remaining: 1435, call: scores, phase: playing
2026-06-13 15:24:49, tokens_remaining: 1434, call: scores, phase: playing
2026-06-13 15:24:49, tokens_remaining: 1434, call: scores, phase: playing
2026-06-13 15:24:49, tokens_remaining: 1434, call: scores, phase: playing
2026-06-13 15:24:49, tokens_remaining: 1433, call: events, phase: playing
2026-06-13 15:24:50, tokens_remaining: 1432, call: scores, phase: playing
2026-06-13 15:24:50, tokens_remaining: 1432, call: scores, phase: playing
2026-06-13 15:24:50, tokens_remaining: 1432, call: scores, phase: playing
2026-06-13 15:24:50, tokens_remaining: 1432, call: scores, phase: playing
2026-06-13 15:24:51, tokens_remaining: 1432, call: scores, phase: playing
2026-06-13 15:24:51, tokens_remaining: 1432, call: scores, phase: playing
2026-06-13 15:24:51, tokens_remaining: 1431, call: scores, phase: playing
2026-06-13 15:24:51, tokens_remaining: 1431, call: scores, phase: playing
2026-06-13 15:24:52, tokens_remaining: 1431, call: scores, phase: playing
2026-06-13 15:24:52, tokens_remaining: 1430, call: events, phase: playing
2026-06-13 15:24:52, tokens_remaining: 1429, call: scores, phase: playing
2026-06-13 15:24:53, tokens_remaining: 1429, call: scores, phase: playing
2026-06-13 15:24:53, tokens_remaining: 1429, call: scores, phase: playing
2026-06-13 15:24:53, tokens_remaining: 1429, call: scores, phase: playing
2026-06-13 15:24:53, tokens_remaining: 1429, call: scores, phase: playing
2026-06-13 15:24:53, tokens_remaining: 1429, call: scores, phase: playing
2026-06-13 15:24:54, tokens_remaining: 1428, call: scores, phase: playing
2026-06-13 15:24:54, tokens_remaining: 1428, call: scores, phase: playing
2026-06-13 15:24:54, tokens_remaining: 1428, call: scores, phase: playing
2026-06-13 15:24:55, tokens_remaining: 1427, call: events, phase: playing
2026-06-13 15:24:55, tokens_remaining: 1426, call: scores, phase: playing
2026-06-13 15:24:55, tokens_remaining: 1426, call: scores, phase: playing
2026-06-13 15:24:55, tokens_remaining: 1426, call: scores, phase: playing
2026-06-13 15:24:56, tokens_remaining: 1426, call: scores, phase: playing
2026-06-13 15:24:56, tokens_remaining: 1426, call: scores, phase: playing
2026-06-13 15:24:56, tokens_remaining: 1426, call: scores, phase: playing
2026-06-13 15:24:56, tokens_remaining: 1425, call: scores, phase: playing
2026-06-13 15:24:57, tokens_remaining: 1425, call: scores, phase: playing
2026-06-13 15:24:57, tokens_remaining: 1425, call: scores, phase: playing
2026-06-13 15:24:57, tokens_remaining: 1424, call: events, phase: playing
2026-06-13 15:24:58, tokens_remaining: 1423, call: scores, phase: playing
2026-06-13 15:24:58, tokens_remaining: 1423, call: scores, phase: playing
2026-06-13 15:24:58, tokens_remaining: 1423, call: scores, phase: playing
2026-06-13 15:24:58, tokens_remaining: 1423, call: scores, phase: playing
2026-06-13 15:24:58, tokens_remaining: 1423, call: scores, phase: playing
2026-06-13 15:24:59, tokens_remaining: 1423, call: scores, phase: playing
2026-06-13 15:24:59, tokens_remaining: 1422, call: scores, phase: playing
2026-06-13 15:24:59, tokens_remaining: 1422, call: scores, phase: playing
2026-06-13 15:24:59, tokens_remaining: 1422, call: scores, phase: playing
2026-06-13 15:25:00, tokens_remaining: 1421, call: events, phase: playing
2026-06-13 15:25:00, tokens_remaining: 1420, call: scores, phase: playing
2026-06-13 15:25:01, tokens_remaining: 1420, call: scores, phase: playing
2026-06-13 15:25:01, tokens_remaining: 1420, call: scores, phase: playing
2026-06-13 15:25:01, tokens_remaining: 1420, call: scores, phase: playing
2026-06-13 15:25:01, tokens_remaining: 1420, call: scores, phase: playing
2026-06-13 15:25:01, tokens_remaining: 1420, call: scores, phase: playing
2026-06-13 15:25:02, tokens_remaining: 1419, call: scores, phase: playing
2026-06-13 15:25:02, tokens_remaining: 1419, call: scores, phase: playing
2026-06-13 15:25:02, tokens_remaining: 1419, call: scores, phase: playing
2026-06-13 15:25:03, tokens_remaining: 1418, call: events, phase: playing
2026-06-13 15:25:03, tokens_remaining: 1417, call: scores, phase: playing
2026-06-13 15:25:03, tokens_remaining: 1417, call: scores, phase: playing
2026-06-13 15:25:03, tokens_remaining: 1417, call: scores, phase: playing
2026-06-13 15:25:04, tokens_remaining: 1417, call: scores, phase: playing
2026-06-13 15:25:04, tokens_remaining: 1417, call: scores, phase: playing
2026-06-13 15:25:04, tokens_remaining: 1417, call: scores, phase: playing
2026-06-13 15:25:04, tokens_remaining: 1416, call: scores, phase: playing
2026-06-13 15:25:04, tokens_remaining: 1416, call: scores, phase: playing
2026-06-13 15:25:05, tokens_remaining: 1416, call: scores, phase: playing
2026-06-13 15:25:05, tokens_remaining: 1415, call: events, phase: playing
2026-06-13 15:25:06, tokens_remaining: 1414, call: scores, phase: playing
2026-06-13 15:25:06, tokens_remaining: 1414, call: scores, phase: playing
2026-06-13 15:25:06, tokens_remaining: 1414, call: scores, phase: playing
2026-06-13 15:25:06, tokens_remaining: 1414, call: scores, phase: playing
2026-06-13 15:25:06, tokens_remaining: 1414, call: scores, phase: playing
2026-06-13 15:25:06, tokens_remaining: 1414, call: scores, phase: playing
2026-06-13 15:25:07, tokens_remaining: 1413, call: scores, phase: playing
2026-06-13 15:25:07, tokens_remaining: 1413, call: scores, phase: playing
2026-06-13 15:25:07, tokens_remaining: 1413, call: scores, phase: playing
2026-06-13 15:25:08, tokens_remaining: 1412, call: events, phase: playing
2026-06-13 15:25:08, tokens_remaining: 1413, call: scores, phase: playing
2026-06-13 15:25:08, tokens_remaining: 1411, call: scores, phase: playing
2026-06-13 15:25:09, tokens_remaining: 1411, call: scores, phase: playing
2026-06-13 15:25:09, tokens_remaining: 1411, call: scores, phase: playing
2026-06-13 15:25:09, tokens_remaining: 1411, call: scores, phase: playing
2026-06-13 15:25:09, tokens_remaining: 1411, call: scores, phase: playing
2026-06-13 15:25:09, tokens_remaining: 1411, call: scores, phase: playing
2026-06-13 15:25:10, tokens_remaining: 1410, call: scores, phase: playing
2026-06-13 15:25:10, tokens_remaining: 1410, call: scores, phase: playing
2026-06-13 15:25:10, tokens_remaining: 1409, call: events, phase: playing
2026-06-13 15:25:10, tokens_remaining: 1410, call: scores, phase: playing
2026-06-13 15:25:11, tokens_remaining: 1410, call: scores, phase: playing
2026-06-13 15:25:11, tokens_remaining: 1408, call: scores, phase: playing
2026-06-13 15:25:11, tokens_remaining: 1408, call: scores, phase: playing
2026-06-13 15:25:11, tokens_remaining: 1408, call: scores, phase: playing
2026-06-13 15:25:12, tokens_remaining: 1408, call: scores, phase: playing
2026-06-13 15:25:12, tokens_remaining: 1408, call: scores, phase: playing
2026-06-13 15:25:12, tokens_remaining: 1408, call: scores, phase: playing
2026-06-13 15:25:12, tokens_remaining: 1407, call: scores, phase: playing
2026-06-13 15:25:13, tokens_remaining: 1406, call: events, phase: playing
2026-06-13 15:25:13, tokens_remaining: 1407, call: scores, phase: playing
2026-06-13 15:25:13, tokens_remaining: 1407, call: scores, phase: playing
2026-06-13 15:25:13, tokens_remaining: 1407, call: scores, phase: playing
2026-06-13 15:25:14, tokens_remaining: 1405, call: scores, phase: playing
2026-06-13 15:25:14, tokens_remaining: 1405, call: scores, phase: playing
2026-06-13 15:25:14, tokens_remaining: 1405, call: scores, phase: playing
2026-06-13 15:25:14, tokens_remaining: 1405, call: scores, phase: playing
2026-06-13 15:25:14, tokens_remaining: 1405, call: scores, phase: playing
2026-06-13 15:25:15, tokens_remaining: 1405, call: scores, phase: playing
2026-06-13 15:25:15, tokens_remaining: 1404, call: events, phase: playing
2026-06-13 15:25:15, tokens_remaining: 1403, call: scores, phase: playing
2026-06-13 15:25:16, tokens_remaining: 1403, call: scores, phase: playing
2026-06-13 15:25:16, tokens_remaining: 1403, call: scores, phase: playing
2026-06-13 15:25:16, tokens_remaining: 1403, call: scores, phase: playing
2026-06-13 15:25:16, tokens_remaining: 1403, call: scores, phase: playing
2026-06-13 15:25:16, tokens_remaining: 1403, call: scores, phase: playing
2026-06-13 15:25:17, tokens_remaining: 1402, call: scores, phase: playing
2026-06-13 15:25:17, tokens_remaining: 1402, call: scores, phase: playing
2026-06-13 15:25:17, tokens_remaining: 1402, call: scores, phase: playing
2026-06-13 15:25:18, tokens_remaining: 1401, call: events, phase: playing
2026-06-13 15:25:18, tokens_remaining: 1400, call: scores, phase: playing
2026-06-13 15:25:18, tokens_remaining: 1400, call: scores, phase: playing
2026-06-13 15:25:18, tokens_remaining: 1400, call: scores, phase: playing
2026-06-13 15:25:19, tokens_remaining: 1400, call: scores, phase: playing
2026-06-13 15:25:19, tokens_remaining: 1400, call: scores, phase: playing
2026-06-13 15:25:19, tokens_remaining: 1400, call: scores, phase: playing
2026-06-13 15:25:19, tokens_remaining: 1399, call: scores, phase: playing
2026-06-13 15:25:19, tokens_remaining: 1399, call: scores, phase: playing
2026-06-13 15:25:20, tokens_remaining: 1399, call: scores, phase: playing
2026-06-13 15:25:20, tokens_remaining: 1398, call: events, phase: playing
2026-06-13 15:25:20, tokens_remaining: 1399, call: scores, phase: playing
2026-06-13 15:25:21, tokens_remaining: 1397, call: scores, phase: playing
2026-06-13 15:25:21, tokens_remaining: 1397, call: scores, phase: playing
2026-06-13 15:25:21, tokens_remaining: 1397, call: scores, phase: playing
2026-06-13 15:25:21, tokens_remaining: 1397, call: scores, phase: playing
2026-06-13 15:25:21, tokens_remaining: 1397, call: scores, phase: playing
2026-06-13 15:25:22, tokens_remaining: 1397, call: scores, phase: playing
2026-06-13 15:25:22, tokens_remaining: 1396, call: scores, phase: playing
2026-06-13 15:25:22, tokens_remaining: 1396, call: scores, phase: playing
2026-06-13 15:25:23, tokens_remaining: 1395, call: events, phase: playing
2026-06-13 15:25:23, tokens_remaining: 1396, call: scores, phase: playing
2026-06-13 15:25:23, tokens_remaining: 1396, call: scores, phase: playing
2026-06-13 15:25:23, tokens_remaining: 1394, call: scores, phase: playing
2026-06-13 15:25:24, tokens_remaining: 1394, call: scores, phase: playing
2026-06-13 15:25:24, tokens_remaining: 1394, call: scores, phase: playing
2026-06-13 15:25:24, tokens_remaining: 1394, call: scores, phase: playing
2026-06-13 15:25:24, tokens_remaining: 1394, call: scores, phase: playing
2026-06-13 15:25:24, tokens_remaining: 1394, call: scores, phase: playing
2026-06-13 15:25:25, tokens_remaining: 1393, call: scores, phase: playing
2026-06-13 15:25:25, tokens_remaining: 1392, call: events, phase: playing
2026-06-13 15:25:25, tokens_remaining: 1393, call: scores, phase: playing
2026-06-13 15:25:26, tokens_remaining: 1393, call: scores, phase: playing
2026-06-13 15:25:26, tokens_remaining: 1391, call: scores, phase: playing
2026-06-13 15:25:26, tokens_remaining: 1391, call: scores, phase: playing
2026-06-13 15:25:26, tokens_remaining: 1391, call: scores, phase: playing
2026-06-13 15:25:26, tokens_remaining: 1391, call: scores, phase: playing
2026-06-13 15:25:27, tokens_remaining: 1391, call: scores, phase: playing
2026-06-13 15:25:27, tokens_remaining: 1391, call: scores, phase: playing
2026-06-13 15:25:27, tokens_remaining: 1390, call: scores, phase: playing
2026-06-13 15:25:28, tokens_remaining: 1389, call: events, phase: playing
2026-06-13 15:25:28, tokens_remaining: 1390, call: scores, phase: playing
2026-06-13 15:25:28, tokens_remaining: 1390, call: scores, phase: playing
2026-06-13 15:25:29, tokens_remaining: 1388, call: scores, phase: playing
2026-06-13 15:25:29, tokens_remaining: 1388, call: scores, phase: playing
2026-06-13 15:25:29, tokens_remaining: 1388, call: scores, phase: playing
2026-06-13 15:25:29, tokens_remaining: 1388, call: scores, phase: playing
2026-06-13 15:25:29, tokens_remaining: 1388, call: scores, phase: playing
2026-06-13 15:25:29, tokens_remaining: 1388, call: scores, phase: playing
2026-06-13 15:25:30, tokens_remaining: 1387, call: scores, phase: playing
2026-06-13 15:25:30, tokens_remaining: 1386, call: events, phase: playing
2026-06-13 15:25:30, tokens_remaining: 1387, call: scores, phase: playing
2026-06-13 15:25:31, tokens_remaining: 1387, call: scores, phase: playing
2026-06-13 15:25:31, tokens_remaining: 1387, call: scores, phase: playing
2026-06-13 15:25:31, tokens_remaining: 1385, call: scores, phase: playing
2026-06-13 15:25:31, tokens_remaining: 1385, call: scores, phase: playing
2026-06-13 15:25:32, tokens_remaining: 1385, call: scores, phase: playing
2026-06-13 15:25:32, tokens_remaining: 1385, call: scores, phase: playing
2026-06-13 15:25:32, tokens_remaining: 1385, call: scores, phase: playing
2026-06-13 15:25:32, tokens_remaining: 1385, call: scores, phase: playing
2026-06-13 15:25:33, tokens_remaining: 1384, call: events, phase: playing
2026-06-13 15:25:33, tokens_remaining: 1383, call: scores, phase: playing
2026-06-13 15:25:33, tokens_remaining: 1383, call: scores, phase: playing
2026-06-13 15:25:33, tokens_remaining: 1383, call: scores, phase: playing
2026-06-13 15:25:33, tokens_remaining: 1383, call: scores, phase: playing
2026-06-13 15:25:34, tokens_remaining: 1383, call: scores, phase: playing
2026-06-13 15:25:34, tokens_remaining: 1383, call: scores, phase: playing
2026-06-13 15:25:34, tokens_remaining: 1382, call: scores, phase: playing
2026-06-13 15:25:34, tokens_remaining: 1382, call: scores, phase: playing
2026-06-13 15:25:35, tokens_remaining: 1382, call: scores, phase: playing
2026-06-13 15:25:35, tokens_remaining: 1381, call: events, phase: playing
2026-06-13 15:25:35, tokens_remaining: 1382, call: scores, phase: playing
2026-06-13 15:25:36, tokens_remaining: 1380, call: scores, phase: playing
2026-06-13 15:25:36, tokens_remaining: 1380, call: scores, phase: playing
2026-06-13 15:25:36, tokens_remaining: 1380, call: scores, phase: playing
2026-06-13 15:25:36, tokens_remaining: 1380, call: scores, phase: playing
2026-06-13 15:25:36, tokens_remaining: 1380, call: scores, phase: playing
2026-06-13 15:25:36, tokens_remaining: 1380, call: scores, phase: playing
2026-06-13 15:25:37, tokens_remaining: 1379, call: scores, phase: playing
2026-06-13 15:25:37, tokens_remaining: 1379, call: scores, phase: playing
2026-06-13 15:25:37, tokens_remaining: 1378, call: events, phase: playing
2026-06-13 15:25:38, tokens_remaining: 1379, call: scores, phase: playing
2026-06-13 15:25:38, tokens_remaining: 1379, call: scores, phase: playing
2026-06-13 15:25:38, tokens_remaining: 1377, call: scores, phase: playing
2026-06-13 15:25:38, tokens_remaining: 1377, call: scores, phase: playing
2026-06-13 15:25:39, tokens_remaining: 1377, call: scores, phase: playing
2026-06-13 15:25:39, tokens_remaining: 1377, call: scores, phase: playing
2026-06-13 15:25:39, tokens_remaining: 1377, call: scores, phase: playing
2026-06-13 15:25:39, tokens_remaining: 1377, call: scores, phase: playing
2026-06-13 15:25:40, tokens_remaining: 1376, call: scores, phase: playing
2026-06-13 15:25:40, tokens_remaining: 1375, call: events, phase: playing
2026-06-13 15:25:40, tokens_remaining: 1376, call: scores, phase: playing
2026-06-13 15:25:40, tokens_remaining: 1376, call: scores, phase: playing
2026-06-13 15:25:41, tokens_remaining: 1376, call: scores, phase: playing
2026-06-13 15:25:41, tokens_remaining: 1374, call: scores, phase: playing
2026-06-13 15:25:41, tokens_remaining: 1374, call: scores, phase: playing
2026-06-13 15:25:41, tokens_remaining: 1374, call: scores, phase: playing
2026-06-13 15:25:41, tokens_remaining: 1374, call: scores, phase: playing
2026-06-13 15:25:42, tokens_remaining: 1374, call: scores, phase: playing
2026-06-13 15:25:42, tokens_remaining: 1374, call: scores, phase: playing
2026-06-13 15:25:42, tokens_remaining: 1373, call: events, phase: playing
2026-06-13 15:25:43, tokens_remaining: 1372, call: scores, phase: playing
2026-06-13 15:25:43, tokens_remaining: 1372, call: scores, phase: playing
2026-06-13 15:25:43, tokens_remaining: 1372, call: scores, phase: playing
2026-06-13 15:25:43, tokens_remaining: 1372, call: scores, phase: playing
2026-06-13 15:25:43, tokens_remaining: 1372, call: scores, phase: playing
2026-06-13 15:25:44, tokens_remaining: 1372, call: scores, phase: playing
2026-06-13 15:25:44, tokens_remaining: 1371, call: scores, phase: playing
2026-06-13 15:25:44, tokens_remaining: 1371, call: scores, phase: playing
2026-06-13 15:25:44, tokens_remaining: 1371, call: scores, phase: playing
2026-06-13 15:25:45, tokens_remaining: 1370, call: events, phase: playing
2026-06-13 15:25:45, tokens_remaining: 1371, call: scores, phase: playing
2026-06-13 15:25:45, tokens_remaining: 1369, call: scores, phase: playing
2026-06-13 15:25:46, tokens_remaining: 1369, call: scores, phase: playing
2026-06-13 15:25:46, tokens_remaining: 1369, call: scores, phase: playing
2026-06-13 15:25:46, tokens_remaining: 1369, call: scores, phase: playing
2026-06-13 15:25:46, tokens_remaining: 1369, call: scores, phase: playing
2026-06-13 15:25:46, tokens_remaining: 1369, call: scores, phase: playing
2026-06-13 15:25:47, tokens_remaining: 1368, call: scores, phase: playing
2026-06-13 15:25:47, tokens_remaining: 1368, call: scores, phase: playing
2026-06-13 15:25:47, tokens_remaining: 1367, call: events, phase: playing
2026-06-13 15:25:48, tokens_remaining: 1368, call: scores, phase: playing
2026-06-13 15:25:48, tokens_remaining: 1366, call: scores, phase: playing
2026-06-13 15:25:48, tokens_remaining: 1366, call: scores, phase: playing
2026-06-13 15:25:48, tokens_remaining: 1366, call: scores, phase: playing
2026-06-13 15:25:48, tokens_remaining: 1366, call: scores, phase: playing
2026-06-13 15:25:49, tokens_remaining: 1366, call: scores, phase: playing
2026-06-13 15:25:49, tokens_remaining: 1366, call: scores, phase: playing
2026-06-13 15:25:49, tokens_remaining: 1365, call: scores, phase: playing
2026-06-13 15:25:49, tokens_remaining: 1365, call: scores, phase: playing
2026-06-13 15:25:50, tokens_remaining: 1364, call: events, phase: playing
2026-06-13 15:25:50, tokens_remaining: 1365, call: scores, phase: playing
2026-06-13 15:25:51, tokens_remaining: 1363, call: scores, phase: playing
2026-06-13 15:25:51, tokens_remaining: 1363, call: scores, phase: playing
2026-06-13 15:25:51, tokens_remaining: 1363, call: scores, phase: playing
2026-06-13 15:25:51, tokens_remaining: 1363, call: scores, phase: playing
2026-06-13 15:25:51, tokens_remaining: 1363, call: scores, phase: playing
2026-06-13 15:25:51, tokens_remaining: 1363, call: scores, phase: playing
2026-06-13 15:25:52, tokens_remaining: 1362, call: scores, phase: playing
2026-06-13 15:25:52, tokens_remaining: 1362, call: scores, phase: playing
2026-06-13 15:25:52, tokens_remaining: 1361, call: events, phase: playing
2026-06-13 15:25:53, tokens_remaining: 1362, call: scores, phase: playing
2026-06-13 15:25:53, tokens_remaining: 1362, call: scores, phase: playing
2026-06-13 15:25:53, tokens_remaining: 1360, call: scores, phase: playing
2026-06-13 15:25:53, tokens_remaining: 1360, call: scores, phase: playing
2026-06-13 15:25:54, tokens_remaining: 1360, call: scores, phase: playing
2026-06-13 15:25:54, tokens_remaining: 1360, call: scores, phase: playing
2026-06-13 15:25:54, tokens_remaining: 1360, call: scores, phase: playing
2026-06-13 15:25:54, tokens_remaining: 1360, call: scores, phase: playing
2026-06-13 15:25:54, tokens_remaining: 1359, call: scores, phase: playing
2026-06-13 15:25:55, tokens_remaining: 1358, call: events, phase: playing
2026-06-13 15:25:55, tokens_remaining: 1359, call: scores, phase: playing
2026-06-13 15:25:55, tokens_remaining: 1359, call: scores, phase: playing
2026-06-13 15:25:56, tokens_remaining: 1357, call: scores, phase: playing
2026-06-13 15:25:56, tokens_remaining: 1357, call: scores, phase: playing
2026-06-13 15:25:56, tokens_remaining: 1357, call: scores, phase: playing
2026-06-13 15:25:56, tokens_remaining: 1357, call: scores, phase: playing
2026-06-13 15:25:56, tokens_remaining: 1357, call: scores, phase: playing
2026-06-13 15:25:57, tokens_remaining: 1357, call: scores, phase: playing
2026-06-13 15:25:57, tokens_remaining: 1356, call: scores, phase: playing
2026-06-13 15:25:58, tokens_remaining: 1355, call: events, phase: playing
2026-06-13 15:25:58, tokens_remaining: 1356, call: scores, phase: playing
2026-06-13 15:25:58, tokens_remaining: 1356, call: scores, phase: playing
2026-06-13 15:25:58, tokens_remaining: 1354, call: scores, phase: playing
2026-06-13 15:25:58, tokens_remaining: 1354, call: scores, phase: playing
2026-06-13 15:25:59, tokens_remaining: 1354, call: scores, phase: playing
2026-06-13 15:25:59, tokens_remaining: 1354, call: scores, phase: playing
2026-06-13 15:25:59, tokens_remaining: 1354, call: scores, phase: playing
2026-06-13 15:25:59, tokens_remaining: 1354, call: scores, phase: playing
2026-06-13 15:26:00, tokens_remaining: 1353, call: scores, phase: playing
2026-06-13 15:26:00, tokens_remaining: 1352, call: events, phase: playing
2026-06-13 15:26:01, tokens_remaining: 1353, call: scores, phase: playing
2026-06-13 15:26:01, tokens_remaining: 1351, call: scores, phase: playing
2026-06-13 15:26:01, tokens_remaining: 1351, call: scores, phase: playing
2026-06-13 15:26:02, tokens_remaining: 1351, call: scores, phase: playing
2026-06-13 15:26:02, tokens_remaining: 1351, call: scores, phase: playing
2026-06-13 15:26:02, tokens_remaining: 1351, call: scores, phase: playing
2026-06-13 15:26:02, tokens_remaining: 1351, call: scores, phase: playing
2026-06-13 15:26:03, tokens_remaining: 1350, call: scores, phase: playing
2026-06-13 15:26:03, tokens_remaining: 1350, call: scores, phase: playing
2026-06-13 15:26:03, tokens_remaining: 1349, call: events, phase: playing
2026-06-13 15:26:03, tokens_remaining: 1350, call: scores, phase: playing
2026-06-13 15:26:04, tokens_remaining: 1350, call: scores, phase: playing
2026-06-13 15:26:04, tokens_remaining: 1348, call: scores, phase: playing
2026-06-13 15:26:04, tokens_remaining: 1348, call: scores, phase: playing
2026-06-13 15:26:04, tokens_remaining: 1348, call: scores, phase: playing
2026-06-13 15:26:04, tokens_remaining: 1348, call: scores, phase: playing
2026-06-13 15:26:05, tokens_remaining: 1348, call: scores, phase: playing
2026-06-13 15:26:05, tokens_remaining: 1348, call: scores, phase: playing
2026-06-13 15:26:05, tokens_remaining: 1347, call: scores, phase: playing
2026-06-13 15:26:06, tokens_remaining: 1346, call: events, phase: playing
2026-06-13 15:26:06, tokens_remaining: 1347, call: scores, phase: playing
2026-06-13 15:26:06, tokens_remaining: 1347, call: scores, phase: playing
2026-06-13 15:26:06, tokens_remaining: 1347, call: scores, phase: playing
2026-06-13 15:26:07, tokens_remaining: 1345, call: scores, phase: playing
2026-06-13 15:26:07, tokens_remaining: 1345, call: scores, phase: playing
2026-06-13 15:26:07, tokens_remaining: 1345, call: scores, phase: playing
2026-06-13 15:26:07, tokens_remaining: 1345, call: scores, phase: playing
2026-06-13 15:26:07, tokens_remaining: 1345, call: scores, phase: playing
2026-06-13 15:26:07, tokens_remaining: 1345, call: scores, phase: playing
2026-06-13 15:26:08, tokens_remaining: 1344, call: events, phase: playing
2026-06-13 15:26:08, tokens_remaining: 1343, call: scores, phase: playing
2026-06-13 15:26:08, tokens_remaining: 1343, call: scores, phase: playing
2026-06-13 15:26:09, tokens_remaining: 1343, call: scores, phase: playing
2026-06-13 15:26:09, tokens_remaining: 1343, call: scores, phase: playing
2026-06-13 15:26:09, tokens_remaining: 1343, call: scores, phase: playing
2026-06-13 15:26:09, tokens_remaining: 1343, call: scores, phase: playing
2026-06-13 15:26:10, tokens_remaining: 1342, call: scores, phase: playing
2026-06-13 15:26:10, tokens_remaining: 1342, call: scores, phase: playing
2026-06-13 15:26:10, tokens_remaining: 1342, call: scores, phase: playing
2026-06-13 15:26:10, tokens_remaining: 1341, call: events, phase: playing
2026-06-13 15:26:10, tokens_remaining: 1342, call: scores, phase: playing
2026-06-13 15:26:11, tokens_remaining: 1340, call: scores, phase: playing
2026-06-13 15:26:11, tokens_remaining: 1340, call: scores, phase: playing
2026-06-13 15:26:11, tokens_remaining: 1340, call: scores, phase: playing
2026-06-13 15:26:11, tokens_remaining: 1340, call: scores, phase: playing
2026-06-13 15:26:12, tokens_remaining: 1340, call: scores, phase: playing
2026-06-13 15:26:12, tokens_remaining: 1340, call: scores, phase: playing
2026-06-13 15:26:12, tokens_remaining: 1339, call: scores, phase: playing
2026-06-13 15:26:16, tokens_remaining: 1338, call: scores, phase: playing
2026-06-13 15:26:16, tokens_remaining: 1337, call: events, phase: playing
2026-06-13 15:26:16, tokens_remaining: 1338, call: scores, phase: playing
2026-06-13 15:26:16, tokens_remaining: 1338, call: scores, phase: playing
2026-06-13 15:26:17, tokens_remaining: 1338, call: scores, phase: playing
2026-06-13 15:26:17, tokens_remaining: 1336, call: scores, phase: playing
2026-06-13 15:26:17, tokens_remaining: 1336, call: scores, phase: playing
2026-06-13 15:26:17, tokens_remaining: 1336, call: scores, phase: playing
2026-06-13 15:26:18, tokens_remaining: 1336, call: scores, phase: playing
2026-06-13 15:26:18, tokens_remaining: 1336, call: scores, phase: playing
2026-06-13 15:26:18, tokens_remaining: 1336, call: scores, phase: playing
2026-06-13 15:26:18, tokens_remaining: 1335, call: events, phase: playing
2026-06-13 15:26:19, tokens_remaining: 1334, call: scores, phase: playing
2026-06-13 15:26:19, tokens_remaining: 1334, call: scores, phase: playing
2026-06-13 15:26:19, tokens_remaining: 1334, call: scores, phase: playing
2026-06-13 15:26:19, tokens_remaining: 1334, call: scores, phase: playing
2026-06-13 15:26:19, tokens_remaining: 1334, call: scores, phase: playing
2026-06-13 15:26:20, tokens_remaining: 1334, call: scores, phase: playing
2026-06-13 15:26:20, tokens_remaining: 1333, call: scores, phase: playing
2026-06-13 15:26:20, tokens_remaining: 1333, call: scores, phase: playing
2026-06-13 15:26:20, tokens_remaining: 1333, call: scores, phase: playing
2026-06-13 15:26:21, tokens_remaining: 1332, call: events, phase: playing
2026-06-13 15:26:21, tokens_remaining: 1333, call: scores, phase: playing
2026-06-13 15:26:21, tokens_remaining: 1331, call: scores, phase: playing
2026-06-13 15:26:22, tokens_remaining: 1331, call: scores, phase: playing
2026-06-13 15:26:22, tokens_remaining: 1331, call: scores, phase: playing
2026-06-13 15:26:22, tokens_remaining: 1331, call: scores, phase: playing
2026-06-13 15:26:22, tokens_remaining: 1331, call: scores, phase: playing
2026-06-13 15:26:22, tokens_remaining: 1331, call: scores, phase: playing
2026-06-13 15:26:23, tokens_remaining: 1330, call: scores, phase: playing
2026-06-13 15:26:23, tokens_remaining: 1330, call: scores, phase: playing
2026-06-13 15:26:23, tokens_remaining: 1329, call: events, phase: playing
2026-06-13 15:26:24, tokens_remaining: 1330, call: scores, phase: playing
2026-06-13 15:26:24, tokens_remaining: 1328, call: scores, phase: playing
2026-06-13 15:26:24, tokens_remaining: 1328, call: scores, phase: playing
2026-06-13 15:26:24, tokens_remaining: 1328, call: scores, phase: playing
2026-06-13 15:26:24, tokens_remaining: 1328, call: scores, phase: playing
2026-06-13 15:26:25, tokens_remaining: 1328, call: scores, phase: playing
2026-06-13 15:26:25, tokens_remaining: 1328, call: scores, phase: playing
2026-06-13 15:26:25, tokens_remaining: 1327, call: scores, phase: playing
2026-06-13 15:26:25, tokens_remaining: 1327, call: scores, phase: playing
2026-06-13 15:26:26, tokens_remaining: 1326, call: events, phase: playing
2026-06-13 15:26:26, tokens_remaining: 1327, call: scores, phase: playing
2026-06-13 15:26:26, tokens_remaining: 1327, call: scores, phase: playing
2026-06-13 15:26:27, tokens_remaining: 1325, call: scores, phase: playing
2026-06-13 15:26:27, tokens_remaining: 1325, call: scores, phase: playing
2026-06-13 15:26:27, tokens_remaining: 1325, call: scores, phase: playing
2026-06-13 15:26:27, tokens_remaining: 1325, call: scores, phase: playing
2026-06-13 15:26:27, tokens_remaining: 1325, call: scores, phase: playing
2026-06-13 15:26:27, tokens_remaining: 1325, call: scores, phase: playing
2026-06-13 15:26:28, tokens_remaining: 1324, call: scores, phase: playing
2026-06-13 15:26:28, tokens_remaining: 1323, call: events, phase: playing
2026-06-13 15:26:28, tokens_remaining: 1324, call: scores, phase: playing
2026-06-13 15:26:29, tokens_remaining: 1324, call: scores, phase: playing
2026-06-13 15:26:29, tokens_remaining: 1324, call: scores, phase: playing
2026-06-13 15:26:29, tokens_remaining: 1322, call: scores, phase: playing
2026-06-13 15:26:29, tokens_remaining: 1322, call: scores, phase: playing
2026-06-13 15:26:30, tokens_remaining: 1322, call: scores, phase: playing
2026-06-13 15:26:30, tokens_remaining: 1322, call: scores, phase: playing
2026-06-13 15:26:30, tokens_remaining: 1322, call: scores, phase: playing
2026-06-13 15:26:31, tokens_remaining: 1321, call: scores, phase: playing
2026-06-13 15:26:31, tokens_remaining: 1320, call: events, phase: playing
2026-06-13 15:26:31, tokens_remaining: 1321, call: scores, phase: playing
2026-06-13 15:26:32, tokens_remaining: 1321, call: scores, phase: playing
2026-06-13 15:26:32, tokens_remaining: 1319, call: scores, phase: playing
2026-06-13 15:26:32, tokens_remaining: 1319, call: scores, phase: playing
2026-06-13 15:26:33, tokens_remaining: 1319, call: scores, phase: playing
2026-06-13 15:26:33, tokens_remaining: 1319, call: scores, phase: playing
2026-06-13 15:26:33, tokens_remaining: 1319, call: scores, phase: playing
2026-06-13 15:26:33, tokens_remaining: 1319, call: scores, phase: playing
2026-06-13 15:26:33, tokens_remaining: 1318, call: scores, phase: playing
2026-06-13 15:26:34, tokens_remaining: 1317, call: events, phase: playing
2026-06-13 15:26:34, tokens_remaining: 1318, call: scores, phase: playing
2026-06-13 15:26:34, tokens_remaining: 1318, call: scores, phase: playing
2026-06-13 15:26:35, tokens_remaining: 1316, call: scores, phase: playing
2026-06-13 15:26:35, tokens_remaining: 1316, call: scores, phase: playing
2026-06-13 15:26:35, tokens_remaining: 1316, call: scores, phase: playing
2026-06-13 15:26:35, tokens_remaining: 1316, call: scores, phase: playing
2026-06-13 15:26:35, tokens_remaining: 1316, call: scores, phase: playing
2026-06-13 15:26:36, tokens_remaining: 1316, call: scores, phase: playing
2026-06-13 15:26:36, tokens_remaining: 1316, call: scores, phase: playing
2026-06-13 15:26:36, tokens_remaining: 1315, call: events, phase: playing
2026-06-13 15:26:37, tokens_remaining: 1314, call: scores, phase: playing
2026-06-13 15:26:37, tokens_remaining: 1314, call: scores, phase: playing
2026-06-13 15:26:37, tokens_remaining: 1314, call: scores, phase: playing
2026-06-13 15:26:37, tokens_remaining: 1314, call: scores, phase: playing
2026-06-13 15:26:37, tokens_remaining: 1314, call: scores, phase: playing
2026-06-13 15:26:37, tokens_remaining: 1314, call: scores, phase: playing
2026-06-13 15:26:38, tokens_remaining: 1313, call: scores, phase: playing
2026-06-13 15:26:38, tokens_remaining: 1313, call: scores, phase: playing
2026-06-13 15:26:38, tokens_remaining: 1313, call: scores, phase: playing
2026-06-13 15:26:39, tokens_remaining: 1312, call: events, phase: playing
2026-06-13 15:26:39, tokens_remaining: 1313, call: scores, phase: playing
2026-06-13 15:26:39, tokens_remaining: 1311, call: scores, phase: playing
2026-06-13 15:26:39, tokens_remaining: 1311, call: scores, phase: playing
2026-06-13 15:26:40, tokens_remaining: 1311, call: scores, phase: playing
2026-06-13 15:26:40, tokens_remaining: 1311, call: scores, phase: playing
2026-06-13 15:26:40, tokens_remaining: 1311, call: scores, phase: playing
2026-06-13 15:26:40, tokens_remaining: 1311, call: scores, phase: playing
2026-06-13 15:26:41, tokens_remaining: 1310, call: scores, phase: playing
2026-06-13 15:26:41, tokens_remaining: 1310, call: scores, phase: playing
2026-06-13 15:26:41, tokens_remaining: 1309, call: events, phase: playing
2026-06-13 15:26:41, tokens_remaining: 1310, call: scores, phase: playing
2026-06-13 15:26:42, tokens_remaining: 1310, call: scores, phase: playing
2026-06-13 15:26:42, tokens_remaining: 1308, call: scores, phase: playing
2026-06-13 15:26:42, tokens_remaining: 1308, call: scores, phase: playing
2026-06-13 15:26:42, tokens_remaining: 1308, call: scores, phase: playing
2026-06-13 15:26:42, tokens_remaining: 1308, call: scores, phase: playing
2026-06-13 15:26:43, tokens_remaining: 1308, call: scores, phase: playing
2026-06-13 15:26:43, tokens_remaining: 1308, call: scores, phase: playing
2026-06-13 15:26:43, tokens_remaining: 1307, call: scores, phase: playing
2026-06-13 15:26:44, tokens_remaining: 1306, call: events, phase: playing
2026-06-13 15:26:44, tokens_remaining: 1307, call: scores, phase: playing
2026-06-13 15:26:44, tokens_remaining: 1307, call: scores, phase: playing
2026-06-13 15:26:44, tokens_remaining: 1307, call: scores, phase: playing
2026-06-13 15:26:45, tokens_remaining: 1305, call: scores, phase: playing
2026-06-13 15:26:45, tokens_remaining: 1305, call: scores, phase: playing
2026-06-13 15:26:45, tokens_remaining: 1305, call: scores, phase: playing
2026-06-13 15:26:45, tokens_remaining: 1305, call: scores, phase: playing
2026-06-13 15:26:45, tokens_remaining: 1305, call: scores, phase: playing
2026-06-13 15:26:46, tokens_remaining: 1305, call: scores, phase: playing
2026-06-13 15:26:46, tokens_remaining: 1304, call: events, phase: playing
2026-06-13 15:26:46, tokens_remaining: 1303, call: scores, phase: playing
2026-06-13 15:26:47, tokens_remaining: 1303, call: scores, phase: playing
2026-06-13 15:26:47, tokens_remaining: 1303, call: scores, phase: playing
2026-06-13 15:26:47, tokens_remaining: 1303, call: scores, phase: playing
2026-06-13 15:26:47, tokens_remaining: 1303, call: scores, phase: playing
2026-06-13 15:26:47, tokens_remaining: 1303, call: scores, phase: playing
2026-06-13 15:26:48, tokens_remaining: 1302, call: scores, phase: playing
2026-06-13 15:26:48, tokens_remaining: 1302, call: scores, phase: playing
2026-06-13 15:26:48, tokens_remaining: 1302, call: scores, phase: playing
2026-06-13 15:26:48, tokens_remaining: 1301, call: events, phase: playing
2026-06-13 15:26:49, tokens_remaining: 1302, call: scores, phase: playing
2026-06-13 15:26:49, tokens_remaining: 1300, call: scores, phase: playing
2026-06-13 15:26:49, tokens_remaining: 1300, call: scores, phase: playing
2026-06-13 15:26:49, tokens_remaining: 1300, call: scores, phase: playing
2026-06-13 15:26:50, tokens_remaining: 1300, call: scores, phase: playing
2026-06-13 15:26:50, tokens_remaining: 1300, call: scores, phase: playing
2026-06-13 15:26:50, tokens_remaining: 1300, call: scores, phase: playing
2026-06-13 15:26:50, tokens_remaining: 1299, call: scores, phase: playing
2026-06-13 15:26:50, tokens_remaining: 1299, call: scores, phase: playing
2026-06-13 15:26:51, tokens_remaining: 1298, call: events, phase: playing
2026-06-13 15:26:51, tokens_remaining: 1299, call: scores, phase: playing
2026-06-13 15:26:51, tokens_remaining: 1299, call: scores, phase: playing
2026-06-13 15:26:52, tokens_remaining: 1297, call: scores, phase: playing
2026-06-13 15:26:52, tokens_remaining: 1297, call: scores, phase: playing
2026-06-13 15:26:52, tokens_remaining: 1297, call: scores, phase: playing
2026-06-13 15:26:52, tokens_remaining: 1297, call: scores, phase: playing
2026-06-13 15:26:52, tokens_remaining: 1297, call: scores, phase: playing
2026-06-13 15:26:53, tokens_remaining: 1297, call: scores, phase: playing
2026-06-13 15:26:53, tokens_remaining: 1296, call: scores, phase: playing
2026-06-13 15:26:53, tokens_remaining: 1295, call: events, phase: playing
2026-06-13 15:26:54, tokens_remaining: 1296, call: scores, phase: playing
2026-06-13 15:26:54, tokens_remaining: 1296, call: scores, phase: playing
2026-06-13 15:26:54, tokens_remaining: 1296, call: scores, phase: playing
2026-06-13 15:26:54, tokens_remaining: 1294, call: scores, phase: playing
2026-06-13 15:26:55, tokens_remaining: 1294, call: scores, phase: playing
2026-06-13 15:26:55, tokens_remaining: 1294, call: scores, phase: playing
2026-06-13 15:26:55, tokens_remaining: 1294, call: scores, phase: playing
2026-06-13 15:26:55, tokens_remaining: 1294, call: scores, phase: playing
2026-06-13 15:26:55, tokens_remaining: 1294, call: scores, phase: playing
2026-06-13 15:26:56, tokens_remaining: 1293, call: events, phase: playing
2026-06-13 15:26:56, tokens_remaining: 1292, call: scores, phase: playing
2026-06-13 15:26:56, tokens_remaining: 1292, call: scores, phase: playing
2026-06-13 15:26:56, tokens_remaining: 1292, call: scores, phase: playing
2026-06-13 15:26:57, tokens_remaining: 1292, call: scores, phase: playing
2026-06-13 15:26:57, tokens_remaining: 1292, call: scores, phase: playing
2026-06-13 15:26:57, tokens_remaining: 1292, call: scores, phase: playing
2026-06-13 15:26:57, tokens_remaining: 1291, call: scores, phase: playing
2026-06-13 15:26:57, tokens_remaining: 1291, call: scores, phase: playing
2026-06-13 15:26:58, tokens_remaining: 1291, call: scores, phase: playing
2026-06-13 15:26:58, tokens_remaining: 1290, call: events, phase: playing
2026-06-13 15:26:58, tokens_remaining: 1291, call: scores, phase: playing
2026-06-13 15:26:59, tokens_remaining: 1289, call: scores, phase: playing
2026-06-13 15:26:59, tokens_remaining: 1289, call: scores, phase: playing
2026-06-13 15:26:59, tokens_remaining: 1289, call: scores, phase: playing
2026-06-13 15:26:59, tokens_remaining: 1289, call: scores, phase: playing
2026-06-13 15:26:59, tokens_remaining: 1289, call: scores, phase: playing
2026-06-13 15:27:00, tokens_remaining: 1289, call: scores, phase: playing
2026-06-13 15:27:00, tokens_remaining: 1288, call: scores, phase: playing
2026-06-13 15:27:00, tokens_remaining: 1288, call: scores, phase: playing
2026-06-13 15:27:01, tokens_remaining: 1287, call: events, phase: playing
2026-06-13 15:27:01, tokens_remaining: 1288, call: scores, phase: playing
2026-06-13 15:27:01, tokens_remaining: 1288, call: scores, phase: playing
2026-06-13 15:27:01, tokens_remaining: 1286, call: scores, phase: playing
2026-06-13 15:27:02, tokens_remaining: 1286, call: scores, phase: playing
2026-06-13 15:27:02, tokens_remaining: 1286, call: scores, phase: playing
2026-06-13 15:27:02, tokens_remaining: 1286, call: scores, phase: playing
2026-06-13 15:27:02, tokens_remaining: 1286, call: scores, phase: playing
2026-06-13 15:27:02, tokens_remaining: 1286, call: scores, phase: playing
2026-06-13 15:27:03, tokens_remaining: 1285, call: scores, phase: playing
2026-06-13 15:27:03, tokens_remaining: 1284, call: events, phase: playing
2026-06-13 15:27:03, tokens_remaining: 1285, call: scores, phase: playing
2026-06-13 15:27:04, tokens_remaining: 1285, call: scores, phase: playing
2026-06-13 15:27:04, tokens_remaining: 1283, call: scores, phase: playing
2026-06-13 15:27:04, tokens_remaining: 1283, call: scores, phase: playing
2026-06-13 15:27:04, tokens_remaining: 1283, call: scores, phase: playing
2026-06-13 15:27:05, tokens_remaining: 1283, call: scores, phase: playing
2026-06-13 15:27:05, tokens_remaining: 1283, call: scores, phase: playing
2026-06-13 15:27:05, tokens_remaining: 1283, call: scores, phase: playing
2026-06-13 15:27:05, tokens_remaining: 1282, call: scores, phase: playing
2026-06-13 15:27:06, tokens_remaining: 1281, call: events, phase: playing
2026-06-13 15:27:06, tokens_remaining: 1282, call: scores, phase: playing
2026-06-13 15:27:06, tokens_remaining: 1282, call: scores, phase: playing
2026-06-13 15:27:06, tokens_remaining: 1282, call: scores, phase: playing
2026-06-13 15:27:07, tokens_remaining: 1280, call: scores, phase: playing
2026-06-13 15:27:07, tokens_remaining: 1280, call: scores, phase: playing
2026-06-13 15:27:07, tokens_remaining: 1280, call: scores, phase: playing
2026-06-13 15:27:07, tokens_remaining: 1280, call: scores, phase: playing
2026-06-13 15:27:07, tokens_remaining: 1280, call: scores, phase: playing
2026-06-13 15:27:08, tokens_remaining: 1280, call: scores, phase: playing
2026-06-13 15:27:08, tokens_remaining: 1279, call: events, phase: playing
2026-06-13 15:27:08, tokens_remaining: 1278, call: scores, phase: playing
2026-06-13 15:27:09, tokens_remaining: 1278, call: scores, phase: playing
2026-06-13 15:27:09, tokens_remaining: 1278, call: scores, phase: playing
2026-06-13 15:27:09, tokens_remaining: 1278, call: scores, phase: playing
2026-06-13 15:27:09, tokens_remaining: 1278, call: scores, phase: playing
2026-06-13 15:27:09, tokens_remaining: 1278, call: scores, phase: playing
2026-06-13 15:27:10, tokens_remaining: 1277, call: scores, phase: playing
2026-06-13 15:27:10, tokens_remaining: 1277, call: scores, phase: playing
2026-06-13 15:27:10, tokens_remaining: 1277, call: scores, phase: playing
2026-06-13 15:27:10, tokens_remaining: 1276, call: events, phase: playing
2026-06-13 15:27:11, tokens_remaining: 1277, call: scores, phase: playing
2026-06-13 15:27:11, tokens_remaining: 1275, call: scores, phase: playing
2026-06-13 15:27:11, tokens_remaining: 1275, call: scores, phase: playing
2026-06-13 15:27:11, tokens_remaining: 1275, call: scores, phase: playing
2026-06-13 15:27:12, tokens_remaining: 1275, call: scores, phase: playing
2026-06-13 15:27:12, tokens_remaining: 1275, call: scores, phase: playing
2026-06-13 15:27:12, tokens_remaining: 1275, call: scores, phase: playing
2026-06-13 15:27:12, tokens_remaining: 1274, call: scores, phase: playing
2026-06-13 15:27:12, tokens_remaining: 1274, call: scores, phase: playing
2026-06-13 15:27:13, tokens_remaining: 1273, call: events, phase: playing
2026-06-13 15:27:13, tokens_remaining: 1274, call: scores, phase: playing
2026-06-13 15:27:13, tokens_remaining: 1274, call: scores, phase: playing
2026-06-13 15:27:14, tokens_remaining: 1272, call: scores, phase: playing
2026-06-13 15:27:14, tokens_remaining: 1272, call: scores, phase: playing
2026-06-13 15:27:14, tokens_remaining: 1272, call: scores, phase: playing
2026-06-13 15:27:14, tokens_remaining: 1272, call: scores, phase: playing
2026-06-13 15:27:14, tokens_remaining: 1272, call: scores, phase: playing
2026-06-13 15:27:15, tokens_remaining: 1272, call: scores, phase: playing
2026-06-13 15:27:15, tokens_remaining: 1271, call: scores, phase: playing
2026-06-13 15:27:15, tokens_remaining: 1270, call: events, phase: playing
2026-06-13 15:27:16, tokens_remaining: 1271, call: scores, phase: playing
2026-06-13 15:27:16, tokens_remaining: 1271, call: scores, phase: playing
2026-06-13 15:27:16, tokens_remaining: 1269, call: scores, phase: playing
2026-06-13 15:27:16, tokens_remaining: 1269, call: scores, phase: playing
2026-06-13 15:27:17, tokens_remaining: 1269, call: scores, phase: playing
2026-06-13 15:27:17, tokens_remaining: 1269, call: scores, phase: playing
2026-06-13 15:27:17, tokens_remaining: 1269, call: scores, phase: playing
2026-06-13 15:27:17, tokens_remaining: 1269, call: scores, phase: playing
2026-06-13 15:27:17, tokens_remaining: 1268, call: scores, phase: playing
2026-06-13 15:27:18, tokens_remaining: 1267, call: events, phase: playing
2026-06-13 15:27:18, tokens_remaining: 1268, call: scores, phase: playing
2026-06-13 15:27:18, tokens_remaining: 1268, call: scores, phase: playing
2026-06-13 15:27:18, tokens_remaining: 1268, call: scores, phase: playing
2026-06-13 15:27:19, tokens_remaining: 1266, call: scores, phase: playing
2026-06-13 15:27:19, tokens_remaining: 1266, call: scores, phase: playing
2026-06-13 15:27:19, tokens_remaining: 1266, call: scores, phase: playing
2026-06-13 15:27:19, tokens_remaining: 1266, call: scores, phase: playing
2026-06-13 15:27:20, tokens_remaining: 1266, call: scores, phase: playing
2026-06-13 15:27:20, tokens_remaining: 1266, call: scores, phase: playing
2026-06-13 15:27:20, tokens_remaining: 1265, call: events, phase: playing
2026-06-13 15:27:21, tokens_remaining: 1264, call: scores, phase: playing
2026-06-13 15:27:21, tokens_remaining: 1264, call: scores, phase: playing
2026-06-13 15:27:21, tokens_remaining: 1264, call: scores, phase: playing
2026-06-13 15:27:21, tokens_remaining: 1264, call: scores, phase: playing
2026-06-13 15:27:21, tokens_remaining: 1264, call: scores, phase: playing
2026-06-13 15:27:21, tokens_remaining: 1264, call: scores, phase: playing
2026-06-13 15:27:22, tokens_remaining: 1263, call: scores, phase: playing
2026-06-13 15:27:22, tokens_remaining: 1263, call: scores, phase: playing
2026-06-13 15:27:22, tokens_remaining: 1263, call: scores, phase: playing
2026-06-13 15:27:23, tokens_remaining: 1262, call: events, phase: playing
2026-06-13 15:27:23, tokens_remaining: 1261, call: scores, phase: playing
2026-06-13 15:27:23, tokens_remaining: 1261, call: scores, phase: playing
2026-06-13 15:27:24, tokens_remaining: 1261, call: scores, phase: playing
2026-06-13 15:27:24, tokens_remaining: 1261, call: scores, phase: playing
2026-06-13 15:27:24, tokens_remaining: 1261, call: scores, phase: playing
2026-06-13 15:27:24, tokens_remaining: 1261, call: scores, phase: playing
2026-06-13 15:27:24, tokens_remaining: 1260, call: scores, phase: playing
2026-06-13 15:27:25, tokens_remaining: 1260, call: scores, phase: playing
2026-06-13 15:27:25, tokens_remaining: 1260, call: scores, phase: playing
2026-06-13 15:27:25, tokens_remaining: 1259, call: events, phase: playing
2026-06-13 15:27:26, tokens_remaining: 1258, call: scores, phase: playing
2026-06-13 15:27:26, tokens_remaining: 1258, call: scores, phase: playing
2026-06-13 15:27:26, tokens_remaining: 1258, call: scores, phase: playing
2026-06-13 15:27:26, tokens_remaining: 1258, call: scores, phase: playing
2026-06-13 15:27:26, tokens_remaining: 1258, call: scores, phase: playing
2026-06-13 15:27:27, tokens_remaining: 1258, call: scores, phase: playing
2026-06-13 15:27:27, tokens_remaining: 1257, call: scores, phase: playing
2026-06-13 15:27:27, tokens_remaining: 1257, call: scores, phase: playing
2026-06-13 15:27:27, tokens_remaining: 1257, call: scores, phase: playing
2026-06-13 15:27:28, tokens_remaining: 1256, call: events, phase: playing
2026-06-13 15:27:28, tokens_remaining: 1255, call: scores, phase: playing
2026-06-13 15:27:28, tokens_remaining: 1255, call: scores, phase: playing
2026-06-13 15:27:29, tokens_remaining: 1255, call: scores, phase: playing
2026-06-13 15:27:29, tokens_remaining: 1255, call: scores, phase: playing
2026-06-13 15:27:29, tokens_remaining: 1255, call: scores, phase: playing
2026-06-13 15:27:29, tokens_remaining: 1255, call: scores, phase: playing
2026-06-13 15:27:30, tokens_remaining: 1254, call: scores, phase: playing
2026-06-13 15:27:30, tokens_remaining: 1254, call: scores, phase: playing
2026-06-13 15:27:30, tokens_remaining: 1254, call: scores, phase: playing
2026-06-13 15:27:30, tokens_remaining: 1253, call: events, phase: playing
2026-06-13 15:27:31, tokens_remaining: 1254, call: scores, phase: playing
2026-06-13 15:27:31, tokens_remaining: 1252, call: scores, phase: playing
2026-06-13 15:27:31, tokens_remaining: 1252, call: scores, phase: playing
2026-06-13 15:27:31, tokens_remaining: 1252, call: scores, phase: playing
2026-06-13 15:27:31, tokens_remaining: 1252, call: scores, phase: playing
2026-06-13 15:27:32, tokens_remaining: 1252, call: scores, phase: playing
2026-06-13 15:27:32, tokens_remaining: 1252, call: scores, phase: playing
2026-06-13 15:27:32, tokens_remaining: 1251, call: scores, phase: playing
2026-06-13 15:27:32, tokens_remaining: 1251, call: scores, phase: playing
2026-06-13 15:27:33, tokens_remaining: 1250, call: events, phase: playing
2026-06-13 15:27:33, tokens_remaining: 1251, call: scores, phase: playing
2026-06-13 15:27:33, tokens_remaining: 1249, call: scores, phase: playing
2026-06-13 15:27:34, tokens_remaining: 1249, call: scores, phase: playing
2026-06-13 15:27:34, tokens_remaining: 1249, call: scores, phase: playing
2026-06-13 15:27:34, tokens_remaining: 1249, call: scores, phase: playing
2026-06-13 15:27:34, tokens_remaining: 1249, call: scores, phase: playing
2026-06-13 15:27:34, tokens_remaining: 1249, call: scores, phase: playing
2026-06-13 15:27:35, tokens_remaining: 2499, call: scores, phase: playing
2026-06-13 15:27:35, tokens_remaining: 2499, call: scores, phase: playing
2026-06-13 15:27:37, tokens_remaining: 2498, call: events, phase: playing
2026-06-13 15:27:38, tokens_remaining: 2497, call: scores, phase: playing
2026-06-13 15:27:39, tokens_remaining: 2496, call: scores, phase: playing
2026-06-13 15:27:41, tokens_remaining: 2495, call: scores, phase: playing
2026-06-13 15:27:42, tokens_remaining: 2494, call: scores, phase: playing
2026-06-13 15:27:44, tokens_remaining: 2493, call: scores, phase: playing
2026-06-13 15:27:46, tokens_remaining: 2492, call: scores, phase: playing
2026-06-13 15:27:48, tokens_remaining: 2491, call: scores, phase: playing
2026-06-13 15:27:49, tokens_remaining: 2490, call: scores, phase: playing
2026-06-13 15:27:51, tokens_remaining: 2489, call: scores, phase: playing
2026-06-13 15:27:53, tokens_remaining: 2488, call: events, phase: playing
2026-06-13 15:27:53, EVENT: YELLOW_CARD 23' Jassem Gaber [Qatar vs Switzerland]
2026-06-13 15:27:54, tokens_remaining: 2487, call: scores, phase: playing
2026-06-13 15:27:56, tokens_remaining: 2486, call: scores, phase: playing
2026-06-13 15:27:58, tokens_remaining: 2485, call: scores, phase: playing
2026-06-13 15:28:00, tokens_remaining: 2484, call: scores, phase: playing
2026-06-13 15:28:01, tokens_remaining: 2483, call: scores, phase: playing
2026-06-13 15:28:03, tokens_remaining: 2482, call: scores, phase: playing
2026-06-13 15:28:05, tokens_remaining: 2481, call: scores, phase: playing
2026-06-13 15:28:07, tokens_remaining: 2480, call: scores, phase: playing
2026-06-13 15:28:09, tokens_remaining: 2479, call: scores, phase: playing
2026-06-13 15:28:10, tokens_remaining: 2478, call: events, phase: playing
2026-06-13 15:28:12, tokens_remaining: 2477, call: scores, phase: playing
2026-06-13 15:28:14, tokens_remaining: 2476, call: scores, phase: playing
2026-06-13 15:28:16, tokens_remaining: 2475, call: scores, phase: playing
2026-06-13 15:28:17, tokens_remaining: 2474, call: scores, phase: playing
2026-06-13 15:28:19, tokens_remaining: 2473, call: scores, phase: playing
2026-06-13 15:28:21, tokens_remaining: 2472, call: scores, phase: playing
2026-06-13 15:28:23, tokens_remaining: 2471, call: scores, phase: playing
2026-06-13 15:28:25, tokens_remaining: 2470, call: scores, phase: playing
2026-06-13 15:28:26, tokens_remaining: 2469, call: scores, phase: playing
2026-06-13 15:28:28, tokens_remaining: 2468, call: events, phase: playing
2026-06-13 15:28:30, tokens_remaining: 2467, call: scores, phase: playing
2026-06-13 15:28:32, tokens_remaining: 2466, call: scores, phase: playing
2026-06-13 15:28:33, tokens_remaining: 2465, call: scores, phase: playing
2026-06-13 15:28:35, tokens_remaining: 2464, call: scores, phase: playing
2026-06-13 15:28:37, tokens_remaining: 2463, call: scores, phase: playing
2026-06-13 15:28:39, tokens_remaining: 2462, call: scores, phase: playing
2026-06-13 15:28:40, tokens_remaining: 2461, call: scores, phase: playing
2026-06-13 15:28:42, tokens_remaining: 2460, call: scores, phase: playing
2026-06-13 15:28:44, tokens_remaining: 2459, call: scores, phase: playing
2026-06-13 15:28:46, tokens_remaining: 2458, call: events, phase: playing
2026-06-13 15:28:48, tokens_remaining: 2457, call: scores, phase: playing
2026-06-13 15:28:49, tokens_remaining: 2456, call: scores, phase: playing
2026-06-13 15:28:51, tokens_remaining: 2455, call: scores, phase: playing
2026-06-13 15:28:53, tokens_remaining: 2454, call: scores, phase: playing
2026-06-13 15:28:55, tokens_remaining: 2453, call: scores, phase: playing
2026-06-13 15:28:56, tokens_remaining: 2452, call: scores, phase: playing
2026-06-13 15:28:58, tokens_remaining: 2451, call: scores, phase: playing
2026-06-13 15:29:00, tokens_remaining: 2450, call: scores, phase: playing
2026-06-13 15:29:02, tokens_remaining: 2449, call: scores, phase: playing
2026-06-13 15:29:04, tokens_remaining: 2448, call: events, phase: playing
2026-06-13 15:29:05, tokens_remaining: 2447, call: scores, phase: playing
2026-06-13 15:29:07, tokens_remaining: 2446, call: scores, phase: playing
2026-06-13 15:29:09, tokens_remaining: 2445, call: scores, phase: playing
2026-06-13 15:29:11, tokens_remaining: 2444, call: scores, phase: playing
2026-06-13 15:29:13, tokens_remaining: 2443, call: scores, phase: playing
2026-06-13 15:29:14, tokens_remaining: 2442, call: scores, phase: playing
2026-06-13 15:29:16, tokens_remaining: 2441, call: scores, phase: playing
2026-06-13 15:29:18, tokens_remaining: 2440, call: scores, phase: playing
2026-06-13 15:29:20, tokens_remaining: 2439, call: scores, phase: playing
2026-06-13 15:29:21, tokens_remaining: 2438, call: events, phase: playing
2026-06-13 15:29:23, tokens_remaining: 2437, call: scores, phase: playing
2026-06-13 15:29:25, tokens_remaining: 2436, call: scores, phase: playing
2026-06-13 15:29:27, tokens_remaining: 2435, call: scores, phase: playing
2026-06-13 15:29:28, tokens_remaining: 2434, call: scores, phase: playing
2026-06-13 15:29:30, tokens_remaining: 2433, call: scores, phase: playing
2026-06-13 15:29:32, tokens_remaining: 2432, call: scores, phase: playing
2026-06-13 15:29:34, tokens_remaining: 2431, call: scores, phase: playing
2026-06-13 15:29:35, tokens_remaining: 2430, call: scores, phase: playing
2026-06-13 15:29:37, tokens_remaining: 2429, call: scores, phase: playing
2026-06-13 15:29:39, tokens_remaining: 2428, call: events, phase: playing
2026-06-13 15:29:41, tokens_remaining: 2427, call: scores, phase: playing
2026-06-13 15:29:43, tokens_remaining: 2426, call: scores, phase: playing
2026-06-13 15:29:44, tokens_remaining: 2425, call: scores, phase: playing
2026-06-13 15:29:46, tokens_remaining: 2424, call: scores, phase: playing
2026-06-13 15:29:48, tokens_remaining: 2423, call: scores, phase: playing
2026-06-13 15:29:50, tokens_remaining: 2422, call: scores, phase: playing
2026-06-13 15:29:51, tokens_remaining: 2421, call: scores, phase: playing
2026-06-13 15:29:53, tokens_remaining: 2420, call: scores, phase: playing
2026-06-13 15:29:55, tokens_remaining: 2419, call: scores, phase: playing
2026-06-13 15:29:57, tokens_remaining: 2418, call: events, phase: playing
2026-06-13 15:29:58, tokens_remaining: 2417, call: scores, phase: playing
2026-06-13 15:30:00, tokens_remaining: 2416, call: scores, phase: playing
2026-06-13 15:30:02, tokens_remaining: 2415, call: scores, phase: playing
2026-06-13 15:30:04, tokens_remaining: 2414, call: scores, phase: playing
2026-06-13 15:30:05, tokens_remaining: 2413, call: scores, phase: playing
2026-06-13 15:30:07, tokens_remaining: 2412, call: scores, phase: playing
2026-06-13 15:30:09, tokens_remaining: 2411, call: scores, phase: playing
2026-06-13 15:30:11, tokens_remaining: 2410, call: scores, phase: playing
2026-06-13 15:30:12, tokens_remaining: 2409, call: scores, phase: playing
2026-06-13 15:30:14, tokens_remaining: 2408, call: events, phase: playing
2026-06-13 15:30:16, tokens_remaining: 2407, call: scores, phase: playing
2026-06-13 15:30:18, tokens_remaining: 2406, call: scores, phase: playing
2026-06-13 15:30:20, tokens_remaining: 2405, call: scores, phase: playing
2026-06-13 15:30:21, tokens_remaining: 2404, call: scores, phase: playing
2026-06-13 15:30:23, tokens_remaining: 2403, call: scores, phase: playing
2026-06-13 15:30:25, tokens_remaining: 2402, call: scores, phase: playing
2026-06-13 15:30:27, tokens_remaining: 2401, call: scores, phase: playing
2026-06-13 15:30:28, tokens_remaining: 2400, call: scores, phase: playing
2026-06-13 15:30:30, tokens_remaining: 2399, call: scores, phase: playing
2026-06-13 15:30:32, tokens_remaining: 2398, call: events, phase: playing
2026-06-13 15:30:32, EVENT: EVENT_10 16' Breel Embolo [Qatar vs Switzerland]
2026-06-13 15:30:34, tokens_remaining: 2397, call: scores, phase: playing
2026-06-13 15:30:36, tokens_remaining: 2396, call: scores, phase: playing
2026-06-13 15:30:37, tokens_remaining: 2395, call: scores, phase: playing
2026-06-13 15:30:39, tokens_remaining: 2394, call: scores, phase: playing
2026-06-13 15:30:41, tokens_remaining: 2393, call: scores, phase: playing
2026-06-13 15:30:43, tokens_remaining: 2392, call: scores, phase: playing
2026-06-13 15:30:44, tokens_remaining: 2391, call: scores, phase: playing
2026-06-13 15:30:46, tokens_remaining: 2390, call: scores, phase: playing
2026-06-13 15:30:48, tokens_remaining: 2389, call: scores, phase: playing
2026-06-13 15:30:50, tokens_remaining: 2388, call: events, phase: playing
2026-06-13 15:30:52, tokens_remaining: 2387, call: scores, phase: playing
2026-06-13 15:30:53, tokens_remaining: 2386, call: scores, phase: playing
2026-06-13 15:30:55, tokens_remaining: 2385, call: scores, phase: playing
2026-06-13 15:30:57, tokens_remaining: 2384, call: scores, phase: playing
2026-06-13 15:30:59, tokens_remaining: 2383, call: scores, phase: playing
2026-06-13 15:31:00, tokens_remaining: 2382, call: scores, phase: playing
2026-06-13 15:31:02, tokens_remaining: 2381, call: scores, phase: playing
2026-06-13 15:31:04, tokens_remaining: 2380, call: scores, phase: playing
2026-06-13 15:31:06, tokens_remaining: 2379, call: scores, phase: playing
2026-06-13 15:31:08, tokens_remaining: 2378, call: events, phase: playing
2026-06-13 15:31:10, tokens_remaining: 2377, call: scores, phase: playing
2026-06-13 15:31:11, tokens_remaining: 2376, call: scores, phase: playing
2026-06-13 15:31:13, tokens_remaining: 2375, call: scores, phase: playing
2026-06-13 15:31:15, tokens_remaining: 2374, call: scores, phase: playing
2026-06-13 15:31:17, tokens_remaining: 2373, call: scores, phase: playing
2026-06-13 15:31:19, tokens_remaining: 2372, call: scores, phase: playing
2026-06-13 15:31:20, tokens_remaining: 2371, call: scores, phase: playing
2026-06-13 15:31:22, tokens_remaining: 2370, call: scores, phase: playing
2026-06-13 15:31:24, tokens_remaining: 2369, call: scores, phase: playing
2026-06-13 15:31:26, tokens_remaining: 2368, call: events, phase: playing
2026-06-13 15:31:28, tokens_remaining: 2367, call: scores, phase: playing
2026-06-13 15:31:29, tokens_remaining: 2366, call: scores, phase: playing
2026-06-13 15:31:31, tokens_remaining: 2365, call: scores, phase: playing
2026-06-13 15:31:33, tokens_remaining: 2364, call: scores, phase: playing
2026-06-13 15:31:35, tokens_remaining: 2363, call: scores, phase: playing
2026-06-13 15:31:36, tokens_remaining: 2362, call: scores, phase: playing
2026-06-13 15:31:38, tokens_remaining: 2361, call: scores, phase: playing
2026-06-13 15:31:40, tokens_remaining: 2360, call: scores, phase: playing
2026-06-13 15:31:42, tokens_remaining: 2359, call: scores, phase: playing
2026-06-13 15:31:43, tokens_remaining: 2358, call: events, phase: playing
2026-06-13 15:31:45, tokens_remaining: 2357, call: scores, phase: playing
2026-06-13 15:31:47, tokens_remaining: 2356, call: scores, phase: playing
2026-06-13 15:31:49, tokens_remaining: 2355, call: scores, phase: playing
2026-06-13 15:31:50, tokens_remaining: 2354, call: scores, phase: playing
2026-06-13 15:31:52, tokens_remaining: 2353, call: scores, phase: playing
2026-06-13 15:31:54, tokens_remaining: 2352, call: scores, phase: playing
2026-06-13 15:31:56, tokens_remaining: 2351, call: scores, phase: playing
2026-06-13 15:31:57, tokens_remaining: 2350, call: scores, phase: playing
2026-06-13 15:31:59, tokens_remaining: 2349, call: scores, phase: playing
2026-06-13 15:32:01, tokens_remaining: 2348, call: events, phase: playing
2026-06-13 15:32:03, tokens_remaining: 2347, call: scores, phase: playing
2026-06-13 15:32:04, tokens_remaining: 2346, call: scores, phase: playing
2026-06-13 15:32:06, tokens_remaining: 2345, call: scores, phase: playing
2026-06-13 15:32:08, tokens_remaining: 2344, call: scores, phase: playing
2026-06-13 15:32:10, tokens_remaining: 2343, call: scores, phase: playing
2026-06-13 15:32:11, tokens_remaining: 2342, call: scores, phase: playing
2026-06-13 15:32:13, tokens_remaining: 2341, call: scores, phase: playing
2026-06-13 15:32:15, tokens_remaining: 2340, call: scores, phase: playing
2026-06-13 15:32:17, tokens_remaining: 2339, call: scores, phase: playing
2026-06-13 15:32:19, tokens_remaining: 2338, call: events, phase: playing
2026-06-13 15:32:20, tokens_remaining: 2337, call: scores, phase: playing
2026-06-13 15:32:22, tokens_remaining: 2336, call: scores, phase: playing
2026-06-13 15:32:24, tokens_remaining: 2335, call: scores, phase: playing
2026-06-13 15:32:26, tokens_remaining: 2334, call: scores, phase: playing
2026-06-13 15:32:27, tokens_remaining: 2333, call: scores, phase: playing
2026-06-13 15:32:29, tokens_remaining: 2332, call: scores, phase: playing
2026-06-13 15:32:31, tokens_remaining: 2331, call: scores, phase: playing
2026-06-13 15:32:33, tokens_remaining: 2330, call: scores, phase: playing
2026-06-13 15:32:35, tokens_remaining: 2329, call: scores, phase: playing
2026-06-13 15:32:36, tokens_remaining: 2328, call: events, phase: playing
2026-06-13 15:32:38, tokens_remaining: 2327, call: scores, phase: playing
2026-06-13 15:32:40, tokens_remaining: 2326, call: scores, phase: playing
2026-06-13 15:32:42, tokens_remaining: 2325, call: scores, phase: playing
2026-06-13 15:32:43, tokens_remaining: 2324, call: scores, phase: playing
2026-06-13 15:32:45, tokens_remaining: 2323, call: scores, phase: playing
2026-06-13 15:32:47, tokens_remaining: 2322, call: scores, phase: playing
2026-06-13 15:32:49, tokens_remaining: 2321, call: scores, phase: playing
2026-06-13 15:32:50, tokens_remaining: 2320, call: scores, phase: playing
2026-06-13 15:32:52, tokens_remaining: 2319, call: scores, phase: playing
2026-06-13 15:32:54, tokens_remaining: 2318, call: events, phase: playing
2026-06-13 15:32:56, tokens_remaining: 2317, call: scores, phase: playing
2026-06-13 15:32:58, tokens_remaining: 2316, call: scores, phase: playing
2026-06-13 15:32:59, tokens_remaining: 2315, call: scores, phase: playing
2026-06-13 15:33:01, tokens_remaining: 2314, call: scores, phase: playing
2026-06-13 15:33:03, tokens_remaining: 2313, call: scores, phase: playing
2026-06-13 15:33:04, tokens_remaining: 2312, call: scores, phase: playing
2026-06-13 15:33:06, tokens_remaining: 2311, call: scores, phase: playing
2026-06-13 15:33:08, tokens_remaining: 2310, call: scores, phase: playing
2026-06-13 15:33:10, tokens_remaining: 2309, call: scores, phase: playing
2026-06-13 15:33:11, tokens_remaining: 2308, call: events, phase: playing
2026-06-13 15:33:13, tokens_remaining: 2307, call: scores, phase: playing
2026-06-13 15:33:15, tokens_remaining: 2306, call: scores, phase: playing
2026-06-13 15:33:17, tokens_remaining: 2305, call: scores, phase: playing
2026-06-13 15:33:19, tokens_remaining: 2304, call: scores, phase: playing
2026-06-13 15:33:20, tokens_remaining: 2303, call: scores, phase: playing
2026-06-13 15:33:22, tokens_remaining: 2302, call: scores, phase: playing
2026-06-13 15:33:24, tokens_remaining: 2301, call: scores, phase: playing
2026-06-13 15:33:26, tokens_remaining: 2300, call: scores, phase: playing
2026-06-13 15:33:27, tokens_remaining: 2299, call: scores, phase: playing
2026-06-13 15:33:29, tokens_remaining: 2298, call: events, phase: playing
2026-06-13 15:33:31, tokens_remaining: 2297, call: scores, phase: playing
2026-06-13 15:33:33, tokens_remaining: 2296, call: scores, phase: playing
2026-06-13 15:33:34, tokens_remaining: 2295, call: scores, phase: playing
2026-06-13 15:33:36, tokens_remaining: 2294, call: scores, phase: playing
2026-06-13 15:33:38, tokens_remaining: 2293, call: scores, phase: playing
2026-06-13 15:33:40, tokens_remaining: 2292, call: scores, phase: playing
2026-06-13 15:33:42, tokens_remaining: 2291, call: scores, phase: playing
2026-06-13 15:33:43, tokens_remaining: 2290, call: scores, phase: playing
2026-06-13 15:33:45, tokens_remaining: 2289, call: scores, phase: playing
2026-06-13 15:33:47, tokens_remaining: 2288, call: events, phase: playing
2026-06-13 15:33:49, tokens_remaining: 2287, call: scores, phase: playing
2026-06-13 15:33:50, tokens_remaining: 2286, call: scores, phase: playing
2026-06-13 15:33:52, tokens_remaining: 2285, call: scores, phase: playing
2026-06-13 15:33:54, tokens_remaining: 2284, call: scores, phase: playing
2026-06-13 15:33:56, tokens_remaining: 2283, call: scores, phase: playing
2026-06-13 15:33:57, tokens_remaining: 2282, call: scores, phase: playing
2026-06-13 15:33:59, tokens_remaining: 2281, call: scores, phase: playing
2026-06-13 15:34:01, tokens_remaining: 2280, call: scores, phase: playing
2026-06-13 15:34:03, tokens_remaining: 2279, call: scores, phase: playing
2026-06-13 15:34:04, tokens_remaining: 2278, call: events, phase: playing
2026-06-13 15:34:06, tokens_remaining: 2277, call: scores, phase: playing
2026-06-13 15:34:08, tokens_remaining: 2276, call: scores, phase: playing
2026-06-13 15:34:10, tokens_remaining: 2275, call: scores, phase: playing
2026-06-13 15:34:12, tokens_remaining: 2274, call: scores, phase: playing
2026-06-13 15:34:13, tokens_remaining: 2273, call: scores, phase: playing
2026-06-13 15:34:15, tokens_remaining: 2272, call: scores, phase: playing
2026-06-13 15:34:17, tokens_remaining: 2271, call: scores, phase: playing
2026-06-13 15:34:19, tokens_remaining: 2270, call: scores, phase: playing
2026-06-13 15:34:20, tokens_remaining: 2269, call: scores, phase: playing
2026-06-13 15:34:22, tokens_remaining: 2268, call: events, phase: playing
2026-06-13 15:34:24, tokens_remaining: 2267, call: scores, phase: playing
2026-06-13 15:34:26, tokens_remaining: 2266, call: scores, phase: playing
2026-06-13 15:34:27, tokens_remaining: 2265, call: scores, phase: playing
2026-06-13 15:34:29, tokens_remaining: 2264, call: scores, phase: playing
2026-06-13 15:34:31, tokens_remaining: 2263, call: scores, phase: playing
2026-06-13 15:34:33, tokens_remaining: 2262, call: scores, phase: playing
2026-06-13 15:34:34, tokens_remaining: 2261, call: scores, phase: playing
2026-06-13 15:34:36, tokens_remaining: 2260, call: scores, phase: playing
2026-06-13 15:34:38, tokens_remaining: 2259, call: scores, phase: playing
2026-06-13 15:34:40, tokens_remaining: 2258, call: events, phase: playing
2026-06-13 15:34:41, tokens_remaining: 2257, call: scores, phase: playing
2026-06-13 15:34:43, tokens_remaining: 2256, call: scores, phase: playing
2026-06-13 15:34:45, tokens_remaining: 2255, call: scores, phase: playing
2026-06-13 15:34:47, tokens_remaining: 2254, call: scores, phase: playing
2026-06-13 15:34:48, tokens_remaining: 2253, call: scores, phase: playing
2026-06-13 15:34:50, tokens_remaining: 2252, call: scores, phase: playing
2026-06-13 15:34:52, tokens_remaining: 2251, call: scores, phase: playing
2026-06-13 15:34:54, tokens_remaining: 2250, call: scores, phase: playing
2026-06-13 15:34:55, tokens_remaining: 2249, call: scores, phase: playing
2026-06-13 15:34:57, tokens_remaining: 2248, call: events, phase: playing
2026-06-13 15:34:59, tokens_remaining: 2247, call: scores, phase: playing
2026-06-13 15:35:00, tokens_remaining: 2246, call: scores, phase: playing
2026-06-13 15:35:02, tokens_remaining: 2245, call: scores, phase: playing
2026-06-13 15:35:04, tokens_remaining: 2244, call: scores, phase: playing
2026-06-13 15:35:06, tokens_remaining: 2243, call: scores, phase: playing
2026-06-13 15:35:08, tokens_remaining: 2242, call: scores, phase: playing
2026-06-13 15:35:09, tokens_remaining: 2241, call: scores, phase: playing
2026-06-13 15:35:11, tokens_remaining: 2240, call: scores, phase: playing
2026-06-13 15:35:13, tokens_remaining: 2239, call: scores, phase: playing
2026-06-13 15:35:15, tokens_remaining: 2238, call: events, phase: playing
2026-06-13 15:35:16, tokens_remaining: 2237, call: scores, phase: playing
2026-06-13 15:35:18, tokens_remaining: 2236, call: scores, phase: playing
2026-06-13 15:35:20, tokens_remaining: 2235, call: scores, phase: playing
2026-06-13 15:35:21, tokens_remaining: 2234, call: scores, phase: playing
2026-06-13 15:35:23, tokens_remaining: 2233, call: scores, phase: playing
2026-06-13 15:35:25, tokens_remaining: 2232, call: scores, phase: playing
2026-06-13 15:35:27, tokens_remaining: 2231, call: scores, phase: playing
2026-06-13 15:35:28, tokens_remaining: 2230, call: scores, phase: playing
2026-06-13 15:35:30, tokens_remaining: 2229, call: scores, phase: playing
2026-06-13 15:35:32, tokens_remaining: 2228, call: events, phase: playing
2026-06-13 15:35:34, tokens_remaining: 2227, call: scores, phase: playing
2026-06-13 15:35:35, tokens_remaining: 2226, call: scores, phase: playing
2026-06-13 15:35:37, tokens_remaining: 2225, call: scores, phase: playing
2026-06-13 15:35:39, tokens_remaining: 2224, call: scores, phase: playing
2026-06-13 15:35:41, tokens_remaining: 2223, call: scores, phase: playing
2026-06-13 15:35:42, tokens_remaining: 2222, call: scores, phase: playing
2026-06-13 15:35:44, tokens_remaining: 2221, call: scores, phase: playing
2026-06-13 15:35:46, tokens_remaining: 2220, call: scores, phase: playing
2026-06-13 15:35:48, tokens_remaining: 2219, call: scores, phase: playing
2026-06-13 15:35:49, tokens_remaining: 2218, call: events, phase: playing
2026-06-13 15:35:51, tokens_remaining: 2217, call: scores, phase: playing
2026-06-13 15:35:53, tokens_remaining: 2216, call: scores, phase: playing
2026-06-13 15:35:55, tokens_remaining: 2215, call: scores, phase: playing
2026-06-13 15:35:56, tokens_remaining: 2214, call: scores, phase: playing
2026-06-13 15:35:58, tokens_remaining: 2213, call: scores, phase: playing
2026-06-13 15:36:00, tokens_remaining: 2212, call: scores, phase: playing
2026-06-13 15:36:02, tokens_remaining: 2211, call: scores, phase: playing
2026-06-13 15:36:03, tokens_remaining: 2210, call: scores, phase: playing
2026-06-13 15:36:05, tokens_remaining: 2209, call: scores, phase: playing
2026-06-13 15:36:07, tokens_remaining: 2208, call: events, phase: playing
2026-06-13 15:36:09, tokens_remaining: 2207, call: scores, phase: playing
2026-06-13 15:36:10, tokens_remaining: 2206, call: scores, phase: playing
2026-06-13 15:36:12, tokens_remaining: 2205, call: scores, phase: playing
2026-06-13 15:36:14, tokens_remaining: 2204, call: scores, phase: playing
2026-06-13 15:36:16, tokens_remaining: 2203, call: scores, phase: playing
2026-06-13 15:36:18, tokens_remaining: 2202, call: scores, phase: playing
2026-06-13 15:36:20, tokens_remaining: 2201, call: scores, phase: playing
2026-06-13 15:36:21, tokens_remaining: 2200, call: scores, phase: playing
2026-06-13 15:36:23, tokens_remaining: 2199, call: scores, phase: playing
2026-06-13 15:36:25, tokens_remaining: 2198, call: events, phase: playing
2026-06-13 15:36:27, tokens_remaining: 2197, call: scores, phase: playing
2026-06-13 15:36:29, tokens_remaining: 2196, call: scores, phase: playing
2026-06-13 15:36:30, tokens_remaining: 2195, call: scores, phase: playing
2026-06-13 15:36:32, tokens_remaining: 2194, call: scores, phase: playing
2026-06-13 15:36:34, tokens_remaining: 2193, call: scores, phase: playing
2026-06-13 15:36:36, tokens_remaining: 2192, call: scores, phase: playing
2026-06-13 15:36:37, tokens_remaining: 2191, call: scores, phase: playing
2026-06-13 15:36:39, tokens_remaining: 2190, call: scores, phase: playing
2026-06-13 15:36:41, tokens_remaining: 2189, call: scores, phase: playing
2026-06-13 15:36:42, tokens_remaining: 2188, call: events, phase: playing
2026-06-13 15:36:44, tokens_remaining: 2187, call: scores, phase: playing
2026-06-13 15:36:46, tokens_remaining: 2186, call: scores, phase: playing
2026-06-13 15:36:48, tokens_remaining: 2185, call: scores, phase: playing
2026-06-13 15:36:49, tokens_remaining: 2184, call: scores, phase: playing
2026-06-13 15:36:51, tokens_remaining: 2183, call: scores, phase: playing
2026-06-13 15:36:53, tokens_remaining: 2182, call: scores, phase: playing
2026-06-13 15:36:54, tokens_remaining: 2181, call: scores, phase: playing
2026-06-13 15:36:56, tokens_remaining: 2180, call: scores, phase: playing
2026-06-13 15:36:58, tokens_remaining: 2179, call: scores, phase: playing
2026-06-13 15:37:00, tokens_remaining: 2178, call: events, phase: playing
2026-06-13 15:37:01, tokens_remaining: 2177, call: scores, phase: playing
2026-06-13 15:37:03, tokens_remaining: 2176, call: scores, phase: playing
2026-06-13 15:37:05, tokens_remaining: 2175, call: scores, phase: playing
2026-06-13 15:37:07, tokens_remaining: 2174, call: scores, phase: playing
2026-06-13 15:37:08, tokens_remaining: 2173, call: scores, phase: playing
2026-06-13 15:37:10, tokens_remaining: 2172, call: scores, phase: playing
2026-06-13 15:37:12, tokens_remaining: 2171, call: scores, phase: playing
2026-06-13 15:37:13, tokens_remaining: 2170, call: scores, phase: playing
2026-06-13 15:37:15, tokens_remaining: 2169, call: scores, phase: playing
2026-06-13 15:37:17, tokens_remaining: 2168, call: events, phase: playing
2026-06-13 15:37:19, tokens_remaining: 2167, call: scores, phase: playing
2026-06-13 15:37:20, tokens_remaining: 2166, call: scores, phase: playing
2026-06-13 15:37:22, tokens_remaining: 2165, call: scores, phase: playing
2026-06-13 15:37:24, tokens_remaining: 2164, call: scores, phase: playing
2026-06-13 15:37:25, tokens_remaining: 2163, call: scores, phase: playing
2026-06-13 15:37:27, tokens_remaining: 2162, call: scores, phase: playing
2026-06-13 15:37:29, tokens_remaining: 2161, call: scores, phase: playing
2026-06-13 15:37:31, tokens_remaining: 2160, call: scores, phase: playing
2026-06-13 15:37:32, tokens_remaining: 2159, call: scores, phase: playing
2026-06-13 15:37:34, tokens_remaining: 2158, call: events, phase: playing
2026-06-13 15:37:36, tokens_remaining: 2157, call: scores, phase: playing
2026-06-13 15:37:38, tokens_remaining: 2156, call: scores, phase: playing
2026-06-13 15:37:39, tokens_remaining: 2155, call: scores, phase: playing
2026-06-13 15:37:41, tokens_remaining: 2154, call: scores, phase: playing
2026-06-13 15:37:43, tokens_remaining: 2153, call: scores, phase: playing
2026-06-13 15:37:44, tokens_remaining: 2152, call: scores, phase: playing
2026-06-13 15:37:46, tokens_remaining: 2151, call: scores, phase: playing
2026-06-13 15:37:48, tokens_remaining: 2150, call: scores, phase: playing
2026-06-13 15:37:50, tokens_remaining: 2149, call: scores, phase: playing
2026-06-13 15:37:52, tokens_remaining: 2148, call: events, phase: playing
2026-06-13 15:37:53, tokens_remaining: 2147, call: scores, phase: playing
2026-06-13 15:37:55, tokens_remaining: 2146, call: scores, phase: playing
2026-06-13 15:37:57, tokens_remaining: 2145, call: scores, phase: playing
2026-06-13 15:37:58, tokens_remaining: 2144, call: scores, phase: playing
2026-06-13 15:38:00, tokens_remaining: 2143, call: scores, phase: playing
2026-06-13 15:38:02, tokens_remaining: 2142, call: scores, phase: playing
2026-06-13 15:38:04, tokens_remaining: 2141, call: scores, phase: playing
2026-06-13 15:38:05, tokens_remaining: 2140, call: scores, phase: playing
2026-06-13 15:38:07, tokens_remaining: 2139, call: scores, phase: playing
2026-06-13 15:38:09, tokens_remaining: 2138, call: events, phase: playing
2026-06-13 15:38:11, tokens_remaining: 2137, call: scores, phase: playing
2026-06-13 15:38:12, tokens_remaining: 2136, call: scores, phase: playing
2026-06-13 15:38:14, tokens_remaining: 2135, call: scores, phase: playing
2026-06-13 15:38:16, tokens_remaining: 2134, call: scores, phase: playing
2026-06-13 15:38:17, tokens_remaining: 2133, call: scores, phase: playing
2026-06-13 15:38:19, tokens_remaining: 2132, call: scores, phase: playing
2026-06-13 15:38:21, tokens_remaining: 2131, call: scores, phase: playing
2026-06-13 15:38:23, tokens_remaining: 2130, call: scores, phase: playing
2026-06-13 15:38:24, tokens_remaining: 2129, call: scores, phase: playing
2026-06-13 15:38:26, tokens_remaining: 2128, call: events, phase: playing
2026-06-13 15:38:28, tokens_remaining: 2127, call: scores, phase: playing
2026-06-13 15:38:29, tokens_remaining: 2126, call: scores, phase: playing
2026-06-13 15:38:31, tokens_remaining: 2125, call: scores, phase: playing
2026-06-13 15:38:33, tokens_remaining: 2124, call: scores, phase: playing
2026-06-13 15:38:35, tokens_remaining: 2123, call: scores, phase: playing
2026-06-13 15:38:36, tokens_remaining: 2122, call: scores, phase: playing
2026-06-13 15:38:38, tokens_remaining: 2121, call: scores, phase: playing
2026-06-13 15:38:40, tokens_remaining: 2120, call: scores, phase: playing
2026-06-13 15:38:41, tokens_remaining: 2119, call: scores, phase: playing
2026-06-13 15:38:43, tokens_remaining: 2118, call: events, phase: playing
2026-06-13 15:38:45, tokens_remaining: 2117, call: scores, phase: playing
2026-06-13 15:38:47, tokens_remaining: 2116, call: scores, phase: playing
2026-06-13 15:38:48, tokens_remaining: 2115, call: scores, phase: playing
2026-06-13 15:38:50, tokens_remaining: 2114, call: scores, phase: playing
2026-06-13 15:38:52, tokens_remaining: 2113, call: scores, phase: playing
2026-06-13 15:38:53, tokens_remaining: 2112, call: scores, phase: playing
2026-06-13 15:38:55, tokens_remaining: 2111, call: scores, phase: playing
2026-06-13 15:38:57, tokens_remaining: 2110, call: scores, phase: playing
2026-06-13 15:38:59, tokens_remaining: 2109, call: scores, phase: playing
2026-06-13 15:39:00, tokens_remaining: 2108, call: events, phase: playing
2026-06-13 15:39:02, tokens_remaining: 2107, call: scores, phase: playing
2026-06-13 15:39:04, tokens_remaining: 2106, call: scores, phase: playing
2026-06-13 15:39:05, tokens_remaining: 2105, call: scores, phase: playing
2026-06-13 15:39:07, tokens_remaining: 2104, call: scores, phase: playing
2026-06-13 15:39:09, tokens_remaining: 2103, call: scores, phase: playing
2026-06-13 15:39:11, tokens_remaining: 2102, call: scores, phase: playing
2026-06-13 15:39:12, tokens_remaining: 2101, call: scores, phase: playing
2026-06-13 15:39:14, tokens_remaining: 2100, call: scores, phase: playing
2026-06-13 15:39:16, tokens_remaining: 2099, call: scores, phase: playing
2026-06-13 15:39:17, tokens_remaining: 2098, call: events, phase: playing
2026-06-13 15:39:19, tokens_remaining: 2097, call: scores, phase: playing
2026-06-13 15:39:21, tokens_remaining: 2096, call: scores, phase: playing
2026-06-13 15:39:23, tokens_remaining: 2095, call: scores, phase: playing
2026-06-13 15:39:24, tokens_remaining: 2094, call: scores, phase: playing
2026-06-13 15:39:26, tokens_remaining: 2093, call: scores, phase: playing
2026-06-13 15:39:28, tokens_remaining: 2092, call: scores, phase: playing
2026-06-13 15:39:29, tokens_remaining: 2091, call: scores, phase: playing
2026-06-13 15:39:31, tokens_remaining: 2090, call: scores, phase: playing
2026-06-13 15:39:33, tokens_remaining: 2089, call: scores, phase: playing
2026-06-13 15:39:35, tokens_remaining: 2088, call: events, phase: playing
2026-06-13 15:39:36, tokens_remaining: 2087, call: scores, phase: playing
2026-06-13 15:39:38, tokens_remaining: 2086, call: scores, phase: playing
2026-06-13 15:39:40, tokens_remaining: 2085, call: scores, phase: playing
2026-06-13 15:39:41, tokens_remaining: 2084, call: scores, phase: playing
2026-06-13 15:39:43, tokens_remaining: 2083, call: scores, phase: playing
2026-06-13 15:39:45, tokens_remaining: 2082, call: scores, phase: playing
2026-06-13 15:39:46, tokens_remaining: 2081, call: scores, phase: playing
2026-06-13 15:39:48, tokens_remaining: 2080, call: scores, phase: playing
2026-06-13 15:39:50, tokens_remaining: 2079, call: scores, phase: playing
2026-06-13 15:39:52, tokens_remaining: 2078, call: events, phase: playing
2026-06-13 15:39:53, tokens_remaining: 2077, call: scores, phase: playing
2026-06-13 15:39:55, tokens_remaining: 2076, call: scores, phase: playing
2026-06-13 15:39:57, tokens_remaining: 2075, call: scores, phase: playing
2026-06-13 15:39:58, tokens_remaining: 2074, call: scores, phase: playing
2026-06-13 15:40:00, tokens_remaining: 2073, call: scores, phase: playing
2026-06-13 15:40:02, tokens_remaining: 2072, call: scores, phase: playing
2026-06-13 15:40:04, tokens_remaining: 2071, call: scores, phase: playing
2026-06-13 15:40:05, tokens_remaining: 2070, call: scores, phase: playing
2026-06-13 15:40:07, tokens_remaining: 2069, call: scores, phase: playing
2026-06-13 15:40:09, tokens_remaining: 2068, call: events, phase: playing
2026-06-13 15:40:10, tokens_remaining: 2067, call: scores, phase: playing
2026-06-13 15:40:12, tokens_remaining: 2066, call: scores, phase: playing
2026-06-13 15:40:14, tokens_remaining: 2065, call: scores, phase: playing
2026-06-13 15:40:15, tokens_remaining: 2064, call: scores, phase: playing
2026-06-13 15:40:17, tokens_remaining: 2063, call: scores, phase: playing
2026-06-13 15:40:19, tokens_remaining: 2062, call: scores, phase: playing
2026-06-13 15:40:21, tokens_remaining: 2061, call: scores, phase: playing
2026-06-13 15:40:22, tokens_remaining: 2060, call: scores, phase: playing
2026-06-13 15:40:25, tokens_remaining: 2059, call: scores, phase: playing
2026-06-13 15:40:26, tokens_remaining: 2058, call: events, phase: playing
2026-06-13 15:40:28, tokens_remaining: 2057, call: scores, phase: playing
2026-06-13 15:40:30, tokens_remaining: 2056, call: scores, phase: playing
2026-06-13 15:40:32, tokens_remaining: 2055, call: scores, phase: playing
2026-06-13 15:40:33, tokens_remaining: 2054, call: scores, phase: playing
2026-06-13 15:40:35, tokens_remaining: 2053, call: scores, phase: playing
2026-06-13 15:40:37, tokens_remaining: 2052, call: scores, phase: playing
2026-06-13 15:40:38, tokens_remaining: 2051, call: scores, phase: playing
2026-06-13 15:40:40, tokens_remaining: 2050, call: scores, phase: playing
2026-06-13 15:40:42, tokens_remaining: 2049, call: scores, phase: playing
2026-06-13 15:40:44, tokens_remaining: 2048, call: events, phase: playing
2026-06-13 15:40:45, tokens_remaining: 2047, call: scores, phase: playing
2026-06-13 15:40:47, tokens_remaining: 2046, call: scores, phase: playing
2026-06-13 15:40:49, tokens_remaining: 2045, call: scores, phase: playing
2026-06-13 15:40:50, tokens_remaining: 2044, call: scores, phase: playing
2026-06-13 15:40:52, tokens_remaining: 2043, call: scores, phase: playing
2026-06-13 15:40:54, tokens_remaining: 2042, call: scores, phase: playing
2026-06-13 15:40:55, tokens_remaining: 2041, call: scores, phase: playing
2026-06-13 15:40:57, tokens_remaining: 2040, call: scores, phase: playing
2026-06-13 15:40:59, tokens_remaining: 2039, call: scores, phase: playing
2026-06-13 15:41:01, tokens_remaining: 2038, call: events, phase: playing
2026-06-13 15:41:02, tokens_remaining: 2037, call: scores, phase: playing
2026-06-13 15:41:04, tokens_remaining: 2036, call: scores, phase: playing
2026-06-13 15:41:06, tokens_remaining: 2035, call: scores, phase: playing
2026-06-13 15:41:07, tokens_remaining: 2034, call: scores, phase: playing
2026-06-13 15:41:09, tokens_remaining: 2033, call: scores, phase: playing
2026-06-13 15:41:11, tokens_remaining: 2032, call: scores, phase: playing
2026-06-13 15:41:12, tokens_remaining: 2031, call: scores, phase: playing
2026-06-13 15:41:14, tokens_remaining: 2030, call: scores, phase: playing
2026-06-13 15:41:16, tokens_remaining: 2029, call: scores, phase: playing
2026-06-13 15:41:18, tokens_remaining: 2028, call: events, phase: playing
2026-06-13 15:41:19, tokens_remaining: 2027, call: scores, phase: playing
2026-06-13 15:41:21, tokens_remaining: 2026, call: scores, phase: playing
2026-06-13 15:41:23, tokens_remaining: 2025, call: scores, phase: playing
2026-06-13 15:41:24, tokens_remaining: 2024, call: scores, phase: playing
2026-06-13 15:41:26, tokens_remaining: 2023, call: scores, phase: playing
2026-06-13 15:41:28, tokens_remaining: 2022, call: scores, phase: playing
2026-06-13 15:41:29, tokens_remaining: 2021, call: scores, phase: playing
2026-06-13 15:41:31, tokens_remaining: 2020, call: scores, phase: playing
2026-06-13 15:41:33, tokens_remaining: 2019, call: scores, phase: playing
2026-06-13 15:41:35, tokens_remaining: 2018, call: events, phase: playing
2026-06-13 15:41:36, tokens_remaining: 2017, call: scores, phase: playing
2026-06-13 15:41:38, tokens_remaining: 2016, call: scores, phase: playing
2026-06-13 15:41:40, tokens_remaining: 2015, call: scores, phase: playing
2026-06-13 15:41:41, tokens_remaining: 2014, call: scores, phase: playing
2026-06-13 15:41:43, tokens_remaining: 2013, call: scores, phase: playing
2026-06-13 15:41:45, tokens_remaining: 2012, call: scores, phase: playing
2026-06-13 15:41:47, tokens_remaining: 2011, call: scores, phase: playing
2026-06-13 15:41:48, tokens_remaining: 2010, call: scores, phase: playing
2026-06-13 15:41:50, tokens_remaining: 2009, call: scores, phase: playing
2026-06-13 15:41:52, tokens_remaining: 2008, call: events, phase: playing
2026-06-13 15:41:53, tokens_remaining: 2007, call: scores, phase: playing
2026-06-13 15:41:55, tokens_remaining: 2006, call: scores, phase: playing
2026-06-13 15:41:57, tokens_remaining: 2005, call: scores, phase: playing
2026-06-13 15:41:58, tokens_remaining: 2004, call: scores, phase: playing
2026-06-13 15:42:00, tokens_remaining: 2003, call: scores, phase: playing
2026-06-13 15:42:02, tokens_remaining: 2002, call: scores, phase: playing
2026-06-13 15:42:04, tokens_remaining: 2001, call: scores, phase: playing
2026-06-13 15:42:05, tokens_remaining: 2000, call: scores, phase: playing
2026-06-13 15:42:07, tokens_remaining: 1999, call: scores, phase: playing
2026-06-13 15:42:09, tokens_remaining: 1998, call: events, phase: playing
2026-06-13 15:42:10, tokens_remaining: 1997, call: scores, phase: playing
2026-06-13 15:42:12, tokens_remaining: 1996, call: scores, phase: playing
2026-06-13 15:42:14, tokens_remaining: 1995, call: scores, phase: playing
2026-06-13 15:42:15, tokens_remaining: 1994, call: scores, phase: playing
2026-06-13 15:42:17, tokens_remaining: 1993, call: scores, phase: playing
2026-06-13 15:42:19, tokens_remaining: 1992, call: scores, phase: playing
2026-06-13 15:42:21, tokens_remaining: 1991, call: scores, phase: playing
2026-06-13 15:42:22, tokens_remaining: 1990, call: scores, phase: playing
2026-06-13 15:42:24, tokens_remaining: 1989, call: scores, phase: playing
2026-06-13 15:42:26, tokens_remaining: 1988, call: events, phase: playing
2026-06-13 15:42:27, tokens_remaining: 1987, call: scores, phase: playing
2026-06-13 15:42:29, tokens_remaining: 1986, call: scores, phase: playing
2026-06-13 15:42:31, tokens_remaining: 1985, call: scores, phase: playing
2026-06-13 15:42:32, tokens_remaining: 1984, call: scores, phase: playing
2026-06-13 15:42:34, tokens_remaining: 1983, call: scores, phase: playing
2026-06-13 15:42:36, tokens_remaining: 1982, call: scores, phase: playing
2026-06-13 15:42:38, tokens_remaining: 1981, call: scores, phase: playing
2026-06-13 15:42:39, tokens_remaining: 1980, call: scores, phase: playing
2026-06-13 15:42:41, tokens_remaining: 1979, call: scores, phase: playing
2026-06-13 15:42:43, tokens_remaining: 1978, call: events, phase: playing
2026-06-13 15:42:44, tokens_remaining: 1977, call: scores, phase: playing
2026-06-13 15:42:46, tokens_remaining: 1976, call: scores, phase: playing
2026-06-13 15:42:48, tokens_remaining: 1975, call: scores, phase: playing
2026-06-13 15:42:49, tokens_remaining: 1974, call: scores, phase: playing
2026-06-13 15:42:51, tokens_remaining: 1973, call: scores, phase: playing
2026-06-13 15:42:53, tokens_remaining: 1972, call: scores, phase: playing
2026-06-13 15:42:55, tokens_remaining: 1971, call: scores, phase: playing
2026-06-13 15:42:56, tokens_remaining: 1970, call: scores, phase: playing
2026-06-13 15:42:58, tokens_remaining: 1969, call: scores, phase: playing
2026-06-13 15:43:00, tokens_remaining: 1968, call: events, phase: playing
2026-06-13 15:43:01, tokens_remaining: 1967, call: scores, phase: playing
2026-06-13 15:43:03, tokens_remaining: 1966, call: scores, phase: playing
2026-06-13 15:43:05, tokens_remaining: 1965, call: scores, phase: playing
2026-06-13 15:43:06, tokens_remaining: 1964, call: scores, phase: playing
2026-06-13 15:43:08, tokens_remaining: 1963, call: scores, phase: playing
2026-06-13 15:43:10, tokens_remaining: 1962, call: scores, phase: playing
2026-06-13 15:43:11, tokens_remaining: 1961, call: scores, phase: playing
2026-06-13 15:43:13, tokens_remaining: 1960, call: scores, phase: playing
2026-06-13 15:43:15, tokens_remaining: 1959, call: scores, phase: playing
2026-06-13 15:43:16, tokens_remaining: 1958, call: events, phase: playing
2026-06-13 15:43:18, tokens_remaining: 1957, call: scores, phase: playing
2026-06-13 15:43:20, tokens_remaining: 1956, call: scores, phase: playing
2026-06-13 15:43:22, tokens_remaining: 1955, call: scores, phase: playing
2026-06-13 15:43:23, tokens_remaining: 1954, call: scores, phase: playing
2026-06-13 15:43:25, tokens_remaining: 1953, call: scores, phase: playing
2026-06-13 15:43:27, tokens_remaining: 1952, call: scores, phase: playing
2026-06-13 15:43:28, tokens_remaining: 1951, call: scores, phase: playing
2026-06-13 15:43:30, tokens_remaining: 1950, call: scores, phase: playing
2026-06-13 15:43:32, tokens_remaining: 1949, call: scores, phase: playing
2026-06-13 15:43:33, tokens_remaining: 1948, call: events, phase: playing
2026-06-13 15:43:35, tokens_remaining: 1947, call: scores, phase: playing
2026-06-13 15:43:37, tokens_remaining: 1946, call: scores, phase: playing
2026-06-13 15:43:38, tokens_remaining: 1945, call: scores, phase: playing
2026-06-13 15:43:40, tokens_remaining: 1944, call: scores, phase: playing
2026-06-13 15:43:42, tokens_remaining: 1943, call: scores, phase: playing
2026-06-13 15:43:43, tokens_remaining: 1942, call: scores, phase: playing
2026-06-13 15:43:45, tokens_remaining: 1941, call: scores, phase: playing
2026-06-13 15:43:47, tokens_remaining: 1940, call: scores, phase: playing
2026-06-13 15:43:49, tokens_remaining: 1939, call: scores, phase: playing
2026-06-13 15:43:50, tokens_remaining: 1938, call: events, phase: playing
2026-06-13 15:43:52, tokens_remaining: 1937, call: scores, phase: playing
2026-06-13 15:43:54, tokens_remaining: 1936, call: scores, phase: playing
2026-06-13 15:43:55, tokens_remaining: 1935, call: scores, phase: playing
2026-06-13 15:43:57, tokens_remaining: 1934, call: scores, phase: playing
2026-06-13 15:43:59, tokens_remaining: 1933, call: scores, phase: playing
2026-06-13 15:44:00, tokens_remaining: 1932, call: scores, phase: playing
2026-06-13 15:44:02, tokens_remaining: 1931, call: scores, phase: playing
2026-06-13 15:44:04, tokens_remaining: 1930, call: scores, phase: playing
2026-06-13 15:44:05, tokens_remaining: 1929, call: scores, phase: playing
2026-06-13 15:44:07, tokens_remaining: 1928, call: events, phase: playing
2026-06-13 15:44:09, tokens_remaining: 1927, call: scores, phase: playing
2026-06-13 15:44:10, tokens_remaining: 1926, call: scores, phase: playing
2026-06-13 15:44:12, tokens_remaining: 1925, call: scores, phase: playing
2026-06-13 15:44:14, tokens_remaining: 1924, call: scores, phase: playing
2026-06-13 15:44:16, tokens_remaining: 1923, call: scores, phase: playing
2026-06-13 15:44:17, tokens_remaining: 1922, call: scores, phase: playing
2026-06-13 15:44:19, tokens_remaining: 1921, call: scores, phase: playing
2026-06-13 15:44:21, tokens_remaining: 1920, call: scores, phase: playing
2026-06-13 15:44:22, tokens_remaining: 1919, call: scores, phase: playing
2026-06-13 15:44:24, tokens_remaining: 1918, call: events, phase: playing
2026-06-13 15:44:26, tokens_remaining: 1917, call: scores, phase: playing
2026-06-13 15:44:27, tokens_remaining: 1916, call: scores, phase: playing
2026-06-13 15:44:29, tokens_remaining: 1915, call: scores, phase: playing
2026-06-13 15:44:31, tokens_remaining: 1914, call: scores, phase: playing
2026-06-13 15:44:32, tokens_remaining: 1913, call: scores, phase: playing
2026-06-13 15:44:34, tokens_remaining: 1912, call: scores, phase: playing
2026-06-13 15:44:36, tokens_remaining: 1911, call: scores, phase: playing
2026-06-13 15:44:38, tokens_remaining: 1910, call: scores, phase: playing
2026-06-13 15:44:39, tokens_remaining: 1909, call: scores, phase: playing
2026-06-13 15:44:41, tokens_remaining: 1908, call: events, phase: playing
2026-06-13 15:44:43, tokens_remaining: 1907, call: scores, phase: playing
2026-06-13 15:44:44, tokens_remaining: 1906, call: scores, phase: playing
2026-06-13 15:44:46, tokens_remaining: 1905, call: scores, phase: playing
2026-06-13 15:44:48, tokens_remaining: 1904, call: scores, phase: playing
2026-06-13 15:44:49, tokens_remaining: 1903, call: scores, phase: playing
2026-06-13 15:44:51, tokens_remaining: 1902, call: scores, phase: playing
2026-06-13 15:44:53, tokens_remaining: 1901, call: scores, phase: playing
2026-06-13 15:44:54, tokens_remaining: 1900, call: scores, phase: playing
2026-06-13 15:44:56, tokens_remaining: 1899, call: scores, phase: playing
2026-06-13 15:44:58, tokens_remaining: 1898, call: events, phase: playing
2026-06-13 15:44:59, tokens_remaining: 1897, call: scores, phase: playing
2026-06-13 15:45:01, tokens_remaining: 1896, call: scores, phase: playing
2026-06-13 15:45:03, tokens_remaining: 1895, call: scores, phase: playing
2026-06-13 15:45:04, tokens_remaining: 1894, call: scores, phase: playing
2026-06-13 15:45:06, tokens_remaining: 1893, call: scores, phase: playing
2026-06-13 15:45:08, tokens_remaining: 1892, call: scores, phase: playing
2026-06-13 15:45:09, tokens_remaining: 1891, call: scores, phase: playing
2026-06-13 15:45:11, tokens_remaining: 1890, call: scores, phase: playing
2026-06-13 15:45:13, tokens_remaining: 1889, call: scores, phase: playing
2026-06-13 15:45:15, tokens_remaining: 1888, call: events, phase: playing
2026-06-13 15:45:16, tokens_remaining: 1887, call: scores, phase: playing
2026-06-13 15:45:18, tokens_remaining: 1886, call: scores, phase: playing
2026-06-13 15:45:20, tokens_remaining: 1885, call: scores, phase: playing
2026-06-13 15:45:21, tokens_remaining: 1884, call: scores, phase: playing
2026-06-13 15:45:23, tokens_remaining: 1883, call: scores, phase: playing
2026-06-13 15:45:25, tokens_remaining: 1882, call: scores, phase: playing
2026-06-13 15:45:26, tokens_remaining: 1881, call: scores, phase: playing
2026-06-13 15:45:28, tokens_remaining: 1880, call: scores, phase: playing
2026-06-13 15:45:30, tokens_remaining: 1879, call: scores, phase: playing
2026-06-13 15:45:31, tokens_remaining: 1878, call: events, phase: playing
2026-06-13 15:45:33, tokens_remaining: 1877, call: scores, phase: playing
2026-06-13 15:45:35, tokens_remaining: 1876, call: scores, phase: playing
2026-06-13 15:45:36, tokens_remaining: 1875, call: scores, phase: playing
2026-06-13 15:45:38, tokens_remaining: 1874, call: scores, phase: playing
2026-06-13 15:45:40, tokens_remaining: 1873, call: scores, phase: playing
2026-06-13 15:45:41, tokens_remaining: 1872, call: scores, phase: playing
2026-06-13 15:45:43, tokens_remaining: 1871, call: scores, phase: playing
2026-06-13 15:45:45, tokens_remaining: 1870, call: scores, phase: playing
2026-06-13 15:45:46, tokens_remaining: 1869, call: scores, phase: playing
2026-06-13 15:45:48, tokens_remaining: 1868, call: events, phase: playing
2026-06-13 15:45:50, tokens_remaining: 1867, call: scores, phase: playing
2026-06-13 15:45:51, tokens_remaining: 1866, call: scores, phase: playing
2026-06-13 15:45:53, tokens_remaining: 1865, call: scores, phase: playing
2026-06-13 15:45:55, tokens_remaining: 1864, call: scores, phase: playing
2026-06-13 15:45:56, tokens_remaining: 1863, call: scores, phase: playing
2026-06-13 15:45:58, tokens_remaining: 1862, call: scores, phase: playing
2026-06-13 15:46:00, tokens_remaining: 1861, call: scores, phase: playing
2026-06-13 15:46:01, tokens_remaining: 1860, call: scores, phase: playing
2026-06-13 15:46:03, tokens_remaining: 1859, call: scores, phase: playing
2026-06-13 15:46:05, tokens_remaining: 1858, call: events, phase: playing
2026-06-13 15:46:06, tokens_remaining: 1857, call: scores, phase: playing
2026-06-13 15:46:08, tokens_remaining: 1856, call: scores, phase: playing
2026-06-13 15:46:10, tokens_remaining: 1855, call: scores, phase: playing
2026-06-13 15:46:11, tokens_remaining: 1854, call: scores, phase: playing
2026-06-13 15:46:13, tokens_remaining: 1853, call: scores, phase: playing
2026-06-13 15:46:15, tokens_remaining: 1852, call: scores, phase: playing
2026-06-13 15:46:16, tokens_remaining: 1851, call: scores, phase: playing
2026-06-13 15:46:18, tokens_remaining: 1850, call: scores, phase: playing
2026-06-13 15:46:20, tokens_remaining: 1849, call: scores, phase: playing
2026-06-13 15:46:22, tokens_remaining: 1848, call: events, phase: playing
2026-06-13 15:46:23, tokens_remaining: 1847, call: scores, phase: playing
2026-06-13 15:46:26, tokens_remaining: 1846, call: scores, phase: playing
2026-06-13 15:46:27, tokens_remaining: 1845, call: scores, phase: playing
2026-06-13 15:46:29, tokens_remaining: 1844, call: scores, phase: playing
2026-06-13 15:46:31, tokens_remaining: 1843, call: scores, phase: playing
2026-06-13 15:46:32, tokens_remaining: 1842, call: scores, phase: playing
2026-06-13 15:46:34, tokens_remaining: 1841, call: scores, phase: playing
2026-06-13 15:46:36, tokens_remaining: 1840, call: scores, phase: playing
2026-06-13 15:46:37, tokens_remaining: 1839, call: scores, phase: playing
2026-06-13 15:46:39, tokens_remaining: 1838, call: events, phase: playing
2026-06-13 15:46:41, tokens_remaining: 1837, call: scores, phase: playing
2026-06-13 15:46:43, tokens_remaining: 1836, call: scores, phase: playing
2026-06-13 15:46:44, tokens_remaining: 1835, call: scores, phase: playing
2026-06-13 15:46:46, tokens_remaining: 1834, call: scores, phase: playing
2026-06-13 15:46:47, tokens_remaining: 1833, call: scores, phase: playing
2026-06-13 15:46:49, tokens_remaining: 1832, call: scores, phase: playing
2026-06-13 15:46:51, tokens_remaining: 1831, call: scores, phase: playing
2026-06-13 15:46:52, tokens_remaining: 1830, call: scores, phase: playing
2026-06-13 15:46:54, tokens_remaining: 1829, call: scores, phase: playing
2026-06-13 15:46:56, tokens_remaining: 1828, call: events, phase: playing
2026-06-13 15:46:56, EVENT: YELLOW_CARD 42' Denis Zakaria [Qatar vs Switzerland]
2026-06-13 15:46:58, tokens_remaining: 1827, call: scores, phase: playing
2026-06-13 15:46:59, tokens_remaining: 1826, call: scores, phase: playing
2026-06-13 15:47:01, tokens_remaining: 1825, call: scores, phase: playing
2026-06-13 15:47:03, tokens_remaining: 1824, call: scores, phase: playing
2026-06-13 15:47:04, tokens_remaining: 1823, call: scores, phase: playing
2026-06-13 15:47:06, tokens_remaining: 1822, call: scores, phase: playing
2026-06-13 15:47:08, tokens_remaining: 1821, call: scores, phase: playing
2026-06-13 15:47:09, tokens_remaining: 1820, call: scores, phase: playing
2026-06-13 15:47:11, tokens_remaining: 1819, call: scores, phase: playing
2026-06-13 15:47:12, tokens_remaining: 1818, call: events, phase: playing
2026-06-13 15:47:14, tokens_remaining: 1817, call: scores, phase: playing
2026-06-13 15:47:16, tokens_remaining: 1816, call: scores, phase: playing
2026-06-13 15:47:17, tokens_remaining: 1815, call: scores, phase: playing
2026-06-13 15:47:19, tokens_remaining: 1814, call: scores, phase: playing
2026-06-13 15:47:21, tokens_remaining: 1813, call: scores, phase: playing
2026-06-13 15:47:22, tokens_remaining: 1812, call: scores, phase: playing
2026-06-13 15:47:24, tokens_remaining: 1811, call: scores, phase: playing
2026-06-13 15:47:26, tokens_remaining: 1810, call: scores, phase: playing
2026-06-13 15:47:27, tokens_remaining: 1809, call: scores, phase: playing
2026-06-13 15:47:29, tokens_remaining: 1808, call: events, phase: playing
2026-06-13 15:47:31, tokens_remaining: 1807, call: scores, phase: playing
2026-06-13 15:47:33, tokens_remaining: 1806, call: scores, phase: playing
2026-06-13 15:47:34, tokens_remaining: 1805, call: scores, phase: playing
2026-06-13 15:47:36, tokens_remaining: 1804, call: scores, phase: playing
2026-06-13 15:47:38, tokens_remaining: 1803, call: scores, phase: playing
2026-06-13 15:47:40, tokens_remaining: 1802, call: scores, phase: playing
2026-06-13 15:47:42, tokens_remaining: 1801, call: scores, phase: playing
2026-06-13 15:47:43, tokens_remaining: 1800, call: scores, phase: playing
2026-06-13 15:47:45, tokens_remaining: 1799, call: scores, phase: playing
2026-06-13 15:47:47, tokens_remaining: 1798, call: events, phase: playing
2026-06-13 15:47:48, tokens_remaining: 1797, call: scores, phase: playing
2026-06-13 15:47:50, tokens_remaining: 1796, call: scores, phase: playing
2026-06-13 15:47:52, tokens_remaining: 1795, call: scores, phase: playing
2026-06-13 15:47:53, tokens_remaining: 1794, call: scores, phase: playing
2026-06-13 15:47:55, tokens_remaining: 1793, call: scores, phase: playing
2026-06-13 15:47:57, tokens_remaining: 1792, call: scores, phase: playing
2026-06-13 15:47:58, tokens_remaining: 1791, call: scores, phase: playing
2026-06-13 15:48:00, tokens_remaining: 1790, call: scores, phase: playing
2026-06-13 15:48:02, tokens_remaining: 1789, call: scores, phase: playing
2026-06-13 15:48:04, tokens_remaining: 1788, call: events, phase: playing
2026-06-13 15:48:06, tokens_remaining: 1787, call: scores, phase: playing
2026-06-13 15:48:07, tokens_remaining: 1786, call: scores, phase: playing
2026-06-13 15:48:09, tokens_remaining: 1785, call: scores, phase: playing
2026-06-13 15:48:11, tokens_remaining: 1784, call: scores, phase: playing
2026-06-13 15:48:13, tokens_remaining: 1783, call: scores, phase: playing
2026-06-13 15:48:14, tokens_remaining: 1782, call: scores, phase: playing
2026-06-13 15:48:16, tokens_remaining: 1781, call: scores, phase: playing
2026-06-13 15:48:17, tokens_remaining: 1780, call: scores, phase: playing
2026-06-13 15:48:20, tokens_remaining: 1779, call: scores, phase: playing
2026-06-13 15:48:21, tokens_remaining: 1778, call: events, phase: playing
2026-06-13 15:48:23, tokens_remaining: 1777, call: scores, phase: playing
2026-06-13 15:48:25, tokens_remaining: 1776, call: scores, phase: playing
2026-06-13 15:48:27, tokens_remaining: 1775, call: scores, phase: playing
2026-06-13 15:48:28, tokens_remaining: 1774, call: scores, phase: playing
2026-06-13 15:48:30, tokens_remaining: 1773, call: scores, phase: playing
2026-06-13 15:48:32, tokens_remaining: 1772, call: scores, phase: playing
2026-06-13 15:48:33, tokens_remaining: 1771, call: scores, phase: playing
2026-06-13 15:48:35, tokens_remaining: 1770, call: scores, phase: playing
2026-06-13 15:48:37, tokens_remaining: 1769, call: scores, phase: playing
2026-06-13 15:48:39, tokens_remaining: 1768, call: events, phase: playing
2026-06-13 15:48:40, tokens_remaining: 1767, call: scores, phase: playing
2026-06-13 15:48:42, tokens_remaining: 1766, call: scores, phase: playing
2026-06-13 15:48:43, tokens_remaining: 1765, call: scores, phase: playing
2026-06-13 15:48:45, tokens_remaining: 1764, call: scores, phase: playing
2026-06-13 15:48:47, tokens_remaining: 1763, call: scores, phase: playing
2026-06-13 15:48:49, tokens_remaining: 1762, call: scores, phase: playing
2026-06-13 15:48:50, tokens_remaining: 1761, call: scores, phase: playing
2026-06-13 15:48:52, tokens_remaining: 1760, call: scores, phase: playing
2026-06-13 15:48:54, tokens_remaining: 1759, call: scores, phase: playing
2026-06-13 15:48:56, tokens_remaining: 1758, call: events, phase: playing
2026-06-13 15:48:57, tokens_remaining: 1757, call: scores, phase: playing
2026-06-13 15:48:59, tokens_remaining: 1756, call: scores, phase: playing
2026-06-13 15:49:01, tokens_remaining: 1755, call: scores, phase: playing
2026-06-13 15:49:02, tokens_remaining: 1754, call: scores, phase: playing
2026-06-13 15:49:04, tokens_remaining: 1753, call: scores, phase: playing
2026-06-13 15:49:06, tokens_remaining: 1752, call: scores, phase: playing
2026-06-13 15:49:07, tokens_remaining: 1751, call: scores, phase: playing
2026-06-13 15:49:09, tokens_remaining: 1750, call: scores, phase: playing
2026-06-13 15:49:11, tokens_remaining: 1749, call: scores, phase: playing
2026-06-13 15:49:12, tokens_remaining: 1748, call: events, phase: playing
2026-06-13 15:49:14, tokens_remaining: 1747, call: scores, phase: playing
2026-06-13 15:49:16, tokens_remaining: 1746, call: scores, phase: playing
2026-06-13 15:49:17, tokens_remaining: 1745, call: scores, phase: playing
2026-06-13 15:49:19, tokens_remaining: 1744, call: scores, phase: playing
2026-06-13 15:49:21, tokens_remaining: 1743, call: scores, phase: playing
2026-06-13 15:49:23, tokens_remaining: 1742, call: scores, phase: playing
2026-06-13 15:49:24, tokens_remaining: 1741, call: scores, phase: playing
2026-06-13 15:49:26, tokens_remaining: 1740, call: scores, phase: playing
2026-06-13 15:49:28, tokens_remaining: 1739, call: scores, phase: playing
2026-06-13 15:49:29, tokens_remaining: 1738, call: events, phase: playing
2026-06-13 15:49:31, tokens_remaining: 1737, call: scores, phase: playing
2026-06-13 15:49:33, tokens_remaining: 1736, call: scores, phase: playing
2026-06-13 15:49:34, tokens_remaining: 1735, call: scores, phase: playing
2026-06-13 15:49:36, tokens_remaining: 1734, call: scores, phase: playing
2026-06-13 15:49:38, tokens_remaining: 1733, call: scores, phase: playing
2026-06-13 15:49:40, tokens_remaining: 1732, call: scores, phase: playing
2026-06-13 15:49:41, tokens_remaining: 1731, call: scores, phase: playing
2026-06-13 15:49:43, tokens_remaining: 1730, call: scores, phase: playing
2026-06-13 15:49:45, tokens_remaining: 1729, call: scores, phase: playing
2026-06-13 15:49:46, tokens_remaining: 1728, call: events, phase: playing
2026-06-13 15:49:48, tokens_remaining: 1727, call: scores, phase: playing
2026-06-13 15:49:50, tokens_remaining: 1726, call: scores, phase: playing
2026-06-13 15:49:51, tokens_remaining: 1725, call: scores, phase: playing
2026-06-13 15:49:53, tokens_remaining: 1724, call: scores, phase: playing
2026-06-13 15:49:55, tokens_remaining: 1723, call: scores, phase: playing
2026-06-13 15:49:56, tokens_remaining: 1722, call: scores, phase: playing
2026-06-13 15:49:58, tokens_remaining: 1721, call: scores, phase: playing
2026-06-13 15:50:00, tokens_remaining: 1720, call: scores, phase: playing
2026-06-13 15:50:01, tokens_remaining: 1719, call: scores, phase: playing
2026-06-13 15:50:03, tokens_remaining: 1718, call: events, phase: playing
2026-06-13 15:50:05, tokens_remaining: 1717, call: scores, phase: playing
2026-06-13 15:50:06, tokens_remaining: 1716, call: scores, phase: playing
2026-06-13 15:50:08, tokens_remaining: 1715, call: scores, phase: playing
2026-06-13 15:50:10, tokens_remaining: 1714, call: scores, phase: playing
2026-06-13 15:50:12, tokens_remaining: 1713, call: scores, phase: playing
2026-06-13 15:50:13, tokens_remaining: 1712, call: scores, phase: playing
2026-06-13 15:50:15, tokens_remaining: 1711, call: scores, phase: playing
2026-06-13 15:50:17, tokens_remaining: 1710, call: scores, phase: playing
2026-06-13 15:50:18, tokens_remaining: 1709, call: scores, phase: playing
2026-06-13 15:50:20, tokens_remaining: 1708, call: events, phase: playing
2026-06-13 15:50:22, tokens_remaining: 1707, call: scores, phase: playing
2026-06-13 15:50:23, tokens_remaining: 1706, call: scores, phase: playing
2026-06-13 15:50:25, tokens_remaining: 1705, call: scores, phase: playing
2026-06-13 15:50:27, tokens_remaining: 1704, call: scores, phase: playing
2026-06-13 15:50:28, tokens_remaining: 1703, call: scores, phase: playing
2026-06-13 15:50:30, tokens_remaining: 1702, call: scores, phase: playing
2026-06-13 15:50:32, tokens_remaining: 1701, call: scores, phase: playing
2026-06-13 15:50:33, tokens_remaining: 1700, call: scores, phase: playing
2026-06-13 15:50:35, tokens_remaining: 1699, call: scores, phase: playing
2026-06-13 15:50:37, tokens_remaining: 1698, call: events, phase: playing
2026-06-13 15:50:39, tokens_remaining: 1697, call: scores, phase: playing
2026-06-13 15:50:40, tokens_remaining: 1696, call: scores, phase: playing
2026-06-13 15:50:42, tokens_remaining: 1695, call: scores, phase: playing
2026-06-13 15:50:44, tokens_remaining: 1694, call: scores, phase: playing
2026-06-13 15:50:45, tokens_remaining: 1693, call: scores, phase: playing
2026-06-13 15:50:47, tokens_remaining: 1692, call: scores, phase: playing
2026-06-13 15:50:49, tokens_remaining: 1691, call: scores, phase: playing
2026-06-13 15:50:50, tokens_remaining: 1690, call: scores, phase: playing
2026-06-13 15:50:52, tokens_remaining: 1689, call: scores, phase: playing
2026-06-13 15:50:54, tokens_remaining: 1688, call: events, phase: playing
2026-06-13 15:50:55, tokens_remaining: 1687, call: scores, phase: playing
2026-06-13 15:50:57, tokens_remaining: 1686, call: scores, phase: playing
2026-06-13 15:50:59, tokens_remaining: 1685, call: scores, phase: playing
2026-06-13 15:51:01, tokens_remaining: 1684, call: scores, phase: playing
2026-06-13 15:51:02, tokens_remaining: 1683, call: scores, phase: playing
2026-06-13 15:51:04, tokens_remaining: 1682, call: scores, phase: playing
2026-06-13 15:51:06, tokens_remaining: 1681, call: scores, phase: playing
2026-06-13 15:51:07, tokens_remaining: 1680, call: scores, phase: playing
2026-06-13 15:51:09, tokens_remaining: 1679, call: scores, phase: playing
2026-06-13 15:51:11, tokens_remaining: 1678, call: events, phase: playing
2026-06-13 15:51:12, tokens_remaining: 1677, call: scores, phase: playing
2026-06-13 15:51:14, tokens_remaining: 1676, call: scores, phase: playing
2026-06-13 15:51:16, tokens_remaining: 1675, call: scores, phase: playing
2026-06-13 15:51:17, tokens_remaining: 1674, call: scores, phase: playing
2026-06-13 15:51:19, tokens_remaining: 1673, call: scores, phase: playing
2026-06-13 15:51:21, tokens_remaining: 1672, call: scores, phase: playing
2026-06-13 15:51:22, tokens_remaining: 1671, call: scores, phase: playing
2026-06-13 15:51:24, tokens_remaining: 1670, call: scores, phase: playing
2026-06-13 15:51:26, tokens_remaining: 1669, call: scores, phase: playing
2026-06-13 15:51:27, tokens_remaining: 1668, call: events, phase: playing
2026-06-13 15:51:29, tokens_remaining: 1667, call: scores, phase: playing
2026-06-13 15:51:31, tokens_remaining: 1666, call: scores, phase: playing
2026-06-13 15:51:32, tokens_remaining: 1665, call: scores, phase: playing
2026-06-13 15:51:34, tokens_remaining: 1664, call: scores, phase: playing
2026-06-13 15:51:36, tokens_remaining: 1663, call: scores, phase: playing
2026-06-13 15:51:37, tokens_remaining: 1662, call: scores, phase: playing
2026-06-13 15:51:39, tokens_remaining: 1661, call: scores, phase: playing
2026-06-13 15:51:41, tokens_remaining: 1660, call: scores, phase: playing
2026-06-13 15:51:42, tokens_remaining: 1659, call: scores, phase: playing
2026-06-13 15:51:44, tokens_remaining: 1658, call: events, phase: playing
2026-06-13 15:51:46, tokens_remaining: 1657, call: scores, phase: playing
2026-06-13 15:51:47, tokens_remaining: 1656, call: scores, phase: playing
2026-06-13 15:51:49, tokens_remaining: 1655, call: scores, phase: playing
2026-06-13 15:51:51, tokens_remaining: 1654, call: scores, phase: playing
2026-06-13 15:51:53, tokens_remaining: 1653, call: scores, phase: playing
2026-06-13 15:51:54, tokens_remaining: 1652, call: scores, phase: playing
2026-06-13 15:51:56, tokens_remaining: 1651, call: scores, phase: playing
2026-06-13 15:51:57, tokens_remaining: 1650, call: scores, phase: playing
2026-06-13 15:51:59, tokens_remaining: 1649, call: scores, phase: playing
2026-06-13 15:52:01, tokens_remaining: 1648, call: events, phase: playing
2026-06-13 15:52:03, tokens_remaining: 1647, call: scores, phase: playing
2026-06-13 15:52:04, tokens_remaining: 1646, call: scores, phase: playing
2026-06-13 15:52:06, tokens_remaining: 1645, call: scores, phase: playing
2026-06-13 15:52:08, tokens_remaining: 1644, call: scores, phase: playing
2026-06-13 15:52:09, tokens_remaining: 1643, call: scores, phase: playing
2026-06-13 15:52:11, tokens_remaining: 1642, call: scores, phase: playing
2026-06-13 15:52:13, tokens_remaining: 1641, call: scores, phase: playing
2026-06-13 15:52:14, tokens_remaining: 1640, call: scores, phase: playing
2026-06-13 15:52:16, tokens_remaining: 1639, call: scores, phase: playing
2026-06-13 15:52:18, tokens_remaining: 1638, call: events, phase: playing
2026-06-13 15:52:19, tokens_remaining: 1637, call: scores, phase: playing
2026-06-13 15:52:21, tokens_remaining: 1636, call: scores, phase: playing
2026-06-13 15:52:22, tokens_remaining: 1635, call: scores, phase: playing
2026-06-13 15:52:24, tokens_remaining: 1634, call: scores, phase: playing
2026-06-13 15:52:26, tokens_remaining: 1633, call: scores, phase: playing
2026-06-13 15:52:27, tokens_remaining: 1632, call: scores, phase: playing
2026-06-13 15:52:29, tokens_remaining: 1631, call: scores, phase: playing
2026-06-13 15:52:31, tokens_remaining: 1630, call: scores, phase: playing
2026-06-13 15:52:32, tokens_remaining: 1629, call: scores, phase: playing
2026-06-13 15:52:34, tokens_remaining: 1628, call: events, phase: playing
2026-06-13 15:52:36, tokens_remaining: 1627, call: scores, phase: playing
2026-06-13 15:52:37, tokens_remaining: 1626, call: scores, phase: playing
2026-06-13 15:52:39, tokens_remaining: 1625, call: scores, phase: playing
2026-06-13 15:52:41, tokens_remaining: 1624, call: scores, phase: playing
2026-06-13 15:52:42, tokens_remaining: 1623, call: scores, phase: playing
2026-06-13 15:52:44, tokens_remaining: 1622, call: scores, phase: playing
2026-06-13 15:52:46, tokens_remaining: 1621, call: scores, phase: playing
2026-06-13 15:52:47, tokens_remaining: 1620, call: scores, phase: playing
2026-06-13 15:52:49, tokens_remaining: 1619, call: scores, phase: playing
2026-06-13 15:52:51, tokens_remaining: 1618, call: events, phase: playing
2026-06-13 15:52:52, tokens_remaining: 1617, call: scores, phase: playing
2026-06-13 15:52:54, tokens_remaining: 1616, call: scores, phase: playing
2026-06-13 15:52:56, tokens_remaining: 1615, call: scores, phase: playing
2026-06-13 15:52:57, tokens_remaining: 1614, call: scores, phase: playing
2026-06-13 15:52:59, tokens_remaining: 1613, call: scores, phase: playing
2026-06-13 15:53:01, tokens_remaining: 1612, call: scores, phase: playing
2026-06-13 15:53:02, tokens_remaining: 1611, call: scores, phase: playing
2026-06-13 15:53:04, tokens_remaining: 1610, call: scores, phase: playing
2026-06-13 15:53:06, tokens_remaining: 1609, call: scores, phase: playing
2026-06-13 15:53:07, tokens_remaining: 1608, call: events, phase: playing
2026-06-13 15:53:09, tokens_remaining: 1607, call: scores, phase: playing
2026-06-13 15:53:11, tokens_remaining: 1606, call: scores, phase: playing
2026-06-13 15:53:12, tokens_remaining: 1605, call: scores, phase: playing
2026-06-13 15:53:14, tokens_remaining: 1604, call: scores, phase: playing
2026-06-13 15:53:15, tokens_remaining: 1603, call: scores, phase: playing
2026-06-13 15:53:17, tokens_remaining: 1602, call: scores, phase: playing
2026-06-13 15:53:19, tokens_remaining: 1601, call: scores, phase: playing
2026-06-13 15:53:20, tokens_remaining: 1600, call: scores, phase: playing
2026-06-13 15:53:22, tokens_remaining: 1599, call: scores, phase: playing
2026-06-13 15:53:24, tokens_remaining: 1598, call: events, phase: playing
2026-06-13 15:53:25, tokens_remaining: 1597, call: scores, phase: playing
2026-06-13 15:53:27, tokens_remaining: 1596, call: scores, phase: playing
2026-06-13 15:53:29, tokens_remaining: 1595, call: scores, phase: playing
2026-06-13 15:53:30, tokens_remaining: 1594, call: scores, phase: playing
2026-06-13 15:53:32, tokens_remaining: 1593, call: scores, phase: playing
2026-06-13 15:53:34, tokens_remaining: 1592, call: scores, phase: playing
2026-06-13 15:53:35, tokens_remaining: 1591, call: scores, phase: playing
2026-06-13 15:53:37, tokens_remaining: 1590, call: scores, phase: playing
2026-06-13 15:53:39, tokens_remaining: 1589, call: scores, phase: playing
2026-06-13 15:53:40, tokens_remaining: 1588, call: events, phase: playing
2026-06-13 15:53:42, tokens_remaining: 1587, call: scores, phase: playing
2026-06-13 15:53:44, tokens_remaining: 1586, call: scores, phase: playing
2026-06-13 15:53:45, tokens_remaining: 1585, call: scores, phase: playing
2026-06-13 15:53:47, tokens_remaining: 1584, call: scores, phase: playing
2026-06-13 15:53:49, tokens_remaining: 1583, call: scores, phase: playing
2026-06-13 15:53:50, tokens_remaining: 1582, call: scores, phase: playing
2026-06-13 15:53:52, tokens_remaining: 1581, call: scores, phase: playing
2026-06-13 15:53:54, tokens_remaining: 1580, call: scores, phase: playing
2026-06-13 15:53:55, tokens_remaining: 1579, call: scores, phase: playing
2026-06-13 15:53:57, tokens_remaining: 1578, call: events, phase: playing
2026-06-13 15:53:59, tokens_remaining: 1577, call: scores, phase: playing
2026-06-13 15:54:00, tokens_remaining: 1576, call: scores, phase: playing
2026-06-13 15:54:02, tokens_remaining: 1575, call: scores, phase: playing
2026-06-13 15:54:04, tokens_remaining: 1574, call: scores, phase: playing
2026-06-13 15:54:05, tokens_remaining: 1573, call: scores, phase: playing
2026-06-13 15:54:07, tokens_remaining: 1572, call: scores, phase: playing
2026-06-13 15:54:09, tokens_remaining: 1571, call: scores, phase: playing
2026-06-13 15:54:10, tokens_remaining: 1570, call: scores, phase: playing
2026-06-13 15:54:12, tokens_remaining: 1569, call: scores, phase: playing
2026-06-13 15:54:13, tokens_remaining: 1568, call: events, phase: playing
2026-06-13 15:54:15, tokens_remaining: 1567, call: scores, phase: playing
2026-06-13 15:54:17, tokens_remaining: 1566, call: scores, phase: playing
2026-06-13 15:54:18, tokens_remaining: 1565, call: scores, phase: playing
2026-06-13 15:54:20, tokens_remaining: 1564, call: scores, phase: playing
2026-06-13 15:54:22, tokens_remaining: 1563, call: scores, phase: playing
2026-06-13 15:54:23, tokens_remaining: 1562, call: scores, phase: playing
2026-06-13 15:54:25, tokens_remaining: 1561, call: scores, phase: playing
2026-06-13 15:54:27, tokens_remaining: 1560, call: scores, phase: playing
2026-06-13 15:54:28, tokens_remaining: 1559, call: scores, phase: playing
2026-06-13 15:54:30, tokens_remaining: 1558, call: events, phase: playing
2026-06-13 15:54:32, tokens_remaining: 1557, call: scores, phase: playing
2026-06-13 15:54:33, tokens_remaining: 1556, call: scores, phase: playing
2026-06-13 15:54:35, tokens_remaining: 1555, call: scores, phase: playing
2026-06-13 15:54:37, tokens_remaining: 1554, call: scores, phase: playing
2026-06-13 15:54:38, tokens_remaining: 1553, call: scores, phase: playing
2026-06-13 15:54:40, tokens_remaining: 1552, call: scores, phase: playing
2026-06-13 15:54:42, tokens_remaining: 1551, call: scores, phase: playing
2026-06-13 15:54:43, tokens_remaining: 1550, call: scores, phase: playing
2026-06-13 15:54:45, tokens_remaining: 1549, call: scores, phase: playing
2026-06-13 15:54:47, tokens_remaining: 1548, call: events, phase: playing
2026-06-13 15:54:48, tokens_remaining: 1547, call: scores, phase: playing
2026-06-13 15:54:50, tokens_remaining: 1546, call: scores, phase: playing
2026-06-13 15:54:52, tokens_remaining: 1545, call: scores, phase: playing
2026-06-13 15:54:53, tokens_remaining: 1544, call: scores, phase: playing
2026-06-13 15:54:55, tokens_remaining: 1543, call: scores, phase: playing
2026-06-13 15:54:57, tokens_remaining: 1542, call: scores, phase: playing
2026-06-13 15:54:58, tokens_remaining: 1541, call: scores, phase: playing
2026-06-13 15:55:00, tokens_remaining: 1540, call: scores, phase: playing
2026-06-13 15:55:02, tokens_remaining: 1539, call: scores, phase: playing
2026-06-13 15:55:03, tokens_remaining: 1538, call: events, phase: playing
2026-06-13 15:55:05, tokens_remaining: 1537, call: scores, phase: playing
2026-06-13 15:55:07, tokens_remaining: 1536, call: scores, phase: playing
2026-06-13 15:55:08, tokens_remaining: 1535, call: scores, phase: playing
2026-06-13 15:55:10, tokens_remaining: 1534, call: scores, phase: playing
2026-06-13 15:55:12, tokens_remaining: 1533, call: scores, phase: playing
2026-06-13 15:55:13, tokens_remaining: 1532, call: scores, phase: playing
2026-06-13 15:55:15, tokens_remaining: 1531, call: scores, phase: playing
2026-06-13 15:55:17, tokens_remaining: 1530, call: scores, phase: playing
2026-06-13 15:55:18, tokens_remaining: 1529, call: scores, phase: playing
2026-06-13 15:55:20, tokens_remaining: 1528, call: events, phase: playing
2026-06-13 15:55:21, tokens_remaining: 1527, call: scores, phase: playing
2026-06-13 15:55:23, tokens_remaining: 1526, call: scores, phase: playing
2026-06-13 15:55:25, tokens_remaining: 1525, call: scores, phase: playing
2026-06-13 15:55:26, tokens_remaining: 1524, call: scores, phase: playing
2026-06-13 15:55:28, tokens_remaining: 1523, call: scores, phase: playing
2026-06-13 15:55:30, tokens_remaining: 1522, call: scores, phase: playing
2026-06-13 15:55:31, tokens_remaining: 1521, call: scores, phase: playing
2026-06-13 15:55:33, tokens_remaining: 1520, call: scores, phase: playing
2026-06-13 15:55:35, tokens_remaining: 1519, call: scores, phase: playing
2026-06-13 15:55:36, tokens_remaining: 1518, call: events, phase: playing
2026-06-13 15:55:38, tokens_remaining: 1517, call: scores, phase: playing
2026-06-13 15:55:40, tokens_remaining: 1516, call: scores, phase: playing
2026-06-13 15:55:41, tokens_remaining: 1515, call: scores, phase: playing
2026-06-13 15:55:43, tokens_remaining: 1514, call: scores, phase: playing
2026-06-13 15:55:44, tokens_remaining: 1513, call: scores, phase: playing
2026-06-13 15:55:46, tokens_remaining: 1512, call: scores, phase: playing
2026-06-13 15:55:48, tokens_remaining: 1511, call: scores, phase: playing
2026-06-13 15:55:50, tokens_remaining: 1510, call: scores, phase: playing
2026-06-13 15:55:51, tokens_remaining: 1509, call: scores, phase: playing
2026-06-13 15:55:53, tokens_remaining: 1508, call: events, phase: playing
2026-06-13 15:55:55, tokens_remaining: 1507, call: scores, phase: playing
2026-06-13 15:55:57, tokens_remaining: 1506, call: scores, phase: playing
2026-06-13 15:55:58, tokens_remaining: 1505, call: scores, phase: playing
2026-06-13 15:56:00, tokens_remaining: 1504, call: scores, phase: playing
2026-06-13 15:56:01, tokens_remaining: 1503, call: scores, phase: playing
2026-06-13 15:56:03, tokens_remaining: 1502, call: scores, phase: playing
2026-06-13 15:56:05, tokens_remaining: 1501, call: scores, phase: playing
2026-06-13 15:56:06, tokens_remaining: 1500, call: scores, phase: playing
2026-06-13 15:56:08, tokens_remaining: 1499, call: scores, phase: playing
2026-06-13 15:56:09, tokens_remaining: 1498, call: events, phase: playing
2026-06-13 15:56:11, tokens_remaining: 1497, call: scores, phase: playing
2026-06-13 15:56:13, tokens_remaining: 1496, call: scores, phase: playing
2026-06-13 15:56:14, tokens_remaining: 1495, call: scores, phase: playing
2026-06-13 15:56:16, tokens_remaining: 1494, call: scores, phase: playing
2026-06-13 15:56:18, tokens_remaining: 1493, call: scores, phase: playing
2026-06-13 15:56:19, tokens_remaining: 1492, call: scores, phase: playing
2026-06-13 15:56:21, tokens_remaining: 1491, call: scores, phase: playing
2026-06-13 15:56:21, STATE_CHANGE: Qatar vs Switzerland [1H -> HT]
2026-06-13 15:56:51, tokens_remaining: 1490, call: scores, phase: break
2026-06-13 15:57:22, tokens_remaining: 1489, call: scores, phase: break
2026-06-13 15:57:52, tokens_remaining: 1488, call: events, phase: break
2026-06-13 15:58:23, tokens_remaining: 1487, call: scores, phase: break
2026-06-13 15:58:53, tokens_remaining: 1486, call: scores, phase: break
2026-06-13 15:59:24, tokens_remaining: 1485, call: scores, phase: break
2026-06-13 15:59:54, tokens_remaining: 1484, call: scores, phase: break
