2026-06-15 17:00:32, tokens_remaining: 2449, call: scores, phase: pregame
2026-06-15 17:01:33, tokens_remaining: 2448, call: scores, phase: pregame
2026-06-15 17:02:33, tokens_remaining: 2447, call: scores, phase: pregame
2026-06-15 17:03:34, tokens_remaining: 2446, call: scores, phase: pregame
2026-06-15 17:04:34, tokens_remaining: 2445, call: scores, phase: pregame
2026-06-15 17:04:34, STATE_CHANGE: Saudi Arabia vs Uruguay [NS -> 1H]
2026-06-15 17:04:35, tokens_remaining: 2445, call: scores, phase: playing
2026-06-15 17:04:35, tokens_remaining: 2445, call: scores, phase: playing
2026-06-15 17:04:36, tokens_remaining: 2444, call: scores, phase: playing
2026-06-15 17:04:36, tokens_remaining: 2443, call: events, phase: playing
2026-06-15 17:04:37, tokens_remaining: 2442, call: scores, phase: playing
2026-06-15 17:04:37, tokens_remaining: 2442, call: scores, phase: playing
2026-06-15 17:04:37, tokens_remaining: 2442, call: scores, phase: playing
2026-06-15 17:04:38, tokens_remaining: 2442, call: scores, phase: playing
2026-06-15 17:04:38, tokens_remaining: 2442, call: scores, phase: playing
2026-06-15 17:04:38, tokens_remaining: 2441, call: scores, phase: playing
2026-06-15 17:04:39, tokens_remaining: 2441, call: scores, phase: playing
2026-06-15 17:04:39, tokens_remaining: 2441, call: scores, phase: playing
2026-06-15 17:04:39, tokens_remaining: 2441, call: scores, phase: playing
2026-06-15 17:04:40, tokens_remaining: 2440, call: events, phase: playing
2026-06-15 17:04:40, tokens_remaining: 2439, call: scores, phase: playing
2026-06-15 17:04:40, tokens_remaining: 2439, call: scores, phase: playing
2026-06-15 17:04:40, tokens_remaining: 2439, call: scores, phase: playing
2026-06-15 17:04:41, tokens_remaining: 2439, call: scores, phase: playing
2026-06-15 17:04:41, tokens_remaining: 2439, call: scores, phase: playing
2026-06-15 17:04:41, tokens_remaining: 2438, call: scores, phase: playing
2026-06-15 17:04:42, tokens_remaining: 2438, call: scores, phase: playing
2026-06-15 17:04:42, tokens_remaining: 2438, call: scores, phase: playing
2026-06-15 17:04:42, tokens_remaining: 2438, call: scores, phase: playing
2026-06-15 17:04:43, tokens_remaining: 2437, call: events, phase: playing
2026-06-15 17:04:43, tokens_remaining: 2436, call: scores, phase: playing
2026-06-15 17:04:43, tokens_remaining: 2436, call: scores, phase: playing
2026-06-15 17:04:44, tokens_remaining: 2436, call: scores, phase: playing
2026-06-15 17:04:44, tokens_remaining: 2436, call: scores, phase: playing
2026-06-15 17:04:44, tokens_remaining: 2436, call: scores, phase: playing
2026-06-15 17:04:44, tokens_remaining: 2435, call: scores, phase: playing
2026-06-15 17:04:45, tokens_remaining: 2435, call: scores, phase: playing
2026-06-15 17:04:45, tokens_remaining: 2435, call: scores, phase: playing
2026-06-15 17:04:45, tokens_remaining: 2435, call: scores, phase: playing
2026-06-15 17:04:46, tokens_remaining: 2434, call: events, phase: playing
2026-06-15 17:04:46, tokens_remaining: 2433, call: scores, phase: playing
2026-06-15 17:04:46, tokens_remaining: 2433, call: scores, phase: playing
2026-06-15 17:04:47, tokens_remaining: 2433, call: scores, phase: playing
2026-06-15 17:04:47, tokens_remaining: 2433, call: scores, phase: playing
2026-06-15 17:04:47, tokens_remaining: 2433, call: scores, phase: playing
2026-06-15 17:04:47, tokens_remaining: 2432, call: scores, phase: playing
2026-06-15 17:04:48, tokens_remaining: 2432, call: scores, phase: playing
2026-06-15 17:04:48, tokens_remaining: 2432, call: scores, phase: playing
2026-06-15 17:04:48, tokens_remaining: 2432, call: scores, phase: playing
2026-06-15 17:04:49, tokens_remaining: 2431, call: events, phase: playing
2026-06-15 17:04:49, tokens_remaining: 2430, call: scores, phase: playing
2026-06-15 17:04:49, tokens_remaining: 2430, call: scores, phase: playing
2026-06-15 17:04:49, tokens_remaining: 2430, call: scores, phase: playing
2026-06-15 17:04:50, tokens_remaining: 2430, call: scores, phase: playing
2026-06-15 17:04:50, tokens_remaining: 2430, call: scores, phase: playing
2026-06-15 17:04:50, tokens_remaining: 2429, call: scores, phase: playing
2026-06-15 17:04:51, tokens_remaining: 2429, call: scores, phase: playing
2026-06-15 17:04:51, tokens_remaining: 2429, call: scores, phase: playing
2026-06-15 17:04:51, tokens_remaining: 2429, call: scores, phase: playing
2026-06-15 17:04:52, tokens_remaining: 2428, call: events, phase: playing
2026-06-15 17:04:52, tokens_remaining: 2427, call: scores, phase: playing
2026-06-15 17:04:52, tokens_remaining: 2427, call: scores, phase: playing
2026-06-15 17:04:53, tokens_remaining: 2427, call: scores, phase: playing
2026-06-15 17:04:53, tokens_remaining: 2427, call: scores, phase: playing
2026-06-15 17:04:53, tokens_remaining: 2427, call: scores, phase: playing
2026-06-15 17:04:53, tokens_remaining: 2426, call: scores, phase: playing
2026-06-15 17:04:54, tokens_remaining: 2426, call: scores, phase: playing
2026-06-15 17:04:54, tokens_remaining: 2426, call: scores, phase: playing
2026-06-15 17:04:54, tokens_remaining: 2426, call: scores, phase: playing
2026-06-15 17:04:55, tokens_remaining: 2425, call: events, phase: playing
2026-06-15 17:04:55, tokens_remaining: 2424, call: scores, phase: playing
2026-06-15 17:04:55, tokens_remaining: 2424, call: scores, phase: playing
2026-06-15 17:04:55, tokens_remaining: 2424, call: scores, phase: playing
2026-06-15 17:04:56, tokens_remaining: 2424, call: scores, phase: playing
2026-06-15 17:04:56, tokens_remaining: 2424, call: scores, phase: playing
2026-06-15 17:04:56, tokens_remaining: 2423, call: scores, phase: playing
2026-06-15 17:04:57, tokens_remaining: 2423, call: scores, phase: playing
2026-06-15 17:04:57, tokens_remaining: 2423, call: scores, phase: playing
2026-06-15 17:04:57, tokens_remaining: 2423, call: scores, phase: playing
2026-06-15 17:04:58, tokens_remaining: 2422, call: events, phase: playing
2026-06-15 17:04:58, tokens_remaining: 2421, call: scores, phase: playing
2026-06-15 17:04:59, tokens_remaining: 2421, call: scores, phase: playing
2026-06-15 17:04:59, tokens_remaining: 2421, call: scores, phase: playing
2026-06-15 17:04:59, tokens_remaining: 2421, call: scores, phase: playing
2026-06-15 17:05:00, tokens_remaining: 2420, call: scores, phase: playing
2026-06-15 17:05:00, tokens_remaining: 2420, call: scores, phase: playing
2026-06-15 17:05:01, tokens_remaining: 2420, call: scores, phase: playing
2026-06-15 17:05:01, tokens_remaining: 2419, call: scores, phase: playing
2026-06-15 17:05:01, tokens_remaining: 2419, call: scores, phase: playing
2026-06-15 17:05:02, tokens_remaining: 2418, call: events, phase: playing
2026-06-15 17:05:02, tokens_remaining: 2419, call: scores, phase: playing
2026-06-15 17:05:02, tokens_remaining: 2417, call: scores, phase: playing
2026-06-15 17:05:03, tokens_remaining: 2417, call: scores, phase: playing
2026-06-15 17:05:03, tokens_remaining: 2417, call: scores, phase: playing
2026-06-15 17:05:03, tokens_remaining: 2417, call: scores, phase: playing
2026-06-15 17:05:03, tokens_remaining: 2417, call: scores, phase: playing
2026-06-15 17:05:04, tokens_remaining: 2416, call: scores, phase: playing
2026-06-15 17:05:04, tokens_remaining: 2416, call: scores, phase: playing
2026-06-15 17:05:04, tokens_remaining: 2416, call: scores, phase: playing
2026-06-15 17:05:05, tokens_remaining: 2415, call: events, phase: playing
2026-06-15 17:05:05, tokens_remaining: 2414, call: scores, phase: playing
2026-06-15 17:05:05, tokens_remaining: 2414, call: scores, phase: playing
2026-06-15 17:05:06, tokens_remaining: 2414, call: scores, phase: playing
2026-06-15 17:05:06, tokens_remaining: 2414, call: scores, phase: playing
2026-06-15 17:05:06, tokens_remaining: 2414, call: scores, phase: playing
2026-06-15 17:05:06, tokens_remaining: 2413, call: scores, phase: playing
2026-06-15 17:05:07, tokens_remaining: 2413, call: scores, phase: playing
2026-06-15 17:05:07, tokens_remaining: 2413, call: scores, phase: playing
2026-06-15 17:05:07, tokens_remaining: 2413, call: scores, phase: playing
2026-06-15 17:05:08, tokens_remaining: 2412, call: events, phase: playing
2026-06-15 17:05:08, tokens_remaining: 2411, call: scores, phase: playing
2026-06-15 17:05:08, tokens_remaining: 2411, call: scores, phase: playing
2026-06-15 17:05:09, tokens_remaining: 2411, call: scores, phase: playing
2026-06-15 17:05:09, tokens_remaining: 2411, call: scores, phase: playing
2026-06-15 17:05:09, tokens_remaining: 2411, call: scores, phase: playing
2026-06-15 17:05:09, tokens_remaining: 2410, call: scores, phase: playing
2026-06-15 17:05:10, tokens_remaining: 2410, call: scores, phase: playing
2026-06-15 17:05:10, tokens_remaining: 2410, call: scores, phase: playing
2026-06-15 17:05:10, tokens_remaining: 2410, call: scores, phase: playing
2026-06-15 17:05:11, tokens_remaining: 2409, call: events, phase: playing
2026-06-15 17:05:11, tokens_remaining: 2408, call: scores, phase: playing
2026-06-15 17:05:12, tokens_remaining: 2408, call: scores, phase: playing
2026-06-15 17:05:12, tokens_remaining: 2408, call: scores, phase: playing
2026-06-15 17:05:12, tokens_remaining: 2408, call: scores, phase: playing
2026-06-15 17:05:12, tokens_remaining: 2408, call: scores, phase: playing
2026-06-15 17:05:13, tokens_remaining: 2407, call: scores, phase: playing
2026-06-15 17:05:13, tokens_remaining: 2407, call: scores, phase: playing
2026-06-15 17:05:13, tokens_remaining: 2407, call: scores, phase: playing
2026-06-15 17:05:13, tokens_remaining: 2407, call: scores, phase: playing
2026-06-15 17:05:14, tokens_remaining: 2406, call: events, phase: playing
2026-06-15 17:05:14, tokens_remaining: 2405, call: scores, phase: playing
2026-06-15 17:05:15, tokens_remaining: 2405, call: scores, phase: playing
2026-06-15 17:05:15, tokens_remaining: 2405, call: scores, phase: playing
2026-06-15 17:05:15, tokens_remaining: 2405, call: scores, phase: playing
2026-06-15 17:05:15, tokens_remaining: 2405, call: scores, phase: playing
2026-06-15 17:05:16, tokens_remaining: 2404, call: scores, phase: playing
2026-06-15 17:05:16, tokens_remaining: 2404, call: scores, phase: playing
2026-06-15 17:05:16, tokens_remaining: 2404, call: scores, phase: playing
2026-06-15 17:05:16, tokens_remaining: 2404, call: scores, phase: playing
2026-06-15 17:05:17, tokens_remaining: 2403, call: events, phase: playing
2026-06-15 17:05:17, tokens_remaining: 2402, call: scores, phase: playing
2026-06-15 17:05:18, tokens_remaining: 2402, call: scores, phase: playing
2026-06-15 17:05:18, tokens_remaining: 2402, call: scores, phase: playing
2026-06-15 17:05:18, tokens_remaining: 2402, call: scores, phase: playing
2026-06-15 17:05:18, tokens_remaining: 2402, call: scores, phase: playing
2026-06-15 17:05:19, tokens_remaining: 2401, call: scores, phase: playing
2026-06-15 17:05:19, tokens_remaining: 2401, call: scores, phase: playing
2026-06-15 17:05:19, tokens_remaining: 2401, call: scores, phase: playing
2026-06-15 17:05:19, tokens_remaining: 2401, call: scores, phase: playing
2026-06-15 17:05:20, tokens_remaining: 2400, call: events, phase: playing
2026-06-15 17:05:20, tokens_remaining: 2399, call: scores, phase: playing
2026-06-15 17:05:21, tokens_remaining: 2399, call: scores, phase: playing
2026-06-15 17:05:21, tokens_remaining: 2399, call: scores, phase: playing
2026-06-15 17:05:21, tokens_remaining: 2399, call: scores, phase: playing
2026-06-15 17:05:21, tokens_remaining: 2399, call: scores, phase: playing
2026-06-15 17:05:22, tokens_remaining: 2398, call: scores, phase: playing
2026-06-15 17:05:22, tokens_remaining: 2398, call: scores, phase: playing
2026-06-15 17:05:22, tokens_remaining: 2398, call: scores, phase: playing
2026-06-15 17:05:22, tokens_remaining: 2398, call: scores, phase: playing
2026-06-15 17:05:23, tokens_remaining: 2397, call: events, phase: playing
2026-06-15 17:05:23, tokens_remaining: 2396, call: scores, phase: playing
2026-06-15 17:05:23, tokens_remaining: 2396, call: scores, phase: playing
2026-06-15 17:05:24, tokens_remaining: 2396, call: scores, phase: playing
2026-06-15 17:05:24, tokens_remaining: 2396, call: scores, phase: playing
2026-06-15 17:05:24, tokens_remaining: 2396, call: scores, phase: playing
2026-06-15 17:05:24, tokens_remaining: 2395, call: scores, phase: playing
2026-06-15 17:05:25, tokens_remaining: 2395, call: scores, phase: playing
2026-06-15 17:05:25, tokens_remaining: 2395, call: scores, phase: playing
2026-06-15 17:05:25, tokens_remaining: 2395, call: scores, phase: playing
2026-06-15 17:05:26, tokens_remaining: 2394, call: events, phase: playing
2026-06-15 17:05:26, tokens_remaining: 2393, call: scores, phase: playing
2026-06-15 17:05:26, tokens_remaining: 2393, call: scores, phase: playing
2026-06-15 17:05:27, tokens_remaining: 2393, call: scores, phase: playing
2026-06-15 17:05:27, tokens_remaining: 2393, call: scores, phase: playing
2026-06-15 17:05:27, tokens_remaining: 2392, call: scores, phase: playing
2026-06-15 17:05:29, tokens_remaining: 2391, call: scores, phase: playing
2026-06-15 17:05:29, tokens_remaining: 2391, call: scores, phase: playing
2026-06-15 17:05:29, tokens_remaining: 2391, call: scores, phase: playing
2026-06-15 17:05:30, tokens_remaining: 2391, call: scores, phase: playing
2026-06-15 17:05:30, tokens_remaining: 2390, call: events, phase: playing
2026-06-15 17:05:31, tokens_remaining: 2389, call: scores, phase: playing
2026-06-15 17:05:31, tokens_remaining: 2389, call: scores, phase: playing
2026-06-15 17:05:31, tokens_remaining: 2389, call: scores, phase: playing
2026-06-15 17:05:31, tokens_remaining: 2389, call: scores, phase: playing
2026-06-15 17:05:31, tokens_remaining: 2389, call: scores, phase: playing
2026-06-15 17:05:32, tokens_remaining: 2388, call: scores, phase: playing
2026-06-15 17:05:32, tokens_remaining: 2388, call: scores, phase: playing
2026-06-15 17:05:32, tokens_remaining: 2388, call: scores, phase: playing
2026-06-15 17:05:33, tokens_remaining: 2388, call: scores, phase: playing
2026-06-15 17:05:33, tokens_remaining: 2387, call: events, phase: playing
2026-06-15 17:05:34, tokens_remaining: 2386, call: scores, phase: playing
2026-06-15 17:05:34, tokens_remaining: 2386, call: scores, phase: playing
2026-06-15 17:05:34, tokens_remaining: 2386, call: scores, phase: playing
2026-06-15 17:05:34, tokens_remaining: 2386, call: scores, phase: playing
2026-06-15 17:05:34, tokens_remaining: 2386, call: scores, phase: playing
2026-06-15 17:05:35, tokens_remaining: 2385, call: scores, phase: playing
2026-06-15 17:05:35, tokens_remaining: 2385, call: scores, phase: playing
2026-06-15 17:05:35, tokens_remaining: 2385, call: scores, phase: playing
2026-06-15 17:05:35, tokens_remaining: 2385, call: scores, phase: playing
2026-06-15 17:05:36, tokens_remaining: 2384, call: events, phase: playing
2026-06-15 17:05:36, tokens_remaining: 2383, call: scores, phase: playing
2026-06-15 17:05:37, tokens_remaining: 2383, call: scores, phase: playing
2026-06-15 17:05:37, tokens_remaining: 2383, call: scores, phase: playing
2026-06-15 17:05:37, tokens_remaining: 2383, call: scores, phase: playing
2026-06-15 17:05:37, tokens_remaining: 2383, call: scores, phase: playing
2026-06-15 17:05:38, tokens_remaining: 2382, call: scores, phase: playing
2026-06-15 17:05:38, tokens_remaining: 2382, call: scores, phase: playing
2026-06-15 17:05:38, tokens_remaining: 2382, call: scores, phase: playing
2026-06-15 17:05:38, tokens_remaining: 2382, call: scores, phase: playing
2026-06-15 17:05:39, tokens_remaining: 2381, call: events, phase: playing
2026-06-15 17:05:39, tokens_remaining: 2380, call: scores, phase: playing
2026-06-15 17:05:39, tokens_remaining: 2380, call: scores, phase: playing
2026-06-15 17:05:40, tokens_remaining: 2380, call: scores, phase: playing
2026-06-15 17:05:40, tokens_remaining: 2380, call: scores, phase: playing
2026-06-15 17:05:40, tokens_remaining: 2380, call: scores, phase: playing
2026-06-15 17:05:40, tokens_remaining: 2379, call: scores, phase: playing
2026-06-15 17:05:41, tokens_remaining: 2379, call: scores, phase: playing
2026-06-15 17:05:41, tokens_remaining: 2379, call: scores, phase: playing
2026-06-15 17:05:41, tokens_remaining: 2379, call: scores, phase: playing
2026-06-15 17:05:41, tokens_remaining: 2378, call: events, phase: playing
2026-06-15 17:05:42, tokens_remaining: 2377, call: scores, phase: playing
2026-06-15 17:05:42, tokens_remaining: 2377, call: scores, phase: playing
2026-06-15 17:05:42, tokens_remaining: 2377, call: scores, phase: playing
2026-06-15 17:05:43, tokens_remaining: 2377, call: scores, phase: playing
2026-06-15 17:05:43, tokens_remaining: 2377, call: scores, phase: playing
2026-06-15 17:05:43, tokens_remaining: 2376, call: scores, phase: playing
2026-06-15 17:05:43, tokens_remaining: 2376, call: scores, phase: playing
2026-06-15 17:05:44, tokens_remaining: 2376, call: scores, phase: playing
2026-06-15 17:05:44, tokens_remaining: 2376, call: scores, phase: playing
2026-06-15 17:05:44, tokens_remaining: 2375, call: events, phase: playing
2026-06-15 17:05:45, tokens_remaining: 2374, call: scores, phase: playing
2026-06-15 17:05:45, tokens_remaining: 2374, call: scores, phase: playing
2026-06-15 17:05:45, tokens_remaining: 2374, call: scores, phase: playing
2026-06-15 17:05:45, tokens_remaining: 2374, call: scores, phase: playing
2026-06-15 17:05:46, tokens_remaining: 2374, call: scores, phase: playing
2026-06-15 17:05:46, tokens_remaining: 2373, call: scores, phase: playing
2026-06-15 17:05:46, tokens_remaining: 2373, call: scores, phase: playing
2026-06-15 17:05:46, tokens_remaining: 2373, call: scores, phase: playing
2026-06-15 17:05:47, tokens_remaining: 2373, call: scores, phase: playing
2026-06-15 17:05:47, tokens_remaining: 2372, call: events, phase: playing
2026-06-15 17:05:48, tokens_remaining: 2371, call: scores, phase: playing
2026-06-15 17:05:48, tokens_remaining: 2371, call: scores, phase: playing
2026-06-15 17:05:48, tokens_remaining: 2371, call: scores, phase: playing
2026-06-15 17:05:48, tokens_remaining: 2371, call: scores, phase: playing
2026-06-15 17:05:48, tokens_remaining: 2371, call: scores, phase: playing
2026-06-15 17:05:49, tokens_remaining: 2370, call: scores, phase: playing
2026-06-15 17:05:49, tokens_remaining: 2370, call: scores, phase: playing
2026-06-15 17:05:49, tokens_remaining: 2370, call: scores, phase: playing
2026-06-15 17:05:49, tokens_remaining: 2370, call: scores, phase: playing
2026-06-15 17:05:50, tokens_remaining: 2369, call: events, phase: playing
2026-06-15 17:05:50, tokens_remaining: 2368, call: scores, phase: playing
2026-06-15 17:05:50, tokens_remaining: 2368, call: scores, phase: playing
2026-06-15 17:05:51, tokens_remaining: 2368, call: scores, phase: playing
2026-06-15 17:05:51, tokens_remaining: 2368, call: scores, phase: playing
2026-06-15 17:05:51, tokens_remaining: 2368, call: scores, phase: playing
2026-06-15 17:05:52, tokens_remaining: 2367, call: scores, phase: playing
2026-06-15 17:05:52, tokens_remaining: 2367, call: scores, phase: playing
2026-06-15 17:05:52, tokens_remaining: 2367, call: scores, phase: playing
2026-06-15 17:05:52, tokens_remaining: 2367, call: scores, phase: playing
2026-06-15 17:05:53, tokens_remaining: 2366, call: events, phase: playing
2026-06-15 17:05:53, tokens_remaining: 2365, call: scores, phase: playing
2026-06-15 17:05:53, tokens_remaining: 2365, call: scores, phase: playing
2026-06-15 17:05:53, tokens_remaining: 2365, call: scores, phase: playing
2026-06-15 17:05:54, tokens_remaining: 2365, call: scores, phase: playing
2026-06-15 17:05:54, tokens_remaining: 2365, call: scores, phase: playing
2026-06-15 17:05:54, tokens_remaining: 2365, call: scores, phase: playing
2026-06-15 17:05:54, tokens_remaining: 2364, call: scores, phase: playing
2026-06-15 17:05:55, tokens_remaining: 2364, call: scores, phase: playing
2026-06-15 17:05:55, tokens_remaining: 2364, call: scores, phase: playing
2026-06-15 17:05:55, tokens_remaining: 2363, call: events, phase: playing
2026-06-15 17:05:56, tokens_remaining: 2362, call: scores, phase: playing
2026-06-15 17:05:56, tokens_remaining: 2362, call: scores, phase: playing
2026-06-15 17:05:56, tokens_remaining: 2362, call: scores, phase: playing
2026-06-15 17:05:56, tokens_remaining: 2362, call: scores, phase: playing
2026-06-15 17:05:57, tokens_remaining: 2362, call: scores, phase: playing
2026-06-15 17:05:57, tokens_remaining: 2362, call: scores, phase: playing
2026-06-15 17:05:57, tokens_remaining: 2361, call: scores, phase: playing
2026-06-15 17:05:57, tokens_remaining: 2361, call: scores, phase: playing
2026-06-15 17:05:58, tokens_remaining: 2361, call: scores, phase: playing
2026-06-15 17:05:58, tokens_remaining: 2360, call: events, phase: playing
2026-06-15 17:05:59, tokens_remaining: 2359, call: scores, phase: playing
2026-06-15 17:05:59, tokens_remaining: 2359, call: scores, phase: playing
2026-06-15 17:05:59, tokens_remaining: 2359, call: scores, phase: playing
2026-06-15 17:06:00, tokens_remaining: 2359, call: scores, phase: playing
2026-06-15 17:06:00, tokens_remaining: 2359, call: scores, phase: playing
2026-06-15 17:06:00, tokens_remaining: 2359, call: scores, phase: playing
2026-06-15 17:06:01, tokens_remaining: 2358, call: scores, phase: playing
2026-06-15 17:06:01, tokens_remaining: 2358, call: scores, phase: playing
2026-06-15 17:06:01, tokens_remaining: 2358, call: scores, phase: playing
2026-06-15 17:06:02, tokens_remaining: 2357, call: events, phase: playing
2026-06-15 17:06:02, tokens_remaining: 2356, call: scores, phase: playing
2026-06-15 17:06:02, tokens_remaining: 2356, call: scores, phase: playing
2026-06-15 17:06:03, tokens_remaining: 2356, call: scores, phase: playing
2026-06-15 17:06:03, tokens_remaining: 2356, call: scores, phase: playing
2026-06-15 17:06:03, tokens_remaining: 2356, call: scores, phase: playing
2026-06-15 17:06:03, tokens_remaining: 2356, call: scores, phase: playing
2026-06-15 17:06:04, tokens_remaining: 2355, call: scores, phase: playing
2026-06-15 17:06:04, tokens_remaining: 2355, call: scores, phase: playing
2026-06-15 17:06:04, tokens_remaining: 2355, call: scores, phase: playing
2026-06-15 17:06:05, tokens_remaining: 2354, call: events, phase: playing
2026-06-15 17:06:05, tokens_remaining: 2353, call: scores, phase: playing
2026-06-15 17:06:05, tokens_remaining: 2353, call: scores, phase: playing
2026-06-15 17:06:05, tokens_remaining: 2353, call: scores, phase: playing
2026-06-15 17:06:06, tokens_remaining: 2353, call: scores, phase: playing
2026-06-15 17:06:06, tokens_remaining: 2353, call: scores, phase: playing
2026-06-15 17:06:06, tokens_remaining: 2353, call: scores, phase: playing
2026-06-15 17:06:06, tokens_remaining: 2352, call: scores, phase: playing
2026-06-15 17:06:07, tokens_remaining: 2352, call: scores, phase: playing
2026-06-15 17:06:07, tokens_remaining: 2352, call: scores, phase: playing
2026-06-15 17:06:07, tokens_remaining: 2351, call: events, phase: playing
2026-06-15 17:06:08, tokens_remaining: 2350, call: scores, phase: playing
2026-06-15 17:06:08, tokens_remaining: 2350, call: scores, phase: playing
2026-06-15 17:06:08, tokens_remaining: 2350, call: scores, phase: playing
2026-06-15 17:06:08, tokens_remaining: 2350, call: scores, phase: playing
2026-06-15 17:06:09, tokens_remaining: 2350, call: scores, phase: playing
2026-06-15 17:06:09, tokens_remaining: 2350, call: scores, phase: playing
2026-06-15 17:06:09, tokens_remaining: 2349, call: scores, phase: playing
2026-06-15 17:06:09, tokens_remaining: 2349, call: scores, phase: playing
2026-06-15 17:06:10, tokens_remaining: 2349, call: scores, phase: playing
2026-06-15 17:06:10, tokens_remaining: 2348, call: events, phase: playing
2026-06-15 17:06:11, tokens_remaining: 2347, call: scores, phase: playing
2026-06-15 17:06:11, tokens_remaining: 2347, call: scores, phase: playing
2026-06-15 17:06:11, tokens_remaining: 2347, call: scores, phase: playing
2026-06-15 17:06:11, tokens_remaining: 2347, call: scores, phase: playing
2026-06-15 17:06:11, tokens_remaining: 2347, call: scores, phase: playing
2026-06-15 17:06:11, tokens_remaining: 2347, call: scores, phase: playing
2026-06-15 17:06:12, tokens_remaining: 2346, call: scores, phase: playing
2026-06-15 17:06:12, tokens_remaining: 2346, call: scores, phase: playing
2026-06-15 17:06:12, tokens_remaining: 2346, call: scores, phase: playing
2026-06-15 17:06:13, tokens_remaining: 2345, call: events, phase: playing
2026-06-15 17:06:13, tokens_remaining: 2344, call: scores, phase: playing
2026-06-15 17:06:13, tokens_remaining: 2344, call: scores, phase: playing
2026-06-15 17:06:14, tokens_remaining: 2344, call: scores, phase: playing
2026-06-15 17:06:14, tokens_remaining: 2344, call: scores, phase: playing
2026-06-15 17:06:14, tokens_remaining: 2344, call: scores, phase: playing
2026-06-15 17:06:14, tokens_remaining: 2344, call: scores, phase: playing
2026-06-15 17:06:15, tokens_remaining: 2343, call: scores, phase: playing
2026-06-15 17:06:15, tokens_remaining: 2343, call: scores, phase: playing
2026-06-15 17:06:15, tokens_remaining: 2343, call: scores, phase: playing
2026-06-15 17:06:15, tokens_remaining: 2342, call: events, phase: playing
2026-06-15 17:06:16, tokens_remaining: 2341, call: scores, phase: playing
2026-06-15 17:06:16, tokens_remaining: 2341, call: scores, phase: playing
2026-06-15 17:06:16, tokens_remaining: 2341, call: scores, phase: playing
2026-06-15 17:06:16, tokens_remaining: 2341, call: scores, phase: playing
2026-06-15 17:06:17, tokens_remaining: 2341, call: scores, phase: playing
2026-06-15 17:06:17, tokens_remaining: 2341, call: scores, phase: playing
2026-06-15 17:06:17, tokens_remaining: 2340, call: scores, phase: playing
2026-06-15 17:06:17, tokens_remaining: 2340, call: scores, phase: playing
2026-06-15 17:06:18, tokens_remaining: 2340, call: scores, phase: playing
2026-06-15 17:06:18, tokens_remaining: 2339, call: events, phase: playing
2026-06-15 17:06:19, tokens_remaining: 2338, call: scores, phase: playing
2026-06-15 17:06:19, tokens_remaining: 2338, call: scores, phase: playing
2026-06-15 17:06:19, tokens_remaining: 2338, call: scores, phase: playing
2026-06-15 17:06:19, tokens_remaining: 2338, call: scores, phase: playing
2026-06-15 17:06:19, tokens_remaining: 2338, call: scores, phase: playing
2026-06-15 17:06:20, tokens_remaining: 2338, call: scores, phase: playing
2026-06-15 17:06:20, tokens_remaining: 2337, call: scores, phase: playing
2026-06-15 17:06:20, tokens_remaining: 2337, call: scores, phase: playing
2026-06-15 17:06:20, tokens_remaining: 2337, call: scores, phase: playing
2026-06-15 17:06:21, tokens_remaining: 2336, call: events, phase: playing
2026-06-15 17:06:21, tokens_remaining: 2335, call: scores, phase: playing
2026-06-15 17:06:21, tokens_remaining: 2335, call: scores, phase: playing
2026-06-15 17:06:22, tokens_remaining: 2335, call: scores, phase: playing
2026-06-15 17:06:22, tokens_remaining: 2335, call: scores, phase: playing
2026-06-15 17:06:22, tokens_remaining: 2335, call: scores, phase: playing
2026-06-15 17:06:22, tokens_remaining: 2335, call: scores, phase: playing
2026-06-15 17:06:23, tokens_remaining: 2334, call: scores, phase: playing
2026-06-15 17:06:23, tokens_remaining: 2334, call: scores, phase: playing
2026-06-15 17:06:23, tokens_remaining: 2334, call: scores, phase: playing
2026-06-15 17:06:23, tokens_remaining: 2333, call: events, phase: playing
2026-06-15 17:06:24, tokens_remaining: 2332, call: scores, phase: playing
2026-06-15 17:06:24, tokens_remaining: 2332, call: scores, phase: playing
2026-06-15 17:06:24, tokens_remaining: 2332, call: scores, phase: playing
2026-06-15 17:06:24, tokens_remaining: 2332, call: scores, phase: playing
2026-06-15 17:06:25, tokens_remaining: 2332, call: scores, phase: playing
2026-06-15 17:06:25, tokens_remaining: 2332, call: scores, phase: playing
2026-06-15 17:06:25, tokens_remaining: 2331, call: scores, phase: playing
2026-06-15 17:06:25, tokens_remaining: 2331, call: scores, phase: playing
2026-06-15 17:06:26, tokens_remaining: 2331, call: scores, phase: playing
2026-06-15 17:06:26, tokens_remaining: 2330, call: events, phase: playing
2026-06-15 17:06:27, tokens_remaining: 2329, call: scores, phase: playing
2026-06-15 17:06:27, tokens_remaining: 2329, call: scores, phase: playing
2026-06-15 17:06:27, tokens_remaining: 2329, call: scores, phase: playing
2026-06-15 17:06:27, tokens_remaining: 2329, call: scores, phase: playing
2026-06-15 17:06:27, tokens_remaining: 2329, call: scores, phase: playing
2026-06-15 17:06:27, tokens_remaining: 2329, call: scores, phase: playing
2026-06-15 17:06:28, tokens_remaining: 2328, call: scores, phase: playing
2026-06-15 17:06:28, tokens_remaining: 2328, call: scores, phase: playing
2026-06-15 17:06:28, tokens_remaining: 2328, call: scores, phase: playing
2026-06-15 17:06:29, tokens_remaining: 2327, call: events, phase: playing
2026-06-15 17:06:29, tokens_remaining: 2326, call: scores, phase: playing
2026-06-15 17:06:29, tokens_remaining: 2326, call: scores, phase: playing
2026-06-15 17:06:30, tokens_remaining: 2326, call: scores, phase: playing
2026-06-15 17:06:30, tokens_remaining: 2326, call: scores, phase: playing
2026-06-15 17:06:30, tokens_remaining: 2326, call: scores, phase: playing
2026-06-15 17:06:30, tokens_remaining: 2326, call: scores, phase: playing
2026-06-15 17:06:31, tokens_remaining: 2325, call: scores, phase: playing
2026-06-15 17:06:31, tokens_remaining: 2325, call: scores, phase: playing
2026-06-15 17:06:31, tokens_remaining: 2325, call: scores, phase: playing
2026-06-15 17:06:31, tokens_remaining: 2324, call: events, phase: playing
2026-06-15 17:06:32, tokens_remaining: 2323, call: scores, phase: playing
2026-06-15 17:06:32, tokens_remaining: 2323, call: scores, phase: playing
2026-06-15 17:06:32, tokens_remaining: 2323, call: scores, phase: playing
2026-06-15 17:06:32, tokens_remaining: 2323, call: scores, phase: playing
2026-06-15 17:06:33, tokens_remaining: 2323, call: scores, phase: playing
2026-06-15 17:06:33, tokens_remaining: 2323, call: scores, phase: playing
2026-06-15 17:06:33, tokens_remaining: 2322, call: scores, phase: playing
2026-06-15 17:06:33, tokens_remaining: 2322, call: scores, phase: playing
2026-06-15 17:06:34, tokens_remaining: 2322, call: scores, phase: playing
2026-06-15 17:06:34, tokens_remaining: 2321, call: events, phase: playing
2026-06-15 17:06:34, tokens_remaining: 2320, call: scores, phase: playing
2026-06-15 17:06:35, tokens_remaining: 2320, call: scores, phase: playing
2026-06-15 17:06:35, tokens_remaining: 2320, call: scores, phase: playing
2026-06-15 17:06:35, tokens_remaining: 2320, call: scores, phase: playing
2026-06-15 17:06:35, tokens_remaining: 2320, call: scores, phase: playing
2026-06-15 17:06:35, tokens_remaining: 2320, call: scores, phase: playing
2026-06-15 17:06:36, tokens_remaining: 2319, call: scores, phase: playing
2026-06-15 17:06:36, tokens_remaining: 2319, call: scores, phase: playing
2026-06-15 17:06:36, tokens_remaining: 2319, call: scores, phase: playing
2026-06-15 17:06:37, tokens_remaining: 2318, call: events, phase: playing
2026-06-15 17:06:37, tokens_remaining: 2317, call: scores, phase: playing
2026-06-15 17:06:37, tokens_remaining: 2317, call: scores, phase: playing
2026-06-15 17:06:37, tokens_remaining: 2317, call: scores, phase: playing
2026-06-15 17:06:38, tokens_remaining: 2317, call: scores, phase: playing
2026-06-15 17:06:38, tokens_remaining: 2317, call: scores, phase: playing
2026-06-15 17:06:38, tokens_remaining: 2317, call: scores, phase: playing
2026-06-15 17:06:38, tokens_remaining: 2316, call: scores, phase: playing
2026-06-15 17:06:39, tokens_remaining: 2316, call: scores, phase: playing
2026-06-15 17:06:39, tokens_remaining: 2316, call: scores, phase: playing
2026-06-15 17:06:39, tokens_remaining: 2315, call: events, phase: playing
2026-06-15 17:06:40, tokens_remaining: 2314, call: scores, phase: playing
2026-06-15 17:06:40, tokens_remaining: 2314, call: scores, phase: playing
2026-06-15 17:06:40, tokens_remaining: 2314, call: scores, phase: playing
2026-06-15 17:06:40, tokens_remaining: 2314, call: scores, phase: playing
2026-06-15 17:06:40, tokens_remaining: 2314, call: scores, phase: playing
2026-06-15 17:06:41, tokens_remaining: 2314, call: scores, phase: playing
2026-06-15 17:06:41, tokens_remaining: 2313, call: scores, phase: playing
2026-06-15 17:06:41, tokens_remaining: 2313, call: scores, phase: playing
2026-06-15 17:06:41, tokens_remaining: 2313, call: scores, phase: playing
2026-06-15 17:06:42, tokens_remaining: 2312, call: events, phase: playing
2026-06-15 17:06:42, tokens_remaining: 2311, call: scores, phase: playing
2026-06-15 17:06:43, tokens_remaining: 2311, call: scores, phase: playing
2026-06-15 17:06:43, tokens_remaining: 2311, call: scores, phase: playing
2026-06-15 17:06:43, tokens_remaining: 2311, call: scores, phase: playing
2026-06-15 17:06:43, tokens_remaining: 2311, call: scores, phase: playing
2026-06-15 17:06:43, tokens_remaining: 2311, call: scores, phase: playing
2026-06-15 17:06:44, tokens_remaining: 2310, call: scores, phase: playing
2026-06-15 17:06:44, tokens_remaining: 2310, call: scores, phase: playing
2026-06-15 17:06:44, tokens_remaining: 2310, call: scores, phase: playing
2026-06-15 17:06:44, tokens_remaining: 2309, call: events, phase: playing
2026-06-15 17:06:45, tokens_remaining: 2308, call: scores, phase: playing
2026-06-15 17:06:45, tokens_remaining: 2308, call: scores, phase: playing
2026-06-15 17:06:45, tokens_remaining: 2308, call: scores, phase: playing
2026-06-15 17:06:45, tokens_remaining: 2308, call: scores, phase: playing
2026-06-15 17:06:46, tokens_remaining: 2308, call: scores, phase: playing
2026-06-15 17:06:46, tokens_remaining: 2308, call: scores, phase: playing
2026-06-15 17:06:46, tokens_remaining: 2307, call: scores, phase: playing
2026-06-15 17:06:46, tokens_remaining: 2307, call: scores, phase: playing
2026-06-15 17:06:47, tokens_remaining: 2307, call: scores, phase: playing
2026-06-15 17:06:47, tokens_remaining: 2306, call: events, phase: playing
2026-06-15 17:06:48, tokens_remaining: 2305, call: scores, phase: playing
2026-06-15 17:06:48, tokens_remaining: 2305, call: scores, phase: playing
2026-06-15 17:06:48, tokens_remaining: 2305, call: scores, phase: playing
2026-06-15 17:06:48, tokens_remaining: 2305, call: scores, phase: playing
2026-06-15 17:06:48, tokens_remaining: 2305, call: scores, phase: playing
2026-06-15 17:06:48, tokens_remaining: 2305, call: scores, phase: playing
2026-06-15 17:06:49, tokens_remaining: 2304, call: scores, phase: playing
2026-06-15 17:06:49, tokens_remaining: 2304, call: scores, phase: playing
2026-06-15 17:06:49, tokens_remaining: 2304, call: scores, phase: playing
2026-06-15 17:06:50, tokens_remaining: 2303, call: events, phase: playing
2026-06-15 17:06:50, tokens_remaining: 2304, call: scores, phase: playing
2026-06-15 17:06:50, tokens_remaining: 2302, call: scores, phase: playing
2026-06-15 17:06:50, tokens_remaining: 2302, call: scores, phase: playing
2026-06-15 17:06:51, tokens_remaining: 2302, call: scores, phase: playing
2026-06-15 17:06:51, tokens_remaining: 2302, call: scores, phase: playing
2026-06-15 17:06:51, tokens_remaining: 2302, call: scores, phase: playing
2026-06-15 17:06:51, tokens_remaining: 2302, call: scores, phase: playing
2026-06-15 17:06:51, tokens_remaining: 2301, call: scores, phase: playing
2026-06-15 17:06:52, tokens_remaining: 2301, call: scores, phase: playing
2026-06-15 17:06:52, tokens_remaining: 2300, call: events, phase: playing
2026-06-15 17:06:52, tokens_remaining: 2301, call: scores, phase: playing
2026-06-15 17:06:53, tokens_remaining: 2299, call: scores, phase: playing
2026-06-15 17:06:53, tokens_remaining: 2299, call: scores, phase: playing
2026-06-15 17:06:53, tokens_remaining: 2299, call: scores, phase: playing
2026-06-15 17:06:53, tokens_remaining: 2299, call: scores, phase: playing
2026-06-15 17:06:53, tokens_remaining: 2299, call: scores, phase: playing
2026-06-15 17:06:54, tokens_remaining: 2299, call: scores, phase: playing
2026-06-15 17:06:54, tokens_remaining: 2298, call: scores, phase: playing
2026-06-15 17:06:54, tokens_remaining: 2298, call: scores, phase: playing
2026-06-15 17:06:55, tokens_remaining: 2297, call: events, phase: playing
2026-06-15 17:06:55, tokens_remaining: 2298, call: scores, phase: playing
2026-06-15 17:06:55, tokens_remaining: 2296, call: scores, phase: playing
2026-06-15 17:06:55, tokens_remaining: 2296, call: scores, phase: playing
2026-06-15 17:06:56, tokens_remaining: 2296, call: scores, phase: playing
2026-06-15 17:06:56, tokens_remaining: 2296, call: scores, phase: playing
2026-06-15 17:06:56, tokens_remaining: 2296, call: scores, phase: playing
2026-06-15 17:06:56, tokens_remaining: 2296, call: scores, phase: playing
2026-06-15 17:06:56, tokens_remaining: 2295, call: scores, phase: playing
2026-06-15 17:06:57, tokens_remaining: 2295, call: scores, phase: playing
2026-06-15 17:06:57, tokens_remaining: 2294, call: events, phase: playing
2026-06-15 17:06:57, tokens_remaining: 2295, call: scores, phase: playing
2026-06-15 17:06:57, tokens_remaining: 2295, call: scores, phase: playing
2026-06-15 17:06:58, tokens_remaining: 2293, call: scores, phase: playing
2026-06-15 17:06:58, tokens_remaining: 2293, call: scores, phase: playing
2026-06-15 17:06:58, tokens_remaining: 2293, call: scores, phase: playing
2026-06-15 17:06:58, tokens_remaining: 2293, call: scores, phase: playing
2026-06-15 17:06:59, tokens_remaining: 2293, call: scores, phase: playing
2026-06-15 17:06:59, tokens_remaining: 2293, call: scores, phase: playing
2026-06-15 17:06:59, tokens_remaining: 2292, call: scores, phase: playing
2026-06-15 17:07:00, tokens_remaining: 2291, call: events, phase: playing
2026-06-15 17:07:00, tokens_remaining: 2292, call: scores, phase: playing
2026-06-15 17:07:00, tokens_remaining: 2292, call: scores, phase: playing
2026-06-15 17:07:00, tokens_remaining: 2290, call: scores, phase: playing
2026-06-15 17:07:01, tokens_remaining: 2290, call: scores, phase: playing
2026-06-15 17:07:01, tokens_remaining: 2290, call: scores, phase: playing
2026-06-15 17:07:01, tokens_remaining: 2290, call: scores, phase: playing
2026-06-15 17:07:01, tokens_remaining: 2290, call: scores, phase: playing
2026-06-15 17:07:01, tokens_remaining: 2290, call: scores, phase: playing
2026-06-15 17:07:02, tokens_remaining: 2289, call: scores, phase: playing
2026-06-15 17:07:02, tokens_remaining: 2288, call: events, phase: playing
2026-06-15 17:07:02, tokens_remaining: 2289, call: scores, phase: playing
2026-06-15 17:07:03, tokens_remaining: 2289, call: scores, phase: playing
2026-06-15 17:07:03, tokens_remaining: 2287, call: scores, phase: playing
2026-06-15 17:07:03, tokens_remaining: 2287, call: scores, phase: playing
2026-06-15 17:07:03, tokens_remaining: 2287, call: scores, phase: playing
2026-06-15 17:07:04, tokens_remaining: 2287, call: scores, phase: playing
2026-06-15 17:07:04, tokens_remaining: 2287, call: scores, phase: playing
2026-06-15 17:07:04, tokens_remaining: 2287, call: scores, phase: playing
2026-06-15 17:07:04, tokens_remaining: 2286, call: scores, phase: playing
2026-06-15 17:07:05, tokens_remaining: 2285, call: events, phase: playing
2026-06-15 17:07:05, tokens_remaining: 2286, call: scores, phase: playing
2026-06-15 17:07:05, tokens_remaining: 2286, call: scores, phase: playing
2026-06-15 17:07:06, tokens_remaining: 2284, call: scores, phase: playing
2026-06-15 17:07:06, tokens_remaining: 2284, call: scores, phase: playing
2026-06-15 17:07:06, tokens_remaining: 2284, call: scores, phase: playing
2026-06-15 17:07:06, tokens_remaining: 2284, call: scores, phase: playing
2026-06-15 17:07:06, tokens_remaining: 2284, call: scores, phase: playing
2026-06-15 17:07:06, tokens_remaining: 2284, call: scores, phase: playing
2026-06-15 17:07:07, tokens_remaining: 2283, call: scores, phase: playing
2026-06-15 17:07:07, tokens_remaining: 2282, call: events, phase: playing
2026-06-15 17:07:07, tokens_remaining: 2283, call: scores, phase: playing
2026-06-15 17:07:08, tokens_remaining: 2283, call: scores, phase: playing
2026-06-15 17:07:08, tokens_remaining: 2281, call: scores, phase: playing
2026-06-15 17:07:08, tokens_remaining: 2281, call: scores, phase: playing
2026-06-15 17:07:08, tokens_remaining: 2281, call: scores, phase: playing
2026-06-15 17:07:09, tokens_remaining: 2281, call: scores, phase: playing
2026-06-15 17:07:09, tokens_remaining: 2281, call: scores, phase: playing
2026-06-15 17:07:09, tokens_remaining: 2281, call: scores, phase: playing
2026-06-15 17:07:09, tokens_remaining: 2280, call: scores, phase: playing
2026-06-15 17:07:10, tokens_remaining: 2279, call: events, phase: playing
2026-06-15 17:07:10, tokens_remaining: 2280, call: scores, phase: playing
2026-06-15 17:07:10, tokens_remaining: 2280, call: scores, phase: playing
2026-06-15 17:07:11, tokens_remaining: 2278, call: scores, phase: playing
2026-06-15 17:07:11, tokens_remaining: 2278, call: scores, phase: playing
2026-06-15 17:07:11, tokens_remaining: 2278, call: scores, phase: playing
2026-06-15 17:07:11, tokens_remaining: 2278, call: scores, phase: playing
2026-06-15 17:07:11, tokens_remaining: 2278, call: scores, phase: playing
2026-06-15 17:07:11, tokens_remaining: 2278, call: scores, phase: playing
2026-06-15 17:07:12, tokens_remaining: 2277, call: scores, phase: playing
2026-06-15 17:07:12, tokens_remaining: 2276, call: events, phase: playing
2026-06-15 17:07:13, tokens_remaining: 2277, call: scores, phase: playing
2026-06-15 17:07:13, tokens_remaining: 2277, call: scores, phase: playing
2026-06-15 17:07:13, tokens_remaining: 2277, call: scores, phase: playing
2026-06-15 17:07:13, tokens_remaining: 2275, call: scores, phase: playing
2026-06-15 17:07:13, tokens_remaining: 2275, call: scores, phase: playing
2026-06-15 17:07:14, tokens_remaining: 2275, call: scores, phase: playing
2026-06-15 17:07:14, tokens_remaining: 2275, call: scores, phase: playing
2026-06-15 17:07:14, tokens_remaining: 2275, call: scores, phase: playing
2026-06-15 17:07:14, tokens_remaining: 2275, call: scores, phase: playing
2026-06-15 17:07:15, tokens_remaining: 2274, call: events, phase: playing
2026-06-15 17:07:15, tokens_remaining: 2273, call: scores, phase: playing
2026-06-15 17:07:15, tokens_remaining: 2273, call: scores, phase: playing
2026-06-15 17:07:15, tokens_remaining: 2273, call: scores, phase: playing
2026-06-15 17:07:16, tokens_remaining: 2273, call: scores, phase: playing
2026-06-15 17:07:16, tokens_remaining: 2273, call: scores, phase: playing
2026-06-15 17:07:16, tokens_remaining: 2273, call: scores, phase: playing
2026-06-15 17:07:16, tokens_remaining: 2272, call: scores, phase: playing
2026-06-15 17:07:16, tokens_remaining: 2272, call: scores, phase: playing
2026-06-15 17:07:17, tokens_remaining: 2272, call: scores, phase: playing
2026-06-15 17:07:17, tokens_remaining: 2271, call: events, phase: playing
2026-06-15 17:07:17, tokens_remaining: 2272, call: scores, phase: playing
2026-06-15 17:07:18, tokens_remaining: 2270, call: scores, phase: playing
2026-06-15 17:07:18, tokens_remaining: 2270, call: scores, phase: playing
2026-06-15 17:07:18, tokens_remaining: 2270, call: scores, phase: playing
2026-06-15 17:07:18, tokens_remaining: 2270, call: scores, phase: playing
2026-06-15 17:07:18, tokens_remaining: 2270, call: scores, phase: playing
2026-06-15 17:07:18, tokens_remaining: 2270, call: scores, phase: playing
2026-06-15 17:07:19, tokens_remaining: 2270, call: scores, phase: playing
2026-06-15 17:07:19, tokens_remaining: 2269, call: scores, phase: playing
2026-06-15 17:07:19, tokens_remaining: 2268, call: events, phase: playing
2026-06-15 17:07:20, tokens_remaining: 2269, call: scores, phase: playing
2026-06-15 17:07:20, tokens_remaining: 2269, call: scores, phase: playing
2026-06-15 17:07:20, tokens_remaining: 2269, call: scores, phase: playing
2026-06-15 17:07:20, tokens_remaining: 2267, call: scores, phase: playing
2026-06-15 17:07:21, tokens_remaining: 2267, call: scores, phase: playing
2026-06-15 17:07:21, tokens_remaining: 2267, call: scores, phase: playing
2026-06-15 17:07:21, tokens_remaining: 2267, call: scores, phase: playing
2026-06-15 17:07:21, tokens_remaining: 2267, call: scores, phase: playing
2026-06-15 17:07:21, tokens_remaining: 2267, call: scores, phase: playing
2026-06-15 17:07:22, tokens_remaining: 2266, call: events, phase: playing
2026-06-15 17:07:22, tokens_remaining: 2265, call: scores, phase: playing
2026-06-15 17:07:22, tokens_remaining: 2265, call: scores, phase: playing
2026-06-15 17:07:22, tokens_remaining: 2265, call: scores, phase: playing
2026-06-15 17:07:23, tokens_remaining: 2265, call: scores, phase: playing
2026-06-15 17:07:23, tokens_remaining: 2265, call: scores, phase: playing
2026-06-15 17:07:23, tokens_remaining: 2265, call: scores, phase: playing
2026-06-15 17:07:23, tokens_remaining: 2265, call: scores, phase: playing
2026-06-15 17:07:23, tokens_remaining: 2264, call: scores, phase: playing
2026-06-15 17:07:24, tokens_remaining: 2264, call: scores, phase: playing
2026-06-15 17:07:24, tokens_remaining: 2263, call: events, phase: playing
2026-06-15 17:07:24, tokens_remaining: 2264, call: scores, phase: playing
2026-06-15 17:07:24, tokens_remaining: 2264, call: scores, phase: playing
2026-06-15 17:07:25, tokens_remaining: 2262, call: scores, phase: playing
2026-06-15 17:07:25, tokens_remaining: 2262, call: scores, phase: playing
2026-06-15 17:07:25, tokens_remaining: 2262, call: scores, phase: playing
2026-06-15 17:07:25, tokens_remaining: 2262, call: scores, phase: playing
2026-06-15 17:07:25, tokens_remaining: 2262, call: scores, phase: playing
2026-06-15 17:07:26, tokens_remaining: 2262, call: scores, phase: playing
2026-06-15 17:07:26, tokens_remaining: 2261, call: scores, phase: playing
2026-06-15 17:07:27, tokens_remaining: 2260, call: events, phase: playing
2026-06-15 17:07:27, tokens_remaining: 2261, call: scores, phase: playing
2026-06-15 17:07:27, tokens_remaining: 2261, call: scores, phase: playing
2026-06-15 17:07:27, tokens_remaining: 2261, call: scores, phase: playing
2026-06-15 17:07:27, tokens_remaining: 2259, call: scores, phase: playing
2026-06-15 17:07:28, tokens_remaining: 2259, call: scores, phase: playing
2026-06-15 17:07:28, tokens_remaining: 2259, call: scores, phase: playing
2026-06-15 17:07:28, tokens_remaining: 2259, call: scores, phase: playing
2026-06-15 17:07:28, tokens_remaining: 2259, call: scores, phase: playing
2026-06-15 17:07:28, tokens_remaining: 2259, call: scores, phase: playing
2026-06-15 17:07:29, tokens_remaining: 2258, call: events, phase: playing
2026-06-15 17:07:29, tokens_remaining: 2257, call: scores, phase: playing
2026-06-15 17:07:29, tokens_remaining: 2257, call: scores, phase: playing
2026-06-15 17:07:29, tokens_remaining: 2257, call: scores, phase: playing
2026-06-15 17:07:30, tokens_remaining: 2257, call: scores, phase: playing
2026-06-15 17:07:30, tokens_remaining: 2257, call: scores, phase: playing
2026-06-15 17:07:30, tokens_remaining: 2257, call: scores, phase: playing
2026-06-15 17:07:30, tokens_remaining: 2257, call: scores, phase: playing
2026-06-15 17:07:30, tokens_remaining: 2256, call: scores, phase: playing
2026-06-15 17:07:31, tokens_remaining: 2256, call: scores, phase: playing
2026-06-15 17:07:31, tokens_remaining: 2255, call: events, phase: playing
2026-06-15 17:07:31, tokens_remaining: 2256, call: scores, phase: playing
2026-06-15 17:07:32, tokens_remaining: 2254, call: scores, phase: playing
2026-06-15 17:07:32, tokens_remaining: 2254, call: scores, phase: playing
2026-06-15 17:07:32, tokens_remaining: 2254, call: scores, phase: playing
2026-06-15 17:07:32, tokens_remaining: 2254, call: scores, phase: playing
2026-06-15 17:07:32, tokens_remaining: 2254, call: scores, phase: playing
2026-06-15 17:07:33, tokens_remaining: 2254, call: scores, phase: playing
2026-06-15 17:07:33, tokens_remaining: 2254, call: scores, phase: playing
2026-06-15 17:07:33, tokens_remaining: 2253, call: scores, phase: playing
2026-06-15 17:07:34, tokens_remaining: 2252, call: events, phase: playing
2026-06-15 17:07:34, tokens_remaining: 2253, call: scores, phase: playing
2026-06-15 17:07:34, tokens_remaining: 2253, call: scores, phase: playing
2026-06-15 17:07:34, tokens_remaining: 2253, call: scores, phase: playing
2026-06-15 17:07:34, tokens_remaining: 2251, call: scores, phase: playing
2026-06-15 17:07:35, tokens_remaining: 2251, call: scores, phase: playing
2026-06-15 17:07:35, tokens_remaining: 2251, call: scores, phase: playing
2026-06-15 17:07:35, tokens_remaining: 2251, call: scores, phase: playing
2026-06-15 17:07:35, tokens_remaining: 2251, call: scores, phase: playing
2026-06-15 17:07:35, tokens_remaining: 2251, call: scores, phase: playing
2026-06-15 17:07:36, tokens_remaining: 2250, call: events, phase: playing
2026-06-15 17:07:36, tokens_remaining: 2249, call: scores, phase: playing
2026-06-15 17:07:36, tokens_remaining: 2249, call: scores, phase: playing
2026-06-15 17:07:36, tokens_remaining: 2249, call: scores, phase: playing
2026-06-15 17:07:37, tokens_remaining: 2249, call: scores, phase: playing
2026-06-15 17:07:37, tokens_remaining: 2249, call: scores, phase: playing
2026-06-15 17:07:37, tokens_remaining: 2249, call: scores, phase: playing
2026-06-15 17:07:37, tokens_remaining: 2249, call: scores, phase: playing
2026-06-15 17:07:37, tokens_remaining: 2248, call: scores, phase: playing
2026-06-15 17:07:38, tokens_remaining: 2248, call: scores, phase: playing
2026-06-15 17:07:38, tokens_remaining: 2247, call: events, phase: playing
2026-06-15 17:07:38, tokens_remaining: 2248, call: scores, phase: playing
2026-06-15 17:07:38, tokens_remaining: 2248, call: scores, phase: playing
2026-06-15 17:07:39, tokens_remaining: 2246, call: scores, phase: playing
2026-06-15 17:07:39, tokens_remaining: 2246, call: scores, phase: playing
2026-06-15 17:07:39, tokens_remaining: 2246, call: scores, phase: playing
2026-06-15 17:07:39, tokens_remaining: 2246, call: scores, phase: playing
2026-06-15 17:07:39, tokens_remaining: 2246, call: scores, phase: playing
2026-06-15 17:07:40, tokens_remaining: 2246, call: scores, phase: playing
2026-06-15 17:07:40, tokens_remaining: 2246, call: scores, phase: playing
2026-06-15 17:07:40, tokens_remaining: 2245, call: events, phase: playing
2026-06-15 17:07:41, tokens_remaining: 2244, call: scores, phase: playing
2026-06-15 17:07:41, tokens_remaining: 2244, call: scores, phase: playing
2026-06-15 17:07:41, tokens_remaining: 2244, call: scores, phase: playing
2026-06-15 17:07:41, tokens_remaining: 2244, call: scores, phase: playing
2026-06-15 17:07:41, tokens_remaining: 2244, call: scores, phase: playing
2026-06-15 17:07:41, tokens_remaining: 2244, call: scores, phase: playing
2026-06-15 17:07:41, tokens_remaining: 2244, call: scores, phase: playing
2026-06-15 17:07:42, tokens_remaining: 2243, call: scores, phase: playing
2026-06-15 17:07:42, tokens_remaining: 2243, call: scores, phase: playing
2026-06-15 17:07:43, tokens_remaining: 2242, call: events, phase: playing
2026-06-15 17:07:43, tokens_remaining: 2243, call: scores, phase: playing
2026-06-15 17:07:43, tokens_remaining: 2243, call: scores, phase: playing
2026-06-15 17:07:43, tokens_remaining: 2241, call: scores, phase: playing
2026-06-15 17:07:43, tokens_remaining: 2241, call: scores, phase: playing
2026-06-15 17:07:44, tokens_remaining: 2241, call: scores, phase: playing
2026-06-15 17:07:44, tokens_remaining: 2241, call: scores, phase: playing
2026-06-15 17:07:44, tokens_remaining: 2241, call: scores, phase: playing
2026-06-15 17:07:44, tokens_remaining: 2241, call: scores, phase: playing
2026-06-15 17:07:44, tokens_remaining: 2241, call: scores, phase: playing
2026-06-15 17:07:45, tokens_remaining: 2240, call: events, phase: playing
2026-06-15 17:07:45, tokens_remaining: 2239, call: scores, phase: playing
2026-06-15 17:07:45, tokens_remaining: 2239, call: scores, phase: playing
2026-06-15 17:07:45, tokens_remaining: 2239, call: scores, phase: playing
2026-06-15 17:07:45, tokens_remaining: 2239, call: scores, phase: playing
2026-06-15 17:07:46, tokens_remaining: 2239, call: scores, phase: playing
2026-06-15 17:07:46, tokens_remaining: 2239, call: scores, phase: playing
2026-06-15 17:07:46, tokens_remaining: 2239, call: scores, phase: playing
2026-06-15 17:07:46, tokens_remaining: 2238, call: scores, phase: playing
2026-06-15 17:07:46, tokens_remaining: 2238, call: scores, phase: playing
2026-06-15 17:07:47, tokens_remaining: 2237, call: events, phase: playing
2026-06-15 17:07:47, tokens_remaining: 2238, call: scores, phase: playing
2026-06-15 17:07:47, tokens_remaining: 2238, call: scores, phase: playing
2026-06-15 17:07:48, tokens_remaining: 2236, call: scores, phase: playing
2026-06-15 17:07:48, tokens_remaining: 2236, call: scores, phase: playing
2026-06-15 17:07:48, tokens_remaining: 2236, call: scores, phase: playing
2026-06-15 17:07:48, tokens_remaining: 2236, call: scores, phase: playing
2026-06-15 17:07:48, tokens_remaining: 2236, call: scores, phase: playing
2026-06-15 17:07:48, tokens_remaining: 2236, call: scores, phase: playing
2026-06-15 17:07:49, tokens_remaining: 2236, call: scores, phase: playing
2026-06-15 17:07:49, tokens_remaining: 2235, call: events, phase: playing
2026-06-15 17:07:49, tokens_remaining: 2234, call: scores, phase: playing
2026-06-15 17:07:50, tokens_remaining: 2234, call: scores, phase: playing
2026-06-15 17:07:50, tokens_remaining: 2234, call: scores, phase: playing
2026-06-15 17:07:50, tokens_remaining: 2234, call: scores, phase: playing
2026-06-15 17:07:50, tokens_remaining: 2234, call: scores, phase: playing
2026-06-15 17:07:50, tokens_remaining: 2234, call: scores, phase: playing
2026-06-15 17:07:50, tokens_remaining: 2234, call: scores, phase: playing
2026-06-15 17:07:51, tokens_remaining: 2233, call: scores, phase: playing
2026-06-15 17:07:51, tokens_remaining: 2233, call: scores, phase: playing
2026-06-15 17:07:51, tokens_remaining: 2232, call: events, phase: playing
2026-06-15 17:07:51, tokens_remaining: 2233, call: scores, phase: playing
2026-06-15 17:07:52, tokens_remaining: 2233, call: scores, phase: playing
2026-06-15 17:07:52, tokens_remaining: 2231, call: scores, phase: playing
2026-06-15 17:07:52, tokens_remaining: 2231, call: scores, phase: playing
2026-06-15 17:07:52, tokens_remaining: 2231, call: scores, phase: playing
2026-06-15 17:07:53, tokens_remaining: 2231, call: scores, phase: playing
2026-06-15 17:07:53, tokens_remaining: 2231, call: scores, phase: playing
2026-06-15 17:07:53, tokens_remaining: 2231, call: scores, phase: playing
2026-06-15 17:07:53, tokens_remaining: 2231, call: scores, phase: playing
2026-06-15 17:07:53, tokens_remaining: 2230, call: events, phase: playing
2026-06-15 17:07:54, tokens_remaining: 2229, call: scores, phase: playing
2026-06-15 17:07:54, tokens_remaining: 2229, call: scores, phase: playing
2026-06-15 17:07:54, tokens_remaining: 2229, call: scores, phase: playing
2026-06-15 17:07:54, tokens_remaining: 2229, call: scores, phase: playing
2026-06-15 17:07:54, tokens_remaining: 2229, call: scores, phase: playing
2026-06-15 17:07:55, tokens_remaining: 2229, call: scores, phase: playing
2026-06-15 17:07:55, tokens_remaining: 2229, call: scores, phase: playing
2026-06-15 17:07:55, tokens_remaining: 2228, call: scores, phase: playing
2026-06-15 17:07:55, tokens_remaining: 2228, call: scores, phase: playing
2026-06-15 17:07:56, tokens_remaining: 2227, call: events, phase: playing
2026-06-15 17:07:56, tokens_remaining: 2228, call: scores, phase: playing
2026-06-15 17:07:56, tokens_remaining: 2228, call: scores, phase: playing
2026-06-15 17:07:56, tokens_remaining: 2226, call: scores, phase: playing
2026-06-15 17:07:57, tokens_remaining: 2226, call: scores, phase: playing
2026-06-15 17:07:57, tokens_remaining: 2226, call: scores, phase: playing
2026-06-15 17:07:57, tokens_remaining: 2226, call: scores, phase: playing
2026-06-15 17:07:57, tokens_remaining: 2226, call: scores, phase: playing
2026-06-15 17:07:57, tokens_remaining: 2226, call: scores, phase: playing
2026-06-15 17:07:57, tokens_remaining: 2226, call: scores, phase: playing
2026-06-15 17:07:58, tokens_remaining: 2225, call: events, phase: playing
2026-06-15 17:07:58, tokens_remaining: 2224, call: scores, phase: playing
2026-06-15 17:07:58, tokens_remaining: 2224, call: scores, phase: playing
2026-06-15 17:07:58, tokens_remaining: 2224, call: scores, phase: playing
2026-06-15 17:07:59, tokens_remaining: 2224, call: scores, phase: playing
2026-06-15 17:07:59, tokens_remaining: 2224, call: scores, phase: playing
2026-06-15 17:07:59, tokens_remaining: 2224, call: scores, phase: playing
2026-06-15 17:07:59, tokens_remaining: 2224, call: scores, phase: playing
2026-06-15 17:07:59, tokens_remaining: 2223, call: scores, phase: playing
2026-06-15 17:08:00, tokens_remaining: 2223, call: scores, phase: playing
2026-06-15 17:08:00, tokens_remaining: 2222, call: events, phase: playing
2026-06-15 17:08:00, tokens_remaining: 2223, call: scores, phase: playing
2026-06-15 17:08:00, tokens_remaining: 2223, call: scores, phase: playing
2026-06-15 17:08:01, tokens_remaining: 2221, call: scores, phase: playing
2026-06-15 17:08:01, tokens_remaining: 2221, call: scores, phase: playing
2026-06-15 17:08:01, tokens_remaining: 2221, call: scores, phase: playing
2026-06-15 17:08:01, tokens_remaining: 2221, call: scores, phase: playing
2026-06-15 17:08:02, tokens_remaining: 2221, call: scores, phase: playing
2026-06-15 17:08:02, tokens_remaining: 2221, call: scores, phase: playing
2026-06-15 17:08:02, tokens_remaining: 2221, call: scores, phase: playing
2026-06-15 17:08:02, tokens_remaining: 2220, call: events, phase: playing
2026-06-15 17:08:03, tokens_remaining: 2219, call: scores, phase: playing
2026-06-15 17:08:03, tokens_remaining: 2219, call: scores, phase: playing
2026-06-15 17:08:03, tokens_remaining: 2219, call: scores, phase: playing
2026-06-15 17:08:03, tokens_remaining: 2219, call: scores, phase: playing
2026-06-15 17:08:03, tokens_remaining: 2219, call: scores, phase: playing
2026-06-15 17:08:03, tokens_remaining: 2219, call: scores, phase: playing
2026-06-15 17:08:04, tokens_remaining: 2219, call: scores, phase: playing
2026-06-15 17:08:04, tokens_remaining: 2218, call: scores, phase: playing
2026-06-15 17:08:04, tokens_remaining: 2218, call: scores, phase: playing
2026-06-15 17:08:05, tokens_remaining: 2217, call: events, phase: playing
2026-06-15 17:08:05, tokens_remaining: 2218, call: scores, phase: playing
2026-06-15 17:08:05, tokens_remaining: 2218, call: scores, phase: playing
2026-06-15 17:08:05, tokens_remaining: 2216, call: scores, phase: playing
2026-06-15 17:08:05, tokens_remaining: 2216, call: scores, phase: playing
2026-06-15 17:08:06, tokens_remaining: 2216, call: scores, phase: playing
2026-06-15 17:08:06, tokens_remaining: 2216, call: scores, phase: playing
2026-06-15 17:08:06, tokens_remaining: 2216, call: scores, phase: playing
2026-06-15 17:08:06, tokens_remaining: 2216, call: scores, phase: playing
2026-06-15 17:08:06, tokens_remaining: 2216, call: scores, phase: playing
2026-06-15 17:08:07, tokens_remaining: 2215, call: events, phase: playing
2026-06-15 17:08:07, tokens_remaining: 2214, call: scores, phase: playing
2026-06-15 17:08:07, tokens_remaining: 2214, call: scores, phase: playing
2026-06-15 17:08:07, tokens_remaining: 2214, call: scores, phase: playing
2026-06-15 17:08:07, tokens_remaining: 2214, call: scores, phase: playing
2026-06-15 17:08:08, tokens_remaining: 2214, call: scores, phase: playing
2026-06-15 17:08:08, tokens_remaining: 2214, call: scores, phase: playing
2026-06-15 17:08:08, tokens_remaining: 2214, call: scores, phase: playing
2026-06-15 17:08:08, tokens_remaining: 2213, call: scores, phase: playing
2026-06-15 17:08:08, tokens_remaining: 2213, call: scores, phase: playing
2026-06-15 17:08:09, tokens_remaining: 2212, call: events, phase: playing
2026-06-15 17:08:09, tokens_remaining: 2213, call: scores, phase: playing
2026-06-15 17:08:09, tokens_remaining: 2213, call: scores, phase: playing
2026-06-15 17:08:10, tokens_remaining: 2211, call: scores, phase: playing
2026-06-15 17:08:10, tokens_remaining: 2211, call: scores, phase: playing
2026-06-15 17:08:10, tokens_remaining: 2211, call: scores, phase: playing
2026-06-15 17:08:10, tokens_remaining: 2211, call: scores, phase: playing
2026-06-15 17:08:10, tokens_remaining: 2211, call: scores, phase: playing
2026-06-15 17:08:10, tokens_remaining: 2211, call: scores, phase: playing
2026-06-15 17:08:11, tokens_remaining: 2211, call: scores, phase: playing
2026-06-15 17:08:11, tokens_remaining: 2210, call: events, phase: playing
2026-06-15 17:08:11, tokens_remaining: 2209, call: scores, phase: playing
2026-06-15 17:08:11, tokens_remaining: 2209, call: scores, phase: playing
2026-06-15 17:08:12, tokens_remaining: 2209, call: scores, phase: playing
2026-06-15 17:08:12, tokens_remaining: 2209, call: scores, phase: playing
2026-06-15 17:08:12, tokens_remaining: 2209, call: scores, phase: playing
2026-06-15 17:08:12, tokens_remaining: 2209, call: scores, phase: playing
2026-06-15 17:08:12, tokens_remaining: 2209, call: scores, phase: playing
2026-06-15 17:08:13, tokens_remaining: 2208, call: scores, phase: playing
2026-06-15 17:08:13, tokens_remaining: 2208, call: scores, phase: playing
2026-06-15 17:08:13, tokens_remaining: 2207, call: events, phase: playing
2026-06-15 17:08:13, tokens_remaining: 2208, call: scores, phase: playing
2026-06-15 17:08:13, tokens_remaining: 2208, call: scores, phase: playing
2026-06-15 17:08:14, tokens_remaining: 2206, call: scores, phase: playing
2026-06-15 17:08:14, tokens_remaining: 2206, call: scores, phase: playing
2026-06-15 17:08:14, tokens_remaining: 2206, call: scores, phase: playing
2026-06-15 17:08:14, tokens_remaining: 2206, call: scores, phase: playing
2026-06-15 17:08:14, tokens_remaining: 2206, call: scores, phase: playing
2026-06-15 17:08:15, tokens_remaining: 2206, call: scores, phase: playing
2026-06-15 17:08:15, tokens_remaining: 2206, call: scores, phase: playing
2026-06-15 17:08:15, tokens_remaining: 2205, call: events, phase: playing
2026-06-15 17:08:16, tokens_remaining: 2204, call: scores, phase: playing
2026-06-15 17:08:16, tokens_remaining: 2204, call: scores, phase: playing
2026-06-15 17:08:16, tokens_remaining: 2204, call: scores, phase: playing
2026-06-15 17:08:16, tokens_remaining: 2204, call: scores, phase: playing
2026-06-15 17:08:16, tokens_remaining: 2204, call: scores, phase: playing
2026-06-15 17:08:16, tokens_remaining: 2204, call: scores, phase: playing
2026-06-15 17:08:16, tokens_remaining: 2204, call: scores, phase: playing
2026-06-15 17:08:17, tokens_remaining: 2203, call: scores, phase: playing
2026-06-15 17:08:17, tokens_remaining: 2203, call: scores, phase: playing
2026-06-15 17:08:17, tokens_remaining: 2202, call: events, phase: playing
2026-06-15 17:08:18, tokens_remaining: 2203, call: scores, phase: playing
2026-06-15 17:08:18, tokens_remaining: 2203, call: scores, phase: playing
2026-06-15 17:08:18, tokens_remaining: 2201, call: scores, phase: playing
2026-06-15 17:08:18, tokens_remaining: 2201, call: scores, phase: playing
2026-06-15 17:08:18, tokens_remaining: 2201, call: scores, phase: playing
2026-06-15 17:08:19, tokens_remaining: 2201, call: scores, phase: playing
2026-06-15 17:08:19, tokens_remaining: 2201, call: scores, phase: playing
2026-06-15 17:08:19, tokens_remaining: 2201, call: scores, phase: playing
2026-06-15 17:08:19, tokens_remaining: 2201, call: scores, phase: playing
2026-06-15 17:08:19, tokens_remaining: 2200, call: events, phase: playing
2026-06-15 17:08:20, tokens_remaining: 2199, call: scores, phase: playing
2026-06-15 17:08:20, tokens_remaining: 2199, call: scores, phase: playing
2026-06-15 17:08:21, tokens_remaining: 2199, call: scores, phase: playing
2026-06-15 17:08:21, tokens_remaining: 2199, call: scores, phase: playing
2026-06-15 17:08:21, tokens_remaining: 2199, call: scores, phase: playing
2026-06-15 17:08:21, tokens_remaining: 2198, call: scores, phase: playing
2026-06-15 17:08:21, tokens_remaining: 2198, call: scores, phase: playing
2026-06-15 17:08:21, tokens_remaining: 2198, call: scores, phase: playing
2026-06-15 17:08:22, tokens_remaining: 2198, call: scores, phase: playing
2026-06-15 17:08:22, tokens_remaining: 2197, call: events, phase: playing
2026-06-15 17:08:23, tokens_remaining: 2196, call: scores, phase: playing
2026-06-15 17:08:23, tokens_remaining: 2196, call: scores, phase: playing
2026-06-15 17:08:23, tokens_remaining: 2196, call: scores, phase: playing
2026-06-15 17:08:23, tokens_remaining: 2196, call: scores, phase: playing
2026-06-15 17:08:23, tokens_remaining: 2196, call: scores, phase: playing
2026-06-15 17:08:23, tokens_remaining: 2196, call: scores, phase: playing
2026-06-15 17:08:23, tokens_remaining: 2196, call: scores, phase: playing
2026-06-15 17:08:24, tokens_remaining: 2195, call: scores, phase: playing
2026-06-15 17:08:24, tokens_remaining: 2195, call: scores, phase: playing
2026-06-15 17:08:24, tokens_remaining: 2194, call: events, phase: playing
2026-06-15 17:08:25, tokens_remaining: 2195, call: scores, phase: playing
2026-06-15 17:08:25, tokens_remaining: 2195, call: scores, phase: playing
2026-06-15 17:08:25, tokens_remaining: 2193, call: scores, phase: playing
2026-06-15 17:08:25, tokens_remaining: 2193, call: scores, phase: playing
2026-06-15 17:08:25, tokens_remaining: 2193, call: scores, phase: playing
2026-06-15 17:08:26, tokens_remaining: 2193, call: scores, phase: playing
2026-06-15 17:08:26, tokens_remaining: 2193, call: scores, phase: playing
2026-06-15 17:08:26, tokens_remaining: 2193, call: scores, phase: playing
2026-06-15 17:08:26, tokens_remaining: 2193, call: scores, phase: playing
2026-06-15 17:08:26, tokens_remaining: 2192, call: events, phase: playing
2026-06-15 17:08:27, tokens_remaining: 2191, call: scores, phase: playing
2026-06-15 17:08:27, tokens_remaining: 2191, call: scores, phase: playing
2026-06-15 17:08:27, tokens_remaining: 2191, call: scores, phase: playing
2026-06-15 17:08:27, tokens_remaining: 2191, call: scores, phase: playing
2026-06-15 17:08:27, tokens_remaining: 2191, call: scores, phase: playing
2026-06-15 17:08:28, tokens_remaining: 2191, call: scores, phase: playing
2026-06-15 17:08:28, tokens_remaining: 2191, call: scores, phase: playing
2026-06-15 17:08:28, tokens_remaining: 2190, call: scores, phase: playing
2026-06-15 17:08:28, tokens_remaining: 2190, call: scores, phase: playing
2026-06-15 17:08:29, tokens_remaining: 2189, call: events, phase: playing
2026-06-15 17:08:29, tokens_remaining: 2190, call: scores, phase: playing
2026-06-15 17:08:29, tokens_remaining: 2190, call: scores, phase: playing
2026-06-15 17:08:29, tokens_remaining: 2188, call: scores, phase: playing
2026-06-15 17:08:30, tokens_remaining: 2188, call: scores, phase: playing
2026-06-15 17:08:30, tokens_remaining: 2188, call: scores, phase: playing
2026-06-15 17:08:30, tokens_remaining: 2188, call: scores, phase: playing
2026-06-15 17:08:30, tokens_remaining: 2188, call: scores, phase: playing
2026-06-15 17:08:30, tokens_remaining: 2188, call: scores, phase: playing
2026-06-15 17:08:30, tokens_remaining: 2188, call: scores, phase: playing
2026-06-15 17:08:31, tokens_remaining: 2187, call: events, phase: playing
2026-06-15 17:08:31, tokens_remaining: 2186, call: scores, phase: playing
2026-06-15 17:08:31, tokens_remaining: 2186, call: scores, phase: playing
2026-06-15 17:08:31, tokens_remaining: 2186, call: scores, phase: playing
2026-06-15 17:08:32, tokens_remaining: 2186, call: scores, phase: playing
2026-06-15 17:08:32, tokens_remaining: 2186, call: scores, phase: playing
2026-06-15 17:08:32, tokens_remaining: 2186, call: scores, phase: playing
2026-06-15 17:08:32, tokens_remaining: 2186, call: scores, phase: playing
2026-06-15 17:08:32, tokens_remaining: 2185, call: scores, phase: playing
2026-06-15 17:08:33, tokens_remaining: 2185, call: scores, phase: playing
2026-06-15 17:08:33, tokens_remaining: 2184, call: events, phase: playing
2026-06-15 17:08:33, tokens_remaining: 2185, call: scores, phase: playing
2026-06-15 17:08:33, tokens_remaining: 2185, call: scores, phase: playing
2026-06-15 17:08:34, tokens_remaining: 2183, call: scores, phase: playing
2026-06-15 17:08:34, tokens_remaining: 2183, call: scores, phase: playing
2026-06-15 17:08:34, tokens_remaining: 2183, call: scores, phase: playing
2026-06-15 17:08:34, tokens_remaining: 2183, call: scores, phase: playing
2026-06-15 17:08:34, tokens_remaining: 2183, call: scores, phase: playing
2026-06-15 17:08:34, tokens_remaining: 2183, call: scores, phase: playing
2026-06-15 17:08:35, tokens_remaining: 2183, call: scores, phase: playing
2026-06-15 17:08:35, tokens_remaining: 2182, call: events, phase: playing
2026-06-15 17:08:35, tokens_remaining: 2181, call: scores, phase: playing
2026-06-15 17:08:36, tokens_remaining: 2181, call: scores, phase: playing
2026-06-15 17:08:36, tokens_remaining: 2181, call: scores, phase: playing
2026-06-15 17:08:36, tokens_remaining: 2181, call: scores, phase: playing
2026-06-15 17:08:36, tokens_remaining: 2181, call: scores, phase: playing
2026-06-15 17:08:36, tokens_remaining: 2181, call: scores, phase: playing
2026-06-15 17:08:36, tokens_remaining: 2181, call: scores, phase: playing
2026-06-15 17:08:37, tokens_remaining: 2180, call: scores, phase: playing
2026-06-15 17:08:37, tokens_remaining: 2180, call: scores, phase: playing
2026-06-15 17:08:37, tokens_remaining: 2179, call: events, phase: playing
2026-06-15 17:08:37, tokens_remaining: 2180, call: scores, phase: playing
2026-06-15 17:08:38, tokens_remaining: 2180, call: scores, phase: playing
2026-06-15 17:08:38, tokens_remaining: 2178, call: scores, phase: playing
2026-06-15 17:08:38, tokens_remaining: 2178, call: scores, phase: playing
2026-06-15 17:08:38, tokens_remaining: 2178, call: scores, phase: playing
2026-06-15 17:08:38, tokens_remaining: 2178, call: scores, phase: playing
2026-06-15 17:08:39, tokens_remaining: 2178, call: scores, phase: playing
2026-06-15 17:08:39, tokens_remaining: 2178, call: scores, phase: playing
2026-06-15 17:08:39, tokens_remaining: 2178, call: scores, phase: playing
2026-06-15 17:08:39, tokens_remaining: 2177, call: events, phase: playing
2026-06-15 17:08:40, tokens_remaining: 2176, call: scores, phase: playing
2026-06-15 17:08:40, tokens_remaining: 2176, call: scores, phase: playing
2026-06-15 17:08:40, tokens_remaining: 2176, call: scores, phase: playing
2026-06-15 17:08:40, tokens_remaining: 2176, call: scores, phase: playing
2026-06-15 17:08:40, tokens_remaining: 2176, call: scores, phase: playing
2026-06-15 17:08:41, tokens_remaining: 2176, call: scores, phase: playing
2026-06-15 17:08:41, tokens_remaining: 2176, call: scores, phase: playing
2026-06-15 17:08:41, tokens_remaining: 2175, call: scores, phase: playing
2026-06-15 17:08:41, tokens_remaining: 2175, call: scores, phase: playing
2026-06-15 17:08:42, tokens_remaining: 2174, call: events, phase: playing
2026-06-15 17:08:42, tokens_remaining: 2175, call: scores, phase: playing
2026-06-15 17:08:42, tokens_remaining: 2175, call: scores, phase: playing
2026-06-15 17:08:42, tokens_remaining: 2173, call: scores, phase: playing
2026-06-15 17:08:43, tokens_remaining: 2173, call: scores, phase: playing
2026-06-15 17:08:43, tokens_remaining: 2173, call: scores, phase: playing
2026-06-15 17:08:43, tokens_remaining: 2173, call: scores, phase: playing
2026-06-15 17:08:43, tokens_remaining: 2173, call: scores, phase: playing
2026-06-15 17:08:43, tokens_remaining: 2173, call: scores, phase: playing
2026-06-15 17:08:43, tokens_remaining: 2173, call: scores, phase: playing
2026-06-15 17:08:44, tokens_remaining: 2172, call: events, phase: playing
2026-06-15 17:08:44, tokens_remaining: 2171, call: scores, phase: playing
2026-06-15 17:08:44, tokens_remaining: 2171, call: scores, phase: playing
2026-06-15 17:08:44, tokens_remaining: 2171, call: scores, phase: playing
2026-06-15 17:08:45, tokens_remaining: 2171, call: scores, phase: playing
2026-06-15 17:08:45, tokens_remaining: 2171, call: scores, phase: playing
2026-06-15 17:08:45, tokens_remaining: 2171, call: scores, phase: playing
2026-06-15 17:08:45, tokens_remaining: 2171, call: scores, phase: playing
2026-06-15 17:08:45, tokens_remaining: 2170, call: scores, phase: playing
2026-06-15 17:08:46, tokens_remaining: 2170, call: scores, phase: playing
2026-06-15 17:08:46, tokens_remaining: 2169, call: events, phase: playing
2026-06-15 17:08:46, tokens_remaining: 2170, call: scores, phase: playing
2026-06-15 17:08:46, tokens_remaining: 2170, call: scores, phase: playing
2026-06-15 17:08:47, tokens_remaining: 2168, call: scores, phase: playing
2026-06-15 17:08:47, tokens_remaining: 2168, call: scores, phase: playing
2026-06-15 17:08:47, tokens_remaining: 2168, call: scores, phase: playing
2026-06-15 17:08:47, tokens_remaining: 2168, call: scores, phase: playing
2026-06-15 17:08:47, tokens_remaining: 2168, call: scores, phase: playing
2026-06-15 17:08:47, tokens_remaining: 2168, call: scores, phase: playing
2026-06-15 17:08:48, tokens_remaining: 2168, call: scores, phase: playing
2026-06-15 17:08:48, tokens_remaining: 2167, call: events, phase: playing
2026-06-15 17:08:49, tokens_remaining: 2166, call: scores, phase: playing
2026-06-15 17:08:49, tokens_remaining: 2166, call: scores, phase: playing
2026-06-15 17:08:49, tokens_remaining: 2166, call: scores, phase: playing
2026-06-15 17:08:49, tokens_remaining: 2166, call: scores, phase: playing
2026-06-15 17:08:49, tokens_remaining: 2166, call: scores, phase: playing
2026-06-15 17:08:49, tokens_remaining: 2166, call: scores, phase: playing
2026-06-15 17:08:49, tokens_remaining: 2166, call: scores, phase: playing
2026-06-15 17:08:50, tokens_remaining: 2165, call: scores, phase: playing
2026-06-15 17:08:50, tokens_remaining: 2165, call: scores, phase: playing
2026-06-15 17:08:50, tokens_remaining: 2164, call: events, phase: playing
2026-06-15 17:08:51, tokens_remaining: 2165, call: scores, phase: playing
2026-06-15 17:08:51, tokens_remaining: 2165, call: scores, phase: playing
2026-06-15 17:08:51, tokens_remaining: 2163, call: scores, phase: playing
2026-06-15 17:08:51, tokens_remaining: 2163, call: scores, phase: playing
2026-06-15 17:08:51, tokens_remaining: 2163, call: scores, phase: playing
2026-06-15 17:08:52, tokens_remaining: 2163, call: scores, phase: playing
2026-06-15 17:08:52, tokens_remaining: 2163, call: scores, phase: playing
2026-06-15 17:08:52, tokens_remaining: 2163, call: scores, phase: playing
2026-06-15 17:08:52, tokens_remaining: 2163, call: scores, phase: playing
2026-06-15 17:08:52, tokens_remaining: 2162, call: events, phase: playing
2026-06-15 17:08:53, tokens_remaining: 2161, call: scores, phase: playing
2026-06-15 17:08:53, tokens_remaining: 2161, call: scores, phase: playing
2026-06-15 17:08:53, tokens_remaining: 2161, call: scores, phase: playing
2026-06-15 17:08:53, tokens_remaining: 2161, call: scores, phase: playing
2026-06-15 17:08:53, tokens_remaining: 2161, call: scores, phase: playing
2026-06-15 17:08:54, tokens_remaining: 2161, call: scores, phase: playing
2026-06-15 17:08:54, tokens_remaining: 2161, call: scores, phase: playing
2026-06-15 17:08:54, tokens_remaining: 2160, call: scores, phase: playing
2026-06-15 17:08:54, tokens_remaining: 2160, call: scores, phase: playing
2026-06-15 17:08:55, tokens_remaining: 2159, call: events, phase: playing
2026-06-15 17:08:55, tokens_remaining: 2160, call: scores, phase: playing
2026-06-15 17:08:55, tokens_remaining: 2160, call: scores, phase: playing
2026-06-15 17:08:55, tokens_remaining: 2158, call: scores, phase: playing
2026-06-15 17:08:56, tokens_remaining: 2158, call: scores, phase: playing
2026-06-15 17:08:56, tokens_remaining: 2158, call: scores, phase: playing
2026-06-15 17:08:56, tokens_remaining: 2158, call: scores, phase: playing
2026-06-15 17:08:56, tokens_remaining: 2158, call: scores, phase: playing
2026-06-15 17:08:56, tokens_remaining: 2158, call: scores, phase: playing
2026-06-15 17:08:56, tokens_remaining: 2158, call: scores, phase: playing
2026-06-15 17:08:57, tokens_remaining: 2157, call: events, phase: playing
2026-06-15 17:08:57, tokens_remaining: 2156, call: scores, phase: playing
2026-06-15 17:08:57, tokens_remaining: 2156, call: scores, phase: playing
2026-06-15 17:08:58, tokens_remaining: 2156, call: scores, phase: playing
2026-06-15 17:08:58, tokens_remaining: 2156, call: scores, phase: playing
2026-06-15 17:08:58, tokens_remaining: 2156, call: scores, phase: playing
2026-06-15 17:08:58, tokens_remaining: 2156, call: scores, phase: playing
2026-06-15 17:08:58, tokens_remaining: 2156, call: scores, phase: playing
2026-06-15 17:08:59, tokens_remaining: 2155, call: scores, phase: playing
2026-06-15 17:08:59, tokens_remaining: 2155, call: scores, phase: playing
2026-06-15 17:08:59, tokens_remaining: 2154, call: events, phase: playing
2026-06-15 17:08:59, tokens_remaining: 2155, call: scores, phase: playing
2026-06-15 17:08:59, tokens_remaining: 2155, call: scores, phase: playing
2026-06-15 17:09:00, tokens_remaining: 2153, call: scores, phase: playing
2026-06-15 17:09:00, tokens_remaining: 2153, call: scores, phase: playing
2026-06-15 17:09:00, tokens_remaining: 2153, call: scores, phase: playing
2026-06-15 17:09:00, tokens_remaining: 2153, call: scores, phase: playing
2026-06-15 17:09:00, tokens_remaining: 2153, call: scores, phase: playing
2026-06-15 17:09:01, tokens_remaining: 2153, call: scores, phase: playing
2026-06-15 17:09:01, tokens_remaining: 2153, call: scores, phase: playing
2026-06-15 17:09:01, tokens_remaining: 2152, call: events, phase: playing
2026-06-15 17:09:02, tokens_remaining: 2151, call: scores, phase: playing
2026-06-15 17:09:02, tokens_remaining: 2151, call: scores, phase: playing
2026-06-15 17:09:02, tokens_remaining: 2151, call: scores, phase: playing
2026-06-15 17:09:02, tokens_remaining: 2151, call: scores, phase: playing
2026-06-15 17:09:02, tokens_remaining: 2151, call: scores, phase: playing
2026-06-15 17:09:02, tokens_remaining: 2151, call: scores, phase: playing
2026-06-15 17:09:03, tokens_remaining: 2151, call: scores, phase: playing
2026-06-15 17:09:03, tokens_remaining: 2150, call: scores, phase: playing
2026-06-15 17:09:03, tokens_remaining: 2150, call: scores, phase: playing
2026-06-15 17:09:04, tokens_remaining: 2149, call: events, phase: playing
2026-06-15 17:09:04, tokens_remaining: 2150, call: scores, phase: playing
2026-06-15 17:09:04, tokens_remaining: 2150, call: scores, phase: playing
2026-06-15 17:09:04, tokens_remaining: 2148, call: scores, phase: playing
2026-06-15 17:09:04, tokens_remaining: 2148, call: scores, phase: playing
2026-06-15 17:09:05, tokens_remaining: 2148, call: scores, phase: playing
2026-06-15 17:09:05, tokens_remaining: 2148, call: scores, phase: playing
2026-06-15 17:09:05, tokens_remaining: 2148, call: scores, phase: playing
2026-06-15 17:09:05, tokens_remaining: 2148, call: scores, phase: playing
2026-06-15 17:09:05, tokens_remaining: 2148, call: scores, phase: playing
2026-06-15 17:09:06, tokens_remaining: 2147, call: events, phase: playing
2026-06-15 17:09:06, tokens_remaining: 2146, call: scores, phase: playing
2026-06-15 17:09:06, tokens_remaining: 2146, call: scores, phase: playing
2026-06-15 17:09:06, tokens_remaining: 2146, call: scores, phase: playing
2026-06-15 17:09:06, tokens_remaining: 2146, call: scores, phase: playing
2026-06-15 17:09:07, tokens_remaining: 2146, call: scores, phase: playing
2026-06-15 17:09:07, tokens_remaining: 2146, call: scores, phase: playing
2026-06-15 17:09:07, tokens_remaining: 2146, call: scores, phase: playing
2026-06-15 17:09:07, tokens_remaining: 2145, call: scores, phase: playing
2026-06-15 17:09:07, tokens_remaining: 2145, call: scores, phase: playing
2026-06-15 17:09:08, tokens_remaining: 2144, call: events, phase: playing
2026-06-15 17:09:08, tokens_remaining: 2145, call: scores, phase: playing
2026-06-15 17:09:08, tokens_remaining: 2145, call: scores, phase: playing
2026-06-15 17:09:09, tokens_remaining: 2143, call: scores, phase: playing
2026-06-15 17:09:09, tokens_remaining: 2143, call: scores, phase: playing
2026-06-15 17:09:09, tokens_remaining: 2143, call: scores, phase: playing
2026-06-15 17:09:09, tokens_remaining: 2143, call: scores, phase: playing
2026-06-15 17:09:09, tokens_remaining: 2143, call: scores, phase: playing
2026-06-15 17:09:09, tokens_remaining: 2143, call: scores, phase: playing
2026-06-15 17:09:10, tokens_remaining: 2143, call: scores, phase: playing
2026-06-15 17:09:10, tokens_remaining: 2142, call: events, phase: playing
2026-06-15 17:09:10, tokens_remaining: 2141, call: scores, phase: playing
2026-06-15 17:09:11, tokens_remaining: 2141, call: scores, phase: playing
2026-06-15 17:09:11, tokens_remaining: 2141, call: scores, phase: playing
2026-06-15 17:09:11, tokens_remaining: 2141, call: scores, phase: playing
2026-06-15 17:09:11, tokens_remaining: 2141, call: scores, phase: playing
2026-06-15 17:09:11, tokens_remaining: 2141, call: scores, phase: playing
2026-06-15 17:09:11, tokens_remaining: 2141, call: scores, phase: playing
2026-06-15 17:09:12, tokens_remaining: 2140, call: scores, phase: playing
2026-06-15 17:09:12, tokens_remaining: 2140, call: scores, phase: playing
2026-06-15 17:09:12, tokens_remaining: 2139, call: events, phase: playing
2026-06-15 17:09:12, tokens_remaining: 2140, call: scores, phase: playing
2026-06-15 17:09:13, tokens_remaining: 2140, call: scores, phase: playing
2026-06-15 17:09:13, tokens_remaining: 2138, call: scores, phase: playing
2026-06-15 17:09:13, tokens_remaining: 2138, call: scores, phase: playing
2026-06-15 17:09:13, tokens_remaining: 2138, call: scores, phase: playing
2026-06-15 17:09:13, tokens_remaining: 2138, call: scores, phase: playing
2026-06-15 17:09:14, tokens_remaining: 2138, call: scores, phase: playing
2026-06-15 17:09:14, tokens_remaining: 2138, call: scores, phase: playing
2026-06-15 17:09:14, tokens_remaining: 2138, call: scores, phase: playing
2026-06-15 17:09:14, tokens_remaining: 2137, call: events, phase: playing
2026-06-15 17:09:15, tokens_remaining: 2136, call: scores, phase: playing
2026-06-15 17:09:15, tokens_remaining: 2136, call: scores, phase: playing
2026-06-15 17:09:15, tokens_remaining: 2136, call: scores, phase: playing
2026-06-15 17:09:15, tokens_remaining: 2136, call: scores, phase: playing
2026-06-15 17:09:15, tokens_remaining: 2136, call: scores, phase: playing
2026-06-15 17:09:16, tokens_remaining: 2136, call: scores, phase: playing
2026-06-15 17:09:16, tokens_remaining: 2136, call: scores, phase: playing
2026-06-15 17:09:16, tokens_remaining: 2135, call: scores, phase: playing
2026-06-15 17:09:16, tokens_remaining: 2135, call: scores, phase: playing
2026-06-15 17:09:17, tokens_remaining: 2134, call: events, phase: playing
2026-06-15 17:09:17, tokens_remaining: 2135, call: scores, phase: playing
2026-06-15 17:09:17, tokens_remaining: 2135, call: scores, phase: playing
2026-06-15 17:09:17, tokens_remaining: 2133, call: scores, phase: playing
2026-06-15 17:09:18, tokens_remaining: 2133, call: scores, phase: playing
2026-06-15 17:09:18, tokens_remaining: 2133, call: scores, phase: playing
2026-06-15 17:09:18, tokens_remaining: 2133, call: scores, phase: playing
2026-06-15 17:09:18, tokens_remaining: 2133, call: scores, phase: playing
2026-06-15 17:09:18, tokens_remaining: 2133, call: scores, phase: playing
2026-06-15 17:09:18, tokens_remaining: 2133, call: scores, phase: playing
2026-06-15 17:09:19, tokens_remaining: 2132, call: events, phase: playing
2026-06-15 17:09:19, tokens_remaining: 2131, call: scores, phase: playing
2026-06-15 17:09:19, tokens_remaining: 2131, call: scores, phase: playing
2026-06-15 17:09:19, tokens_remaining: 2131, call: scores, phase: playing
2026-06-15 17:09:20, tokens_remaining: 2131, call: scores, phase: playing
2026-06-15 17:09:20, tokens_remaining: 2131, call: scores, phase: playing
2026-06-15 17:09:20, tokens_remaining: 2131, call: scores, phase: playing
2026-06-15 17:09:20, tokens_remaining: 2131, call: scores, phase: playing
2026-06-15 17:09:20, tokens_remaining: 2130, call: scores, phase: playing
2026-06-15 17:09:21, tokens_remaining: 2130, call: scores, phase: playing
2026-06-15 17:09:21, tokens_remaining: 2129, call: events, phase: playing
2026-06-15 17:09:21, tokens_remaining: 2130, call: scores, phase: playing
2026-06-15 17:09:21, tokens_remaining: 2130, call: scores, phase: playing
2026-06-15 17:09:22, tokens_remaining: 2128, call: scores, phase: playing
2026-06-15 17:09:22, tokens_remaining: 2128, call: scores, phase: playing
2026-06-15 17:09:22, tokens_remaining: 2128, call: scores, phase: playing
2026-06-15 17:09:22, tokens_remaining: 2128, call: scores, phase: playing
2026-06-15 17:09:22, tokens_remaining: 2128, call: scores, phase: playing
2026-06-15 17:09:22, tokens_remaining: 2128, call: scores, phase: playing
2026-06-15 17:09:23, tokens_remaining: 2128, call: scores, phase: playing
2026-06-15 17:09:23, tokens_remaining: 2127, call: events, phase: playing
2026-06-15 17:09:23, tokens_remaining: 2126, call: scores, phase: playing
2026-06-15 17:09:24, tokens_remaining: 2126, call: scores, phase: playing
2026-06-15 17:09:24, tokens_remaining: 2126, call: scores, phase: playing
2026-06-15 17:09:24, tokens_remaining: 2126, call: scores, phase: playing
2026-06-15 17:09:24, tokens_remaining: 2126, call: scores, phase: playing
2026-06-15 17:09:24, tokens_remaining: 2126, call: scores, phase: playing
2026-06-15 17:09:24, tokens_remaining: 2126, call: scores, phase: playing
2026-06-15 17:09:25, tokens_remaining: 2125, call: scores, phase: playing
2026-06-15 17:09:25, tokens_remaining: 2125, call: scores, phase: playing
2026-06-15 17:09:25, tokens_remaining: 2124, call: events, phase: playing
2026-06-15 17:09:26, tokens_remaining: 2125, call: scores, phase: playing
2026-06-15 17:09:26, tokens_remaining: 2125, call: scores, phase: playing
2026-06-15 17:09:26, tokens_remaining: 2123, call: scores, phase: playing
2026-06-15 17:09:26, tokens_remaining: 2123, call: scores, phase: playing
2026-06-15 17:09:26, tokens_remaining: 2123, call: scores, phase: playing
2026-06-15 17:09:26, tokens_remaining: 2123, call: scores, phase: playing
2026-06-15 17:09:27, tokens_remaining: 2123, call: scores, phase: playing
2026-06-15 17:09:27, tokens_remaining: 2123, call: scores, phase: playing
2026-06-15 17:09:27, tokens_remaining: 2123, call: scores, phase: playing
2026-06-15 17:09:27, tokens_remaining: 2122, call: events, phase: playing
2026-06-15 17:09:28, tokens_remaining: 2121, call: scores, phase: playing
2026-06-15 17:09:28, tokens_remaining: 2121, call: scores, phase: playing
2026-06-15 17:09:28, tokens_remaining: 2121, call: scores, phase: playing
2026-06-15 17:09:28, tokens_remaining: 2121, call: scores, phase: playing
2026-06-15 17:09:28, tokens_remaining: 2121, call: scores, phase: playing
2026-06-15 17:09:29, tokens_remaining: 2121, call: scores, phase: playing
2026-06-15 17:09:29, tokens_remaining: 2121, call: scores, phase: playing
2026-06-15 17:09:29, tokens_remaining: 2120, call: scores, phase: playing
2026-06-15 17:09:29, tokens_remaining: 2120, call: scores, phase: playing
2026-06-15 17:09:30, tokens_remaining: 2119, call: events, phase: playing
2026-06-15 17:09:30, tokens_remaining: 2120, call: scores, phase: playing
2026-06-15 17:09:30, tokens_remaining: 2120, call: scores, phase: playing
2026-06-15 17:09:30, tokens_remaining: 2118, call: scores, phase: playing
2026-06-15 17:09:31, tokens_remaining: 2118, call: scores, phase: playing
2026-06-15 17:09:31, tokens_remaining: 2118, call: scores, phase: playing
2026-06-15 17:09:31, tokens_remaining: 2118, call: scores, phase: playing
2026-06-15 17:09:31, tokens_remaining: 2118, call: scores, phase: playing
2026-06-15 17:09:32, tokens_remaining: 2117, call: scores, phase: playing
2026-06-15 17:09:32, tokens_remaining: 2117, call: scores, phase: playing
2026-06-15 17:09:32, tokens_remaining: 2116, call: events, phase: playing
2026-06-15 17:09:33, tokens_remaining: 2117, call: scores, phase: playing
2026-06-15 17:09:34, tokens_remaining: 2115, call: scores, phase: playing
2026-06-15 17:09:34, tokens_remaining: 2115, call: scores, phase: playing
2026-06-15 17:09:34, tokens_remaining: 2115, call: scores, phase: playing
2026-06-15 17:09:35, tokens_remaining: 2114, call: scores, phase: playing
2026-06-15 17:09:35, tokens_remaining: 2114, call: scores, phase: playing
2026-06-15 17:09:35, tokens_remaining: 2114, call: scores, phase: playing
2026-06-15 17:09:35, tokens_remaining: 2114, call: scores, phase: playing
2026-06-15 17:09:35, tokens_remaining: 2114, call: scores, phase: playing
2026-06-15 17:09:36, tokens_remaining: 2113, call: events, phase: playing
2026-06-15 17:09:36, tokens_remaining: 2112, call: scores, phase: playing
2026-06-15 17:09:36, tokens_remaining: 2112, call: scores, phase: playing
2026-06-15 17:09:36, tokens_remaining: 2112, call: scores, phase: playing
2026-06-15 17:09:36, tokens_remaining: 2112, call: scores, phase: playing
2026-06-15 17:09:37, tokens_remaining: 2112, call: scores, phase: playing
2026-06-15 17:09:37, tokens_remaining: 2112, call: scores, phase: playing
2026-06-15 17:09:37, tokens_remaining: 2112, call: scores, phase: playing
2026-06-15 17:09:37, tokens_remaining: 2111, call: scores, phase: playing
2026-06-15 17:09:37, tokens_remaining: 2111, call: scores, phase: playing
2026-06-15 17:09:38, tokens_remaining: 2110, call: events, phase: playing
2026-06-15 17:09:38, tokens_remaining: 2111, call: scores, phase: playing
2026-06-15 17:09:38, tokens_remaining: 2111, call: scores, phase: playing
2026-06-15 17:09:39, tokens_remaining: 2109, call: scores, phase: playing
2026-06-15 17:09:39, tokens_remaining: 2109, call: scores, phase: playing
2026-06-15 17:09:39, tokens_remaining: 2109, call: scores, phase: playing
2026-06-15 17:09:39, tokens_remaining: 2109, call: scores, phase: playing
2026-06-15 17:09:39, tokens_remaining: 2109, call: scores, phase: playing
2026-06-15 17:09:39, tokens_remaining: 2109, call: scores, phase: playing
2026-06-15 17:09:40, tokens_remaining: 2109, call: scores, phase: playing
2026-06-15 17:09:40, tokens_remaining: 2108, call: events, phase: playing
2026-06-15 17:09:40, tokens_remaining: 2107, call: scores, phase: playing
2026-06-15 17:09:41, tokens_remaining: 2107, call: scores, phase: playing
2026-06-15 17:09:41, tokens_remaining: 2107, call: scores, phase: playing
2026-06-15 17:09:41, tokens_remaining: 2107, call: scores, phase: playing
2026-06-15 17:09:41, tokens_remaining: 2107, call: scores, phase: playing
2026-06-15 17:09:41, tokens_remaining: 2107, call: scores, phase: playing
2026-06-15 17:09:41, tokens_remaining: 2107, call: scores, phase: playing
2026-06-15 17:09:42, tokens_remaining: 2106, call: scores, phase: playing
2026-06-15 17:09:42, tokens_remaining: 2106, call: scores, phase: playing
2026-06-15 17:09:42, tokens_remaining: 2105, call: events, phase: playing
2026-06-15 17:09:42, tokens_remaining: 2106, call: scores, phase: playing
2026-06-15 17:09:43, tokens_remaining: 2106, call: scores, phase: playing
2026-06-15 17:09:43, tokens_remaining: 2104, call: scores, phase: playing
2026-06-15 17:09:43, tokens_remaining: 2104, call: scores, phase: playing
2026-06-15 17:09:43, tokens_remaining: 2104, call: scores, phase: playing
2026-06-15 17:09:43, tokens_remaining: 2104, call: scores, phase: playing
2026-06-15 17:09:43, tokens_remaining: 2104, call: scores, phase: playing
2026-06-15 17:09:44, tokens_remaining: 2104, call: scores, phase: playing
2026-06-15 17:09:44, tokens_remaining: 2104, call: scores, phase: playing
2026-06-15 17:09:44, tokens_remaining: 2103, call: events, phase: playing
2026-06-15 17:09:45, tokens_remaining: 2102, call: scores, phase: playing
2026-06-15 17:09:45, tokens_remaining: 2102, call: scores, phase: playing
2026-06-15 17:09:45, tokens_remaining: 2102, call: scores, phase: playing
2026-06-15 17:09:45, tokens_remaining: 2102, call: scores, phase: playing
2026-06-15 17:09:45, tokens_remaining: 2102, call: scores, phase: playing
2026-06-15 17:09:45, tokens_remaining: 2102, call: scores, phase: playing
2026-06-15 17:09:45, tokens_remaining: 2102, call: scores, phase: playing
2026-06-15 17:09:46, tokens_remaining: 2102, call: scores, phase: playing
2026-06-15 17:09:46, tokens_remaining: 2101, call: scores, phase: playing
2026-06-15 17:09:46, tokens_remaining: 2100, call: events, phase: playing
2026-06-15 17:09:47, tokens_remaining: 2101, call: scores, phase: playing
2026-06-15 17:09:47, tokens_remaining: 2101, call: scores, phase: playing
2026-06-15 17:09:47, tokens_remaining: 2101, call: scores, phase: playing
2026-06-15 17:09:47, tokens_remaining: 2099, call: scores, phase: playing
2026-06-15 17:09:47, tokens_remaining: 2099, call: scores, phase: playing
2026-06-15 17:09:48, tokens_remaining: 2099, call: scores, phase: playing
2026-06-15 17:09:48, tokens_remaining: 2099, call: scores, phase: playing
2026-06-15 17:09:48, tokens_remaining: 2099, call: scores, phase: playing
2026-06-15 17:09:48, tokens_remaining: 2099, call: scores, phase: playing
2026-06-15 17:09:48, tokens_remaining: 2098, call: events, phase: playing
2026-06-15 17:09:49, tokens_remaining: 2097, call: scores, phase: playing
2026-06-15 17:09:49, tokens_remaining: 2097, call: scores, phase: playing
2026-06-15 17:09:49, tokens_remaining: 2097, call: scores, phase: playing
2026-06-15 17:09:49, tokens_remaining: 2097, call: scores, phase: playing
2026-06-15 17:09:49, tokens_remaining: 2097, call: scores, phase: playing
2026-06-15 17:09:50, tokens_remaining: 2097, call: scores, phase: playing
2026-06-15 17:09:50, tokens_remaining: 2097, call: scores, phase: playing
2026-06-15 17:09:50, tokens_remaining: 2097, call: scores, phase: playing
2026-06-15 17:09:50, tokens_remaining: 2096, call: scores, phase: playing
2026-06-15 17:09:51, tokens_remaining: 2095, call: events, phase: playing
2026-06-15 17:09:51, tokens_remaining: 2096, call: scores, phase: playing
2026-06-15 17:09:51, tokens_remaining: 2096, call: scores, phase: playing
2026-06-15 17:09:51, tokens_remaining: 2096, call: scores, phase: playing
2026-06-15 17:09:51, tokens_remaining: 2094, call: scores, phase: playing
2026-06-15 17:09:52, tokens_remaining: 2094, call: scores, phase: playing
2026-06-15 17:09:52, tokens_remaining: 2094, call: scores, phase: playing
2026-06-15 17:09:52, tokens_remaining: 2094, call: scores, phase: playing
2026-06-15 17:09:52, tokens_remaining: 2094, call: scores, phase: playing
2026-06-15 17:09:52, tokens_remaining: 2094, call: scores, phase: playing
2026-06-15 17:09:53, tokens_remaining: 2093, call: events, phase: playing
2026-06-15 17:09:53, tokens_remaining: 2092, call: scores, phase: playing
2026-06-15 17:09:53, tokens_remaining: 2092, call: scores, phase: playing
2026-06-15 17:09:53, tokens_remaining: 2092, call: scores, phase: playing
2026-06-15 17:09:53, tokens_remaining: 2092, call: scores, phase: playing
2026-06-15 17:09:54, tokens_remaining: 2092, call: scores, phase: playing
2026-06-15 17:09:54, tokens_remaining: 2092, call: scores, phase: playing
2026-06-15 17:09:54, tokens_remaining: 2092, call: scores, phase: playing
2026-06-15 17:09:54, tokens_remaining: 2091, call: scores, phase: playing
2026-06-15 17:09:54, tokens_remaining: 2091, call: scores, phase: playing
2026-06-15 17:09:55, tokens_remaining: 2090, call: events, phase: playing
2026-06-15 17:09:55, tokens_remaining: 2091, call: scores, phase: playing
2026-06-15 17:09:55, tokens_remaining: 2091, call: scores, phase: playing
2026-06-15 17:09:56, tokens_remaining: 2089, call: scores, phase: playing
2026-06-15 17:09:56, tokens_remaining: 2089, call: scores, phase: playing
2026-06-15 17:09:56, tokens_remaining: 2089, call: scores, phase: playing
2026-06-15 17:09:56, tokens_remaining: 2089, call: scores, phase: playing
2026-06-15 17:09:56, tokens_remaining: 2089, call: scores, phase: playing
2026-06-15 17:09:56, tokens_remaining: 2089, call: scores, phase: playing
2026-06-15 17:09:56, tokens_remaining: 2089, call: scores, phase: playing
2026-06-15 17:09:57, tokens_remaining: 2088, call: events, phase: playing
2026-06-15 17:09:57, tokens_remaining: 2087, call: scores, phase: playing
2026-06-15 17:09:57, tokens_remaining: 2087, call: scores, phase: playing
2026-06-15 17:09:58, tokens_remaining: 2087, call: scores, phase: playing
2026-06-15 17:09:58, tokens_remaining: 2087, call: scores, phase: playing
2026-06-15 17:09:58, tokens_remaining: 2087, call: scores, phase: playing
2026-06-15 17:09:58, tokens_remaining: 2087, call: scores, phase: playing
2026-06-15 17:09:58, tokens_remaining: 2087, call: scores, phase: playing
2026-06-15 17:09:59, tokens_remaining: 2086, call: scores, phase: playing
2026-06-15 17:09:59, tokens_remaining: 2086, call: scores, phase: playing
2026-06-15 17:09:59, tokens_remaining: 2085, call: events, phase: playing
2026-06-15 17:09:59, tokens_remaining: 2086, call: scores, phase: playing
2026-06-15 17:09:59, tokens_remaining: 2086, call: scores, phase: playing
2026-06-15 17:10:00, tokens_remaining: 2084, call: scores, phase: playing
2026-06-15 17:10:00, tokens_remaining: 2084, call: scores, phase: playing
2026-06-15 17:10:00, tokens_remaining: 2084, call: scores, phase: playing
2026-06-15 17:10:00, tokens_remaining: 2084, call: scores, phase: playing
2026-06-15 17:10:00, tokens_remaining: 2084, call: scores, phase: playing
2026-06-15 17:10:01, tokens_remaining: 2084, call: scores, phase: playing
2026-06-15 17:10:01, tokens_remaining: 2084, call: scores, phase: playing
2026-06-15 17:10:01, tokens_remaining: 2083, call: events, phase: playing
2026-06-15 17:10:02, tokens_remaining: 2082, call: scores, phase: playing
2026-06-15 17:10:02, tokens_remaining: 2082, call: scores, phase: playing
2026-06-15 17:10:02, tokens_remaining: 2082, call: scores, phase: playing
2026-06-15 17:10:02, tokens_remaining: 2082, call: scores, phase: playing
2026-06-15 17:10:02, tokens_remaining: 2082, call: scores, phase: playing
2026-06-15 17:10:03, tokens_remaining: 2082, call: scores, phase: playing
2026-06-15 17:10:03, tokens_remaining: 2082, call: scores, phase: playing
2026-06-15 17:10:03, tokens_remaining: 2081, call: scores, phase: playing
2026-06-15 17:10:03, tokens_remaining: 2081, call: scores, phase: playing
2026-06-15 17:10:04, tokens_remaining: 2080, call: events, phase: playing
2026-06-15 17:10:04, tokens_remaining: 2081, call: scores, phase: playing
2026-06-15 17:10:04, tokens_remaining: 2081, call: scores, phase: playing
2026-06-15 17:10:04, tokens_remaining: 2079, call: scores, phase: playing
2026-06-15 17:10:05, tokens_remaining: 2079, call: scores, phase: playing
2026-06-15 17:10:05, tokens_remaining: 2079, call: scores, phase: playing
2026-06-15 17:10:05, tokens_remaining: 2079, call: scores, phase: playing
2026-06-15 17:10:05, tokens_remaining: 2079, call: scores, phase: playing
2026-06-15 17:10:05, tokens_remaining: 2079, call: scores, phase: playing
2026-06-15 17:10:05, tokens_remaining: 2079, call: scores, phase: playing
2026-06-15 17:10:06, tokens_remaining: 2078, call: events, phase: playing
2026-06-15 17:10:06, tokens_remaining: 2077, call: scores, phase: playing
2026-06-15 17:10:06, tokens_remaining: 2077, call: scores, phase: playing
2026-06-15 17:10:06, tokens_remaining: 2077, call: scores, phase: playing
2026-06-15 17:10:07, tokens_remaining: 2077, call: scores, phase: playing
2026-06-15 17:10:07, tokens_remaining: 2077, call: scores, phase: playing
2026-06-15 17:10:07, tokens_remaining: 2077, call: scores, phase: playing
2026-06-15 17:10:07, tokens_remaining: 2077, call: scores, phase: playing
2026-06-15 17:10:07, tokens_remaining: 2076, call: scores, phase: playing
2026-06-15 17:10:08, tokens_remaining: 2076, call: scores, phase: playing
2026-06-15 17:10:08, tokens_remaining: 2075, call: events, phase: playing
2026-06-15 17:10:08, tokens_remaining: 2076, call: scores, phase: playing
2026-06-15 17:10:08, tokens_remaining: 2076, call: scores, phase: playing
2026-06-15 17:10:09, tokens_remaining: 2074, call: scores, phase: playing
2026-06-15 17:10:09, tokens_remaining: 2074, call: scores, phase: playing
2026-06-15 17:10:09, tokens_remaining: 2074, call: scores, phase: playing
2026-06-15 17:10:09, tokens_remaining: 2074, call: scores, phase: playing
2026-06-15 17:10:09, tokens_remaining: 2074, call: scores, phase: playing
2026-06-15 17:10:10, tokens_remaining: 2074, call: scores, phase: playing
2026-06-15 17:10:10, tokens_remaining: 2074, call: scores, phase: playing
2026-06-15 17:10:10, tokens_remaining: 2073, call: events, phase: playing
2026-06-15 17:10:11, tokens_remaining: 2072, call: scores, phase: playing
2026-06-15 17:10:11, tokens_remaining: 2072, call: scores, phase: playing
2026-06-15 17:10:11, tokens_remaining: 2072, call: scores, phase: playing
2026-06-15 17:10:11, tokens_remaining: 2072, call: scores, phase: playing
2026-06-15 17:10:11, tokens_remaining: 2072, call: scores, phase: playing
2026-06-15 17:10:11, tokens_remaining: 2072, call: scores, phase: playing
2026-06-15 17:10:11, tokens_remaining: 2072, call: scores, phase: playing
2026-06-15 17:10:12, tokens_remaining: 2071, call: scores, phase: playing
2026-06-15 17:10:12, tokens_remaining: 2071, call: scores, phase: playing
2026-06-15 17:10:12, tokens_remaining: 2070, call: events, phase: playing
2026-06-15 17:10:13, tokens_remaining: 2071, call: scores, phase: playing
2026-06-15 17:10:13, tokens_remaining: 2071, call: scores, phase: playing
2026-06-15 17:10:13, tokens_remaining: 2069, call: scores, phase: playing
2026-06-15 17:10:13, tokens_remaining: 2069, call: scores, phase: playing
2026-06-15 17:10:13, tokens_remaining: 2069, call: scores, phase: playing
2026-06-15 17:10:14, tokens_remaining: 2069, call: scores, phase: playing
2026-06-15 17:10:14, tokens_remaining: 2069, call: scores, phase: playing
2026-06-15 17:10:14, tokens_remaining: 2069, call: scores, phase: playing
2026-06-15 17:10:14, tokens_remaining: 2069, call: scores, phase: playing
2026-06-15 17:10:14, tokens_remaining: 2068, call: events, phase: playing
2026-06-15 17:10:15, tokens_remaining: 2067, call: scores, phase: playing
2026-06-15 17:10:15, tokens_remaining: 2067, call: scores, phase: playing
2026-06-15 17:10:15, tokens_remaining: 2067, call: scores, phase: playing
2026-06-15 17:10:15, tokens_remaining: 2067, call: scores, phase: playing
2026-06-15 17:10:15, tokens_remaining: 2067, call: scores, phase: playing
2026-06-15 17:10:16, tokens_remaining: 2067, call: scores, phase: playing
2026-06-15 17:10:16, tokens_remaining: 2067, call: scores, phase: playing
2026-06-15 17:10:16, tokens_remaining: 2066, call: scores, phase: playing
2026-06-15 17:10:16, tokens_remaining: 2066, call: scores, phase: playing
2026-06-15 17:10:17, tokens_remaining: 2065, call: events, phase: playing
2026-06-15 17:10:17, tokens_remaining: 2066, call: scores, phase: playing
2026-06-15 17:10:17, tokens_remaining: 2066, call: scores, phase: playing
2026-06-15 17:10:17, tokens_remaining: 2064, call: scores, phase: playing
2026-06-15 17:10:18, tokens_remaining: 2064, call: scores, phase: playing
2026-06-15 17:10:18, tokens_remaining: 2064, call: scores, phase: playing
2026-06-15 17:10:18, tokens_remaining: 2064, call: scores, phase: playing
2026-06-15 17:10:18, tokens_remaining: 2064, call: scores, phase: playing
2026-06-15 17:10:18, tokens_remaining: 2064, call: scores, phase: playing
2026-06-15 17:10:18, tokens_remaining: 2064, call: scores, phase: playing
2026-06-15 17:10:19, tokens_remaining: 2063, call: events, phase: playing
2026-06-15 17:10:19, tokens_remaining: 2062, call: scores, phase: playing
2026-06-15 17:10:19, tokens_remaining: 2062, call: scores, phase: playing
2026-06-15 17:10:19, tokens_remaining: 2062, call: scores, phase: playing
2026-06-15 17:10:20, tokens_remaining: 2062, call: scores, phase: playing
2026-06-15 17:10:20, tokens_remaining: 2062, call: scores, phase: playing
2026-06-15 17:10:20, tokens_remaining: 2062, call: scores, phase: playing
2026-06-15 17:10:20, tokens_remaining: 2062, call: scores, phase: playing
2026-06-15 17:10:20, tokens_remaining: 2061, call: scores, phase: playing
2026-06-15 17:10:21, tokens_remaining: 2061, call: scores, phase: playing
2026-06-15 17:10:21, tokens_remaining: 2060, call: events, phase: playing
2026-06-15 17:10:21, tokens_remaining: 2061, call: scores, phase: playing
2026-06-15 17:10:21, tokens_remaining: 2061, call: scores, phase: playing
2026-06-15 17:10:22, tokens_remaining: 2059, call: scores, phase: playing
2026-06-15 17:10:22, tokens_remaining: 2059, call: scores, phase: playing
2026-06-15 17:10:22, tokens_remaining: 2059, call: scores, phase: playing
2026-06-15 17:10:22, tokens_remaining: 2059, call: scores, phase: playing
2026-06-15 17:10:22, tokens_remaining: 2059, call: scores, phase: playing
2026-06-15 17:10:23, tokens_remaining: 2059, call: scores, phase: playing
2026-06-15 17:10:23, tokens_remaining: 2059, call: scores, phase: playing
2026-06-15 17:10:23, tokens_remaining: 2058, call: events, phase: playing
2026-06-15 17:10:24, tokens_remaining: 2057, call: scores, phase: playing
2026-06-15 17:10:24, tokens_remaining: 2057, call: scores, phase: playing
2026-06-15 17:10:24, tokens_remaining: 2057, call: scores, phase: playing
2026-06-15 17:10:24, tokens_remaining: 2057, call: scores, phase: playing
2026-06-15 17:10:24, tokens_remaining: 2057, call: scores, phase: playing
2026-06-15 17:10:24, tokens_remaining: 2057, call: scores, phase: playing
2026-06-15 17:10:24, tokens_remaining: 2057, call: scores, phase: playing
2026-06-15 17:10:25, tokens_remaining: 2056, call: scores, phase: playing
2026-06-15 17:10:25, tokens_remaining: 2056, call: scores, phase: playing
2026-06-15 17:10:25, tokens_remaining: 2055, call: events, phase: playing
2026-06-15 17:10:26, tokens_remaining: 2056, call: scores, phase: playing
2026-06-15 17:10:26, tokens_remaining: 2056, call: scores, phase: playing
2026-06-15 17:10:26, tokens_remaining: 2054, call: scores, phase: playing
2026-06-15 17:10:26, tokens_remaining: 2054, call: scores, phase: playing
2026-06-15 17:10:26, tokens_remaining: 2054, call: scores, phase: playing
2026-06-15 17:10:27, tokens_remaining: 2054, call: scores, phase: playing
2026-06-15 17:10:27, tokens_remaining: 2054, call: scores, phase: playing
2026-06-15 17:10:27, tokens_remaining: 2054, call: scores, phase: playing
2026-06-15 17:10:27, tokens_remaining: 2054, call: scores, phase: playing
2026-06-15 17:10:27, tokens_remaining: 2053, call: events, phase: playing
2026-06-15 17:10:28, tokens_remaining: 2052, call: scores, phase: playing
2026-06-15 17:10:28, tokens_remaining: 2052, call: scores, phase: playing
2026-06-15 17:10:28, tokens_remaining: 2052, call: scores, phase: playing
2026-06-15 17:10:28, tokens_remaining: 2052, call: scores, phase: playing
2026-06-15 17:10:28, tokens_remaining: 2052, call: scores, phase: playing
2026-06-15 17:10:29, tokens_remaining: 2052, call: scores, phase: playing
2026-06-15 17:10:29, tokens_remaining: 2052, call: scores, phase: playing
2026-06-15 17:10:29, tokens_remaining: 2051, call: scores, phase: playing
2026-06-15 17:10:29, tokens_remaining: 2051, call: scores, phase: playing
2026-06-15 17:10:30, tokens_remaining: 2050, call: events, phase: playing
2026-06-15 17:10:30, tokens_remaining: 2051, call: scores, phase: playing
2026-06-15 17:10:30, tokens_remaining: 2051, call: scores, phase: playing
2026-06-15 17:10:30, tokens_remaining: 2049, call: scores, phase: playing
2026-06-15 17:10:31, tokens_remaining: 2049, call: scores, phase: playing
2026-06-15 17:10:31, tokens_remaining: 2049, call: scores, phase: playing
2026-06-15 17:10:31, tokens_remaining: 2049, call: scores, phase: playing
2026-06-15 17:10:31, tokens_remaining: 2049, call: scores, phase: playing
2026-06-15 17:10:31, tokens_remaining: 2049, call: scores, phase: playing
2026-06-15 17:10:31, tokens_remaining: 2049, call: scores, phase: playing
2026-06-15 17:10:32, tokens_remaining: 2048, call: events, phase: playing
2026-06-15 17:10:32, tokens_remaining: 2047, call: scores, phase: playing
2026-06-15 17:10:32, tokens_remaining: 2047, call: scores, phase: playing
2026-06-15 17:10:32, tokens_remaining: 2047, call: scores, phase: playing
2026-06-15 17:10:33, tokens_remaining: 2047, call: scores, phase: playing
2026-06-15 17:10:33, tokens_remaining: 2047, call: scores, phase: playing
2026-06-15 17:10:33, tokens_remaining: 2047, call: scores, phase: playing
2026-06-15 17:10:33, tokens_remaining: 2047, call: scores, phase: playing
2026-06-15 17:10:33, tokens_remaining: 2046, call: scores, phase: playing
2026-06-15 17:10:33, tokens_remaining: 2046, call: scores, phase: playing
2026-06-15 17:10:34, tokens_remaining: 2045, call: events, phase: playing
2026-06-15 17:10:34, tokens_remaining: 2046, call: scores, phase: playing
2026-06-15 17:10:34, tokens_remaining: 2046, call: scores, phase: playing
2026-06-15 17:10:35, tokens_remaining: 2044, call: scores, phase: playing
2026-06-15 17:10:35, tokens_remaining: 2044, call: scores, phase: playing
2026-06-15 17:10:35, tokens_remaining: 2044, call: scores, phase: playing
2026-06-15 17:10:35, tokens_remaining: 2044, call: scores, phase: playing
2026-06-15 17:10:35, tokens_remaining: 2044, call: scores, phase: playing
2026-06-15 17:10:35, tokens_remaining: 2044, call: scores, phase: playing
2026-06-15 17:10:35, tokens_remaining: 2044, call: scores, phase: playing
2026-06-15 17:10:36, tokens_remaining: 2043, call: events, phase: playing
2026-06-15 17:10:36, tokens_remaining: 2042, call: scores, phase: playing
2026-06-15 17:10:36, tokens_remaining: 2042, call: scores, phase: playing
2026-06-15 17:10:37, tokens_remaining: 2042, call: scores, phase: playing
2026-06-15 17:10:37, tokens_remaining: 2042, call: scores, phase: playing
2026-06-15 17:10:37, tokens_remaining: 2042, call: scores, phase: playing
2026-06-15 17:10:37, tokens_remaining: 2042, call: scores, phase: playing
2026-06-15 17:10:37, tokens_remaining: 2042, call: scores, phase: playing
2026-06-15 17:10:38, tokens_remaining: 2041, call: scores, phase: playing
2026-06-15 17:10:38, tokens_remaining: 2041, call: scores, phase: playing
2026-06-15 17:10:38, tokens_remaining: 2040, call: events, phase: playing
2026-06-15 17:10:38, tokens_remaining: 2041, call: scores, phase: playing
2026-06-15 17:10:39, tokens_remaining: 2041, call: scores, phase: playing
2026-06-15 17:10:39, tokens_remaining: 2039, call: scores, phase: playing
2026-06-15 17:10:39, tokens_remaining: 2039, call: scores, phase: playing
2026-06-15 17:10:39, tokens_remaining: 2039, call: scores, phase: playing
2026-06-15 17:10:39, tokens_remaining: 2039, call: scores, phase: playing
2026-06-15 17:10:40, tokens_remaining: 2039, call: scores, phase: playing
2026-06-15 17:10:40, tokens_remaining: 2039, call: scores, phase: playing
2026-06-15 17:10:40, tokens_remaining: 2039, call: scores, phase: playing
2026-06-15 17:10:40, tokens_remaining: 2038, call: events, phase: playing
2026-06-15 17:10:41, tokens_remaining: 2037, call: scores, phase: playing
2026-06-15 17:10:41, tokens_remaining: 2037, call: scores, phase: playing
2026-06-15 17:10:41, tokens_remaining: 2037, call: scores, phase: playing
2026-06-15 17:10:41, tokens_remaining: 2037, call: scores, phase: playing
2026-06-15 17:10:41, tokens_remaining: 2037, call: scores, phase: playing
2026-06-15 17:10:41, tokens_remaining: 2037, call: scores, phase: playing
2026-06-15 17:10:42, tokens_remaining: 2037, call: scores, phase: playing
2026-06-15 17:10:42, tokens_remaining: 2036, call: scores, phase: playing
2026-06-15 17:10:42, tokens_remaining: 2036, call: scores, phase: playing
2026-06-15 17:10:43, tokens_remaining: 2035, call: events, phase: playing
2026-06-15 17:10:43, tokens_remaining: 2036, call: scores, phase: playing
2026-06-15 17:10:43, tokens_remaining: 2036, call: scores, phase: playing
2026-06-15 17:10:43, tokens_remaining: 2034, call: scores, phase: playing
2026-06-15 17:10:43, tokens_remaining: 2034, call: scores, phase: playing
2026-06-15 17:10:44, tokens_remaining: 2034, call: scores, phase: playing
2026-06-15 17:10:44, tokens_remaining: 2034, call: scores, phase: playing
2026-06-15 17:10:44, tokens_remaining: 2034, call: scores, phase: playing
2026-06-15 17:10:44, tokens_remaining: 2034, call: scores, phase: playing
2026-06-15 17:10:44, tokens_remaining: 2034, call: scores, phase: playing
2026-06-15 17:10:45, tokens_remaining: 2033, call: events, phase: playing
2026-06-15 17:10:45, tokens_remaining: 2032, call: scores, phase: playing
2026-06-15 17:10:45, tokens_remaining: 2032, call: scores, phase: playing
2026-06-15 17:10:45, tokens_remaining: 2032, call: scores, phase: playing
2026-06-15 17:10:45, tokens_remaining: 2032, call: scores, phase: playing
2026-06-15 17:10:46, tokens_remaining: 2032, call: scores, phase: playing
2026-06-15 17:10:46, tokens_remaining: 2032, call: scores, phase: playing
2026-06-15 17:10:46, tokens_remaining: 2032, call: scores, phase: playing
2026-06-15 17:10:46, tokens_remaining: 2032, call: scores, phase: playing
2026-06-15 17:10:46, tokens_remaining: 2031, call: scores, phase: playing
2026-06-15 17:10:47, tokens_remaining: 2030, call: events, phase: playing
2026-06-15 17:10:47, tokens_remaining: 2031, call: scores, phase: playing
2026-06-15 17:10:47, tokens_remaining: 2031, call: scores, phase: playing
2026-06-15 17:10:47, tokens_remaining: 2031, call: scores, phase: playing
2026-06-15 17:10:48, tokens_remaining: 2029, call: scores, phase: playing
2026-06-15 17:10:48, tokens_remaining: 2029, call: scores, phase: playing
2026-06-15 17:10:48, tokens_remaining: 2029, call: scores, phase: playing
2026-06-15 17:10:48, tokens_remaining: 2029, call: scores, phase: playing
2026-06-15 17:10:48, tokens_remaining: 2029, call: scores, phase: playing
2026-06-15 17:10:48, tokens_remaining: 2029, call: scores, phase: playing
2026-06-15 17:10:49, tokens_remaining: 2028, call: events, phase: playing
2026-06-15 17:10:49, tokens_remaining: 2027, call: scores, phase: playing
2026-06-15 17:10:49, tokens_remaining: 2027, call: scores, phase: playing
2026-06-15 17:10:49, tokens_remaining: 2027, call: scores, phase: playing
2026-06-15 17:10:50, tokens_remaining: 2027, call: scores, phase: playing
2026-06-15 17:10:50, tokens_remaining: 2027, call: scores, phase: playing
2026-06-15 17:10:50, tokens_remaining: 2027, call: scores, phase: playing
2026-06-15 17:10:50, tokens_remaining: 2027, call: scores, phase: playing
2026-06-15 17:10:50, tokens_remaining: 2026, call: scores, phase: playing
2026-06-15 17:10:51, tokens_remaining: 2026, call: scores, phase: playing
2026-06-15 17:10:51, tokens_remaining: 2025, call: events, phase: playing
2026-06-15 17:10:51, tokens_remaining: 2026, call: scores, phase: playing
2026-06-15 17:10:51, tokens_remaining: 2026, call: scores, phase: playing
2026-06-15 17:10:52, tokens_remaining: 2024, call: scores, phase: playing
2026-06-15 17:10:52, tokens_remaining: 2024, call: scores, phase: playing
2026-06-15 17:10:52, tokens_remaining: 2024, call: scores, phase: playing
2026-06-15 17:10:52, tokens_remaining: 2024, call: scores, phase: playing
2026-06-15 17:10:52, tokens_remaining: 2024, call: scores, phase: playing
2026-06-15 17:10:52, tokens_remaining: 2024, call: scores, phase: playing
2026-06-15 17:10:53, tokens_remaining: 2024, call: scores, phase: playing
2026-06-15 17:10:53, tokens_remaining: 2023, call: events, phase: playing
2026-06-15 17:10:53, tokens_remaining: 2022, call: scores, phase: playing
2026-06-15 17:10:54, tokens_remaining: 2022, call: scores, phase: playing
2026-06-15 17:10:54, tokens_remaining: 2022, call: scores, phase: playing
2026-06-15 17:10:54, tokens_remaining: 2022, call: scores, phase: playing
2026-06-15 17:10:54, tokens_remaining: 2022, call: scores, phase: playing
2026-06-15 17:10:54, tokens_remaining: 2022, call: scores, phase: playing
2026-06-15 17:10:54, tokens_remaining: 2022, call: scores, phase: playing
2026-06-15 17:10:55, tokens_remaining: 2021, call: scores, phase: playing
2026-06-15 17:10:55, tokens_remaining: 2021, call: scores, phase: playing
2026-06-15 17:10:55, tokens_remaining: 2020, call: events, phase: playing
2026-06-15 17:10:55, tokens_remaining: 2021, call: scores, phase: playing
2026-06-15 17:10:56, tokens_remaining: 2021, call: scores, phase: playing
2026-06-15 17:10:56, tokens_remaining: 2019, call: scores, phase: playing
2026-06-15 17:10:56, tokens_remaining: 2019, call: scores, phase: playing
2026-06-15 17:10:56, tokens_remaining: 2019, call: scores, phase: playing
2026-06-15 17:10:56, tokens_remaining: 2019, call: scores, phase: playing
2026-06-15 17:10:57, tokens_remaining: 2019, call: scores, phase: playing
2026-06-15 17:10:57, tokens_remaining: 2019, call: scores, phase: playing
2026-06-15 17:10:57, tokens_remaining: 2019, call: scores, phase: playing
2026-06-15 17:10:57, tokens_remaining: 2018, call: events, phase: playing
2026-06-15 17:10:58, tokens_remaining: 2017, call: scores, phase: playing
2026-06-15 17:10:58, tokens_remaining: 2017, call: scores, phase: playing
2026-06-15 17:10:58, tokens_remaining: 2017, call: scores, phase: playing
2026-06-15 17:10:58, tokens_remaining: 2017, call: scores, phase: playing
2026-06-15 17:10:58, tokens_remaining: 2017, call: scores, phase: playing
2026-06-15 17:10:59, tokens_remaining: 2017, call: scores, phase: playing
2026-06-15 17:10:59, tokens_remaining: 2017, call: scores, phase: playing
2026-06-15 17:10:59, tokens_remaining: 2017, call: scores, phase: playing
2026-06-15 17:10:59, tokens_remaining: 2016, call: scores, phase: playing
2026-06-15 17:11:00, tokens_remaining: 2015, call: events, phase: playing
2026-06-15 17:11:00, tokens_remaining: 2016, call: scores, phase: playing
2026-06-15 17:11:00, tokens_remaining: 2016, call: scores, phase: playing
2026-06-15 17:11:00, tokens_remaining: 2016, call: scores, phase: playing
2026-06-15 17:11:00, tokens_remaining: 2014, call: scores, phase: playing
2026-06-15 17:11:01, tokens_remaining: 2014, call: scores, phase: playing
2026-06-15 17:11:01, tokens_remaining: 2014, call: scores, phase: playing
2026-06-15 17:11:01, tokens_remaining: 2014, call: scores, phase: playing
2026-06-15 17:11:01, tokens_remaining: 2014, call: scores, phase: playing
2026-06-15 17:11:01, tokens_remaining: 2014, call: scores, phase: playing
2026-06-15 17:11:02, tokens_remaining: 2013, call: events, phase: playing
2026-06-15 17:11:02, tokens_remaining: 2012, call: scores, phase: playing
2026-06-15 17:11:02, tokens_remaining: 2012, call: scores, phase: playing
2026-06-15 17:11:02, tokens_remaining: 2012, call: scores, phase: playing
2026-06-15 17:11:03, tokens_remaining: 2012, call: scores, phase: playing
2026-06-15 17:11:03, tokens_remaining: 2012, call: scores, phase: playing
2026-06-15 17:11:03, tokens_remaining: 2012, call: scores, phase: playing
2026-06-15 17:11:03, tokens_remaining: 2012, call: scores, phase: playing
2026-06-15 17:11:03, tokens_remaining: 2011, call: scores, phase: playing
2026-06-15 17:11:03, tokens_remaining: 2011, call: scores, phase: playing
2026-06-15 17:11:04, tokens_remaining: 2010, call: events, phase: playing
2026-06-15 17:11:04, tokens_remaining: 2011, call: scores, phase: playing
2026-06-15 17:11:04, tokens_remaining: 2011, call: scores, phase: playing
2026-06-15 17:11:05, tokens_remaining: 2009, call: scores, phase: playing
2026-06-15 17:11:05, tokens_remaining: 2009, call: scores, phase: playing
2026-06-15 17:11:05, tokens_remaining: 2009, call: scores, phase: playing
2026-06-15 17:11:05, tokens_remaining: 2009, call: scores, phase: playing
2026-06-15 17:11:05, tokens_remaining: 2009, call: scores, phase: playing
2026-06-15 17:11:05, tokens_remaining: 2009, call: scores, phase: playing
2026-06-15 17:11:05, tokens_remaining: 2009, call: scores, phase: playing
2026-06-15 17:11:06, tokens_remaining: 2008, call: events, phase: playing
2026-06-15 17:11:06, tokens_remaining: 2007, call: scores, phase: playing
2026-06-15 17:11:07, tokens_remaining: 2007, call: scores, phase: playing
2026-06-15 17:11:07, tokens_remaining: 2007, call: scores, phase: playing
2026-06-15 17:11:07, tokens_remaining: 2007, call: scores, phase: playing
2026-06-15 17:11:07, tokens_remaining: 2007, call: scores, phase: playing
2026-06-15 17:11:07, tokens_remaining: 2007, call: scores, phase: playing
2026-06-15 17:11:07, tokens_remaining: 2007, call: scores, phase: playing
2026-06-15 17:11:08, tokens_remaining: 2006, call: scores, phase: playing
2026-06-15 17:11:08, tokens_remaining: 2006, call: scores, phase: playing
2026-06-15 17:11:08, tokens_remaining: 2005, call: events, phase: playing
2026-06-15 17:11:08, tokens_remaining: 2006, call: scores, phase: playing
2026-06-15 17:11:09, tokens_remaining: 2006, call: scores, phase: playing
2026-06-15 17:11:09, tokens_remaining: 2004, call: scores, phase: playing
2026-06-15 17:11:09, tokens_remaining: 2004, call: scores, phase: playing
2026-06-15 17:11:09, tokens_remaining: 2004, call: scores, phase: playing
2026-06-15 17:11:09, tokens_remaining: 2004, call: scores, phase: playing
2026-06-15 17:11:10, tokens_remaining: 2004, call: scores, phase: playing
2026-06-15 17:11:10, tokens_remaining: 2004, call: scores, phase: playing
2026-06-15 17:11:10, tokens_remaining: 2004, call: scores, phase: playing
2026-06-15 17:11:10, tokens_remaining: 2003, call: events, phase: playing
2026-06-15 17:11:11, tokens_remaining: 2002, call: scores, phase: playing
2026-06-15 17:11:11, tokens_remaining: 2002, call: scores, phase: playing
2026-06-15 17:11:11, tokens_remaining: 2002, call: scores, phase: playing
2026-06-15 17:11:11, tokens_remaining: 2002, call: scores, phase: playing
2026-06-15 17:11:11, tokens_remaining: 2002, call: scores, phase: playing
2026-06-15 17:11:11, tokens_remaining: 2002, call: scores, phase: playing
2026-06-15 17:11:12, tokens_remaining: 2002, call: scores, phase: playing
2026-06-15 17:11:12, tokens_remaining: 2001, call: scores, phase: playing
2026-06-15 17:11:12, tokens_remaining: 2001, call: scores, phase: playing
2026-06-15 17:11:13, tokens_remaining: 2000, call: events, phase: playing
2026-06-15 17:11:13, tokens_remaining: 2001, call: scores, phase: playing
2026-06-15 17:11:13, tokens_remaining: 2001, call: scores, phase: playing
2026-06-15 17:11:13, tokens_remaining: 1999, call: scores, phase: playing
2026-06-15 17:11:13, tokens_remaining: 1999, call: scores, phase: playing
2026-06-15 17:11:14, tokens_remaining: 1999, call: scores, phase: playing
2026-06-15 17:11:14, tokens_remaining: 1999, call: scores, phase: playing
2026-06-15 17:11:14, tokens_remaining: 1999, call: scores, phase: playing
2026-06-15 17:11:14, tokens_remaining: 1999, call: scores, phase: playing
2026-06-15 17:11:14, tokens_remaining: 1999, call: scores, phase: playing
2026-06-15 17:11:15, tokens_remaining: 1998, call: events, phase: playing
2026-06-15 17:11:15, tokens_remaining: 1997, call: scores, phase: playing
2026-06-15 17:11:15, tokens_remaining: 1997, call: scores, phase: playing
2026-06-15 17:11:15, tokens_remaining: 1997, call: scores, phase: playing
2026-06-15 17:11:15, tokens_remaining: 1997, call: scores, phase: playing
2026-06-15 17:11:16, tokens_remaining: 1997, call: scores, phase: playing
2026-06-15 17:11:16, tokens_remaining: 1997, call: scores, phase: playing
2026-06-15 17:11:16, tokens_remaining: 1997, call: scores, phase: playing
2026-06-15 17:11:16, tokens_remaining: 1996, call: scores, phase: playing
2026-06-15 17:11:16, tokens_remaining: 1996, call: scores, phase: playing
2026-06-15 17:11:17, tokens_remaining: 1995, call: events, phase: playing
2026-06-15 17:11:17, tokens_remaining: 1996, call: scores, phase: playing
2026-06-15 17:11:17, tokens_remaining: 1996, call: scores, phase: playing
2026-06-15 17:11:18, tokens_remaining: 1994, call: scores, phase: playing
2026-06-15 17:11:18, tokens_remaining: 1994, call: scores, phase: playing
2026-06-15 17:11:18, tokens_remaining: 1994, call: scores, phase: playing
2026-06-15 17:11:18, tokens_remaining: 1994, call: scores, phase: playing
2026-06-15 17:11:18, tokens_remaining: 1994, call: scores, phase: playing
2026-06-15 17:11:18, tokens_remaining: 1994, call: scores, phase: playing
2026-06-15 17:11:18, tokens_remaining: 1994, call: scores, phase: playing
2026-06-15 17:11:19, tokens_remaining: 1993, call: events, phase: playing
2026-06-15 17:11:19, tokens_remaining: 1992, call: scores, phase: playing
2026-06-15 17:11:19, tokens_remaining: 1992, call: scores, phase: playing
2026-06-15 17:11:20, tokens_remaining: 1992, call: scores, phase: playing
2026-06-15 17:11:20, tokens_remaining: 1992, call: scores, phase: playing
2026-06-15 17:11:20, tokens_remaining: 1992, call: scores, phase: playing
2026-06-15 17:11:20, tokens_remaining: 1992, call: scores, phase: playing
2026-06-15 17:11:20, tokens_remaining: 1992, call: scores, phase: playing
2026-06-15 17:11:21, tokens_remaining: 1991, call: scores, phase: playing
2026-06-15 17:11:21, tokens_remaining: 1991, call: scores, phase: playing
2026-06-15 17:11:21, tokens_remaining: 1990, call: events, phase: playing
2026-06-15 17:11:21, tokens_remaining: 1991, call: scores, phase: playing
2026-06-15 17:11:21, tokens_remaining: 1991, call: scores, phase: playing
2026-06-15 17:11:22, tokens_remaining: 1989, call: scores, phase: playing
2026-06-15 17:11:22, tokens_remaining: 1989, call: scores, phase: playing
2026-06-15 17:11:22, tokens_remaining: 1989, call: scores, phase: playing
2026-06-15 17:11:22, tokens_remaining: 1989, call: scores, phase: playing
2026-06-15 17:11:22, tokens_remaining: 1989, call: scores, phase: playing
2026-06-15 17:11:23, tokens_remaining: 1989, call: scores, phase: playing
2026-06-15 17:11:23, tokens_remaining: 1989, call: scores, phase: playing
2026-06-15 17:11:23, tokens_remaining: 1988, call: events, phase: playing
2026-06-15 17:11:24, tokens_remaining: 1987, call: scores, phase: playing
2026-06-15 17:11:24, tokens_remaining: 1987, call: scores, phase: playing
2026-06-15 17:11:24, tokens_remaining: 1987, call: scores, phase: playing
2026-06-15 17:11:24, tokens_remaining: 1987, call: scores, phase: playing
2026-06-15 17:11:24, tokens_remaining: 1987, call: scores, phase: playing
2026-06-15 17:11:24, tokens_remaining: 1987, call: scores, phase: playing
2026-06-15 17:11:24, tokens_remaining: 1987, call: scores, phase: playing
2026-06-15 17:11:25, tokens_remaining: 1986, call: scores, phase: playing
2026-06-15 17:11:25, tokens_remaining: 1986, call: scores, phase: playing
2026-06-15 17:11:25, tokens_remaining: 1985, call: events, phase: playing
2026-06-15 17:11:26, tokens_remaining: 1986, call: scores, phase: playing
2026-06-15 17:11:26, tokens_remaining: 1986, call: scores, phase: playing
2026-06-15 17:11:26, tokens_remaining: 1984, call: scores, phase: playing
2026-06-15 17:11:26, tokens_remaining: 1984, call: scores, phase: playing
2026-06-15 17:11:26, tokens_remaining: 1984, call: scores, phase: playing
2026-06-15 17:11:27, tokens_remaining: 1984, call: scores, phase: playing
2026-06-15 17:11:27, tokens_remaining: 1984, call: scores, phase: playing
2026-06-15 17:11:27, tokens_remaining: 1984, call: scores, phase: playing
2026-06-15 17:11:27, tokens_remaining: 1984, call: scores, phase: playing
2026-06-15 17:11:27, tokens_remaining: 1983, call: events, phase: playing
2026-06-15 17:11:28, tokens_remaining: 1982, call: scores, phase: playing
2026-06-15 17:11:28, tokens_remaining: 1982, call: scores, phase: playing
2026-06-15 17:11:28, tokens_remaining: 1982, call: scores, phase: playing
2026-06-15 17:11:28, tokens_remaining: 1982, call: scores, phase: playing
2026-06-15 17:11:28, tokens_remaining: 1982, call: scores, phase: playing
2026-06-15 17:11:29, tokens_remaining: 1982, call: scores, phase: playing
2026-06-15 17:11:29, tokens_remaining: 1982, call: scores, phase: playing
2026-06-15 17:11:29, tokens_remaining: 1981, call: scores, phase: playing
2026-06-15 17:11:29, tokens_remaining: 1981, call: scores, phase: playing
2026-06-15 17:11:30, tokens_remaining: 1980, call: events, phase: playing
2026-06-15 17:11:30, tokens_remaining: 1981, call: scores, phase: playing
2026-06-15 17:11:30, tokens_remaining: 1981, call: scores, phase: playing
2026-06-15 17:11:30, tokens_remaining: 1979, call: scores, phase: playing
2026-06-15 17:11:31, tokens_remaining: 1979, call: scores, phase: playing
2026-06-15 17:11:31, tokens_remaining: 1979, call: scores, phase: playing
2026-06-15 17:11:31, tokens_remaining: 1979, call: scores, phase: playing
2026-06-15 17:11:31, tokens_remaining: 1979, call: scores, phase: playing
2026-06-15 17:11:31, tokens_remaining: 1979, call: scores, phase: playing
2026-06-15 17:11:31, tokens_remaining: 1979, call: scores, phase: playing
2026-06-15 17:11:32, tokens_remaining: 1978, call: events, phase: playing
2026-06-15 17:11:32, tokens_remaining: 1977, call: scores, phase: playing
2026-06-15 17:11:32, tokens_remaining: 1977, call: scores, phase: playing
2026-06-15 17:11:32, tokens_remaining: 1977, call: scores, phase: playing
2026-06-15 17:11:33, tokens_remaining: 1977, call: scores, phase: playing
2026-06-15 17:11:33, tokens_remaining: 1977, call: scores, phase: playing
2026-06-15 17:11:33, tokens_remaining: 1977, call: scores, phase: playing
2026-06-15 17:11:33, tokens_remaining: 1977, call: scores, phase: playing
2026-06-15 17:11:33, tokens_remaining: 1976, call: scores, phase: playing
2026-06-15 17:11:34, tokens_remaining: 1976, call: scores, phase: playing
2026-06-15 17:11:34, tokens_remaining: 1975, call: events, phase: playing
2026-06-15 17:11:34, tokens_remaining: 1976, call: scores, phase: playing
2026-06-15 17:11:34, tokens_remaining: 1976, call: scores, phase: playing
2026-06-15 17:11:35, tokens_remaining: 1974, call: scores, phase: playing
2026-06-15 17:11:35, tokens_remaining: 1974, call: scores, phase: playing
2026-06-15 17:11:35, tokens_remaining: 1974, call: scores, phase: playing
2026-06-15 17:11:35, tokens_remaining: 1974, call: scores, phase: playing
2026-06-15 17:11:35, tokens_remaining: 1974, call: scores, phase: playing
2026-06-15 17:11:36, tokens_remaining: 1974, call: scores, phase: playing
2026-06-15 17:11:36, tokens_remaining: 1974, call: scores, phase: playing
2026-06-15 17:11:36, tokens_remaining: 1973, call: events, phase: playing
2026-06-15 17:11:36, tokens_remaining: 1972, call: scores, phase: playing
2026-06-15 17:11:37, tokens_remaining: 1972, call: scores, phase: playing
2026-06-15 17:11:37, tokens_remaining: 1972, call: scores, phase: playing
2026-06-15 17:11:37, tokens_remaining: 1972, call: scores, phase: playing
2026-06-15 17:11:37, tokens_remaining: 1972, call: scores, phase: playing
2026-06-15 17:11:37, tokens_remaining: 1972, call: scores, phase: playing
2026-06-15 17:11:37, tokens_remaining: 1972, call: scores, phase: playing
2026-06-15 17:11:38, tokens_remaining: 1971, call: scores, phase: playing
2026-06-15 17:11:38, tokens_remaining: 1971, call: scores, phase: playing
2026-06-15 17:11:38, tokens_remaining: 1970, call: events, phase: playing
2026-06-15 17:11:38, tokens_remaining: 1971, call: scores, phase: playing
2026-06-15 17:11:39, tokens_remaining: 1971, call: scores, phase: playing
2026-06-15 17:11:39, tokens_remaining: 1969, call: scores, phase: playing
2026-06-15 17:11:39, tokens_remaining: 1969, call: scores, phase: playing
2026-06-15 17:11:39, tokens_remaining: 1969, call: scores, phase: playing
2026-06-15 17:11:40, tokens_remaining: 1969, call: scores, phase: playing
2026-06-15 17:11:40, tokens_remaining: 1969, call: scores, phase: playing
2026-06-15 17:11:40, tokens_remaining: 1969, call: scores, phase: playing
2026-06-15 17:11:40, tokens_remaining: 1969, call: scores, phase: playing
2026-06-15 17:11:40, tokens_remaining: 1968, call: events, phase: playing
2026-06-15 17:11:41, tokens_remaining: 1967, call: scores, phase: playing
2026-06-15 17:11:41, tokens_remaining: 1967, call: scores, phase: playing
2026-06-15 17:11:41, tokens_remaining: 1967, call: scores, phase: playing
2026-06-15 17:11:41, tokens_remaining: 1967, call: scores, phase: playing
2026-06-15 17:11:41, tokens_remaining: 1967, call: scores, phase: playing
2026-06-15 17:11:42, tokens_remaining: 1967, call: scores, phase: playing
2026-06-15 17:11:42, tokens_remaining: 1967, call: scores, phase: playing
2026-06-15 17:11:42, tokens_remaining: 1966, call: scores, phase: playing
2026-06-15 17:11:42, tokens_remaining: 1966, call: scores, phase: playing
2026-06-15 17:11:43, tokens_remaining: 1965, call: events, phase: playing
2026-06-15 17:11:43, tokens_remaining: 1966, call: scores, phase: playing
2026-06-15 17:11:43, tokens_remaining: 1966, call: scores, phase: playing
2026-06-15 17:11:43, tokens_remaining: 1964, call: scores, phase: playing
2026-06-15 17:11:44, tokens_remaining: 1964, call: scores, phase: playing
2026-06-15 17:11:44, tokens_remaining: 1964, call: scores, phase: playing
2026-06-15 17:11:44, tokens_remaining: 1964, call: scores, phase: playing
2026-06-15 17:11:44, tokens_remaining: 1964, call: scores, phase: playing
2026-06-15 17:11:44, tokens_remaining: 1964, call: scores, phase: playing
2026-06-15 17:11:44, tokens_remaining: 1964, call: scores, phase: playing
2026-06-15 17:11:45, tokens_remaining: 2499, call: events, phase: playing
2026-06-15 17:11:45, tokens_remaining: 2498, call: scores, phase: playing
2026-06-15 17:11:46, tokens_remaining: 2498, call: scores, phase: playing
2026-06-15 17:11:47, tokens_remaining: 2497, call: scores, phase: playing
2026-06-15 17:11:48, tokens_remaining: 2497, call: scores, phase: playing
2026-06-15 17:11:49, tokens_remaining: 2496, call: scores, phase: playing
2026-06-15 17:11:51, tokens_remaining: 2495, call: scores, phase: playing
2026-06-15 17:11:52, tokens_remaining: 2494, call: scores, phase: playing
2026-06-15 17:11:53, tokens_remaining: 2493, call: scores, phase: playing
2026-06-15 17:11:55, tokens_remaining: 2492, call: scores, phase: playing
2026-06-15 17:11:56, tokens_remaining: 2491, call: events, phase: playing
2026-06-15 17:11:57, tokens_remaining: 2490, call: scores, phase: playing
2026-06-15 17:11:59, tokens_remaining: 2489, call: scores, phase: playing
2026-06-15 17:12:00, tokens_remaining: 2488, call: scores, phase: playing
2026-06-15 17:12:02, tokens_remaining: 2487, call: scores, phase: playing
2026-06-15 17:12:03, tokens_remaining: 2486, call: scores, phase: playing
2026-06-15 17:12:04, tokens_remaining: 2485, call: scores, phase: playing
2026-06-15 17:12:06, tokens_remaining: 2484, call: scores, phase: playing
2026-06-15 17:12:07, tokens_remaining: 2483, call: scores, phase: playing
2026-06-15 17:12:09, tokens_remaining: 2482, call: scores, phase: playing
2026-06-15 17:12:10, tokens_remaining: 2481, call: events, phase: playing
2026-06-15 17:12:11, tokens_remaining: 2480, call: scores, phase: playing
2026-06-15 17:12:13, tokens_remaining: 2479, call: scores, phase: playing
2026-06-15 17:12:14, tokens_remaining: 2478, call: scores, phase: playing
2026-06-15 17:12:15, tokens_remaining: 2477, call: scores, phase: playing
2026-06-15 17:12:17, tokens_remaining: 2476, call: scores, phase: playing
2026-06-15 17:12:18, tokens_remaining: 2475, call: scores, phase: playing
2026-06-15 17:12:20, tokens_remaining: 2474, call: scores, phase: playing
2026-06-15 17:12:21, tokens_remaining: 2473, call: scores, phase: playing
2026-06-15 17:12:22, tokens_remaining: 2472, call: scores, phase: playing
2026-06-15 17:12:24, tokens_remaining: 2471, call: events, phase: playing
2026-06-15 17:12:25, tokens_remaining: 2470, call: scores, phase: playing
2026-06-15 17:12:27, tokens_remaining: 2469, call: scores, phase: playing
2026-06-15 17:12:28, tokens_remaining: 2468, call: scores, phase: playing
2026-06-15 17:12:30, tokens_remaining: 2467, call: scores, phase: playing
2026-06-15 17:12:31, tokens_remaining: 2466, call: scores, phase: playing
2026-06-15 17:12:32, tokens_remaining: 2465, call: scores, phase: playing
2026-06-15 17:12:34, tokens_remaining: 2464, call: scores, phase: playing
2026-06-15 17:12:35, tokens_remaining: 2463, call: scores, phase: playing
2026-06-15 17:12:36, tokens_remaining: 2462, call: scores, phase: playing
2026-06-15 17:12:38, tokens_remaining: 2461, call: events, phase: playing
2026-06-15 17:12:39, tokens_remaining: 2460, call: scores, phase: playing
2026-06-15 17:12:41, tokens_remaining: 2459, call: scores, phase: playing
2026-06-15 17:12:42, tokens_remaining: 2458, call: scores, phase: playing
2026-06-15 17:12:43, tokens_remaining: 2457, call: scores, phase: playing
2026-06-15 17:12:45, tokens_remaining: 2456, call: scores, phase: playing
2026-06-15 17:12:46, tokens_remaining: 2455, call: scores, phase: playing
2026-06-15 17:12:48, tokens_remaining: 2454, call: scores, phase: playing
2026-06-15 17:12:49, tokens_remaining: 2453, call: scores, phase: playing
2026-06-15 17:12:50, tokens_remaining: 2452, call: scores, phase: playing
2026-06-15 17:12:52, tokens_remaining: 2451, call: events, phase: playing
2026-06-15 17:12:53, tokens_remaining: 2450, call: scores, phase: playing
2026-06-15 17:12:55, tokens_remaining: 2449, call: scores, phase: playing
2026-06-15 17:12:56, tokens_remaining: 2448, call: scores, phase: playing
2026-06-15 17:12:57, tokens_remaining: 2447, call: scores, phase: playing
2026-06-15 17:12:59, tokens_remaining: 2446, call: scores, phase: playing
2026-06-15 17:13:00, tokens_remaining: 2445, call: scores, phase: playing
2026-06-15 17:13:02, tokens_remaining: 2444, call: scores, phase: playing
2026-06-15 17:13:03, tokens_remaining: 2443, call: scores, phase: playing
2026-06-15 17:13:04, tokens_remaining: 2442, call: scores, phase: playing
2026-06-15 17:13:06, tokens_remaining: 2441, call: events, phase: playing
2026-06-15 17:13:07, tokens_remaining: 2440, call: scores, phase: playing
2026-06-15 17:13:09, tokens_remaining: 2439, call: scores, phase: playing
2026-06-15 17:13:11, tokens_remaining: 2438, call: scores, phase: playing
2026-06-15 17:13:12, tokens_remaining: 2437, call: scores, phase: playing
2026-06-15 17:13:14, tokens_remaining: 2436, call: scores, phase: playing
2026-06-15 17:13:15, tokens_remaining: 2435, call: scores, phase: playing
2026-06-15 17:13:16, tokens_remaining: 2434, call: scores, phase: playing
2026-06-15 17:13:18, tokens_remaining: 2433, call: scores, phase: playing
2026-06-15 17:13:19, tokens_remaining: 2432, call: scores, phase: playing
2026-06-15 17:13:21, tokens_remaining: 2431, call: events, phase: playing
2026-06-15 17:13:22, tokens_remaining: 2430, call: scores, phase: playing
2026-06-15 17:13:23, tokens_remaining: 2429, call: scores, phase: playing
2026-06-15 17:13:25, tokens_remaining: 2428, call: scores, phase: playing
2026-06-15 17:13:26, tokens_remaining: 2427, call: scores, phase: playing
2026-06-15 17:13:27, tokens_remaining: 2426, call: scores, phase: playing
2026-06-15 17:13:29, tokens_remaining: 2425, call: scores, phase: playing
2026-06-15 17:13:30, tokens_remaining: 2424, call: scores, phase: playing
2026-06-15 17:13:32, tokens_remaining: 2423, call: scores, phase: playing
2026-06-15 17:13:33, tokens_remaining: 2422, call: scores, phase: playing
2026-06-15 17:13:34, tokens_remaining: 2421, call: events, phase: playing
2026-06-15 17:13:36, tokens_remaining: 2420, call: scores, phase: playing
2026-06-15 17:13:37, tokens_remaining: 2419, call: scores, phase: playing
2026-06-15 17:13:39, tokens_remaining: 2418, call: scores, phase: playing
2026-06-15 17:13:40, tokens_remaining: 2417, call: scores, phase: playing
2026-06-15 17:13:41, tokens_remaining: 2416, call: scores, phase: playing
2026-06-15 17:13:43, tokens_remaining: 2415, call: scores, phase: playing
2026-06-15 17:13:44, tokens_remaining: 2414, call: scores, phase: playing
2026-06-15 17:13:46, tokens_remaining: 2413, call: scores, phase: playing
2026-06-15 17:13:47, tokens_remaining: 2412, call: scores, phase: playing
2026-06-15 17:13:48, tokens_remaining: 2411, call: events, phase: playing
2026-06-15 17:13:50, tokens_remaining: 2410, call: scores, phase: playing
2026-06-15 17:13:51, tokens_remaining: 2409, call: scores, phase: playing
2026-06-15 17:13:53, tokens_remaining: 2408, call: scores, phase: playing
2026-06-15 17:13:54, tokens_remaining: 2407, call: scores, phase: playing
2026-06-15 17:13:55, tokens_remaining: 2406, call: scores, phase: playing
2026-06-15 17:13:57, tokens_remaining: 2405, call: scores, phase: playing
2026-06-15 17:13:58, tokens_remaining: 2404, call: scores, phase: playing
2026-06-15 17:13:59, tokens_remaining: 2403, call: scores, phase: playing
2026-06-15 17:14:01, tokens_remaining: 2402, call: scores, phase: playing
2026-06-15 17:14:02, tokens_remaining: 2401, call: events, phase: playing
2026-06-15 17:14:04, tokens_remaining: 2400, call: scores, phase: playing
2026-06-15 17:14:05, tokens_remaining: 2399, call: scores, phase: playing
2026-06-15 17:14:06, tokens_remaining: 2398, call: scores, phase: playing
2026-06-15 17:14:08, tokens_remaining: 2397, call: scores, phase: playing
2026-06-15 17:14:09, tokens_remaining: 2396, call: scores, phase: playing
2026-06-15 17:14:11, tokens_remaining: 2395, call: scores, phase: playing
2026-06-15 17:14:12, tokens_remaining: 2394, call: scores, phase: playing
2026-06-15 17:14:13, tokens_remaining: 2393, call: scores, phase: playing
2026-06-15 17:14:15, tokens_remaining: 2392, call: scores, phase: playing
2026-06-15 17:14:16, tokens_remaining: 2391, call: events, phase: playing
2026-06-15 17:14:17, tokens_remaining: 2390, call: scores, phase: playing
2026-06-15 17:14:19, tokens_remaining: 2389, call: scores, phase: playing
2026-06-15 17:14:20, tokens_remaining: 2388, call: scores, phase: playing
2026-06-15 17:14:22, tokens_remaining: 2387, call: scores, phase: playing
2026-06-15 17:14:23, tokens_remaining: 2386, call: scores, phase: playing
2026-06-15 17:14:24, tokens_remaining: 2385, call: scores, phase: playing
2026-06-15 17:14:26, tokens_remaining: 2384, call: scores, phase: playing
2026-06-15 17:14:27, tokens_remaining: 2383, call: scores, phase: playing
2026-06-15 17:14:28, tokens_remaining: 2382, call: scores, phase: playing
2026-06-15 17:14:30, tokens_remaining: 2381, call: events, phase: playing
2026-06-15 17:14:31, tokens_remaining: 2380, call: scores, phase: playing
2026-06-15 17:14:33, tokens_remaining: 2379, call: scores, phase: playing
2026-06-15 17:14:34, tokens_remaining: 2378, call: scores, phase: playing
2026-06-15 17:14:35, tokens_remaining: 2377, call: scores, phase: playing
2026-06-15 17:14:37, tokens_remaining: 2376, call: scores, phase: playing
2026-06-15 17:14:38, tokens_remaining: 2375, call: scores, phase: playing
2026-06-15 17:14:40, tokens_remaining: 2374, call: scores, phase: playing
2026-06-15 17:14:41, tokens_remaining: 2373, call: scores, phase: playing
2026-06-15 17:14:42, tokens_remaining: 2372, call: scores, phase: playing
2026-06-15 17:14:44, tokens_remaining: 2371, call: events, phase: playing
2026-06-15 17:14:45, tokens_remaining: 2370, call: scores, phase: playing
2026-06-15 17:14:47, tokens_remaining: 2369, call: scores, phase: playing
2026-06-15 17:14:48, tokens_remaining: 2368, call: scores, phase: playing
2026-06-15 17:14:49, tokens_remaining: 2367, call: scores, phase: playing
2026-06-15 17:14:51, tokens_remaining: 2366, call: scores, phase: playing
2026-06-15 17:14:52, tokens_remaining: 2365, call: scores, phase: playing
2026-06-15 17:14:53, tokens_remaining: 2364, call: scores, phase: playing
2026-06-15 17:14:55, tokens_remaining: 2363, call: scores, phase: playing
2026-06-15 17:14:56, tokens_remaining: 2362, call: scores, phase: playing
2026-06-15 17:14:58, tokens_remaining: 2361, call: events, phase: playing
2026-06-15 17:14:59, tokens_remaining: 2360, call: scores, phase: playing
2026-06-15 17:15:00, tokens_remaining: 2359, call: scores, phase: playing
2026-06-15 17:15:02, tokens_remaining: 2358, call: scores, phase: playing
2026-06-15 17:15:03, tokens_remaining: 2357, call: scores, phase: playing
2026-06-15 17:15:05, tokens_remaining: 2356, call: scores, phase: playing
2026-06-15 17:15:06, tokens_remaining: 2355, call: scores, phase: playing
2026-06-15 17:15:07, tokens_remaining: 2354, call: scores, phase: playing
2026-06-15 17:15:09, tokens_remaining: 2353, call: scores, phase: playing
2026-06-15 17:15:10, tokens_remaining: 2352, call: scores, phase: playing
2026-06-15 17:15:12, tokens_remaining: 2351, call: events, phase: playing
2026-06-15 17:15:13, tokens_remaining: 2350, call: scores, phase: playing
2026-06-15 17:15:14, tokens_remaining: 2349, call: scores, phase: playing
2026-06-15 17:15:16, tokens_remaining: 2348, call: scores, phase: playing
2026-06-15 17:15:17, tokens_remaining: 2347, call: scores, phase: playing
2026-06-15 17:15:19, tokens_remaining: 2346, call: scores, phase: playing
2026-06-15 17:15:20, tokens_remaining: 2345, call: scores, phase: playing
2026-06-15 17:15:21, tokens_remaining: 2344, call: scores, phase: playing
2026-06-15 17:15:23, tokens_remaining: 2343, call: scores, phase: playing
2026-06-15 17:15:24, tokens_remaining: 2342, call: scores, phase: playing
2026-06-15 17:15:26, tokens_remaining: 2341, call: events, phase: playing
2026-06-15 17:15:27, tokens_remaining: 2340, call: scores, phase: playing
2026-06-15 17:15:28, tokens_remaining: 2339, call: scores, phase: playing
2026-06-15 17:15:30, tokens_remaining: 2338, call: scores, phase: playing
2026-06-15 17:15:31, tokens_remaining: 2337, call: scores, phase: playing
2026-06-15 17:15:32, tokens_remaining: 2336, call: scores, phase: playing
2026-06-15 17:15:34, tokens_remaining: 2335, call: scores, phase: playing
2026-06-15 17:15:35, tokens_remaining: 2334, call: scores, phase: playing
2026-06-15 17:15:37, tokens_remaining: 2333, call: scores, phase: playing
2026-06-15 17:15:38, tokens_remaining: 2332, call: scores, phase: playing
2026-06-15 17:15:39, tokens_remaining: 2331, call: events, phase: playing
2026-06-15 17:15:41, tokens_remaining: 2330, call: scores, phase: playing
2026-06-15 17:15:42, tokens_remaining: 2329, call: scores, phase: playing
2026-06-15 17:15:44, tokens_remaining: 2328, call: scores, phase: playing
2026-06-15 17:15:45, tokens_remaining: 2327, call: scores, phase: playing
2026-06-15 17:15:46, tokens_remaining: 2326, call: scores, phase: playing
2026-06-15 17:15:48, tokens_remaining: 2325, call: scores, phase: playing
2026-06-15 17:15:49, tokens_remaining: 2324, call: scores, phase: playing
2026-06-15 17:15:50, tokens_remaining: 2323, call: scores, phase: playing
2026-06-15 17:15:52, tokens_remaining: 2322, call: scores, phase: playing
2026-06-15 17:15:53, tokens_remaining: 2321, call: events, phase: playing
2026-06-15 17:15:55, tokens_remaining: 2320, call: scores, phase: playing
2026-06-15 17:15:56, tokens_remaining: 2319, call: scores, phase: playing
2026-06-15 17:15:57, tokens_remaining: 2318, call: scores, phase: playing
2026-06-15 17:15:59, tokens_remaining: 2317, call: scores, phase: playing
2026-06-15 17:16:00, tokens_remaining: 2316, call: scores, phase: playing
2026-06-15 17:16:01, tokens_remaining: 2315, call: scores, phase: playing
2026-06-15 17:16:03, tokens_remaining: 2314, call: scores, phase: playing
2026-06-15 17:16:04, tokens_remaining: 2313, call: scores, phase: playing
2026-06-15 17:16:06, tokens_remaining: 2312, call: scores, phase: playing
2026-06-15 17:16:07, tokens_remaining: 2311, call: events, phase: playing
2026-06-15 17:16:08, tokens_remaining: 2310, call: scores, phase: playing
2026-06-15 17:16:10, tokens_remaining: 2309, call: scores, phase: playing
2026-06-15 17:16:11, tokens_remaining: 2308, call: scores, phase: playing
2026-06-15 17:16:13, tokens_remaining: 2307, call: scores, phase: playing
2026-06-15 17:16:14, tokens_remaining: 2306, call: scores, phase: playing
2026-06-15 17:16:15, tokens_remaining: 2305, call: scores, phase: playing
2026-06-15 17:16:17, tokens_remaining: 2304, call: scores, phase: playing
2026-06-15 17:16:18, tokens_remaining: 2303, call: scores, phase: playing
2026-06-15 17:16:19, tokens_remaining: 2302, call: scores, phase: playing
2026-06-15 17:16:21, tokens_remaining: 2301, call: events, phase: playing
2026-06-15 17:16:22, tokens_remaining: 2300, call: scores, phase: playing
2026-06-15 17:16:24, tokens_remaining: 2299, call: scores, phase: playing
2026-06-15 17:16:25, tokens_remaining: 2298, call: scores, phase: playing
2026-06-15 17:16:26, tokens_remaining: 2297, call: scores, phase: playing
2026-06-15 17:16:28, tokens_remaining: 2296, call: scores, phase: playing
2026-06-15 17:16:29, tokens_remaining: 2295, call: scores, phase: playing
2026-06-15 17:16:30, tokens_remaining: 2294, call: scores, phase: playing
2026-06-15 17:16:32, tokens_remaining: 2293, call: scores, phase: playing
2026-06-15 17:16:33, tokens_remaining: 2292, call: scores, phase: playing
2026-06-15 17:16:35, tokens_remaining: 2291, call: events, phase: playing
2026-06-15 17:16:36, tokens_remaining: 2290, call: scores, phase: playing
2026-06-15 17:16:37, tokens_remaining: 2289, call: scores, phase: playing
2026-06-15 17:16:39, tokens_remaining: 2288, call: scores, phase: playing
2026-06-15 17:16:40, tokens_remaining: 2287, call: scores, phase: playing
2026-06-15 17:16:41, tokens_remaining: 2286, call: scores, phase: playing
2026-06-15 17:16:43, tokens_remaining: 2285, call: scores, phase: playing
2026-06-15 17:16:44, tokens_remaining: 2284, call: scores, phase: playing
2026-06-15 17:16:45, tokens_remaining: 2283, call: scores, phase: playing
2026-06-15 17:16:47, tokens_remaining: 2282, call: scores, phase: playing
2026-06-15 17:16:48, tokens_remaining: 2281, call: events, phase: playing
2026-06-15 17:16:50, tokens_remaining: 2280, call: scores, phase: playing
2026-06-15 17:16:51, tokens_remaining: 2279, call: scores, phase: playing
2026-06-15 17:16:52, tokens_remaining: 2278, call: scores, phase: playing
2026-06-15 17:16:54, tokens_remaining: 2277, call: scores, phase: playing
2026-06-15 17:16:55, tokens_remaining: 2276, call: scores, phase: playing
2026-06-15 17:16:56, tokens_remaining: 2275, call: scores, phase: playing
2026-06-15 17:16:58, tokens_remaining: 2274, call: scores, phase: playing
2026-06-15 17:16:59, tokens_remaining: 2273, call: scores, phase: playing
2026-06-15 17:17:01, tokens_remaining: 2272, call: scores, phase: playing
2026-06-15 17:17:02, tokens_remaining: 2271, call: events, phase: playing
2026-06-15 17:17:03, tokens_remaining: 2270, call: scores, phase: playing
2026-06-15 17:17:05, tokens_remaining: 2269, call: scores, phase: playing
2026-06-15 17:17:06, tokens_remaining: 2268, call: scores, phase: playing
2026-06-15 17:17:07, tokens_remaining: 2267, call: scores, phase: playing
2026-06-15 17:17:09, tokens_remaining: 2266, call: scores, phase: playing
2026-06-15 17:17:10, tokens_remaining: 2265, call: scores, phase: playing
2026-06-15 17:17:12, tokens_remaining: 2264, call: scores, phase: playing
2026-06-15 17:17:13, tokens_remaining: 2263, call: scores, phase: playing
2026-06-15 17:17:14, tokens_remaining: 2262, call: scores, phase: playing
2026-06-15 17:17:16, tokens_remaining: 2261, call: events, phase: playing
2026-06-15 17:17:17, tokens_remaining: 2260, call: scores, phase: playing
2026-06-15 17:17:18, tokens_remaining: 2259, call: scores, phase: playing
2026-06-15 17:17:20, tokens_remaining: 2258, call: scores, phase: playing
2026-06-15 17:17:21, tokens_remaining: 2257, call: scores, phase: playing
2026-06-15 17:17:22, tokens_remaining: 2256, call: scores, phase: playing
2026-06-15 17:17:24, tokens_remaining: 2255, call: scores, phase: playing
2026-06-15 17:17:25, tokens_remaining: 2254, call: scores, phase: playing
2026-06-15 17:17:27, tokens_remaining: 2253, call: scores, phase: playing
2026-06-15 17:17:28, tokens_remaining: 2252, call: scores, phase: playing
2026-06-15 17:17:29, tokens_remaining: 2251, call: events, phase: playing
2026-06-15 17:17:31, tokens_remaining: 2250, call: scores, phase: playing
2026-06-15 17:17:32, tokens_remaining: 2249, call: scores, phase: playing
2026-06-15 17:17:34, tokens_remaining: 2248, call: scores, phase: playing
2026-06-15 17:17:35, tokens_remaining: 2247, call: scores, phase: playing
2026-06-15 17:17:36, tokens_remaining: 2246, call: scores, phase: playing
2026-06-15 17:17:38, tokens_remaining: 2245, call: scores, phase: playing
2026-06-15 17:17:39, tokens_remaining: 2244, call: scores, phase: playing
2026-06-15 17:17:40, tokens_remaining: 2243, call: scores, phase: playing
2026-06-15 17:17:42, tokens_remaining: 2242, call: scores, phase: playing
2026-06-15 17:17:43, tokens_remaining: 2241, call: events, phase: playing
2026-06-15 17:17:44, tokens_remaining: 2240, call: scores, phase: playing
2026-06-15 17:17:46, tokens_remaining: 2239, call: scores, phase: playing
2026-06-15 17:17:47, tokens_remaining: 2238, call: scores, phase: playing
2026-06-15 17:17:48, tokens_remaining: 2237, call: scores, phase: playing
2026-06-15 17:17:50, tokens_remaining: 2236, call: scores, phase: playing
2026-06-15 17:17:51, tokens_remaining: 2235, call: scores, phase: playing
2026-06-15 17:17:53, tokens_remaining: 2234, call: scores, phase: playing
2026-06-15 17:17:54, tokens_remaining: 2233, call: scores, phase: playing
2026-06-15 17:17:55, tokens_remaining: 2232, call: scores, phase: playing
2026-06-15 17:17:57, tokens_remaining: 2231, call: events, phase: playing
2026-06-15 17:17:58, tokens_remaining: 2230, call: scores, phase: playing
2026-06-15 17:17:59, tokens_remaining: 2229, call: scores, phase: playing
2026-06-15 17:18:01, tokens_remaining: 2228, call: scores, phase: playing
2026-06-15 17:18:02, tokens_remaining: 2227, call: scores, phase: playing
2026-06-15 17:18:04, tokens_remaining: 2226, call: scores, phase: playing
2026-06-15 17:18:05, tokens_remaining: 2225, call: scores, phase: playing
2026-06-15 17:18:06, tokens_remaining: 2224, call: scores, phase: playing
2026-06-15 17:18:08, tokens_remaining: 2223, call: scores, phase: playing
2026-06-15 17:18:09, tokens_remaining: 2222, call: scores, phase: playing
2026-06-15 17:18:10, tokens_remaining: 2221, call: events, phase: playing
2026-06-15 17:18:12, tokens_remaining: 2220, call: scores, phase: playing
2026-06-15 17:18:13, tokens_remaining: 2219, call: scores, phase: playing
2026-06-15 17:18:14, tokens_remaining: 2218, call: scores, phase: playing
2026-06-15 17:18:16, tokens_remaining: 2217, call: scores, phase: playing
2026-06-15 17:18:17, tokens_remaining: 2216, call: scores, phase: playing
2026-06-15 17:18:19, tokens_remaining: 2215, call: scores, phase: playing
2026-06-15 17:18:20, tokens_remaining: 2214, call: scores, phase: playing
2026-06-15 17:18:21, tokens_remaining: 2213, call: scores, phase: playing
2026-06-15 17:18:23, tokens_remaining: 2212, call: scores, phase: playing
2026-06-15 17:18:24, tokens_remaining: 2211, call: events, phase: playing
2026-06-15 17:18:25, tokens_remaining: 2210, call: scores, phase: playing
2026-06-15 17:18:27, tokens_remaining: 2209, call: scores, phase: playing
2026-06-15 17:18:28, tokens_remaining: 2208, call: scores, phase: playing
2026-06-15 17:18:29, tokens_remaining: 2207, call: scores, phase: playing
2026-06-15 17:18:31, tokens_remaining: 2206, call: scores, phase: playing
2026-06-15 17:18:32, tokens_remaining: 2205, call: scores, phase: playing
2026-06-15 17:18:34, tokens_remaining: 2204, call: scores, phase: playing
2026-06-15 17:18:35, tokens_remaining: 2203, call: scores, phase: playing
2026-06-15 17:18:36, tokens_remaining: 2202, call: scores, phase: playing
2026-06-15 17:18:38, tokens_remaining: 2201, call: events, phase: playing
2026-06-15 17:18:39, tokens_remaining: 2200, call: scores, phase: playing
2026-06-15 17:18:40, tokens_remaining: 2199, call: scores, phase: playing
2026-06-15 17:18:42, tokens_remaining: 2198, call: scores, phase: playing
2026-06-15 17:18:43, tokens_remaining: 2197, call: scores, phase: playing
2026-06-15 17:18:44, tokens_remaining: 2196, call: scores, phase: playing
2026-06-15 17:18:46, tokens_remaining: 2195, call: scores, phase: playing
2026-06-15 17:18:47, tokens_remaining: 2194, call: scores, phase: playing
2026-06-15 17:18:48, tokens_remaining: 2193, call: scores, phase: playing
2026-06-15 17:18:50, tokens_remaining: 2192, call: scores, phase: playing
2026-06-15 17:18:51, tokens_remaining: 2191, call: events, phase: playing
2026-06-15 17:18:53, tokens_remaining: 2190, call: scores, phase: playing
2026-06-15 17:18:54, tokens_remaining: 2189, call: scores, phase: playing
2026-06-15 17:18:56, tokens_remaining: 2188, call: scores, phase: playing
2026-06-15 17:18:57, tokens_remaining: 2187, call: scores, phase: playing
2026-06-15 17:18:58, tokens_remaining: 2186, call: scores, phase: playing
2026-06-15 17:19:00, tokens_remaining: 2185, call: scores, phase: playing
2026-06-15 17:19:01, tokens_remaining: 2184, call: scores, phase: playing
2026-06-15 17:19:02, tokens_remaining: 2183, call: scores, phase: playing
2026-06-15 17:19:04, tokens_remaining: 2182, call: scores, phase: playing
2026-06-15 17:19:05, tokens_remaining: 2181, call: events, phase: playing
2026-06-15 17:19:06, tokens_remaining: 2180, call: scores, phase: playing
2026-06-15 17:19:08, tokens_remaining: 2179, call: scores, phase: playing
2026-06-15 17:19:09, tokens_remaining: 2178, call: scores, phase: playing
2026-06-15 17:19:11, tokens_remaining: 2177, call: scores, phase: playing
2026-06-15 17:19:12, tokens_remaining: 2176, call: scores, phase: playing
2026-06-15 17:19:13, tokens_remaining: 2175, call: scores, phase: playing
2026-06-15 17:19:15, tokens_remaining: 2174, call: scores, phase: playing
2026-06-15 17:19:16, tokens_remaining: 2173, call: scores, phase: playing
2026-06-15 17:19:17, tokens_remaining: 2172, call: scores, phase: playing
2026-06-15 17:19:19, tokens_remaining: 2171, call: events, phase: playing
2026-06-15 17:19:20, tokens_remaining: 2170, call: scores, phase: playing
2026-06-15 17:19:21, tokens_remaining: 2169, call: scores, phase: playing
2026-06-15 17:19:23, tokens_remaining: 2168, call: scores, phase: playing
2026-06-15 17:19:24, tokens_remaining: 2167, call: scores, phase: playing
2026-06-15 17:19:25, tokens_remaining: 2166, call: scores, phase: playing
2026-06-15 17:19:27, tokens_remaining: 2165, call: scores, phase: playing
2026-06-15 17:19:28, tokens_remaining: 2164, call: scores, phase: playing
2026-06-15 17:19:30, tokens_remaining: 2163, call: scores, phase: playing
2026-06-15 17:19:31, tokens_remaining: 2162, call: scores, phase: playing
2026-06-15 17:19:32, tokens_remaining: 2161, call: events, phase: playing
2026-06-15 17:19:34, tokens_remaining: 2160, call: scores, phase: playing
2026-06-15 17:19:35, tokens_remaining: 2159, call: scores, phase: playing
2026-06-15 17:19:36, tokens_remaining: 2158, call: scores, phase: playing
2026-06-15 17:19:38, tokens_remaining: 2157, call: scores, phase: playing
2026-06-15 17:19:39, tokens_remaining: 2156, call: scores, phase: playing
2026-06-15 17:19:41, tokens_remaining: 2155, call: scores, phase: playing
2026-06-15 17:19:42, tokens_remaining: 2154, call: scores, phase: playing
2026-06-15 17:19:43, tokens_remaining: 2153, call: scores, phase: playing
2026-06-15 17:19:45, tokens_remaining: 2152, call: scores, phase: playing
2026-06-15 17:19:46, tokens_remaining: 2151, call: events, phase: playing
2026-06-15 17:19:47, tokens_remaining: 2150, call: scores, phase: playing
2026-06-15 17:19:49, tokens_remaining: 2149, call: scores, phase: playing
2026-06-15 17:19:50, tokens_remaining: 2148, call: scores, phase: playing
2026-06-15 17:19:51, tokens_remaining: 2147, call: scores, phase: playing
2026-06-15 17:19:53, tokens_remaining: 2146, call: scores, phase: playing
2026-06-15 17:19:54, tokens_remaining: 2145, call: scores, phase: playing
2026-06-15 17:19:55, tokens_remaining: 2144, call: scores, phase: playing
2026-06-15 17:19:57, tokens_remaining: 2143, call: scores, phase: playing
2026-06-15 17:19:58, tokens_remaining: 2142, call: scores, phase: playing
2026-06-15 17:20:00, tokens_remaining: 2141, call: events, phase: playing
2026-06-15 17:20:01, tokens_remaining: 2140, call: scores, phase: playing
2026-06-15 17:20:02, tokens_remaining: 2139, call: scores, phase: playing
2026-06-15 17:20:04, tokens_remaining: 2138, call: scores, phase: playing
2026-06-15 17:20:05, tokens_remaining: 2137, call: scores, phase: playing
2026-06-15 17:20:06, tokens_remaining: 2136, call: scores, phase: playing
2026-06-15 17:20:08, tokens_remaining: 2135, call: scores, phase: playing
2026-06-15 17:20:09, tokens_remaining: 2134, call: scores, phase: playing
2026-06-15 17:20:10, tokens_remaining: 2133, call: scores, phase: playing
2026-06-15 17:20:12, tokens_remaining: 2132, call: scores, phase: playing
2026-06-15 17:20:13, tokens_remaining: 2131, call: events, phase: playing
2026-06-15 17:20:14, tokens_remaining: 2130, call: scores, phase: playing
2026-06-15 17:20:16, tokens_remaining: 2129, call: scores, phase: playing
2026-06-15 17:20:17, tokens_remaining: 2128, call: scores, phase: playing
2026-06-15 17:20:19, tokens_remaining: 2127, call: scores, phase: playing
2026-06-15 17:20:20, tokens_remaining: 2126, call: scores, phase: playing
2026-06-15 17:20:21, tokens_remaining: 2125, call: scores, phase: playing
2026-06-15 17:20:23, tokens_remaining: 2124, call: scores, phase: playing
2026-06-15 17:20:24, tokens_remaining: 2123, call: scores, phase: playing
2026-06-15 17:20:25, tokens_remaining: 2122, call: scores, phase: playing
2026-06-15 17:20:27, tokens_remaining: 2121, call: events, phase: playing
2026-06-15 17:20:28, tokens_remaining: 2120, call: scores, phase: playing
2026-06-15 17:20:29, tokens_remaining: 2119, call: scores, phase: playing
2026-06-15 17:20:31, tokens_remaining: 2118, call: scores, phase: playing
2026-06-15 17:20:32, tokens_remaining: 2117, call: scores, phase: playing
2026-06-15 17:20:33, tokens_remaining: 2116, call: scores, phase: playing
2026-06-15 17:20:35, tokens_remaining: 2115, call: scores, phase: playing
2026-06-15 17:20:36, tokens_remaining: 2114, call: scores, phase: playing
2026-06-15 17:20:37, tokens_remaining: 2113, call: scores, phase: playing
2026-06-15 17:20:39, tokens_remaining: 2112, call: scores, phase: playing
2026-06-15 17:20:40, tokens_remaining: 2111, call: events, phase: playing
2026-06-15 17:20:42, tokens_remaining: 2110, call: scores, phase: playing
2026-06-15 17:20:43, tokens_remaining: 2109, call: scores, phase: playing
2026-06-15 17:20:44, tokens_remaining: 2108, call: scores, phase: playing
2026-06-15 17:20:46, tokens_remaining: 2107, call: scores, phase: playing
2026-06-15 17:20:47, tokens_remaining: 2106, call: scores, phase: playing
2026-06-15 17:20:48, tokens_remaining: 2105, call: scores, phase: playing
2026-06-15 17:20:50, tokens_remaining: 2104, call: scores, phase: playing
2026-06-15 17:20:51, tokens_remaining: 2103, call: scores, phase: playing
2026-06-15 17:20:52, tokens_remaining: 2102, call: scores, phase: playing
2026-06-15 17:20:54, tokens_remaining: 2101, call: events, phase: playing
2026-06-15 17:20:55, tokens_remaining: 2100, call: scores, phase: playing
2026-06-15 17:20:57, tokens_remaining: 2099, call: scores, phase: playing
2026-06-15 17:20:58, tokens_remaining: 2098, call: scores, phase: playing
2026-06-15 17:20:59, tokens_remaining: 2097, call: scores, phase: playing
2026-06-15 17:21:01, tokens_remaining: 2096, call: scores, phase: playing
2026-06-15 17:21:02, tokens_remaining: 2095, call: scores, phase: playing
2026-06-15 17:21:03, tokens_remaining: 2094, call: scores, phase: playing
2026-06-15 17:21:05, tokens_remaining: 2093, call: scores, phase: playing
2026-06-15 17:21:06, tokens_remaining: 2092, call: scores, phase: playing
2026-06-15 17:21:07, tokens_remaining: 2091, call: events, phase: playing
2026-06-15 17:21:09, tokens_remaining: 2090, call: scores, phase: playing
2026-06-15 17:21:10, tokens_remaining: 2089, call: scores, phase: playing
2026-06-15 17:21:11, tokens_remaining: 2088, call: scores, phase: playing
2026-06-15 17:21:13, tokens_remaining: 2087, call: scores, phase: playing
2026-06-15 17:21:14, tokens_remaining: 2086, call: scores, phase: playing
2026-06-15 17:21:15, tokens_remaining: 2085, call: scores, phase: playing
2026-06-15 17:21:17, tokens_remaining: 2084, call: scores, phase: playing
2026-06-15 17:21:18, tokens_remaining: 2083, call: scores, phase: playing
2026-06-15 17:21:19, tokens_remaining: 2082, call: scores, phase: playing
2026-06-15 17:21:21, tokens_remaining: 2081, call: events, phase: playing
2026-06-15 17:21:22, tokens_remaining: 2080, call: scores, phase: playing
2026-06-15 17:21:23, tokens_remaining: 2079, call: scores, phase: playing
2026-06-15 17:21:25, tokens_remaining: 2078, call: scores, phase: playing
2026-06-15 17:21:26, tokens_remaining: 2077, call: scores, phase: playing
2026-06-15 17:21:27, tokens_remaining: 2076, call: scores, phase: playing
2026-06-15 17:21:29, tokens_remaining: 2075, call: scores, phase: playing
2026-06-15 17:21:30, tokens_remaining: 2074, call: scores, phase: playing
2026-06-15 17:21:31, tokens_remaining: 2073, call: scores, phase: playing
2026-06-15 17:21:33, tokens_remaining: 2072, call: scores, phase: playing
2026-06-15 17:21:34, tokens_remaining: 2071, call: events, phase: playing
2026-06-15 17:21:35, tokens_remaining: 2070, call: scores, phase: playing
2026-06-15 17:21:37, tokens_remaining: 2069, call: scores, phase: playing
2026-06-15 17:21:38, tokens_remaining: 2068, call: scores, phase: playing
2026-06-15 17:21:40, tokens_remaining: 2067, call: scores, phase: playing
2026-06-15 17:21:41, tokens_remaining: 2066, call: scores, phase: playing
2026-06-15 17:21:42, tokens_remaining: 2065, call: scores, phase: playing
2026-06-15 17:21:44, tokens_remaining: 2064, call: scores, phase: playing
2026-06-15 17:21:45, tokens_remaining: 2063, call: scores, phase: playing
2026-06-15 17:21:46, tokens_remaining: 2062, call: scores, phase: playing
2026-06-15 17:21:48, tokens_remaining: 2061, call: events, phase: playing
2026-06-15 17:21:49, tokens_remaining: 2060, call: scores, phase: playing
2026-06-15 17:21:50, tokens_remaining: 2059, call: scores, phase: playing
2026-06-15 17:21:52, tokens_remaining: 2058, call: scores, phase: playing
2026-06-15 17:21:53, tokens_remaining: 2057, call: scores, phase: playing
2026-06-15 17:21:54, tokens_remaining: 2056, call: scores, phase: playing
2026-06-15 17:21:56, tokens_remaining: 2055, call: scores, phase: playing
2026-06-15 17:21:57, tokens_remaining: 2054, call: scores, phase: playing
2026-06-15 17:21:58, tokens_remaining: 2053, call: scores, phase: playing
2026-06-15 17:22:00, tokens_remaining: 2052, call: scores, phase: playing
2026-06-15 17:22:01, tokens_remaining: 2051, call: events, phase: playing
2026-06-15 17:22:02, tokens_remaining: 2050, call: scores, phase: playing
2026-06-15 17:22:04, tokens_remaining: 2049, call: scores, phase: playing
2026-06-15 17:22:05, tokens_remaining: 2048, call: scores, phase: playing
2026-06-15 17:22:06, tokens_remaining: 2047, call: scores, phase: playing
2026-06-15 17:22:08, tokens_remaining: 2046, call: scores, phase: playing
2026-06-15 17:22:09, tokens_remaining: 2045, call: scores, phase: playing
2026-06-15 17:22:10, tokens_remaining: 2044, call: scores, phase: playing
2026-06-15 17:22:12, tokens_remaining: 2043, call: scores, phase: playing
2026-06-15 17:22:13, tokens_remaining: 2042, call: scores, phase: playing
2026-06-15 17:22:14, tokens_remaining: 2041, call: events, phase: playing
2026-06-15 17:22:16, tokens_remaining: 2040, call: scores, phase: playing
2026-06-15 17:22:17, tokens_remaining: 2039, call: scores, phase: playing
2026-06-15 17:22:18, tokens_remaining: 2038, call: scores, phase: playing
2026-06-15 17:22:20, tokens_remaining: 2037, call: scores, phase: playing
2026-06-15 17:22:21, tokens_remaining: 2036, call: scores, phase: playing
2026-06-15 17:22:22, tokens_remaining: 2035, call: scores, phase: playing
2026-06-15 17:22:24, tokens_remaining: 2034, call: scores, phase: playing
2026-06-15 17:22:25, tokens_remaining: 2033, call: scores, phase: playing
2026-06-15 17:22:26, tokens_remaining: 2032, call: scores, phase: playing
2026-06-15 17:22:28, tokens_remaining: 2031, call: events, phase: playing
2026-06-15 17:22:29, tokens_remaining: 2030, call: scores, phase: playing
2026-06-15 17:22:30, tokens_remaining: 2029, call: scores, phase: playing
2026-06-15 17:22:32, tokens_remaining: 2028, call: scores, phase: playing
2026-06-15 17:22:33, tokens_remaining: 2027, call: scores, phase: playing
2026-06-15 17:22:34, tokens_remaining: 2026, call: scores, phase: playing
2026-06-15 17:22:36, tokens_remaining: 2025, call: scores, phase: playing
2026-06-15 17:22:37, tokens_remaining: 2024, call: scores, phase: playing
2026-06-15 17:22:38, tokens_remaining: 2023, call: scores, phase: playing
2026-06-15 17:22:40, tokens_remaining: 2022, call: scores, phase: playing
2026-06-15 17:22:41, tokens_remaining: 2021, call: events, phase: playing
2026-06-15 17:22:42, tokens_remaining: 2020, call: scores, phase: playing
2026-06-15 17:22:44, tokens_remaining: 2019, call: scores, phase: playing
2026-06-15 17:22:45, tokens_remaining: 2018, call: scores, phase: playing
2026-06-15 17:22:46, tokens_remaining: 2017, call: scores, phase: playing
2026-06-15 17:22:48, tokens_remaining: 2016, call: scores, phase: playing
2026-06-15 17:22:49, tokens_remaining: 2015, call: scores, phase: playing
2026-06-15 17:22:50, tokens_remaining: 2014, call: scores, phase: playing
2026-06-15 17:22:52, tokens_remaining: 2013, call: scores, phase: playing
2026-06-15 17:22:53, tokens_remaining: 2012, call: scores, phase: playing
2026-06-15 17:22:54, tokens_remaining: 2011, call: events, phase: playing
2026-06-15 17:22:56, tokens_remaining: 2010, call: scores, phase: playing
2026-06-15 17:22:57, tokens_remaining: 2009, call: scores, phase: playing
2026-06-15 17:22:58, tokens_remaining: 2008, call: scores, phase: playing
2026-06-15 17:23:00, tokens_remaining: 2007, call: scores, phase: playing
2026-06-15 17:23:01, tokens_remaining: 2006, call: scores, phase: playing
2026-06-15 17:23:02, tokens_remaining: 2005, call: scores, phase: playing
2026-06-15 17:23:04, tokens_remaining: 2004, call: scores, phase: playing
2026-06-15 17:23:05, tokens_remaining: 2003, call: scores, phase: playing
2026-06-15 17:23:06, tokens_remaining: 2002, call: scores, phase: playing
2026-06-15 17:23:08, tokens_remaining: 2001, call: events, phase: playing
2026-06-15 17:23:09, tokens_remaining: 2000, call: scores, phase: playing
2026-06-15 17:23:10, tokens_remaining: 1999, call: scores, phase: playing
2026-06-15 17:23:12, tokens_remaining: 1998, call: scores, phase: playing
2026-06-15 17:23:13, tokens_remaining: 1997, call: scores, phase: playing
2026-06-15 17:23:14, tokens_remaining: 1996, call: scores, phase: playing
2026-06-15 17:23:16, tokens_remaining: 1995, call: scores, phase: playing
2026-06-15 17:23:17, tokens_remaining: 1994, call: scores, phase: playing
2026-06-15 17:23:18, tokens_remaining: 1993, call: scores, phase: playing
2026-06-15 17:23:20, tokens_remaining: 1992, call: scores, phase: playing
2026-06-15 17:23:21, tokens_remaining: 1991, call: events, phase: playing
2026-06-15 17:23:22, tokens_remaining: 1990, call: scores, phase: playing
2026-06-15 17:23:24, tokens_remaining: 1989, call: scores, phase: playing
2026-06-15 17:23:25, tokens_remaining: 1988, call: scores, phase: playing
2026-06-15 17:23:26, tokens_remaining: 1987, call: scores, phase: playing
2026-06-15 17:23:28, tokens_remaining: 1986, call: scores, phase: playing
2026-06-15 17:23:29, tokens_remaining: 1985, call: scores, phase: playing
2026-06-15 17:23:30, tokens_remaining: 1984, call: scores, phase: playing
2026-06-15 17:23:32, tokens_remaining: 1983, call: scores, phase: playing
2026-06-15 17:23:33, tokens_remaining: 1982, call: scores, phase: playing
2026-06-15 17:23:34, tokens_remaining: 1981, call: events, phase: playing
2026-06-15 17:23:36, tokens_remaining: 1980, call: scores, phase: playing
2026-06-15 17:23:37, tokens_remaining: 1979, call: scores, phase: playing
2026-06-15 17:23:38, tokens_remaining: 1978, call: scores, phase: playing
2026-06-15 17:23:40, tokens_remaining: 1977, call: scores, phase: playing
2026-06-15 17:23:41, tokens_remaining: 1976, call: scores, phase: playing
2026-06-15 17:23:42, tokens_remaining: 1975, call: scores, phase: playing
2026-06-15 17:23:44, tokens_remaining: 1974, call: scores, phase: playing
2026-06-15 17:23:45, tokens_remaining: 1973, call: scores, phase: playing
2026-06-15 17:23:46, tokens_remaining: 1972, call: scores, phase: playing
2026-06-15 17:23:48, tokens_remaining: 1971, call: events, phase: playing
2026-06-15 17:23:50, tokens_remaining: 1970, call: scores, phase: playing
2026-06-15 17:23:51, tokens_remaining: 1969, call: scores, phase: playing
2026-06-15 17:23:53, tokens_remaining: 1968, call: scores, phase: playing
2026-06-15 17:23:54, tokens_remaining: 1967, call: scores, phase: playing
2026-06-15 17:23:55, tokens_remaining: 1966, call: scores, phase: playing
2026-06-15 17:23:57, tokens_remaining: 1965, call: scores, phase: playing
2026-06-15 17:23:58, tokens_remaining: 1964, call: scores, phase: playing
2026-06-15 17:23:59, tokens_remaining: 1963, call: scores, phase: playing
2026-06-15 17:24:00, tokens_remaining: 1962, call: scores, phase: playing
2026-06-15 17:24:02, tokens_remaining: 1961, call: events, phase: playing
2026-06-15 17:24:03, tokens_remaining: 1960, call: scores, phase: playing
2026-06-15 17:24:04, tokens_remaining: 1959, call: scores, phase: playing
2026-06-15 17:24:06, tokens_remaining: 1958, call: scores, phase: playing
2026-06-15 17:24:07, tokens_remaining: 1957, call: scores, phase: playing
2026-06-15 17:24:08, tokens_remaining: 1956, call: scores, phase: playing
2026-06-15 17:24:10, tokens_remaining: 1955, call: scores, phase: playing
2026-06-15 17:24:11, tokens_remaining: 1954, call: scores, phase: playing
2026-06-15 17:24:12, tokens_remaining: 1953, call: scores, phase: playing
2026-06-15 17:24:14, tokens_remaining: 1952, call: scores, phase: playing
2026-06-15 17:24:15, tokens_remaining: 1951, call: events, phase: playing
2026-06-15 17:24:16, tokens_remaining: 1950, call: scores, phase: playing
2026-06-15 17:24:18, tokens_remaining: 1949, call: scores, phase: playing
2026-06-15 17:24:19, tokens_remaining: 1948, call: scores, phase: playing
2026-06-15 17:24:20, tokens_remaining: 1947, call: scores, phase: playing
2026-06-15 17:24:22, tokens_remaining: 1946, call: scores, phase: playing
2026-06-15 17:24:23, tokens_remaining: 1945, call: scores, phase: playing
2026-06-15 17:24:24, tokens_remaining: 1944, call: scores, phase: playing
2026-06-15 17:24:26, tokens_remaining: 1943, call: scores, phase: playing
