2026-06-16 23:00:27, tokens_remaining: 2483, call: scores, phase: pregame
2026-06-16 23:01:27, tokens_remaining: 2482, call: scores, phase: pregame
2026-06-16 23:02:28, tokens_remaining: 2481, call: scores, phase: pregame
2026-06-16 23:03:29, tokens_remaining: 2480, call: scores, phase: pregame
2026-06-16 23:03:29, STATE_CHANGE: Austria vs Jordan [NS -> 1H]
2026-06-16 23:03:30, tokens_remaining: 2479, call: scores, phase: playing
2026-06-16 23:03:32, tokens_remaining: 2478, call: scores, phase: playing
2026-06-16 23:03:33, tokens_remaining: 2477, call: scores, phase: playing
2026-06-16 23:03:35, tokens_remaining: 2476, call: events, phase: playing
2026-06-16 23:03:36, tokens_remaining: 2475, call: scores, phase: playing
2026-06-16 23:03:37, tokens_remaining: 2474, call: scores, phase: playing
2026-06-16 23:03:38, tokens_remaining: 2473, call: scores, phase: playing
2026-06-16 23:03:40, tokens_remaining: 2472, call: scores, phase: playing
2026-06-16 23:03:41, tokens_remaining: 2471, call: scores, phase: playing
2026-06-16 23:03:42, tokens_remaining: 2470, call: scores, phase: playing
2026-06-16 23:03:44, tokens_remaining: 2469, call: scores, phase: playing
2026-06-16 23:03:45, tokens_remaining: 2468, call: scores, phase: playing
2026-06-16 23:03:46, tokens_remaining: 2467, call: scores, phase: playing
2026-06-16 23:03:48, tokens_remaining: 2466, call: events, phase: playing
2026-06-16 23:03:49, tokens_remaining: 2465, call: scores, phase: playing
2026-06-16 23:03:50, tokens_remaining: 2464, call: scores, phase: playing
2026-06-16 23:03:52, tokens_remaining: 2463, call: scores, phase: playing
2026-06-16 23:03:53, tokens_remaining: 2462, call: scores, phase: playing
2026-06-16 23:03:54, tokens_remaining: 2461, call: scores, phase: playing
2026-06-16 23:03:55, tokens_remaining: 2460, call: scores, phase: playing
2026-06-16 23:03:57, tokens_remaining: 2459, call: scores, phase: playing
2026-06-16 23:03:58, tokens_remaining: 2458, call: scores, phase: playing
2026-06-16 23:03:59, tokens_remaining: 2457, call: scores, phase: playing
2026-06-16 23:04:01, tokens_remaining: 2456, call: events, phase: playing
2026-06-16 23:04:02, tokens_remaining: 2455, call: scores, phase: playing
2026-06-16 23:04:03, tokens_remaining: 2454, call: scores, phase: playing
2026-06-16 23:04:04, tokens_remaining: 2453, call: scores, phase: playing
2026-06-16 23:04:06, tokens_remaining: 2452, call: scores, phase: playing
2026-06-16 23:04:07, tokens_remaining: 2451, call: scores, phase: playing
2026-06-16 23:04:08, tokens_remaining: 2450, call: scores, phase: playing
2026-06-16 23:04:10, tokens_remaining: 2449, call: scores, phase: playing
2026-06-16 23:04:11, tokens_remaining: 2448, call: scores, phase: playing
2026-06-16 23:04:12, tokens_remaining: 2447, call: scores, phase: playing
2026-06-16 23:04:14, tokens_remaining: 2446, call: events, phase: playing
2026-06-16 23:04:15, tokens_remaining: 2445, call: scores, phase: playing
2026-06-16 23:04:16, tokens_remaining: 2444, call: scores, phase: playing
2026-06-16 23:04:17, tokens_remaining: 2443, call: scores, phase: playing
2026-06-16 23:04:19, tokens_remaining: 2442, call: scores, phase: playing
2026-06-16 23:04:20, tokens_remaining: 2441, call: scores, phase: playing
2026-06-16 23:04:21, tokens_remaining: 2440, call: scores, phase: playing
2026-06-16 23:04:23, tokens_remaining: 2439, call: scores, phase: playing
2026-06-16 23:04:24, tokens_remaining: 2438, call: scores, phase: playing
2026-06-16 23:04:25, tokens_remaining: 2437, call: scores, phase: playing
2026-06-16 23:04:26, tokens_remaining: 2436, call: events, phase: playing
2026-06-16 23:04:28, tokens_remaining: 2435, call: scores, phase: playing
2026-06-16 23:04:29, tokens_remaining: 2434, call: scores, phase: playing
2026-06-16 23:04:30, tokens_remaining: 2433, call: scores, phase: playing
2026-06-16 23:04:32, tokens_remaining: 2432, call: scores, phase: playing
2026-06-16 23:04:33, tokens_remaining: 2431, call: scores, phase: playing
2026-06-16 23:04:34, tokens_remaining: 2430, call: scores, phase: playing
2026-06-16 23:04:35, tokens_remaining: 2429, call: scores, phase: playing
2026-06-16 23:04:37, tokens_remaining: 2428, call: scores, phase: playing
2026-06-16 23:04:38, tokens_remaining: 2427, call: scores, phase: playing
2026-06-16 23:04:39, tokens_remaining: 2426, call: events, phase: playing
2026-06-16 23:04:41, tokens_remaining: 2425, call: scores, phase: playing
2026-06-16 23:04:42, tokens_remaining: 2424, call: scores, phase: playing
2026-06-16 23:04:43, tokens_remaining: 2423, call: scores, phase: playing
2026-06-16 23:04:44, tokens_remaining: 2422, call: scores, phase: playing
2026-06-16 23:04:46, tokens_remaining: 2421, call: scores, phase: playing
2026-06-16 23:04:47, tokens_remaining: 2420, call: scores, phase: playing
2026-06-16 23:04:48, tokens_remaining: 2419, call: scores, phase: playing
2026-06-16 23:04:50, tokens_remaining: 2418, call: scores, phase: playing
2026-06-16 23:04:51, tokens_remaining: 2417, call: scores, phase: playing
2026-06-16 23:04:52, tokens_remaining: 2416, call: events, phase: playing
2026-06-16 23:04:53, tokens_remaining: 2415, call: scores, phase: playing
2026-06-16 23:04:55, tokens_remaining: 2414, call: scores, phase: playing
2026-06-16 23:04:56, tokens_remaining: 2413, call: scores, phase: playing
2026-06-16 23:04:57, tokens_remaining: 2412, call: scores, phase: playing
2026-06-16 23:04:59, tokens_remaining: 2411, call: scores, phase: playing
2026-06-16 23:05:00, tokens_remaining: 2410, call: scores, phase: playing
2026-06-16 23:05:01, tokens_remaining: 2409, call: scores, phase: playing
2026-06-16 23:05:02, tokens_remaining: 2408, call: scores, phase: playing
2026-06-16 23:05:04, tokens_remaining: 2407, call: scores, phase: playing
2026-06-16 23:05:05, tokens_remaining: 2406, call: events, phase: playing
2026-06-16 23:05:07, tokens_remaining: 2405, call: scores, phase: playing
2026-06-16 23:05:08, tokens_remaining: 2404, call: scores, phase: playing
2026-06-16 23:05:09, tokens_remaining: 2403, call: scores, phase: playing
2026-06-16 23:05:10, tokens_remaining: 2402, call: scores, phase: playing
2026-06-16 23:05:12, tokens_remaining: 2401, call: scores, phase: playing
2026-06-16 23:05:13, tokens_remaining: 2400, call: scores, phase: playing
2026-06-16 23:05:14, tokens_remaining: 2399, call: scores, phase: playing
2026-06-16 23:05:16, tokens_remaining: 2398, call: scores, phase: playing
2026-06-16 23:05:17, tokens_remaining: 2397, call: scores, phase: playing
2026-06-16 23:05:18, tokens_remaining: 2396, call: events, phase: playing
2026-06-16 23:05:19, tokens_remaining: 2395, call: scores, phase: playing
2026-06-16 23:05:21, tokens_remaining: 2394, call: scores, phase: playing
2026-06-16 23:05:22, tokens_remaining: 2393, call: scores, phase: playing
2026-06-16 23:05:23, tokens_remaining: 2392, call: scores, phase: playing
2026-06-16 23:05:24, tokens_remaining: 2391, call: scores, phase: playing
2026-06-16 23:05:26, tokens_remaining: 2390, call: scores, phase: playing
2026-06-16 23:05:27, tokens_remaining: 2389, call: scores, phase: playing
2026-06-16 23:05:28, tokens_remaining: 2388, call: scores, phase: playing
2026-06-16 23:05:30, tokens_remaining: 2387, call: scores, phase: playing
2026-06-16 23:05:31, tokens_remaining: 2386, call: events, phase: playing
2026-06-16 23:05:32, tokens_remaining: 2385, call: scores, phase: playing
2026-06-16 23:05:34, tokens_remaining: 2384, call: scores, phase: playing
2026-06-16 23:05:35, tokens_remaining: 2383, call: scores, phase: playing
2026-06-16 23:05:36, tokens_remaining: 2382, call: scores, phase: playing
2026-06-16 23:05:37, tokens_remaining: 2381, call: scores, phase: playing
2026-06-16 23:05:39, tokens_remaining: 2380, call: scores, phase: playing
2026-06-16 23:05:40, tokens_remaining: 2379, call: scores, phase: playing
2026-06-16 23:05:41, tokens_remaining: 2378, call: scores, phase: playing
2026-06-16 23:05:42, tokens_remaining: 2377, call: scores, phase: playing
2026-06-16 23:05:44, tokens_remaining: 2376, call: events, phase: playing
2026-06-16 23:05:45, tokens_remaining: 2375, call: scores, phase: playing
2026-06-16 23:05:47, tokens_remaining: 2374, call: scores, phase: playing
2026-06-16 23:05:48, tokens_remaining: 2373, call: scores, phase: playing
2026-06-16 23:05:49, tokens_remaining: 2372, call: scores, phase: playing
2026-06-16 23:05:50, tokens_remaining: 2371, call: scores, phase: playing
2026-06-16 23:05:52, tokens_remaining: 2370, call: scores, phase: playing
2026-06-16 23:05:53, tokens_remaining: 2369, call: scores, phase: playing
2026-06-16 23:05:54, tokens_remaining: 2368, call: scores, phase: playing
2026-06-16 23:05:56, tokens_remaining: 2367, call: scores, phase: playing
2026-06-16 23:05:57, tokens_remaining: 2366, call: events, phase: playing
2026-06-16 23:05:58, tokens_remaining: 2365, call: scores, phase: playing
2026-06-16 23:05:59, tokens_remaining: 2364, call: scores, phase: playing
2026-06-16 23:06:01, tokens_remaining: 2363, call: scores, phase: playing
2026-06-16 23:06:02, tokens_remaining: 2362, call: scores, phase: playing
2026-06-16 23:06:03, tokens_remaining: 2361, call: scores, phase: playing
2026-06-16 23:06:05, tokens_remaining: 2360, call: scores, phase: playing
2026-06-16 23:06:06, tokens_remaining: 2359, call: scores, phase: playing
2026-06-16 23:06:07, tokens_remaining: 2358, call: scores, phase: playing
2026-06-16 23:06:09, tokens_remaining: 2357, call: scores, phase: playing
2026-06-16 23:06:10, tokens_remaining: 2356, call: events, phase: playing
2026-06-16 23:06:11, tokens_remaining: 2355, call: scores, phase: playing
2026-06-16 23:06:12, tokens_remaining: 2354, call: scores, phase: playing
2026-06-16 23:06:14, tokens_remaining: 2353, call: scores, phase: playing
2026-06-16 23:06:15, tokens_remaining: 2352, call: scores, phase: playing
2026-06-16 23:06:16, tokens_remaining: 2351, call: scores, phase: playing
2026-06-16 23:06:18, tokens_remaining: 2350, call: scores, phase: playing
2026-06-16 23:06:19, tokens_remaining: 2349, call: scores, phase: playing
2026-06-16 23:06:20, tokens_remaining: 2348, call: scores, phase: playing
2026-06-16 23:06:21, tokens_remaining: 2347, call: scores, phase: playing
2026-06-16 23:06:23, tokens_remaining: 2346, call: events, phase: playing
2026-06-16 23:06:24, tokens_remaining: 2345, call: scores, phase: playing
2026-06-16 23:06:25, tokens_remaining: 2344, call: scores, phase: playing
2026-06-16 23:06:27, tokens_remaining: 2343, call: scores, phase: playing
2026-06-16 23:06:28, tokens_remaining: 2342, call: scores, phase: playing
2026-06-16 23:06:29, tokens_remaining: 2341, call: scores, phase: playing
2026-06-16 23:06:30, tokens_remaining: 2340, call: scores, phase: playing
2026-06-16 23:06:32, tokens_remaining: 2339, call: scores, phase: playing
2026-06-16 23:06:33, tokens_remaining: 2338, call: scores, phase: playing
2026-06-16 23:06:34, tokens_remaining: 2337, call: scores, phase: playing
2026-06-16 23:06:36, tokens_remaining: 2336, call: events, phase: playing
2026-06-16 23:06:37, tokens_remaining: 2335, call: scores, phase: playing
2026-06-16 23:06:38, tokens_remaining: 2334, call: scores, phase: playing
2026-06-16 23:06:39, tokens_remaining: 2333, call: scores, phase: playing
2026-06-16 23:06:41, tokens_remaining: 2332, call: scores, phase: playing
2026-06-16 23:06:42, tokens_remaining: 2331, call: scores, phase: playing
2026-06-16 23:06:43, tokens_remaining: 2330, call: scores, phase: playing
2026-06-16 23:06:45, tokens_remaining: 2329, call: scores, phase: playing
2026-06-16 23:06:46, tokens_remaining: 2328, call: scores, phase: playing
2026-06-16 23:06:47, tokens_remaining: 2327, call: scores, phase: playing
2026-06-16 23:06:49, tokens_remaining: 2326, call: events, phase: playing
2026-06-16 23:06:50, tokens_remaining: 2325, call: scores, phase: playing
2026-06-16 23:06:51, tokens_remaining: 2324, call: scores, phase: playing
2026-06-16 23:06:52, tokens_remaining: 2323, call: scores, phase: playing
2026-06-16 23:06:54, tokens_remaining: 2322, call: scores, phase: playing
2026-06-16 23:06:55, tokens_remaining: 2321, call: scores, phase: playing
2026-06-16 23:06:56, tokens_remaining: 2320, call: scores, phase: playing
2026-06-16 23:06:58, tokens_remaining: 2319, call: scores, phase: playing
2026-06-16 23:06:59, tokens_remaining: 2318, call: scores, phase: playing
2026-06-16 23:07:00, tokens_remaining: 2317, call: scores, phase: playing
2026-06-16 23:07:01, tokens_remaining: 2316, call: events, phase: playing
2026-06-16 23:07:03, tokens_remaining: 2315, call: scores, phase: playing
2026-06-16 23:07:04, tokens_remaining: 2314, call: scores, phase: playing
2026-06-16 23:07:06, tokens_remaining: 2313, call: scores, phase: playing
2026-06-16 23:07:07, tokens_remaining: 2312, call: scores, phase: playing
2026-06-16 23:07:08, tokens_remaining: 2311, call: scores, phase: playing
2026-06-16 23:07:09, tokens_remaining: 2310, call: scores, phase: playing
2026-06-16 23:07:11, tokens_remaining: 2309, call: scores, phase: playing
2026-06-16 23:07:12, tokens_remaining: 2308, call: scores, phase: playing
2026-06-16 23:07:14, tokens_remaining: 2307, call: scores, phase: playing
2026-06-16 23:07:15, tokens_remaining: 2306, call: events, phase: playing
2026-06-16 23:07:17, tokens_remaining: 2305, call: scores, phase: playing
2026-06-16 23:07:18, tokens_remaining: 2304, call: scores, phase: playing
2026-06-16 23:07:19, tokens_remaining: 2303, call: scores, phase: playing
2026-06-16 23:07:20, tokens_remaining: 2302, call: scores, phase: playing
2026-06-16 23:07:22, tokens_remaining: 2301, call: scores, phase: playing
2026-06-16 23:07:23, tokens_remaining: 2300, call: scores, phase: playing
2026-06-16 23:07:24, tokens_remaining: 2299, call: scores, phase: playing
2026-06-16 23:07:25, tokens_remaining: 2298, call: scores, phase: playing
2026-06-16 23:07:27, tokens_remaining: 2297, call: scores, phase: playing
2026-06-16 23:07:28, tokens_remaining: 2296, call: events, phase: playing
2026-06-16 23:07:29, tokens_remaining: 2295, call: scores, phase: playing
2026-06-16 23:07:30, tokens_remaining: 2294, call: scores, phase: playing
2026-06-16 23:07:32, tokens_remaining: 2293, call: scores, phase: playing
2026-06-16 23:07:33, tokens_remaining: 2292, call: scores, phase: playing
2026-06-16 23:07:34, tokens_remaining: 2291, call: scores, phase: playing
2026-06-16 23:07:36, tokens_remaining: 2290, call: scores, phase: playing
2026-06-16 23:07:37, tokens_remaining: 2289, call: scores, phase: playing
2026-06-16 23:07:38, tokens_remaining: 2288, call: scores, phase: playing
2026-06-16 23:07:39, tokens_remaining: 2287, call: scores, phase: playing
2026-06-16 23:07:41, tokens_remaining: 2286, call: events, phase: playing
2026-06-16 23:07:42, tokens_remaining: 2285, call: scores, phase: playing
2026-06-16 23:07:43, tokens_remaining: 2284, call: scores, phase: playing
2026-06-16 23:07:44, tokens_remaining: 2283, call: scores, phase: playing
2026-06-16 23:07:46, tokens_remaining: 2282, call: scores, phase: playing
2026-06-16 23:07:47, tokens_remaining: 2281, call: scores, phase: playing
2026-06-16 23:07:48, tokens_remaining: 2280, call: scores, phase: playing
2026-06-16 23:07:50, tokens_remaining: 2279, call: scores, phase: playing
2026-06-16 23:07:51, tokens_remaining: 2278, call: scores, phase: playing
2026-06-16 23:07:52, tokens_remaining: 2277, call: scores, phase: playing
2026-06-16 23:07:53, tokens_remaining: 2276, call: events, phase: playing
2026-06-16 23:07:55, tokens_remaining: 2275, call: scores, phase: playing
2026-06-16 23:07:56, tokens_remaining: 2274, call: scores, phase: playing
2026-06-16 23:07:57, tokens_remaining: 2273, call: scores, phase: playing
2026-06-16 23:07:58, tokens_remaining: 2272, call: scores, phase: playing
2026-06-16 23:08:00, tokens_remaining: 2271, call: scores, phase: playing
2026-06-16 23:08:01, tokens_remaining: 2270, call: scores, phase: playing
2026-06-16 23:08:02, tokens_remaining: 2269, call: scores, phase: playing
2026-06-16 23:08:04, tokens_remaining: 2268, call: scores, phase: playing
2026-06-16 23:08:05, tokens_remaining: 2267, call: scores, phase: playing
2026-06-16 23:08:06, tokens_remaining: 2266, call: events, phase: playing
2026-06-16 23:08:07, tokens_remaining: 2265, call: scores, phase: playing
2026-06-16 23:08:09, tokens_remaining: 2264, call: scores, phase: playing
2026-06-16 23:08:10, tokens_remaining: 2263, call: scores, phase: playing
2026-06-16 23:08:11, tokens_remaining: 2262, call: scores, phase: playing
2026-06-16 23:08:12, tokens_remaining: 2261, call: scores, phase: playing
2026-06-16 23:08:14, tokens_remaining: 2260, call: scores, phase: playing
2026-06-16 23:08:15, tokens_remaining: 2259, call: scores, phase: playing
2026-06-16 23:08:16, tokens_remaining: 2258, call: scores, phase: playing
2026-06-16 23:08:17, tokens_remaining: 2257, call: scores, phase: playing
2026-06-16 23:08:19, tokens_remaining: 2256, call: events, phase: playing
2026-06-16 23:08:20, tokens_remaining: 2255, call: scores, phase: playing
2026-06-16 23:08:21, tokens_remaining: 2254, call: scores, phase: playing
2026-06-16 23:08:22, tokens_remaining: 2253, call: scores, phase: playing
2026-06-16 23:08:24, tokens_remaining: 2252, call: scores, phase: playing
2026-06-16 23:08:25, tokens_remaining: 2251, call: scores, phase: playing
2026-06-16 23:08:26, tokens_remaining: 2250, call: scores, phase: playing
2026-06-16 23:08:27, tokens_remaining: 2249, call: scores, phase: playing
2026-06-16 23:08:29, tokens_remaining: 2248, call: scores, phase: playing
2026-06-16 23:08:30, tokens_remaining: 2247, call: scores, phase: playing
2026-06-16 23:08:31, tokens_remaining: 2246, call: events, phase: playing
2026-06-16 23:08:32, tokens_remaining: 2245, call: scores, phase: playing
2026-06-16 23:08:34, tokens_remaining: 2244, call: scores, phase: playing
2026-06-16 23:08:35, tokens_remaining: 2243, call: scores, phase: playing
2026-06-16 23:08:36, tokens_remaining: 2242, call: scores, phase: playing
2026-06-16 23:08:37, tokens_remaining: 2241, call: scores, phase: playing
2026-06-16 23:08:39, tokens_remaining: 2240, call: scores, phase: playing
2026-06-16 23:08:40, tokens_remaining: 2239, call: scores, phase: playing
2026-06-16 23:08:41, tokens_remaining: 2238, call: scores, phase: playing
2026-06-16 23:08:42, tokens_remaining: 2237, call: scores, phase: playing
2026-06-16 23:08:44, tokens_remaining: 2236, call: events, phase: playing
2026-06-16 23:08:45, tokens_remaining: 2235, call: scores, phase: playing
2026-06-16 23:08:46, tokens_remaining: 2234, call: scores, phase: playing
2026-06-16 23:08:48, tokens_remaining: 2233, call: scores, phase: playing
2026-06-16 23:08:49, tokens_remaining: 2232, call: scores, phase: playing
2026-06-16 23:08:50, tokens_remaining: 2231, call: scores, phase: playing
2026-06-16 23:08:52, tokens_remaining: 2230, call: scores, phase: playing
2026-06-16 23:08:54, tokens_remaining: 2229, call: scores, phase: playing
2026-06-16 23:08:55, tokens_remaining: 2228, call: scores, phase: playing
2026-06-16 23:08:56, tokens_remaining: 2227, call: events, phase: playing
2026-06-16 23:08:57, tokens_remaining: 2226, call: scores, phase: playing
2026-06-16 23:08:59, tokens_remaining: 2225, call: scores, phase: playing
2026-06-16 23:09:00, tokens_remaining: 2224, call: scores, phase: playing
2026-06-16 23:09:01, tokens_remaining: 2223, call: scores, phase: playing
2026-06-16 23:09:02, tokens_remaining: 2222, call: scores, phase: playing
2026-06-16 23:09:04, tokens_remaining: 2221, call: scores, phase: playing
2026-06-16 23:09:05, tokens_remaining: 2220, call: scores, phase: playing
2026-06-16 23:09:06, tokens_remaining: 2219, call: scores, phase: playing
2026-06-16 23:09:07, tokens_remaining: 2218, call: scores, phase: playing
2026-06-16 23:09:09, tokens_remaining: 2217, call: events, phase: playing
2026-06-16 23:09:10, tokens_remaining: 2216, call: scores, phase: playing
2026-06-16 23:09:11, tokens_remaining: 2215, call: scores, phase: playing
2026-06-16 23:09:13, tokens_remaining: 2214, call: scores, phase: playing
2026-06-16 23:09:14, tokens_remaining: 2213, call: scores, phase: playing
2026-06-16 23:09:15, tokens_remaining: 2212, call: scores, phase: playing
2026-06-16 23:09:16, tokens_remaining: 2211, call: scores, phase: playing
2026-06-16 23:09:18, tokens_remaining: 2210, call: scores, phase: playing
2026-06-16 23:09:19, tokens_remaining: 2209, call: scores, phase: playing
2026-06-16 23:09:20, tokens_remaining: 2208, call: scores, phase: playing
2026-06-16 23:09:21, tokens_remaining: 2207, call: events, phase: playing
2026-06-16 23:09:23, tokens_remaining: 2206, call: scores, phase: playing
2026-06-16 23:09:24, tokens_remaining: 2205, call: scores, phase: playing
2026-06-16 23:09:25, tokens_remaining: 2204, call: scores, phase: playing
2026-06-16 23:09:26, tokens_remaining: 2203, call: scores, phase: playing
2026-06-16 23:09:28, tokens_remaining: 2202, call: scores, phase: playing
2026-06-16 23:09:29, tokens_remaining: 2201, call: scores, phase: playing
2026-06-16 23:09:30, tokens_remaining: 2200, call: scores, phase: playing
2026-06-16 23:09:31, tokens_remaining: 2199, call: scores, phase: playing
2026-06-16 23:09:33, tokens_remaining: 2198, call: scores, phase: playing
2026-06-16 23:09:34, tokens_remaining: 2197, call: events, phase: playing
2026-06-16 23:09:35, tokens_remaining: 2196, call: scores, phase: playing
2026-06-16 23:09:36, tokens_remaining: 2195, call: scores, phase: playing
2026-06-16 23:09:38, tokens_remaining: 2194, call: scores, phase: playing
2026-06-16 23:09:39, tokens_remaining: 2193, call: scores, phase: playing
2026-06-16 23:09:40, tokens_remaining: 2192, call: scores, phase: playing
2026-06-16 23:09:41, tokens_remaining: 2191, call: scores, phase: playing
2026-06-16 23:09:43, tokens_remaining: 2190, call: scores, phase: playing
2026-06-16 23:09:44, tokens_remaining: 2189, call: scores, phase: playing
2026-06-16 23:09:45, tokens_remaining: 2188, call: scores, phase: playing
2026-06-16 23:09:46, tokens_remaining: 2187, call: events, phase: playing
2026-06-16 23:09:48, tokens_remaining: 2186, call: scores, phase: playing
2026-06-16 23:09:49, tokens_remaining: 2185, call: scores, phase: playing
2026-06-16 23:09:51, tokens_remaining: 2184, call: scores, phase: playing
2026-06-16 23:09:53, tokens_remaining: 2183, call: scores, phase: playing
2026-06-16 23:09:54, tokens_remaining: 2182, call: scores, phase: playing
2026-06-16 23:09:55, tokens_remaining: 2181, call: scores, phase: playing
2026-06-16 23:09:56, tokens_remaining: 2180, call: scores, phase: playing
2026-06-16 23:09:58, tokens_remaining: 2179, call: scores, phase: playing
2026-06-16 23:09:59, tokens_remaining: 2178, call: events, phase: playing
2026-06-16 23:10:00, tokens_remaining: 2177, call: scores, phase: playing
2026-06-16 23:10:01, tokens_remaining: 2176, call: scores, phase: playing
2026-06-16 23:10:03, tokens_remaining: 2175, call: scores, phase: playing
2026-06-16 23:10:04, tokens_remaining: 2174, call: scores, phase: playing
2026-06-16 23:10:05, tokens_remaining: 2173, call: scores, phase: playing
2026-06-16 23:10:06, tokens_remaining: 2172, call: scores, phase: playing
2026-06-16 23:10:08, tokens_remaining: 2171, call: scores, phase: playing
2026-06-16 23:10:09, tokens_remaining: 2171, call: scores, phase: playing
2026-06-16 23:10:10, tokens_remaining: 2170, call: scores, phase: playing
2026-06-16 23:10:11, tokens_remaining: 2169, call: events, phase: playing
2026-06-16 23:10:12, tokens_remaining: 2168, call: scores, phase: playing
2026-06-16 23:10:14, tokens_remaining: 2167, call: scores, phase: playing
2026-06-16 23:10:15, tokens_remaining: 2166, call: scores, phase: playing
2026-06-16 23:10:16, tokens_remaining: 2165, call: scores, phase: playing
2026-06-16 23:10:17, tokens_remaining: 2164, call: scores, phase: playing
2026-06-16 23:10:19, tokens_remaining: 2163, call: scores, phase: playing
2026-06-16 23:10:20, tokens_remaining: 2162, call: scores, phase: playing
2026-06-16 23:10:21, tokens_remaining: 2161, call: scores, phase: playing
2026-06-16 23:10:22, tokens_remaining: 2160, call: scores, phase: playing
2026-06-16 23:10:24, tokens_remaining: 2159, call: events, phase: playing
2026-06-16 23:10:25, tokens_remaining: 2158, call: scores, phase: playing
2026-06-16 23:10:26, tokens_remaining: 2157, call: scores, phase: playing
2026-06-16 23:10:27, tokens_remaining: 2156, call: scores, phase: playing
2026-06-16 23:10:28, tokens_remaining: 2156, call: scores, phase: playing
2026-06-16 23:10:30, tokens_remaining: 2155, call: scores, phase: playing
2026-06-16 23:10:31, tokens_remaining: 2154, call: scores, phase: playing
2026-06-16 23:10:32, tokens_remaining: 2153, call: scores, phase: playing
2026-06-16 23:10:33, tokens_remaining: 2153, call: scores, phase: playing
2026-06-16 23:10:34, tokens_remaining: 2152, call: scores, phase: playing
2026-06-16 23:10:36, tokens_remaining: 2151, call: events, phase: playing
2026-06-16 23:10:37, tokens_remaining: 2150, call: scores, phase: playing
2026-06-16 23:10:38, tokens_remaining: 2150, call: scores, phase: playing
2026-06-16 23:10:39, tokens_remaining: 2149, call: scores, phase: playing
2026-06-16 23:10:40, tokens_remaining: 2149, call: scores, phase: playing
2026-06-16 23:10:41, tokens_remaining: 2148, call: scores, phase: playing
2026-06-16 23:10:42, tokens_remaining: 2148, call: scores, phase: playing
2026-06-16 23:10:44, tokens_remaining: 2147, call: scores, phase: playing
2026-06-16 23:10:45, tokens_remaining: 2147, call: scores, phase: playing
2026-06-16 23:10:46, tokens_remaining: 2146, call: scores, phase: playing
2026-06-16 23:10:47, tokens_remaining: 2145, call: events, phase: playing
2026-06-16 23:10:48, tokens_remaining: 2144, call: scores, phase: playing
2026-06-16 23:10:49, tokens_remaining: 2144, call: scores, phase: playing
2026-06-16 23:10:51, tokens_remaining: 2143, call: scores, phase: playing
2026-06-16 23:10:52, tokens_remaining: 2142, call: scores, phase: playing
2026-06-16 23:10:53, tokens_remaining: 2141, call: scores, phase: playing
2026-06-16 23:10:54, tokens_remaining: 2140, call: scores, phase: playing
2026-06-16 23:10:55, tokens_remaining: 2140, call: scores, phase: playing
2026-06-16 23:10:57, tokens_remaining: 2139, call: scores, phase: playing
2026-06-16 23:10:58, tokens_remaining: 2139, call: scores, phase: playing
2026-06-16 23:10:59, tokens_remaining: 2138, call: events, phase: playing
2026-06-16 23:11:00, tokens_remaining: 2137, call: scores, phase: playing
2026-06-16 23:11:01, tokens_remaining: 2136, call: scores, phase: playing
2026-06-16 23:11:02, tokens_remaining: 2136, call: scores, phase: playing
2026-06-16 23:11:04, tokens_remaining: 2135, call: scores, phase: playing
2026-06-16 23:11:05, tokens_remaining: 2135, call: scores, phase: playing
2026-06-16 23:11:06, tokens_remaining: 2134, call: scores, phase: playing
2026-06-16 23:11:07, tokens_remaining: 2133, call: scores, phase: playing
2026-06-16 23:11:08, tokens_remaining: 2132, call: scores, phase: playing
2026-06-16 23:11:10, tokens_remaining: 2131, call: scores, phase: playing
2026-06-16 23:11:11, tokens_remaining: 2130, call: events, phase: playing
2026-06-16 23:11:12, tokens_remaining: 2129, call: scores, phase: playing
2026-06-16 23:11:13, tokens_remaining: 2129, call: scores, phase: playing
2026-06-16 23:11:14, tokens_remaining: 2128, call: scores, phase: playing
2026-06-16 23:11:15, tokens_remaining: 2128, call: scores, phase: playing
2026-06-16 23:11:17, tokens_remaining: 2127, call: scores, phase: playing
2026-06-16 23:11:17, tokens_remaining: 2127, call: scores, phase: playing
2026-06-16 23:11:19, tokens_remaining: 2126, call: scores, phase: playing
2026-06-16 23:11:20, tokens_remaining: 2126, call: scores, phase: playing
2026-06-16 23:11:21, tokens_remaining: 2125, call: scores, phase: playing
2026-06-16 23:11:22, tokens_remaining: 2124, call: events, phase: playing
2026-06-16 23:11:23, tokens_remaining: 2123, call: scores, phase: playing
2026-06-16 23:11:24, tokens_remaining: 2123, call: scores, phase: playing
2026-06-16 23:11:26, tokens_remaining: 2122, call: scores, phase: playing
2026-06-16 23:11:27, tokens_remaining: 2122, call: scores, phase: playing
2026-06-16 23:11:28, tokens_remaining: 2121, call: scores, phase: playing
2026-06-16 23:11:29, tokens_remaining: 2121, call: scores, phase: playing
2026-06-16 23:11:30, tokens_remaining: 2120, call: scores, phase: playing
2026-06-16 23:11:31, tokens_remaining: 2120, call: scores, phase: playing
2026-06-16 23:11:32, tokens_remaining: 2119, call: scores, phase: playing
2026-06-16 23:11:33, tokens_remaining: 2118, call: events, phase: playing
2026-06-16 23:11:35, tokens_remaining: 2117, call: scores, phase: playing
2026-06-16 23:11:36, tokens_remaining: 2117, call: scores, phase: playing
2026-06-16 23:11:37, tokens_remaining: 2116, call: scores, phase: playing
2026-06-16 23:11:38, tokens_remaining: 2115, call: scores, phase: playing
2026-06-16 23:11:39, tokens_remaining: 2115, call: scores, phase: playing
2026-06-16 23:11:40, tokens_remaining: 2114, call: scores, phase: playing
2026-06-16 23:11:41, tokens_remaining: 2114, call: scores, phase: playing
2026-06-16 23:11:43, tokens_remaining: 2113, call: scores, phase: playing
2026-06-16 23:11:44, tokens_remaining: 2113, call: scores, phase: playing
2026-06-16 23:11:45, tokens_remaining: 2112, call: events, phase: playing
2026-06-16 23:11:46, tokens_remaining: 2111, call: scores, phase: playing
2026-06-16 23:11:47, tokens_remaining: 2111, call: scores, phase: playing
2026-06-16 23:11:48, tokens_remaining: 2110, call: scores, phase: playing
2026-06-16 23:11:49, tokens_remaining: 2110, call: scores, phase: playing
2026-06-16 23:11:50, tokens_remaining: 2109, call: scores, phase: playing
2026-06-16 23:11:51, tokens_remaining: 2109, call: scores, phase: playing
2026-06-16 23:11:53, tokens_remaining: 2108, call: scores, phase: playing
2026-06-16 23:11:54, tokens_remaining: 2108, call: scores, phase: playing
2026-06-16 23:11:55, tokens_remaining: 2107, call: scores, phase: playing
2026-06-16 23:11:56, tokens_remaining: 2106, call: events, phase: playing
2026-06-16 23:11:57, tokens_remaining: 2105, call: scores, phase: playing
2026-06-16 23:11:58, tokens_remaining: 2105, call: scores, phase: playing
2026-06-16 23:11:59, tokens_remaining: 2104, call: scores, phase: playing
2026-06-16 23:12:01, tokens_remaining: 2103, call: scores, phase: playing
2026-06-16 23:12:02, tokens_remaining: 2103, call: scores, phase: playing
2026-06-16 23:12:03, tokens_remaining: 2102, call: scores, phase: playing
2026-06-16 23:12:04, tokens_remaining: 2102, call: scores, phase: playing
2026-06-16 23:12:05, tokens_remaining: 2101, call: scores, phase: playing
2026-06-16 23:12:06, tokens_remaining: 2100, call: scores, phase: playing
2026-06-16 23:12:08, tokens_remaining: 2099, call: events, phase: playing
2026-06-16 23:12:09, tokens_remaining: 2098, call: scores, phase: playing
2026-06-16 23:12:10, tokens_remaining: 2098, call: scores, phase: playing
2026-06-16 23:12:11, tokens_remaining: 2097, call: scores, phase: playing
2026-06-16 23:12:12, tokens_remaining: 2097, call: scores, phase: playing
2026-06-16 23:12:13, tokens_remaining: 2096, call: scores, phase: playing
2026-06-16 23:12:14, tokens_remaining: 2096, call: scores, phase: playing
2026-06-16 23:12:15, tokens_remaining: 2095, call: scores, phase: playing
2026-06-16 23:12:16, tokens_remaining: 2095, call: scores, phase: playing
2026-06-16 23:12:17, tokens_remaining: 2094, call: scores, phase: playing
2026-06-16 23:12:19, tokens_remaining: 2093, call: events, phase: playing
2026-06-16 23:12:20, tokens_remaining: 2092, call: scores, phase: playing
2026-06-16 23:12:21, tokens_remaining: 2092, call: scores, phase: playing
2026-06-16 23:12:22, tokens_remaining: 2091, call: scores, phase: playing
2026-06-16 23:12:23, tokens_remaining: 2091, call: scores, phase: playing
2026-06-16 23:12:24, tokens_remaining: 2090, call: scores, phase: playing
2026-06-16 23:12:25, tokens_remaining: 2090, call: scores, phase: playing
2026-06-16 23:12:26, tokens_remaining: 2089, call: scores, phase: playing
2026-06-16 23:12:27, tokens_remaining: 2089, call: scores, phase: playing
2026-06-16 23:12:29, tokens_remaining: 2088, call: scores, phase: playing
2026-06-16 23:12:30, tokens_remaining: 2087, call: events, phase: playing
2026-06-16 23:12:31, tokens_remaining: 2086, call: scores, phase: playing
2026-06-16 23:12:32, tokens_remaining: 2086, call: scores, phase: playing
2026-06-16 23:12:33, tokens_remaining: 2085, call: scores, phase: playing
2026-06-16 23:12:34, tokens_remaining: 2085, call: scores, phase: playing
2026-06-16 23:12:35, tokens_remaining: 2084, call: scores, phase: playing
2026-06-16 23:12:36, tokens_remaining: 2084, call: scores, phase: playing
2026-06-16 23:12:38, tokens_remaining: 2083, call: scores, phase: playing
2026-06-16 23:12:39, tokens_remaining: 2083, call: scores, phase: playing
2026-06-16 23:12:40, tokens_remaining: 2082, call: scores, phase: playing
2026-06-16 23:12:41, tokens_remaining: 2081, call: events, phase: playing
2026-06-16 23:12:42, tokens_remaining: 2080, call: scores, phase: playing
2026-06-16 23:12:43, tokens_remaining: 2080, call: scores, phase: playing
2026-06-16 23:12:44, tokens_remaining: 2079, call: scores, phase: playing
2026-06-16 23:12:45, tokens_remaining: 2079, call: scores, phase: playing
2026-06-16 23:12:47, tokens_remaining: 2078, call: scores, phase: playing
2026-06-16 23:12:48, tokens_remaining: 2078, call: scores, phase: playing
2026-06-16 23:12:49, tokens_remaining: 2077, call: scores, phase: playing
2026-06-16 23:12:50, tokens_remaining: 2077, call: scores, phase: playing
2026-06-16 23:12:51, tokens_remaining: 2076, call: scores, phase: playing
2026-06-16 23:12:52, tokens_remaining: 2075, call: events, phase: playing
2026-06-16 23:12:53, tokens_remaining: 2074, call: scores, phase: playing
2026-06-16 23:12:54, tokens_remaining: 2074, call: scores, phase: playing
2026-06-16 23:12:56, tokens_remaining: 2073, call: scores, phase: playing
2026-06-16 23:12:57, tokens_remaining: 2073, call: scores, phase: playing
2026-06-16 23:12:58, tokens_remaining: 2072, call: scores, phase: playing
2026-06-16 23:12:59, tokens_remaining: 2072, call: scores, phase: playing
2026-06-16 23:13:00, tokens_remaining: 2071, call: scores, phase: playing
2026-06-16 23:13:01, tokens_remaining: 2071, call: scores, phase: playing
2026-06-16 23:13:02, tokens_remaining: 2070, call: scores, phase: playing
2026-06-16 23:13:03, tokens_remaining: 2069, call: events, phase: playing
2026-06-16 23:13:05, tokens_remaining: 2068, call: scores, phase: playing
2026-06-16 23:13:06, tokens_remaining: 2068, call: scores, phase: playing
2026-06-16 23:13:07, tokens_remaining: 2067, call: scores, phase: playing
2026-06-16 23:13:08, tokens_remaining: 2067, call: scores, phase: playing
2026-06-16 23:13:09, tokens_remaining: 2066, call: scores, phase: playing
2026-06-16 23:13:10, tokens_remaining: 2066, call: scores, phase: playing
2026-06-16 23:13:11, tokens_remaining: 2065, call: scores, phase: playing
2026-06-16 23:13:12, tokens_remaining: 2065, call: scores, phase: playing
2026-06-16 23:13:14, tokens_remaining: 2064, call: scores, phase: playing
2026-06-16 23:13:15, tokens_remaining: 2063, call: events, phase: playing
2026-06-16 23:13:16, tokens_remaining: 2062, call: scores, phase: playing
2026-06-16 23:13:17, tokens_remaining: 2062, call: scores, phase: playing
2026-06-16 23:13:18, tokens_remaining: 2061, call: scores, phase: playing
2026-06-16 23:13:19, tokens_remaining: 2061, call: scores, phase: playing
2026-06-16 23:13:20, tokens_remaining: 2060, call: scores, phase: playing
2026-06-16 23:13:21, tokens_remaining: 2060, call: scores, phase: playing
2026-06-16 23:13:22, tokens_remaining: 2059, call: scores, phase: playing
2026-06-16 23:13:23, tokens_remaining: 2059, call: scores, phase: playing
2026-06-16 23:13:25, tokens_remaining: 2058, call: scores, phase: playing
2026-06-16 23:13:26, tokens_remaining: 2057, call: events, phase: playing
2026-06-16 23:13:27, tokens_remaining: 2056, call: scores, phase: playing
2026-06-16 23:13:28, tokens_remaining: 2056, call: scores, phase: playing
2026-06-16 23:13:29, tokens_remaining: 2055, call: scores, phase: playing
2026-06-16 23:13:30, tokens_remaining: 2055, call: scores, phase: playing
2026-06-16 23:13:31, tokens_remaining: 2054, call: scores, phase: playing
2026-06-16 23:13:32, tokens_remaining: 2054, call: scores, phase: playing
2026-06-16 23:13:33, tokens_remaining: 2053, call: scores, phase: playing
2026-06-16 23:13:34, tokens_remaining: 2053, call: scores, phase: playing
2026-06-16 23:13:36, tokens_remaining: 2052, call: scores, phase: playing
2026-06-16 23:13:37, tokens_remaining: 2051, call: events, phase: playing
2026-06-16 23:13:38, tokens_remaining: 2050, call: scores, phase: playing
2026-06-16 23:13:39, tokens_remaining: 2050, call: scores, phase: playing
2026-06-16 23:13:40, tokens_remaining: 2049, call: scores, phase: playing
2026-06-16 23:13:41, tokens_remaining: 2049, call: scores, phase: playing
2026-06-16 23:13:42, tokens_remaining: 2048, call: scores, phase: playing
2026-06-16 23:13:43, tokens_remaining: 2048, call: scores, phase: playing
2026-06-16 23:13:44, tokens_remaining: 2047, call: scores, phase: playing
2026-06-16 23:13:45, tokens_remaining: 2047, call: scores, phase: playing
2026-06-16 23:13:47, tokens_remaining: 2046, call: scores, phase: playing
2026-06-16 23:13:48, tokens_remaining: 2045, call: events, phase: playing
2026-06-16 23:13:49, tokens_remaining: 2044, call: scores, phase: playing
2026-06-16 23:13:50, tokens_remaining: 2044, call: scores, phase: playing
2026-06-16 23:13:51, tokens_remaining: 2043, call: scores, phase: playing
2026-06-16 23:13:52, tokens_remaining: 2043, call: scores, phase: playing
2026-06-16 23:13:53, tokens_remaining: 2042, call: scores, phase: playing
2026-06-16 23:13:54, tokens_remaining: 2042, call: scores, phase: playing
2026-06-16 23:13:55, tokens_remaining: 2041, call: scores, phase: playing
2026-06-16 23:13:56, tokens_remaining: 2041, call: scores, phase: playing
2026-06-16 23:13:57, tokens_remaining: 2040, call: scores, phase: playing
2026-06-16 23:13:59, tokens_remaining: 2039, call: events, phase: playing
2026-06-16 23:14:00, tokens_remaining: 2038, call: scores, phase: playing
2026-06-16 23:14:01, tokens_remaining: 2038, call: scores, phase: playing
2026-06-16 23:14:02, tokens_remaining: 2037, call: scores, phase: playing
2026-06-16 23:14:03, tokens_remaining: 2037, call: scores, phase: playing
2026-06-16 23:14:04, tokens_remaining: 2036, call: scores, phase: playing
2026-06-16 23:14:05, tokens_remaining: 2036, call: scores, phase: playing
2026-06-16 23:14:06, tokens_remaining: 2035, call: scores, phase: playing
2026-06-16 23:14:07, tokens_remaining: 2035, call: scores, phase: playing
2026-06-16 23:14:09, tokens_remaining: 2034, call: scores, phase: playing
2026-06-16 23:14:10, tokens_remaining: 2033, call: events, phase: playing
2026-06-16 23:14:11, tokens_remaining: 2032, call: scores, phase: playing
2026-06-16 23:14:12, tokens_remaining: 2032, call: scores, phase: playing
2026-06-16 23:14:13, tokens_remaining: 2031, call: scores, phase: playing
2026-06-16 23:14:14, tokens_remaining: 2031, call: scores, phase: playing
2026-06-16 23:14:15, tokens_remaining: 2030, call: scores, phase: playing
2026-06-16 23:14:16, tokens_remaining: 2030, call: scores, phase: playing
2026-06-16 23:14:17, tokens_remaining: 2029, call: scores, phase: playing
2026-06-16 23:14:18, tokens_remaining: 2029, call: scores, phase: playing
2026-06-16 23:14:19, tokens_remaining: 2028, call: scores, phase: playing
2026-06-16 23:14:21, tokens_remaining: 2027, call: events, phase: playing
2026-06-16 23:14:22, tokens_remaining: 2026, call: scores, phase: playing
2026-06-16 23:14:23, tokens_remaining: 2026, call: scores, phase: playing
2026-06-16 23:14:24, tokens_remaining: 2025, call: scores, phase: playing
2026-06-16 23:14:25, tokens_remaining: 2025, call: scores, phase: playing
2026-06-16 23:14:26, tokens_remaining: 2024, call: scores, phase: playing
2026-06-16 23:14:27, tokens_remaining: 2024, call: scores, phase: playing
2026-06-16 23:14:28, tokens_remaining: 2023, call: scores, phase: playing
2026-06-16 23:14:29, tokens_remaining: 2023, call: scores, phase: playing
2026-06-16 23:14:30, tokens_remaining: 2022, call: scores, phase: playing
2026-06-16 23:14:32, tokens_remaining: 2021, call: events, phase: playing
2026-06-16 23:14:33, tokens_remaining: 2020, call: scores, phase: playing
2026-06-16 23:14:34, tokens_remaining: 2020, call: scores, phase: playing
2026-06-16 23:14:35, tokens_remaining: 2019, call: scores, phase: playing
2026-06-16 23:14:36, tokens_remaining: 2019, call: scores, phase: playing
2026-06-16 23:14:37, tokens_remaining: 2018, call: scores, phase: playing
2026-06-16 23:14:38, tokens_remaining: 2018, call: scores, phase: playing
2026-06-16 23:14:39, tokens_remaining: 2017, call: scores, phase: playing
2026-06-16 23:14:40, tokens_remaining: 2017, call: scores, phase: playing
2026-06-16 23:14:41, tokens_remaining: 2016, call: scores, phase: playing
2026-06-16 23:14:42, tokens_remaining: 2015, call: events, phase: playing
2026-06-16 23:14:44, tokens_remaining: 2014, call: scores, phase: playing
2026-06-16 23:14:45, tokens_remaining: 2014, call: scores, phase: playing
2026-06-16 23:14:46, tokens_remaining: 2013, call: scores, phase: playing
2026-06-16 23:14:47, tokens_remaining: 2013, call: scores, phase: playing
2026-06-16 23:14:48, tokens_remaining: 2012, call: scores, phase: playing
2026-06-16 23:14:49, tokens_remaining: 2012, call: scores, phase: playing
2026-06-16 23:14:50, tokens_remaining: 2011, call: scores, phase: playing
2026-06-16 23:14:51, tokens_remaining: 2011, call: scores, phase: playing
2026-06-16 23:14:52, tokens_remaining: 2010, call: scores, phase: playing
2026-06-16 23:14:53, tokens_remaining: 2009, call: events, phase: playing
2026-06-16 23:14:54, tokens_remaining: 2008, call: scores, phase: playing
2026-06-16 23:14:55, tokens_remaining: 2008, call: scores, phase: playing
2026-06-16 23:14:56, tokens_remaining: 2007, call: scores, phase: playing
2026-06-16 23:14:57, tokens_remaining: 2007, call: scores, phase: playing
2026-06-16 23:14:59, tokens_remaining: 2006, call: scores, phase: playing
2026-06-16 23:15:00, tokens_remaining: 2006, call: scores, phase: playing
2026-06-16 23:15:01, tokens_remaining: 2005, call: scores, phase: playing
2026-06-16 23:15:02, tokens_remaining: 2005, call: scores, phase: playing
2026-06-16 23:15:03, tokens_remaining: 2004, call: scores, phase: playing
2026-06-16 23:15:04, tokens_remaining: 2003, call: events, phase: playing
2026-06-16 23:15:05, tokens_remaining: 2002, call: scores, phase: playing
2026-06-16 23:15:06, tokens_remaining: 2002, call: scores, phase: playing
2026-06-16 23:15:07, tokens_remaining: 2001, call: scores, phase: playing
2026-06-16 23:15:08, tokens_remaining: 2001, call: scores, phase: playing
2026-06-16 23:15:09, tokens_remaining: 2000, call: scores, phase: playing
2026-06-16 23:15:10, tokens_remaining: 2000, call: scores, phase: playing
2026-06-16 23:15:12, tokens_remaining: 1999, call: scores, phase: playing
2026-06-16 23:15:12, tokens_remaining: 1999, call: scores, phase: playing
2026-06-16 23:15:14, tokens_remaining: 1998, call: scores, phase: playing
2026-06-16 23:15:15, tokens_remaining: 1997, call: events, phase: playing
2026-06-16 23:15:16, tokens_remaining: 1996, call: scores, phase: playing
2026-06-16 23:15:17, tokens_remaining: 1996, call: scores, phase: playing
2026-06-16 23:15:18, tokens_remaining: 1995, call: scores, phase: playing
2026-06-16 23:15:19, tokens_remaining: 1995, call: scores, phase: playing
2026-06-16 23:15:20, tokens_remaining: 1994, call: scores, phase: playing
2026-06-16 23:15:21, tokens_remaining: 1994, call: scores, phase: playing
2026-06-16 23:15:22, tokens_remaining: 1993, call: scores, phase: playing
2026-06-16 23:15:23, tokens_remaining: 1993, call: scores, phase: playing
2026-06-16 23:15:24, tokens_remaining: 1992, call: scores, phase: playing
2026-06-16 23:15:26, tokens_remaining: 1991, call: events, phase: playing
2026-06-16 23:15:27, tokens_remaining: 1990, call: scores, phase: playing
2026-06-16 23:15:28, tokens_remaining: 1990, call: scores, phase: playing
2026-06-16 23:15:29, tokens_remaining: 1989, call: scores, phase: playing
2026-06-16 23:15:30, tokens_remaining: 1989, call: scores, phase: playing
2026-06-16 23:15:31, tokens_remaining: 1988, call: scores, phase: playing
2026-06-16 23:15:32, tokens_remaining: 1988, call: scores, phase: playing
2026-06-16 23:15:33, tokens_remaining: 1987, call: scores, phase: playing
2026-06-16 23:15:34, tokens_remaining: 1987, call: scores, phase: playing
2026-06-16 23:15:35, tokens_remaining: 1986, call: scores, phase: playing
2026-06-16 23:15:36, tokens_remaining: 1985, call: events, phase: playing
2026-06-16 23:15:37, tokens_remaining: 1984, call: scores, phase: playing
2026-06-16 23:15:38, tokens_remaining: 1984, call: scores, phase: playing
2026-06-16 23:15:40, tokens_remaining: 1983, call: scores, phase: playing
2026-06-16 23:15:40, tokens_remaining: 1983, call: scores, phase: playing
2026-06-16 23:15:42, tokens_remaining: 1982, call: scores, phase: playing
2026-06-16 23:15:43, tokens_remaining: 1982, call: scores, phase: playing
2026-06-16 23:15:44, tokens_remaining: 1981, call: scores, phase: playing
2026-06-16 23:15:45, tokens_remaining: 1981, call: scores, phase: playing
2026-06-16 23:15:46, tokens_remaining: 1980, call: scores, phase: playing
2026-06-16 23:15:47, tokens_remaining: 1979, call: events, phase: playing
2026-06-16 23:15:48, tokens_remaining: 1978, call: scores, phase: playing
2026-06-16 23:15:49, tokens_remaining: 1978, call: scores, phase: playing
2026-06-16 23:15:50, tokens_remaining: 1977, call: scores, phase: playing
2026-06-16 23:15:51, tokens_remaining: 1977, call: scores, phase: playing
2026-06-16 23:15:52, tokens_remaining: 1976, call: scores, phase: playing
2026-06-16 23:15:53, tokens_remaining: 1976, call: scores, phase: playing
2026-06-16 23:15:54, tokens_remaining: 1975, call: scores, phase: playing
2026-06-16 23:15:55, tokens_remaining: 1975, call: scores, phase: playing
2026-06-16 23:15:56, tokens_remaining: 1974, call: scores, phase: playing
2026-06-16 23:15:58, tokens_remaining: 1973, call: events, phase: playing
2026-06-16 23:15:59, tokens_remaining: 1972, call: scores, phase: playing
2026-06-16 23:16:00, tokens_remaining: 1972, call: scores, phase: playing
2026-06-16 23:16:01, tokens_remaining: 1971, call: scores, phase: playing
2026-06-16 23:16:02, tokens_remaining: 1971, call: scores, phase: playing
2026-06-16 23:16:03, tokens_remaining: 1970, call: scores, phase: playing
2026-06-16 23:16:04, tokens_remaining: 1970, call: scores, phase: playing
2026-06-16 23:16:05, tokens_remaining: 1969, call: scores, phase: playing
2026-06-16 23:16:06, tokens_remaining: 1969, call: scores, phase: playing
2026-06-16 23:16:07, tokens_remaining: 1968, call: scores, phase: playing
2026-06-16 23:16:08, tokens_remaining: 1967, call: events, phase: playing
2026-06-16 23:16:09, tokens_remaining: 1966, call: scores, phase: playing
2026-06-16 23:16:10, tokens_remaining: 1966, call: scores, phase: playing
2026-06-16 23:16:11, tokens_remaining: 1965, call: scores, phase: playing
2026-06-16 23:16:12, tokens_remaining: 1965, call: scores, phase: playing
2026-06-16 23:16:13, tokens_remaining: 1964, call: scores, phase: playing
2026-06-16 23:16:14, tokens_remaining: 1964, call: scores, phase: playing
2026-06-16 23:16:16, tokens_remaining: 1963, call: scores, phase: playing
2026-06-16 23:16:16, tokens_remaining: 1963, call: scores, phase: playing
2026-06-16 23:16:18, tokens_remaining: 1962, call: scores, phase: playing
2026-06-16 23:16:19, tokens_remaining: 1961, call: events, phase: playing
2026-06-16 23:16:20, tokens_remaining: 1960, call: scores, phase: playing
2026-06-16 23:16:21, tokens_remaining: 1960, call: scores, phase: playing
2026-06-16 23:16:22, tokens_remaining: 1959, call: scores, phase: playing
2026-06-16 23:16:23, tokens_remaining: 1959, call: scores, phase: playing
2026-06-16 23:16:24, tokens_remaining: 1958, call: scores, phase: playing
2026-06-16 23:16:25, tokens_remaining: 1958, call: scores, phase: playing
2026-06-16 23:16:26, tokens_remaining: 1957, call: scores, phase: playing
2026-06-16 23:16:27, tokens_remaining: 1957, call: scores, phase: playing
2026-06-16 23:16:28, tokens_remaining: 1956, call: scores, phase: playing
2026-06-16 23:16:29, tokens_remaining: 1955, call: events, phase: playing
2026-06-16 23:16:31, tokens_remaining: 1954, call: scores, phase: playing
2026-06-16 23:16:31, tokens_remaining: 1954, call: scores, phase: playing
2026-06-16 23:16:33, tokens_remaining: 1953, call: scores, phase: playing
2026-06-16 23:16:34, tokens_remaining: 1953, call: scores, phase: playing
2026-06-16 23:16:35, tokens_remaining: 1952, call: scores, phase: playing
2026-06-16 23:16:36, tokens_remaining: 1952, call: scores, phase: playing
2026-06-16 23:16:37, tokens_remaining: 1951, call: scores, phase: playing
2026-06-16 23:16:38, tokens_remaining: 1951, call: scores, phase: playing
2026-06-16 23:16:39, tokens_remaining: 1950, call: scores, phase: playing
2026-06-16 23:16:40, tokens_remaining: 1949, call: events, phase: playing
2026-06-16 23:16:41, tokens_remaining: 1948, call: scores, phase: playing
2026-06-16 23:16:42, tokens_remaining: 1948, call: scores, phase: playing
2026-06-16 23:16:43, tokens_remaining: 1947, call: scores, phase: playing
2026-06-16 23:16:44, tokens_remaining: 1947, call: scores, phase: playing
2026-06-16 23:16:45, tokens_remaining: 1946, call: scores, phase: playing
2026-06-16 23:16:46, tokens_remaining: 1946, call: scores, phase: playing
2026-06-16 23:16:47, tokens_remaining: 1945, call: scores, phase: playing
2026-06-16 23:16:48, tokens_remaining: 1945, call: scores, phase: playing
2026-06-16 23:16:49, tokens_remaining: 1944, call: scores, phase: playing
2026-06-16 23:16:50, tokens_remaining: 1943, call: events, phase: playing
2026-06-16 23:16:52, tokens_remaining: 1942, call: scores, phase: playing
2026-06-16 23:16:52, tokens_remaining: 1942, call: scores, phase: playing
2026-06-16 23:16:54, tokens_remaining: 1941, call: scores, phase: playing
2026-06-16 23:16:55, tokens_remaining: 1941, call: scores, phase: playing
2026-06-16 23:16:56, tokens_remaining: 1940, call: scores, phase: playing
2026-06-16 23:16:57, tokens_remaining: 1940, call: scores, phase: playing
2026-06-16 23:16:58, tokens_remaining: 1939, call: scores, phase: playing
2026-06-16 23:16:59, tokens_remaining: 1939, call: scores, phase: playing
2026-06-16 23:17:00, tokens_remaining: 1938, call: scores, phase: playing
2026-06-16 23:17:01, tokens_remaining: 1937, call: events, phase: playing
2026-06-16 23:17:02, tokens_remaining: 1936, call: scores, phase: playing
2026-06-16 23:17:03, tokens_remaining: 1936, call: scores, phase: playing
2026-06-16 23:17:04, tokens_remaining: 1935, call: scores, phase: playing
2026-06-16 23:17:05, tokens_remaining: 1935, call: scores, phase: playing
2026-06-16 23:17:06, tokens_remaining: 1934, call: scores, phase: playing
2026-06-16 23:17:08, tokens_remaining: 1933, call: scores, phase: playing
2026-06-16 23:17:09, tokens_remaining: 1933, call: scores, phase: playing
2026-06-16 23:17:10, tokens_remaining: 1932, call: scores, phase: playing
2026-06-16 23:17:12, tokens_remaining: 1931, call: scores, phase: playing
2026-06-16 23:17:13, tokens_remaining: 1930, call: events, phase: playing
2026-06-16 23:17:14, tokens_remaining: 1929, call: scores, phase: playing
2026-06-16 23:17:15, tokens_remaining: 1929, call: scores, phase: playing
2026-06-16 23:17:16, tokens_remaining: 1928, call: scores, phase: playing
2026-06-16 23:17:17, tokens_remaining: 1928, call: scores, phase: playing
2026-06-16 23:17:18, tokens_remaining: 1927, call: scores, phase: playing
2026-06-16 23:17:19, tokens_remaining: 1927, call: scores, phase: playing
2026-06-16 23:17:20, tokens_remaining: 1926, call: scores, phase: playing
2026-06-16 23:17:21, tokens_remaining: 1926, call: scores, phase: playing
2026-06-16 23:17:22, tokens_remaining: 1925, call: scores, phase: playing
2026-06-16 23:17:23, tokens_remaining: 1924, call: events, phase: playing
2026-06-16 23:17:25, tokens_remaining: 1923, call: scores, phase: playing
2026-06-16 23:17:25, tokens_remaining: 1923, call: scores, phase: playing
2026-06-16 23:17:27, tokens_remaining: 1922, call: scores, phase: playing
2026-06-16 23:17:27, tokens_remaining: 1922, call: scores, phase: playing
2026-06-16 23:17:29, tokens_remaining: 1921, call: scores, phase: playing
2026-06-16 23:17:29, tokens_remaining: 1921, call: scores, phase: playing
2026-06-16 23:17:31, tokens_remaining: 1920, call: scores, phase: playing
2026-06-16 23:17:31, tokens_remaining: 1920, call: scores, phase: playing
2026-06-16 23:17:33, tokens_remaining: 1919, call: scores, phase: playing
2026-06-16 23:17:34, tokens_remaining: 1918, call: events, phase: playing
2026-06-16 23:17:35, tokens_remaining: 1917, call: scores, phase: playing
2026-06-16 23:17:36, tokens_remaining: 1917, call: scores, phase: playing
2026-06-16 23:17:37, tokens_remaining: 1916, call: scores, phase: playing
2026-06-16 23:17:38, tokens_remaining: 1916, call: scores, phase: playing
2026-06-16 23:17:39, tokens_remaining: 1915, call: scores, phase: playing
2026-06-16 23:17:40, tokens_remaining: 1915, call: scores, phase: playing
2026-06-16 23:17:41, tokens_remaining: 1914, call: scores, phase: playing
2026-06-16 23:17:42, tokens_remaining: 1914, call: scores, phase: playing
2026-06-16 23:17:43, tokens_remaining: 1913, call: scores, phase: playing
2026-06-16 23:17:44, tokens_remaining: 1912, call: events, phase: playing
2026-06-16 23:17:45, tokens_remaining: 1911, call: scores, phase: playing
2026-06-16 23:17:46, tokens_remaining: 1911, call: scores, phase: playing
2026-06-16 23:17:47, tokens_remaining: 1910, call: scores, phase: playing
2026-06-16 23:17:48, tokens_remaining: 1910, call: scores, phase: playing
2026-06-16 23:17:49, tokens_remaining: 1909, call: scores, phase: playing
2026-06-16 23:17:50, tokens_remaining: 1909, call: scores, phase: playing
2026-06-16 23:17:51, tokens_remaining: 1908, call: scores, phase: playing
2026-06-16 23:17:52, tokens_remaining: 1908, call: scores, phase: playing
2026-06-16 23:17:53, tokens_remaining: 1907, call: scores, phase: playing
2026-06-16 23:17:55, tokens_remaining: 1906, call: events, phase: playing
2026-06-16 23:17:56, tokens_remaining: 1905, call: scores, phase: playing
2026-06-16 23:17:57, tokens_remaining: 1905, call: scores, phase: playing
2026-06-16 23:17:58, tokens_remaining: 1904, call: scores, phase: playing
2026-06-16 23:17:59, tokens_remaining: 1904, call: scores, phase: playing
2026-06-16 23:18:00, tokens_remaining: 1903, call: scores, phase: playing
2026-06-16 23:18:01, tokens_remaining: 1903, call: scores, phase: playing
2026-06-16 23:18:02, tokens_remaining: 1902, call: scores, phase: playing
2026-06-16 23:18:03, tokens_remaining: 1902, call: scores, phase: playing
2026-06-16 23:18:04, tokens_remaining: 1901, call: scores, phase: playing
2026-06-16 23:18:05, tokens_remaining: 1900, call: events, phase: playing
2026-06-16 23:18:06, tokens_remaining: 1899, call: scores, phase: playing
2026-06-16 23:18:07, tokens_remaining: 1899, call: scores, phase: playing
2026-06-16 23:18:08, tokens_remaining: 1898, call: scores, phase: playing
2026-06-16 23:18:09, tokens_remaining: 1898, call: scores, phase: playing
2026-06-16 23:18:10, tokens_remaining: 1897, call: scores, phase: playing
2026-06-16 23:18:11, tokens_remaining: 1897, call: scores, phase: playing
2026-06-16 23:18:12, tokens_remaining: 1896, call: scores, phase: playing
2026-06-16 23:18:13, tokens_remaining: 1896, call: scores, phase: playing
2026-06-16 23:18:14, tokens_remaining: 1895, call: scores, phase: playing
2026-06-16 23:18:15, tokens_remaining: 1894, call: events, phase: playing
2026-06-16 23:18:16, tokens_remaining: 1893, call: scores, phase: playing
2026-06-16 23:18:17, tokens_remaining: 1893, call: scores, phase: playing
2026-06-16 23:18:18, tokens_remaining: 1892, call: scores, phase: playing
2026-06-16 23:18:19, tokens_remaining: 1892, call: scores, phase: playing
2026-06-16 23:18:20, tokens_remaining: 1891, call: scores, phase: playing
2026-06-16 23:18:21, tokens_remaining: 1891, call: scores, phase: playing
2026-06-16 23:18:22, tokens_remaining: 1890, call: scores, phase: playing
2026-06-16 23:18:23, tokens_remaining: 1890, call: scores, phase: playing
2026-06-16 23:18:24, tokens_remaining: 1889, call: scores, phase: playing
2026-06-16 23:18:25, tokens_remaining: 1888, call: events, phase: playing
2026-06-16 23:18:27, tokens_remaining: 1887, call: scores, phase: playing
2026-06-16 23:18:27, tokens_remaining: 1887, call: scores, phase: playing
2026-06-16 23:18:29, tokens_remaining: 1886, call: scores, phase: playing
2026-06-16 23:18:29, tokens_remaining: 1886, call: scores, phase: playing
2026-06-16 23:18:31, tokens_remaining: 1885, call: scores, phase: playing
2026-06-16 23:18:31, tokens_remaining: 1885, call: scores, phase: playing
2026-06-16 23:18:33, tokens_remaining: 1884, call: scores, phase: playing
2026-06-16 23:18:33, tokens_remaining: 1884, call: scores, phase: playing
2026-06-16 23:18:35, tokens_remaining: 1883, call: scores, phase: playing
2026-06-16 23:18:36, tokens_remaining: 1882, call: events, phase: playing
2026-06-16 23:18:37, tokens_remaining: 1881, call: scores, phase: playing
2026-06-16 23:18:38, tokens_remaining: 1881, call: scores, phase: playing
2026-06-16 23:18:39, tokens_remaining: 1880, call: scores, phase: playing
2026-06-16 23:18:40, tokens_remaining: 1880, call: scores, phase: playing
2026-06-16 23:18:41, tokens_remaining: 1879, call: scores, phase: playing
2026-06-16 23:18:42, tokens_remaining: 1879, call: scores, phase: playing
2026-06-16 23:18:43, tokens_remaining: 1878, call: scores, phase: playing
2026-06-16 23:18:44, tokens_remaining: 1878, call: scores, phase: playing
2026-06-16 23:18:45, tokens_remaining: 1877, call: scores, phase: playing
2026-06-16 23:18:46, tokens_remaining: 1876, call: events, phase: playing
2026-06-16 23:18:47, tokens_remaining: 1875, call: scores, phase: playing
2026-06-16 23:18:48, tokens_remaining: 1875, call: scores, phase: playing
2026-06-16 23:18:49, tokens_remaining: 1874, call: scores, phase: playing
2026-06-16 23:18:50, tokens_remaining: 1874, call: scores, phase: playing
2026-06-16 23:18:51, tokens_remaining: 1873, call: scores, phase: playing
2026-06-16 23:18:52, tokens_remaining: 1873, call: scores, phase: playing
2026-06-16 23:18:53, tokens_remaining: 1872, call: scores, phase: playing
2026-06-16 23:18:54, tokens_remaining: 1872, call: scores, phase: playing
2026-06-16 23:18:55, tokens_remaining: 1871, call: scores, phase: playing
2026-06-16 23:18:56, tokens_remaining: 1870, call: events, phase: playing
2026-06-16 23:18:57, tokens_remaining: 1869, call: scores, phase: playing
2026-06-16 23:18:58, tokens_remaining: 1869, call: scores, phase: playing
2026-06-16 23:18:59, tokens_remaining: 1868, call: scores, phase: playing
2026-06-16 23:19:00, tokens_remaining: 1868, call: scores, phase: playing
2026-06-16 23:19:01, tokens_remaining: 1867, call: scores, phase: playing
2026-06-16 23:19:02, tokens_remaining: 1867, call: scores, phase: playing
2026-06-16 23:19:03, tokens_remaining: 1866, call: scores, phase: playing
2026-06-16 23:19:04, tokens_remaining: 1866, call: scores, phase: playing
2026-06-16 23:19:05, tokens_remaining: 1865, call: scores, phase: playing
2026-06-16 23:19:06, tokens_remaining: 1864, call: events, phase: playing
2026-06-16 23:19:07, tokens_remaining: 1863, call: scores, phase: playing
2026-06-16 23:19:08, tokens_remaining: 1863, call: scores, phase: playing
2026-06-16 23:19:09, tokens_remaining: 1862, call: scores, phase: playing
2026-06-16 23:19:10, tokens_remaining: 1862, call: scores, phase: playing
2026-06-16 23:19:11, tokens_remaining: 1861, call: scores, phase: playing
2026-06-16 23:19:12, tokens_remaining: 1861, call: scores, phase: playing
2026-06-16 23:19:13, tokens_remaining: 1860, call: scores, phase: playing
2026-06-16 23:19:14, tokens_remaining: 1860, call: scores, phase: playing
2026-06-16 23:19:15, tokens_remaining: 1859, call: scores, phase: playing
2026-06-16 23:19:16, tokens_remaining: 1858, call: events, phase: playing
2026-06-16 23:19:18, tokens_remaining: 1857, call: scores, phase: playing
2026-06-16 23:19:18, tokens_remaining: 1857, call: scores, phase: playing
2026-06-16 23:19:20, tokens_remaining: 1856, call: scores, phase: playing
2026-06-16 23:19:20, tokens_remaining: 1856, call: scores, phase: playing
2026-06-16 23:19:22, tokens_remaining: 1855, call: scores, phase: playing
2026-06-16 23:19:22, tokens_remaining: 1855, call: scores, phase: playing
2026-06-16 23:19:23, tokens_remaining: 1854, call: scores, phase: playing
2026-06-16 23:19:24, tokens_remaining: 1854, call: scores, phase: playing
2026-06-16 23:19:25, tokens_remaining: 1853, call: scores, phase: playing
2026-06-16 23:19:27, tokens_remaining: 1852, call: events, phase: playing
2026-06-16 23:19:28, tokens_remaining: 1851, call: scores, phase: playing
2026-06-16 23:19:29, tokens_remaining: 1851, call: scores, phase: playing
2026-06-16 23:19:30, tokens_remaining: 1850, call: scores, phase: playing
2026-06-16 23:19:31, tokens_remaining: 1850, call: scores, phase: playing
2026-06-16 23:19:32, tokens_remaining: 1849, call: scores, phase: playing
2026-06-16 23:19:32, tokens_remaining: 1849, call: scores, phase: playing
2026-06-16 23:19:34, tokens_remaining: 1848, call: scores, phase: playing
2026-06-16 23:19:34, tokens_remaining: 1848, call: scores, phase: playing
2026-06-16 23:19:36, tokens_remaining: 1847, call: scores, phase: playing
2026-06-16 23:19:37, tokens_remaining: 1846, call: events, phase: playing
2026-06-16 23:19:38, tokens_remaining: 1845, call: scores, phase: playing
2026-06-16 23:19:39, tokens_remaining: 1845, call: scores, phase: playing
2026-06-16 23:19:40, tokens_remaining: 1844, call: scores, phase: playing
2026-06-16 23:19:41, tokens_remaining: 1844, call: scores, phase: playing
2026-06-16 23:19:42, tokens_remaining: 1843, call: scores, phase: playing
2026-06-16 23:19:42, tokens_remaining: 1843, call: scores, phase: playing
2026-06-16 23:19:44, tokens_remaining: 1842, call: scores, phase: playing
2026-06-16 23:19:44, tokens_remaining: 1842, call: scores, phase: playing
2026-06-16 23:19:46, tokens_remaining: 1841, call: scores, phase: playing
2026-06-16 23:19:47, tokens_remaining: 1840, call: events, phase: playing
2026-06-16 23:19:48, tokens_remaining: 1839, call: scores, phase: playing
2026-06-16 23:19:49, tokens_remaining: 1839, call: scores, phase: playing
2026-06-16 23:19:50, tokens_remaining: 1838, call: scores, phase: playing
2026-06-16 23:19:51, tokens_remaining: 1838, call: scores, phase: playing
2026-06-16 23:19:52, tokens_remaining: 1837, call: scores, phase: playing
2026-06-16 23:19:52, tokens_remaining: 1837, call: scores, phase: playing
2026-06-16 23:19:54, tokens_remaining: 1836, call: scores, phase: playing
2026-06-16 23:19:54, tokens_remaining: 1836, call: scores, phase: playing
2026-06-16 23:19:56, tokens_remaining: 1835, call: scores, phase: playing
2026-06-16 23:19:57, tokens_remaining: 1834, call: events, phase: playing
2026-06-16 23:19:58, tokens_remaining: 1833, call: scores, phase: playing
2026-06-16 23:19:59, tokens_remaining: 1833, call: scores, phase: playing
2026-06-16 23:20:00, tokens_remaining: 1832, call: scores, phase: playing
2026-06-16 23:20:01, tokens_remaining: 1832, call: scores, phase: playing
2026-06-16 23:20:02, tokens_remaining: 1831, call: scores, phase: playing
2026-06-16 23:20:03, tokens_remaining: 1831, call: scores, phase: playing
2026-06-16 23:20:04, tokens_remaining: 1830, call: scores, phase: playing
2026-06-16 23:20:04, tokens_remaining: 1830, call: scores, phase: playing
2026-06-16 23:20:06, tokens_remaining: 1829, call: scores, phase: playing
2026-06-16 23:20:07, tokens_remaining: 1828, call: events, phase: playing
2026-06-16 23:20:08, tokens_remaining: 1827, call: scores, phase: playing
2026-06-16 23:20:09, tokens_remaining: 1827, call: scores, phase: playing
2026-06-16 23:20:10, tokens_remaining: 1826, call: scores, phase: playing
2026-06-16 23:20:11, tokens_remaining: 1826, call: scores, phase: playing
2026-06-16 23:20:12, tokens_remaining: 1825, call: scores, phase: playing
2026-06-16 23:20:13, tokens_remaining: 1825, call: scores, phase: playing
2026-06-16 23:20:14, tokens_remaining: 1824, call: scores, phase: playing
2026-06-16 23:20:14, tokens_remaining: 1824, call: scores, phase: playing
2026-06-16 23:20:16, tokens_remaining: 1823, call: scores, phase: playing
2026-06-16 23:20:17, tokens_remaining: 1822, call: events, phase: playing
2026-06-16 23:20:18, tokens_remaining: 1821, call: scores, phase: playing
2026-06-16 23:20:19, tokens_remaining: 1821, call: scores, phase: playing
2026-06-16 23:20:20, tokens_remaining: 1820, call: scores, phase: playing
2026-06-16 23:20:21, tokens_remaining: 1820, call: scores, phase: playing
2026-06-16 23:20:22, tokens_remaining: 1819, call: scores, phase: playing
2026-06-16 23:20:22, tokens_remaining: 1819, call: scores, phase: playing
2026-06-16 23:20:24, tokens_remaining: 1818, call: scores, phase: playing
2026-06-16 23:20:24, tokens_remaining: 1818, call: scores, phase: playing
2026-06-16 23:20:25, tokens_remaining: 1817, call: scores, phase: playing
2026-06-16 23:20:27, tokens_remaining: 1816, call: events, phase: playing
2026-06-16 23:20:28, tokens_remaining: 1815, call: scores, phase: playing
2026-06-16 23:20:29, tokens_remaining: 1815, call: scores, phase: playing
2026-06-16 23:20:30, tokens_remaining: 1814, call: scores, phase: playing
2026-06-16 23:20:30, tokens_remaining: 1814, call: scores, phase: playing
2026-06-16 23:20:32, tokens_remaining: 1813, call: scores, phase: playing
2026-06-16 23:20:32, tokens_remaining: 1813, call: scores, phase: playing
2026-06-16 23:20:33, tokens_remaining: 1812, call: scores, phase: playing
2026-06-16 23:20:34, tokens_remaining: 1812, call: scores, phase: playing
2026-06-16 23:20:35, tokens_remaining: 1811, call: scores, phase: playing
2026-06-16 23:20:36, tokens_remaining: 1810, call: events, phase: playing
2026-06-16 23:20:38, tokens_remaining: 1809, call: scores, phase: playing
2026-06-16 23:20:38, tokens_remaining: 1809, call: scores, phase: playing
2026-06-16 23:20:39, tokens_remaining: 1808, call: scores, phase: playing
2026-06-16 23:20:40, tokens_remaining: 1808, call: scores, phase: playing
2026-06-16 23:20:41, tokens_remaining: 1807, call: scores, phase: playing
2026-06-16 23:20:42, tokens_remaining: 1807, call: scores, phase: playing
2026-06-16 23:20:43, tokens_remaining: 1806, call: scores, phase: playing
2026-06-16 23:20:44, tokens_remaining: 1806, call: scores, phase: playing
2026-06-16 23:20:45, tokens_remaining: 1805, call: scores, phase: playing
2026-06-16 23:20:46, tokens_remaining: 1804, call: events, phase: playing
2026-06-16 23:20:48, tokens_remaining: 1803, call: scores, phase: playing
2026-06-16 23:20:48, tokens_remaining: 1803, call: scores, phase: playing
2026-06-16 23:20:49, tokens_remaining: 1802, call: scores, phase: playing
2026-06-16 23:20:50, tokens_remaining: 1802, call: scores, phase: playing
2026-06-16 23:20:51, tokens_remaining: 1801, call: scores, phase: playing
2026-06-16 23:20:52, tokens_remaining: 1801, call: scores, phase: playing
2026-06-16 23:20:53, tokens_remaining: 1800, call: scores, phase: playing
2026-06-16 23:20:54, tokens_remaining: 1800, call: scores, phase: playing
2026-06-16 23:20:55, tokens_remaining: 1799, call: scores, phase: playing
2026-06-16 23:20:56, tokens_remaining: 1798, call: events, phase: playing
2026-06-16 23:20:57, tokens_remaining: 1797, call: scores, phase: playing
2026-06-16 23:20:58, tokens_remaining: 1797, call: scores, phase: playing
2026-06-16 23:20:59, tokens_remaining: 1796, call: scores, phase: playing
2026-06-16 23:21:00, tokens_remaining: 1796, call: scores, phase: playing
2026-06-16 23:21:01, tokens_remaining: 1795, call: scores, phase: playing
2026-06-16 23:21:02, tokens_remaining: 1795, call: scores, phase: playing
2026-06-16 23:21:03, tokens_remaining: 1794, call: scores, phase: playing
2026-06-16 23:21:04, tokens_remaining: 1794, call: scores, phase: playing
2026-06-16 23:21:05, tokens_remaining: 1793, call: scores, phase: playing
2026-06-16 23:21:06, tokens_remaining: 1792, call: events, phase: playing
2026-06-16 23:21:07, tokens_remaining: 1791, call: scores, phase: playing
2026-06-16 23:21:08, tokens_remaining: 1791, call: scores, phase: playing
2026-06-16 23:21:09, tokens_remaining: 1790, call: scores, phase: playing
2026-06-16 23:21:10, tokens_remaining: 1790, call: scores, phase: playing
2026-06-16 23:21:11, tokens_remaining: 1789, call: scores, phase: playing
2026-06-16 23:21:12, tokens_remaining: 1789, call: scores, phase: playing
2026-06-16 23:21:13, tokens_remaining: 1788, call: scores, phase: playing
2026-06-16 23:21:14, tokens_remaining: 1788, call: scores, phase: playing
2026-06-16 23:21:15, tokens_remaining: 1787, call: scores, phase: playing
2026-06-16 23:21:16, tokens_remaining: 1786, call: events, phase: playing
2026-06-16 23:21:17, tokens_remaining: 1785, call: scores, phase: playing
2026-06-16 23:21:18, tokens_remaining: 1785, call: scores, phase: playing
2026-06-16 23:21:19, tokens_remaining: 1784, call: scores, phase: playing
2026-06-16 23:21:20, tokens_remaining: 1784, call: scores, phase: playing
2026-06-16 23:21:21, tokens_remaining: 1783, call: scores, phase: playing
2026-06-16 23:21:22, tokens_remaining: 1783, call: scores, phase: playing
2026-06-16 23:21:23, tokens_remaining: 1782, call: scores, phase: playing
2026-06-16 23:21:24, tokens_remaining: 1782, call: scores, phase: playing
2026-06-16 23:21:25, tokens_remaining: 1781, call: scores, phase: playing
2026-06-16 23:21:26, tokens_remaining: 1780, call: events, phase: playing
2026-06-16 23:21:27, tokens_remaining: 1779, call: scores, phase: playing
2026-06-16 23:21:28, tokens_remaining: 1779, call: scores, phase: playing
2026-06-16 23:21:29, tokens_remaining: 1778, call: scores, phase: playing
2026-06-16 23:21:30, tokens_remaining: 1778, call: scores, phase: playing
2026-06-16 23:21:31, tokens_remaining: 1777, call: scores, phase: playing
2026-06-16 23:21:31, tokens_remaining: 1777, call: scores, phase: playing
2026-06-16 23:21:33, tokens_remaining: 1776, call: scores, phase: playing
2026-06-16 23:21:33, tokens_remaining: 1776, call: scores, phase: playing
2026-06-16 23:21:34, tokens_remaining: 1775, call: scores, phase: playing
2026-06-16 23:21:36, tokens_remaining: 1774, call: events, phase: playing
2026-06-16 23:21:37, tokens_remaining: 1773, call: scores, phase: playing
2026-06-16 23:21:37, tokens_remaining: 1773, call: scores, phase: playing
2026-06-16 23:21:38, tokens_remaining: 1772, call: scores, phase: playing
2026-06-16 23:21:39, tokens_remaining: 1772, call: scores, phase: playing
2026-06-16 23:21:40, tokens_remaining: 1771, call: scores, phase: playing
2026-06-16 23:21:41, tokens_remaining: 1771, call: scores, phase: playing
2026-06-16 23:21:42, tokens_remaining: 1770, call: scores, phase: playing
2026-06-16 23:21:43, tokens_remaining: 1770, call: scores, phase: playing
2026-06-16 23:21:44, tokens_remaining: 1769, call: scores, phase: playing
2026-06-16 23:21:45, tokens_remaining: 1768, call: events, phase: playing
2026-06-16 23:21:46, tokens_remaining: 1767, call: scores, phase: playing
2026-06-16 23:21:47, tokens_remaining: 1767, call: scores, phase: playing
2026-06-16 23:21:48, tokens_remaining: 1766, call: scores, phase: playing
2026-06-16 23:21:49, tokens_remaining: 1766, call: scores, phase: playing
2026-06-16 23:21:50, tokens_remaining: 1765, call: scores, phase: playing
2026-06-16 23:21:51, tokens_remaining: 1765, call: scores, phase: playing
2026-06-16 23:21:52, tokens_remaining: 1764, call: scores, phase: playing
2026-06-16 23:21:53, tokens_remaining: 1764, call: scores, phase: playing
2026-06-16 23:21:54, tokens_remaining: 1763, call: scores, phase: playing
2026-06-16 23:21:55, tokens_remaining: 1762, call: events, phase: playing
2026-06-16 23:21:56, tokens_remaining: 1761, call: scores, phase: playing
2026-06-16 23:21:57, tokens_remaining: 1761, call: scores, phase: playing
2026-06-16 23:21:58, tokens_remaining: 1760, call: scores, phase: playing
2026-06-16 23:21:59, tokens_remaining: 1760, call: scores, phase: playing
2026-06-16 23:22:00, tokens_remaining: 1759, call: scores, phase: playing
2026-06-16 23:22:00, tokens_remaining: 1759, call: scores, phase: playing
2026-06-16 23:22:02, tokens_remaining: 1758, call: scores, phase: playing
2026-06-16 23:22:02, tokens_remaining: 1758, call: scores, phase: playing
2026-06-16 23:22:03, tokens_remaining: 1757, call: scores, phase: playing
2026-06-16 23:22:05, tokens_remaining: 1756, call: events, phase: playing
2026-06-16 23:22:06, tokens_remaining: 1755, call: scores, phase: playing
2026-06-16 23:22:06, tokens_remaining: 1755, call: scores, phase: playing
2026-06-16 23:22:07, tokens_remaining: 1754, call: scores, phase: playing
2026-06-16 23:22:08, tokens_remaining: 1754, call: scores, phase: playing
2026-06-16 23:22:09, tokens_remaining: 1753, call: scores, phase: playing
2026-06-16 23:22:10, tokens_remaining: 1753, call: scores, phase: playing
2026-06-16 23:22:11, tokens_remaining: 1752, call: scores, phase: playing
2026-06-16 23:22:12, tokens_remaining: 1752, call: scores, phase: playing
2026-06-16 23:22:13, tokens_remaining: 1751, call: scores, phase: playing
2026-06-16 23:22:14, tokens_remaining: 1750, call: events, phase: playing
2026-06-16 23:22:15, tokens_remaining: 1749, call: scores, phase: playing
2026-06-16 23:22:16, tokens_remaining: 1749, call: scores, phase: playing
2026-06-16 23:22:17, tokens_remaining: 1748, call: scores, phase: playing
2026-06-16 23:22:18, tokens_remaining: 1748, call: scores, phase: playing
2026-06-16 23:22:19, tokens_remaining: 1747, call: scores, phase: playing
2026-06-16 23:22:20, tokens_remaining: 1747, call: scores, phase: playing
2026-06-16 23:22:21, tokens_remaining: 1746, call: scores, phase: playing
2026-06-16 23:22:22, tokens_remaining: 1746, call: scores, phase: playing
2026-06-16 23:22:23, tokens_remaining: 1745, call: scores, phase: playing
2026-06-16 23:22:24, tokens_remaining: 1744, call: events, phase: playing
2026-06-16 23:22:25, tokens_remaining: 1743, call: scores, phase: playing
2026-06-16 23:22:26, tokens_remaining: 1743, call: scores, phase: playing
2026-06-16 23:22:27, tokens_remaining: 1742, call: scores, phase: playing
2026-06-16 23:22:27, tokens_remaining: 1742, call: scores, phase: playing
2026-06-16 23:22:28, tokens_remaining: 1741, call: scores, phase: playing
2026-06-16 23:22:29, tokens_remaining: 1741, call: scores, phase: playing
2026-06-16 23:22:30, tokens_remaining: 1740, call: scores, phase: playing
2026-06-16 23:22:31, tokens_remaining: 1740, call: scores, phase: playing
2026-06-16 23:22:32, tokens_remaining: 1739, call: scores, phase: playing
2026-06-16 23:22:33, tokens_remaining: 1738, call: events, phase: playing
2026-06-16 23:22:34, tokens_remaining: 1737, call: scores, phase: playing
2026-06-16 23:22:35, tokens_remaining: 1737, call: scores, phase: playing
2026-06-16 23:22:36, tokens_remaining: 1736, call: scores, phase: playing
2026-06-16 23:22:37, tokens_remaining: 1736, call: scores, phase: playing
2026-06-16 23:22:38, tokens_remaining: 1735, call: scores, phase: playing
2026-06-16 23:22:39, tokens_remaining: 1735, call: scores, phase: playing
2026-06-16 23:22:40, tokens_remaining: 1734, call: scores, phase: playing
2026-06-16 23:22:41, tokens_remaining: 1734, call: scores, phase: playing
2026-06-16 23:22:42, tokens_remaining: 1733, call: scores, phase: playing
2026-06-16 23:22:43, tokens_remaining: 1732, call: events, phase: playing
2026-06-16 23:22:44, tokens_remaining: 1731, call: scores, phase: playing
2026-06-16 23:22:45, tokens_remaining: 1731, call: scores, phase: playing
2026-06-16 23:22:46, tokens_remaining: 1730, call: scores, phase: playing
2026-06-16 23:22:46, tokens_remaining: 1730, call: scores, phase: playing
2026-06-16 23:22:47, tokens_remaining: 1729, call: scores, phase: playing
2026-06-16 23:22:48, tokens_remaining: 1729, call: scores, phase: playing
2026-06-16 23:22:49, tokens_remaining: 1728, call: scores, phase: playing
2026-06-16 23:22:50, tokens_remaining: 1728, call: scores, phase: playing
2026-06-16 23:22:51, tokens_remaining: 1727, call: scores, phase: playing
2026-06-16 23:22:52, tokens_remaining: 1726, call: events, phase: playing
2026-06-16 23:22:53, tokens_remaining: 1725, call: scores, phase: playing
2026-06-16 23:22:54, tokens_remaining: 1725, call: scores, phase: playing
2026-06-16 23:22:55, tokens_remaining: 1724, call: scores, phase: playing
2026-06-16 23:22:56, tokens_remaining: 1724, call: scores, phase: playing
2026-06-16 23:22:57, tokens_remaining: 1723, call: scores, phase: playing
2026-06-16 23:22:58, tokens_remaining: 1723, call: scores, phase: playing
2026-06-16 23:22:59, tokens_remaining: 1722, call: scores, phase: playing
2026-06-16 23:23:00, tokens_remaining: 1722, call: scores, phase: playing
2026-06-16 23:23:01, tokens_remaining: 1721, call: scores, phase: playing
2026-06-16 23:23:02, tokens_remaining: 1720, call: events, phase: playing
2026-06-16 23:23:03, tokens_remaining: 1719, call: scores, phase: playing
2026-06-16 23:23:04, tokens_remaining: 1719, call: scores, phase: playing
2026-06-16 23:23:05, tokens_remaining: 1718, call: scores, phase: playing
2026-06-16 23:23:05, tokens_remaining: 1718, call: scores, phase: playing
2026-06-16 23:23:06, tokens_remaining: 1717, call: scores, phase: playing
2026-06-16 23:23:07, tokens_remaining: 1717, call: scores, phase: playing
2026-06-16 23:23:08, tokens_remaining: 1716, call: scores, phase: playing
2026-06-16 23:23:09, tokens_remaining: 1716, call: scores, phase: playing
2026-06-16 23:23:10, tokens_remaining: 1715, call: scores, phase: playing
2026-06-16 23:23:11, tokens_remaining: 1714, call: events, phase: playing
2026-06-16 23:23:12, tokens_remaining: 1713, call: scores, phase: playing
2026-06-16 23:23:13, tokens_remaining: 1713, call: scores, phase: playing
2026-06-16 23:23:14, tokens_remaining: 1712, call: scores, phase: playing
2026-06-16 23:23:15, tokens_remaining: 1712, call: scores, phase: playing
2026-06-16 23:23:16, tokens_remaining: 1711, call: scores, phase: playing
2026-06-16 23:23:17, tokens_remaining: 1711, call: scores, phase: playing
2026-06-16 23:23:18, tokens_remaining: 1710, call: scores, phase: playing
2026-06-16 23:23:18, GOAL: Austria (Austria 1-0 Jordan)
2026-06-16 23:23:19, tokens_remaining: 1710, call: scores, phase: playing
2026-06-16 23:23:20, tokens_remaining: 1709, call: scores, phase: playing
2026-06-16 23:23:21, tokens_remaining: 1708, call: events, phase: playing
2026-06-16 23:23:22, tokens_remaining: 1707, call: scores, phase: playing
2026-06-16 23:23:23, tokens_remaining: 1707, call: scores, phase: playing
2026-06-16 23:23:24, tokens_remaining: 1706, call: scores, phase: playing
2026-06-16 23:23:24, tokens_remaining: 1706, call: scores, phase: playing
2026-06-16 23:23:25, tokens_remaining: 1705, call: scores, phase: playing
2026-06-16 23:23:26, tokens_remaining: 1705, call: scores, phase: playing
2026-06-16 23:23:27, tokens_remaining: 1704, call: scores, phase: playing
2026-06-16 23:23:28, tokens_remaining: 1704, call: scores, phase: playing
2026-06-16 23:23:29, tokens_remaining: 1703, call: scores, phase: playing
2026-06-16 23:23:30, tokens_remaining: 1702, call: events, phase: playing
2026-06-16 23:23:31, tokens_remaining: 1701, call: scores, phase: playing
2026-06-16 23:23:32, tokens_remaining: 1701, call: scores, phase: playing
2026-06-16 23:23:33, tokens_remaining: 1700, call: scores, phase: playing
2026-06-16 23:23:34, tokens_remaining: 1700, call: scores, phase: playing
2026-06-16 23:23:35, tokens_remaining: 1699, call: scores, phase: playing
2026-06-16 23:23:36, tokens_remaining: 1699, call: scores, phase: playing
2026-06-16 23:23:37, tokens_remaining: 1698, call: scores, phase: playing
2026-06-16 23:23:37, tokens_remaining: 1698, call: scores, phase: playing
2026-06-16 23:23:38, tokens_remaining: 1697, call: scores, phase: playing
2026-06-16 23:23:39, tokens_remaining: 1696, call: events, phase: playing
2026-06-16 23:23:39, EVENT: GOAL 21' Romano Schmid (1-0) [Austria vs Jordan]
2026-06-16 23:23:40, tokens_remaining: 1695, call: scores, phase: playing
2026-06-16 23:23:41, tokens_remaining: 1695, call: scores, phase: playing
2026-06-16 23:23:42, tokens_remaining: 1694, call: scores, phase: playing
2026-06-16 23:23:43, tokens_remaining: 1694, call: scores, phase: playing
2026-06-16 23:23:44, tokens_remaining: 1693, call: scores, phase: playing
2026-06-16 23:23:45, tokens_remaining: 1693, call: scores, phase: playing
2026-06-16 23:23:46, tokens_remaining: 1692, call: scores, phase: playing
2026-06-16 23:23:47, tokens_remaining: 1692, call: scores, phase: playing
2026-06-16 23:23:48, tokens_remaining: 1691, call: scores, phase: playing
2026-06-16 23:23:49, tokens_remaining: 1690, call: events, phase: playing
2026-06-16 23:23:50, tokens_remaining: 1689, call: scores, phase: playing
2026-06-16 23:23:51, tokens_remaining: 1689, call: scores, phase: playing
2026-06-16 23:23:52, tokens_remaining: 1688, call: scores, phase: playing
2026-06-16 23:23:52, tokens_remaining: 1688, call: scores, phase: playing
2026-06-16 23:23:53, tokens_remaining: 1687, call: scores, phase: playing
2026-06-16 23:23:54, tokens_remaining: 1687, call: scores, phase: playing
2026-06-16 23:23:55, tokens_remaining: 1686, call: scores, phase: playing
2026-06-16 23:23:56, tokens_remaining: 1686, call: scores, phase: playing
2026-06-16 23:23:57, tokens_remaining: 1685, call: scores, phase: playing
2026-06-16 23:23:58, tokens_remaining: 1684, call: events, phase: playing
2026-06-16 23:23:59, tokens_remaining: 1683, call: scores, phase: playing
2026-06-16 23:24:00, tokens_remaining: 1683, call: scores, phase: playing
2026-06-16 23:24:01, tokens_remaining: 1682, call: scores, phase: playing
2026-06-16 23:24:02, tokens_remaining: 1682, call: scores, phase: playing
2026-06-16 23:24:03, tokens_remaining: 1681, call: scores, phase: playing
2026-06-16 23:24:03, tokens_remaining: 1681, call: scores, phase: playing
2026-06-16 23:24:04, tokens_remaining: 1680, call: scores, phase: playing
2026-06-16 23:24:05, tokens_remaining: 1680, call: scores, phase: playing
2026-06-16 23:24:06, tokens_remaining: 1679, call: scores, phase: playing
2026-06-16 23:24:07, tokens_remaining: 1678, call: events, phase: playing
2026-06-16 23:24:08, tokens_remaining: 1677, call: scores, phase: playing
2026-06-16 23:24:09, tokens_remaining: 1677, call: scores, phase: playing
2026-06-16 23:24:10, tokens_remaining: 1676, call: scores, phase: playing
2026-06-16 23:24:11, tokens_remaining: 1676, call: scores, phase: playing
2026-06-16 23:24:12, tokens_remaining: 1675, call: scores, phase: playing
2026-06-16 23:24:13, tokens_remaining: 1675, call: scores, phase: playing
2026-06-16 23:24:14, tokens_remaining: 1674, call: scores, phase: playing
2026-06-16 23:24:14, tokens_remaining: 1674, call: scores, phase: playing
2026-06-16 23:24:15, tokens_remaining: 1673, call: scores, phase: playing
2026-06-16 23:24:16, tokens_remaining: 1672, call: events, phase: playing
2026-06-16 23:24:17, tokens_remaining: 1671, call: scores, phase: playing
2026-06-16 23:24:18, tokens_remaining: 1671, call: scores, phase: playing
2026-06-16 23:24:19, tokens_remaining: 1670, call: scores, phase: playing
2026-06-16 23:24:20, tokens_remaining: 1670, call: scores, phase: playing
2026-06-16 23:24:21, tokens_remaining: 1669, call: scores, phase: playing
2026-06-16 23:24:22, tokens_remaining: 1669, call: scores, phase: playing
2026-06-16 23:24:23, tokens_remaining: 1668, call: scores, phase: playing
2026-06-16 23:24:24, tokens_remaining: 1668, call: scores, phase: playing
2026-06-16 23:24:25, tokens_remaining: 1667, call: scores, phase: playing
2026-06-16 23:24:26, tokens_remaining: 1666, call: events, phase: playing
2026-06-16 23:24:27, tokens_remaining: 1665, call: scores, phase: playing
2026-06-16 23:24:27, tokens_remaining: 1665, call: scores, phase: playing
2026-06-16 23:24:29, tokens_remaining: 1664, call: scores, phase: playing
2026-06-16 23:24:29, tokens_remaining: 1664, call: scores, phase: playing
2026-06-16 23:24:30, tokens_remaining: 1663, call: scores, phase: playing
2026-06-16 23:24:31, tokens_remaining: 1663, call: scores, phase: playing
2026-06-16 23:24:32, tokens_remaining: 1662, call: scores, phase: playing
2026-06-16 23:24:33, tokens_remaining: 1662, call: scores, phase: playing
2026-06-16 23:24:34, tokens_remaining: 1661, call: scores, phase: playing
2026-06-16 23:24:35, tokens_remaining: 1660, call: events, phase: playing
2026-06-16 23:24:36, tokens_remaining: 1659, call: scores, phase: playing
2026-06-16 23:24:37, tokens_remaining: 1659, call: scores, phase: playing
2026-06-16 23:24:38, tokens_remaining: 1658, call: scores, phase: playing
2026-06-16 23:24:38, tokens_remaining: 1658, call: scores, phase: playing
2026-06-16 23:24:39, tokens_remaining: 1657, call: scores, phase: playing
2026-06-16 23:24:40, tokens_remaining: 1657, call: scores, phase: playing
2026-06-16 23:24:41, tokens_remaining: 1656, call: scores, phase: playing
2026-06-16 23:24:42, tokens_remaining: 1656, call: scores, phase: playing
2026-06-16 23:24:43, tokens_remaining: 1655, call: scores, phase: playing
2026-06-16 23:24:44, tokens_remaining: 1654, call: events, phase: playing
2026-06-16 23:24:45, tokens_remaining: 1653, call: scores, phase: playing
2026-06-16 23:24:46, tokens_remaining: 1653, call: scores, phase: playing
2026-06-16 23:24:47, tokens_remaining: 1652, call: scores, phase: playing
2026-06-16 23:24:48, tokens_remaining: 1652, call: scores, phase: playing
2026-06-16 23:24:49, tokens_remaining: 1651, call: scores, phase: playing
2026-06-16 23:24:49, tokens_remaining: 1651, call: scores, phase: playing
2026-06-16 23:24:50, tokens_remaining: 1650, call: scores, phase: playing
2026-06-16 23:24:51, tokens_remaining: 1650, call: scores, phase: playing
2026-06-16 23:24:52, tokens_remaining: 1649, call: scores, phase: playing
2026-06-16 23:24:53, tokens_remaining: 1648, call: events, phase: playing
2026-06-16 23:24:54, tokens_remaining: 1647, call: scores, phase: playing
2026-06-16 23:24:55, tokens_remaining: 1647, call: scores, phase: playing
2026-06-16 23:24:56, tokens_remaining: 1646, call: scores, phase: playing
2026-06-16 23:24:57, tokens_remaining: 1646, call: scores, phase: playing
2026-06-16 23:24:58, tokens_remaining: 1645, call: scores, phase: playing
2026-06-16 23:24:58, tokens_remaining: 1645, call: scores, phase: playing
2026-06-16 23:24:59, tokens_remaining: 1644, call: scores, phase: playing
2026-06-16 23:25:00, tokens_remaining: 1644, call: scores, phase: playing
2026-06-16 23:25:01, tokens_remaining: 1643, call: scores, phase: playing
2026-06-16 23:25:02, tokens_remaining: 1642, call: events, phase: playing
2026-06-16 23:25:03, tokens_remaining: 1641, call: scores, phase: playing
2026-06-16 23:25:04, tokens_remaining: 1641, call: scores, phase: playing
2026-06-16 23:25:05, tokens_remaining: 1640, call: scores, phase: playing
2026-06-16 23:25:06, tokens_remaining: 1640, call: scores, phase: playing
2026-06-16 23:25:07, tokens_remaining: 1639, call: scores, phase: playing
2026-06-16 23:25:08, tokens_remaining: 1639, call: scores, phase: playing
2026-06-16 23:25:09, tokens_remaining: 1638, call: scores, phase: playing
2026-06-16 23:25:09, tokens_remaining: 1638, call: scores, phase: playing
2026-06-16 23:25:10, tokens_remaining: 1637, call: scores, phase: playing
2026-06-16 23:25:11, tokens_remaining: 1636, call: events, phase: playing
2026-06-16 23:25:12, tokens_remaining: 1635, call: scores, phase: playing
2026-06-16 23:25:13, tokens_remaining: 1635, call: scores, phase: playing
2026-06-16 23:25:14, tokens_remaining: 1634, call: scores, phase: playing
2026-06-16 23:25:15, tokens_remaining: 1634, call: scores, phase: playing
2026-06-16 23:25:16, tokens_remaining: 1633, call: scores, phase: playing
2026-06-16 23:25:17, tokens_remaining: 1633, call: scores, phase: playing
2026-06-16 23:25:18, tokens_remaining: 1632, call: scores, phase: playing
2026-06-16 23:25:18, tokens_remaining: 1632, call: scores, phase: playing
2026-06-16 23:25:19, tokens_remaining: 1631, call: scores, phase: playing
2026-06-16 23:25:20, tokens_remaining: 1630, call: events, phase: playing
2026-06-16 23:25:21, tokens_remaining: 1629, call: scores, phase: playing
2026-06-16 23:25:22, tokens_remaining: 1629, call: scores, phase: playing
2026-06-16 23:25:23, tokens_remaining: 1628, call: scores, phase: playing
2026-06-16 23:25:24, tokens_remaining: 1628, call: scores, phase: playing
2026-06-16 23:25:25, tokens_remaining: 1627, call: scores, phase: playing
2026-06-16 23:25:26, tokens_remaining: 1627, call: scores, phase: playing
2026-06-16 23:25:27, tokens_remaining: 1626, call: scores, phase: playing
2026-06-16 23:25:27, tokens_remaining: 1626, call: scores, phase: playing
2026-06-16 23:25:28, tokens_remaining: 1625, call: scores, phase: playing
2026-06-16 23:25:29, tokens_remaining: 1624, call: events, phase: playing
2026-06-16 23:25:30, tokens_remaining: 1623, call: scores, phase: playing
2026-06-16 23:25:31, tokens_remaining: 1623, call: scores, phase: playing
2026-06-16 23:25:32, tokens_remaining: 1622, call: scores, phase: playing
2026-06-16 23:25:33, tokens_remaining: 1622, call: scores, phase: playing
2026-06-16 23:25:34, tokens_remaining: 1621, call: scores, phase: playing
2026-06-16 23:25:35, tokens_remaining: 1621, call: scores, phase: playing
2026-06-16 23:25:36, tokens_remaining: 1620, call: scores, phase: playing
2026-06-16 23:25:36, tokens_remaining: 1620, call: scores, phase: playing
2026-06-16 23:25:37, tokens_remaining: 1619, call: scores, phase: playing
2026-06-16 23:25:38, tokens_remaining: 1618, call: events, phase: playing
2026-06-16 23:25:39, tokens_remaining: 1617, call: scores, phase: playing
2026-06-16 23:25:40, tokens_remaining: 1617, call: scores, phase: playing
2026-06-16 23:25:41, tokens_remaining: 1616, call: scores, phase: playing
2026-06-16 23:25:42, tokens_remaining: 1616, call: scores, phase: playing
2026-06-16 23:25:43, tokens_remaining: 1615, call: scores, phase: playing
2026-06-16 23:25:44, tokens_remaining: 1615, call: scores, phase: playing
2026-06-16 23:25:45, tokens_remaining: 1614, call: scores, phase: playing
2026-06-16 23:25:45, tokens_remaining: 1614, call: scores, phase: playing
2026-06-16 23:25:46, tokens_remaining: 1613, call: scores, phase: playing
2026-06-16 23:25:47, tokens_remaining: 1612, call: events, phase: playing
2026-06-16 23:25:48, tokens_remaining: 1611, call: scores, phase: playing
2026-06-16 23:25:49, tokens_remaining: 1611, call: scores, phase: playing
2026-06-16 23:25:50, tokens_remaining: 1610, call: scores, phase: playing
2026-06-16 23:25:51, tokens_remaining: 1610, call: scores, phase: playing
2026-06-16 23:25:52, tokens_remaining: 1609, call: scores, phase: playing
2026-06-16 23:25:53, tokens_remaining: 1609, call: scores, phase: playing
2026-06-16 23:25:54, tokens_remaining: 1608, call: scores, phase: playing
2026-06-16 23:25:54, tokens_remaining: 1608, call: scores, phase: playing
2026-06-16 23:25:55, tokens_remaining: 1607, call: scores, phase: playing
2026-06-16 23:25:56, tokens_remaining: 1606, call: events, phase: playing
2026-06-16 23:25:57, tokens_remaining: 1605, call: scores, phase: playing
2026-06-16 23:25:58, tokens_remaining: 1605, call: scores, phase: playing
2026-06-16 23:25:59, tokens_remaining: 1604, call: scores, phase: playing
2026-06-16 23:26:00, tokens_remaining: 1604, call: scores, phase: playing
2026-06-16 23:26:01, tokens_remaining: 1603, call: scores, phase: playing
2026-06-16 23:26:01, tokens_remaining: 1603, call: scores, phase: playing
2026-06-16 23:26:02, tokens_remaining: 1602, call: scores, phase: playing
2026-06-16 23:26:03, tokens_remaining: 1602, call: scores, phase: playing
2026-06-16 23:26:04, tokens_remaining: 1601, call: scores, phase: playing
2026-06-16 23:26:05, tokens_remaining: 1600, call: events, phase: playing
2026-06-16 23:26:06, tokens_remaining: 1599, call: scores, phase: playing
2026-06-16 23:26:07, tokens_remaining: 1599, call: scores, phase: playing
2026-06-16 23:26:08, tokens_remaining: 1598, call: scores, phase: playing
2026-06-16 23:26:08, tokens_remaining: 1598, call: scores, phase: playing
2026-06-16 23:26:09, tokens_remaining: 1597, call: scores, phase: playing
2026-06-16 23:26:10, tokens_remaining: 1597, call: scores, phase: playing
2026-06-16 23:26:11, tokens_remaining: 1596, call: scores, phase: playing
2026-06-16 23:26:12, tokens_remaining: 1596, call: scores, phase: playing
2026-06-16 23:26:13, tokens_remaining: 1595, call: scores, phase: playing
2026-06-16 23:26:14, tokens_remaining: 1594, call: events, phase: playing
2026-06-16 23:26:15, tokens_remaining: 1593, call: scores, phase: playing
2026-06-16 23:26:16, tokens_remaining: 1593, call: scores, phase: playing
2026-06-16 23:26:17, tokens_remaining: 1592, call: scores, phase: playing
2026-06-16 23:26:17, tokens_remaining: 1592, call: scores, phase: playing
2026-06-16 23:26:18, tokens_remaining: 1591, call: scores, phase: playing
2026-06-16 23:26:19, tokens_remaining: 1591, call: scores, phase: playing
2026-06-16 23:26:20, tokens_remaining: 1590, call: scores, phase: playing
2026-06-16 23:26:21, tokens_remaining: 1590, call: scores, phase: playing
2026-06-16 23:26:22, tokens_remaining: 1589, call: scores, phase: playing
2026-06-16 23:26:23, tokens_remaining: 1588, call: events, phase: playing
2026-06-16 23:26:24, tokens_remaining: 1587, call: scores, phase: playing
2026-06-16 23:26:24, tokens_remaining: 1587, call: scores, phase: playing
2026-06-16 23:26:25, tokens_remaining: 1586, call: scores, phase: playing
2026-06-16 23:26:26, tokens_remaining: 1586, call: scores, phase: playing
2026-06-16 23:26:27, tokens_remaining: 1585, call: scores, phase: playing
2026-06-16 23:26:28, tokens_remaining: 1585, call: scores, phase: playing
2026-06-16 23:26:29, tokens_remaining: 1584, call: scores, phase: playing
2026-06-16 23:26:30, tokens_remaining: 1584, call: scores, phase: playing
2026-06-16 23:26:31, tokens_remaining: 1583, call: scores, phase: playing
2026-06-16 23:26:32, tokens_remaining: 1582, call: events, phase: playing
2026-06-16 23:26:32, tokens_remaining: 1581, call: scores, phase: playing
2026-06-16 23:26:33, tokens_remaining: 1581, call: scores, phase: playing
2026-06-16 23:26:34, tokens_remaining: 1580, call: scores, phase: playing
2026-06-16 23:26:35, tokens_remaining: 1580, call: scores, phase: playing
2026-06-16 23:26:36, tokens_remaining: 1579, call: scores, phase: playing
2026-06-16 23:26:37, tokens_remaining: 1579, call: scores, phase: playing
2026-06-16 23:26:38, tokens_remaining: 1578, call: scores, phase: playing
2026-06-16 23:26:38, tokens_remaining: 1578, call: scores, phase: playing
2026-06-16 23:26:39, tokens_remaining: 1577, call: scores, phase: playing
2026-06-16 23:26:40, tokens_remaining: 1576, call: events, phase: playing
2026-06-16 23:26:41, tokens_remaining: 1575, call: scores, phase: playing
2026-06-16 23:26:42, tokens_remaining: 1575, call: scores, phase: playing
2026-06-16 23:26:43, tokens_remaining: 1574, call: scores, phase: playing
2026-06-16 23:26:44, tokens_remaining: 1574, call: scores, phase: playing
2026-06-16 23:26:45, tokens_remaining: 1573, call: scores, phase: playing
2026-06-16 23:26:45, tokens_remaining: 1573, call: scores, phase: playing
2026-06-16 23:26:46, tokens_remaining: 1572, call: scores, phase: playing
2026-06-16 23:26:47, tokens_remaining: 1572, call: scores, phase: playing
2026-06-16 23:26:48, tokens_remaining: 1571, call: scores, phase: playing
2026-06-16 23:26:49, tokens_remaining: 1570, call: events, phase: playing
2026-06-16 23:26:50, tokens_remaining: 1569, call: scores, phase: playing
2026-06-16 23:26:51, tokens_remaining: 1569, call: scores, phase: playing
2026-06-16 23:26:52, tokens_remaining: 1568, call: scores, phase: playing
2026-06-16 23:26:52, tokens_remaining: 1568, call: scores, phase: playing
2026-06-16 23:26:53, tokens_remaining: 1567, call: scores, phase: playing
2026-06-16 23:26:54, tokens_remaining: 1567, call: scores, phase: playing
2026-06-16 23:26:55, tokens_remaining: 1566, call: scores, phase: playing
2026-06-16 23:26:56, tokens_remaining: 1566, call: scores, phase: playing
2026-06-16 23:26:57, tokens_remaining: 1565, call: scores, phase: playing
2026-06-16 23:26:58, tokens_remaining: 1564, call: events, phase: playing
2026-06-16 23:26:59, tokens_remaining: 1563, call: scores, phase: playing
2026-06-16 23:26:59, tokens_remaining: 1563, call: scores, phase: playing
2026-06-16 23:27:00, tokens_remaining: 1562, call: scores, phase: playing
2026-06-16 23:27:01, tokens_remaining: 1562, call: scores, phase: playing
2026-06-16 23:27:02, tokens_remaining: 1561, call: scores, phase: playing
2026-06-16 23:27:03, tokens_remaining: 1561, call: scores, phase: playing
2026-06-16 23:27:04, tokens_remaining: 1560, call: scores, phase: playing
2026-06-16 23:27:04, tokens_remaining: 1560, call: scores, phase: playing
2026-06-16 23:27:05, tokens_remaining: 1559, call: scores, phase: playing
2026-06-16 23:27:06, tokens_remaining: 1558, call: events, phase: playing
2026-06-16 23:27:07, tokens_remaining: 1557, call: scores, phase: playing
2026-06-16 23:27:08, tokens_remaining: 1557, call: scores, phase: playing
2026-06-16 23:27:09, tokens_remaining: 1556, call: scores, phase: playing
2026-06-16 23:27:10, tokens_remaining: 1556, call: scores, phase: playing
2026-06-16 23:27:11, tokens_remaining: 1555, call: scores, phase: playing
2026-06-16 23:27:11, tokens_remaining: 1555, call: scores, phase: playing
2026-06-16 23:27:12, tokens_remaining: 1554, call: scores, phase: playing
2026-06-16 23:27:13, tokens_remaining: 1554, call: scores, phase: playing
2026-06-16 23:27:14, tokens_remaining: 1553, call: scores, phase: playing
2026-06-16 23:27:15, tokens_remaining: 1552, call: events, phase: playing
2026-06-16 23:27:16, tokens_remaining: 1551, call: scores, phase: playing
2026-06-16 23:27:17, tokens_remaining: 1551, call: scores, phase: playing
2026-06-16 23:27:18, tokens_remaining: 1550, call: scores, phase: playing
2026-06-16 23:27:18, tokens_remaining: 1550, call: scores, phase: playing
2026-06-16 23:27:19, tokens_remaining: 1549, call: scores, phase: playing
2026-06-16 23:27:20, tokens_remaining: 1549, call: scores, phase: playing
2026-06-16 23:27:21, tokens_remaining: 1548, call: scores, phase: playing
2026-06-16 23:27:22, tokens_remaining: 1548, call: scores, phase: playing
2026-06-16 23:27:23, tokens_remaining: 1547, call: scores, phase: playing
2026-06-16 23:27:24, tokens_remaining: 1546, call: events, phase: playing
2026-06-16 23:27:25, tokens_remaining: 1545, call: scores, phase: playing
2026-06-16 23:27:25, tokens_remaining: 1545, call: scores, phase: playing
2026-06-16 23:27:26, tokens_remaining: 1544, call: scores, phase: playing
2026-06-16 23:27:27, tokens_remaining: 1544, call: scores, phase: playing
2026-06-16 23:27:28, tokens_remaining: 1543, call: scores, phase: playing
2026-06-16 23:27:29, tokens_remaining: 1543, call: scores, phase: playing
2026-06-16 23:27:30, tokens_remaining: 1542, call: scores, phase: playing
2026-06-16 23:27:30, tokens_remaining: 1542, call: scores, phase: playing
2026-06-16 23:27:31, tokens_remaining: 1541, call: scores, phase: playing
2026-06-16 23:27:32, tokens_remaining: 1540, call: events, phase: playing
2026-06-16 23:27:33, tokens_remaining: 1539, call: scores, phase: playing
2026-06-16 23:27:34, tokens_remaining: 1539, call: scores, phase: playing
2026-06-16 23:27:35, tokens_remaining: 1538, call: scores, phase: playing
2026-06-16 23:27:36, tokens_remaining: 1538, call: scores, phase: playing
2026-06-16 23:27:37, tokens_remaining: 1537, call: scores, phase: playing
2026-06-16 23:27:37, tokens_remaining: 1537, call: scores, phase: playing
2026-06-16 23:27:38, tokens_remaining: 1536, call: scores, phase: playing
2026-06-16 23:27:39, tokens_remaining: 1536, call: scores, phase: playing
2026-06-16 23:27:40, tokens_remaining: 1535, call: scores, phase: playing
2026-06-16 23:27:41, tokens_remaining: 1534, call: events, phase: playing
2026-06-16 23:27:42, tokens_remaining: 1533, call: scores, phase: playing
2026-06-16 23:27:43, tokens_remaining: 1533, call: scores, phase: playing
2026-06-16 23:27:44, tokens_remaining: 1532, call: scores, phase: playing
2026-06-16 23:27:44, tokens_remaining: 1532, call: scores, phase: playing
2026-06-16 23:27:45, tokens_remaining: 1531, call: scores, phase: playing
2026-06-16 23:27:46, tokens_remaining: 1531, call: scores, phase: playing
2026-06-16 23:27:47, tokens_remaining: 1530, call: scores, phase: playing
2026-06-16 23:27:48, tokens_remaining: 1530, call: scores, phase: playing
2026-06-16 23:27:48, tokens_remaining: 1529, call: scores, phase: playing
2026-06-16 23:27:49, tokens_remaining: 1528, call: events, phase: playing
2026-06-16 23:27:50, tokens_remaining: 1527, call: scores, phase: playing
2026-06-16 23:27:51, tokens_remaining: 1527, call: scores, phase: playing
2026-06-16 23:27:52, tokens_remaining: 1526, call: scores, phase: playing
2026-06-16 23:27:53, tokens_remaining: 1526, call: scores, phase: playing
2026-06-16 23:27:54, tokens_remaining: 1525, call: scores, phase: playing
2026-06-16 23:27:54, tokens_remaining: 1525, call: scores, phase: playing
2026-06-16 23:27:55, tokens_remaining: 1524, call: scores, phase: playing
2026-06-16 23:27:56, tokens_remaining: 1524, call: scores, phase: playing
2026-06-16 23:27:57, tokens_remaining: 1523, call: scores, phase: playing
2026-06-16 23:27:58, tokens_remaining: 1522, call: events, phase: playing
2026-06-16 23:27:59, tokens_remaining: 1521, call: scores, phase: playing
2026-06-16 23:28:00, tokens_remaining: 1521, call: scores, phase: playing
2026-06-16 23:28:01, tokens_remaining: 1520, call: scores, phase: playing
2026-06-16 23:28:01, tokens_remaining: 1520, call: scores, phase: playing
2026-06-16 23:28:02, tokens_remaining: 1519, call: scores, phase: playing
2026-06-16 23:28:03, tokens_remaining: 1519, call: scores, phase: playing
2026-06-16 23:28:04, tokens_remaining: 1518, call: scores, phase: playing
2026-06-16 23:28:05, tokens_remaining: 1518, call: scores, phase: playing
2026-06-16 23:28:05, tokens_remaining: 1517, call: scores, phase: playing
2026-06-16 23:28:06, tokens_remaining: 1516, call: events, phase: playing
2026-06-16 23:28:07, tokens_remaining: 1515, call: scores, phase: playing
2026-06-16 23:28:08, tokens_remaining: 1515, call: scores, phase: playing
2026-06-16 23:28:09, tokens_remaining: 1514, call: scores, phase: playing
2026-06-16 23:28:10, tokens_remaining: 1514, call: scores, phase: playing
2026-06-16 23:28:11, tokens_remaining: 1513, call: scores, phase: playing
2026-06-16 23:28:11, tokens_remaining: 1513, call: scores, phase: playing
2026-06-16 23:28:12, tokens_remaining: 1512, call: scores, phase: playing
2026-06-16 23:28:13, tokens_remaining: 1512, call: scores, phase: playing
2026-06-16 23:28:14, tokens_remaining: 1511, call: scores, phase: playing
2026-06-16 23:28:15, tokens_remaining: 1510, call: events, phase: playing
2026-06-16 23:28:16, tokens_remaining: 1509, call: scores, phase: playing
2026-06-16 23:28:16, tokens_remaining: 1509, call: scores, phase: playing
2026-06-16 23:28:17, tokens_remaining: 1508, call: scores, phase: playing
2026-06-16 23:28:18, tokens_remaining: 1508, call: scores, phase: playing
2026-06-16 23:28:19, tokens_remaining: 1507, call: scores, phase: playing
2026-06-16 23:28:20, tokens_remaining: 1507, call: scores, phase: playing
2026-06-16 23:28:21, tokens_remaining: 1506, call: scores, phase: playing
2026-06-16 23:28:21, tokens_remaining: 1506, call: scores, phase: playing
2026-06-16 23:28:22, tokens_remaining: 1505, call: scores, phase: playing
2026-06-16 23:28:23, tokens_remaining: 1504, call: events, phase: playing
2026-06-16 23:28:24, tokens_remaining: 1503, call: scores, phase: playing
2026-06-16 23:28:25, tokens_remaining: 1503, call: scores, phase: playing
2026-06-16 23:28:26, tokens_remaining: 1502, call: scores, phase: playing
2026-06-16 23:28:27, tokens_remaining: 1502, call: scores, phase: playing
2026-06-16 23:28:27, tokens_remaining: 1501, call: scores, phase: playing
2026-06-16 23:28:28, tokens_remaining: 1501, call: scores, phase: playing
2026-06-16 23:28:29, tokens_remaining: 1500, call: scores, phase: playing
2026-06-16 23:28:30, tokens_remaining: 1500, call: scores, phase: playing
2026-06-16 23:28:31, tokens_remaining: 1499, call: scores, phase: playing
2026-06-16 23:28:32, tokens_remaining: 1498, call: events, phase: playing
2026-06-16 23:28:33, tokens_remaining: 1497, call: scores, phase: playing
2026-06-16 23:28:33, tokens_remaining: 1497, call: scores, phase: playing
2026-06-16 23:28:34, tokens_remaining: 1496, call: scores, phase: playing
2026-06-16 23:28:35, tokens_remaining: 1496, call: scores, phase: playing
2026-06-16 23:28:36, tokens_remaining: 1495, call: scores, phase: playing
2026-06-16 23:28:37, tokens_remaining: 1495, call: scores, phase: playing
2026-06-16 23:28:38, tokens_remaining: 1494, call: scores, phase: playing
2026-06-16 23:28:38, tokens_remaining: 1494, call: scores, phase: playing
2026-06-16 23:28:39, tokens_remaining: 1493, call: scores, phase: playing
2026-06-16 23:28:40, tokens_remaining: 1492, call: events, phase: playing
2026-06-16 23:28:41, tokens_remaining: 1491, call: scores, phase: playing
2026-06-16 23:28:42, tokens_remaining: 1491, call: scores, phase: playing
2026-06-16 23:28:43, tokens_remaining: 1490, call: scores, phase: playing
2026-06-16 23:28:43, tokens_remaining: 1490, call: scores, phase: playing
2026-06-16 23:28:44, tokens_remaining: 1489, call: scores, phase: playing
2026-06-16 23:28:45, tokens_remaining: 1489, call: scores, phase: playing
2026-06-16 23:28:46, tokens_remaining: 1488, call: scores, phase: playing
2026-06-16 23:28:47, tokens_remaining: 1488, call: scores, phase: playing
2026-06-16 23:28:47, tokens_remaining: 1487, call: scores, phase: playing
2026-06-16 23:28:48, tokens_remaining: 1486, call: events, phase: playing
2026-06-16 23:28:49, tokens_remaining: 1485, call: scores, phase: playing
2026-06-16 23:28:50, tokens_remaining: 1485, call: scores, phase: playing
2026-06-16 23:28:51, tokens_remaining: 1484, call: scores, phase: playing
2026-06-16 23:28:52, tokens_remaining: 1484, call: scores, phase: playing
2026-06-16 23:28:53, tokens_remaining: 1483, call: scores, phase: playing
2026-06-16 23:28:53, tokens_remaining: 1483, call: scores, phase: playing
2026-06-16 23:28:54, tokens_remaining: 1482, call: scores, phase: playing
2026-06-16 23:28:55, tokens_remaining: 1482, call: scores, phase: playing
2026-06-16 23:28:56, tokens_remaining: 1481, call: scores, phase: playing
2026-06-16 23:28:57, tokens_remaining: 1480, call: events, phase: playing
2026-06-16 23:28:58, tokens_remaining: 1479, call: scores, phase: playing
2026-06-16 23:28:58, tokens_remaining: 1479, call: scores, phase: playing
2026-06-16 23:28:59, tokens_remaining: 1478, call: scores, phase: playing
2026-06-16 23:29:00, tokens_remaining: 1478, call: scores, phase: playing
2026-06-16 23:29:01, tokens_remaining: 1477, call: scores, phase: playing
2026-06-16 23:29:02, tokens_remaining: 1477, call: scores, phase: playing
2026-06-16 23:29:02, tokens_remaining: 1476, call: scores, phase: playing
2026-06-16 23:29:03, tokens_remaining: 1476, call: scores, phase: playing
2026-06-16 23:29:04, tokens_remaining: 1475, call: scores, phase: playing
2026-06-16 23:29:05, tokens_remaining: 1474, call: events, phase: playing
2026-06-16 23:29:06, tokens_remaining: 1473, call: scores, phase: playing
2026-06-16 23:29:07, tokens_remaining: 1473, call: scores, phase: playing
2026-06-16 23:29:07, tokens_remaining: 1472, call: scores, phase: playing
2026-06-16 23:29:08, tokens_remaining: 1472, call: scores, phase: playing
2026-06-16 23:29:09, tokens_remaining: 1471, call: scores, phase: playing
2026-06-16 23:29:10, tokens_remaining: 1471, call: scores, phase: playing
2026-06-16 23:29:11, tokens_remaining: 1470, call: scores, phase: playing
2026-06-16 23:29:11, tokens_remaining: 1470, call: scores, phase: playing
2026-06-16 23:29:12, tokens_remaining: 1469, call: scores, phase: playing
2026-06-16 23:29:13, tokens_remaining: 1468, call: events, phase: playing
2026-06-16 23:29:14, tokens_remaining: 1467, call: scores, phase: playing
2026-06-16 23:29:15, tokens_remaining: 1467, call: scores, phase: playing
2026-06-16 23:29:16, tokens_remaining: 1466, call: scores, phase: playing
2026-06-16 23:29:16, tokens_remaining: 1466, call: scores, phase: playing
2026-06-16 23:29:17, tokens_remaining: 1465, call: scores, phase: playing
2026-06-16 23:29:18, tokens_remaining: 1465, call: scores, phase: playing
2026-06-16 23:29:19, tokens_remaining: 1464, call: scores, phase: playing
2026-06-16 23:29:20, tokens_remaining: 1464, call: scores, phase: playing
2026-06-16 23:29:20, tokens_remaining: 1463, call: scores, phase: playing
2026-06-16 23:29:21, tokens_remaining: 1462, call: events, phase: playing
2026-06-16 23:29:22, tokens_remaining: 1461, call: scores, phase: playing
2026-06-16 23:29:23, tokens_remaining: 1461, call: scores, phase: playing
2026-06-16 23:29:24, tokens_remaining: 1460, call: scores, phase: playing
2026-06-16 23:29:25, tokens_remaining: 1460, call: scores, phase: playing
2026-06-16 23:29:25, tokens_remaining: 1459, call: scores, phase: playing
2026-06-16 23:29:26, tokens_remaining: 1459, call: scores, phase: playing
2026-06-16 23:29:27, tokens_remaining: 1458, call: scores, phase: playing
2026-06-16 23:29:28, tokens_remaining: 1458, call: scores, phase: playing
2026-06-16 23:29:29, tokens_remaining: 1457, call: scores, phase: playing
2026-06-16 23:29:30, tokens_remaining: 1456, call: events, phase: playing
2026-06-16 23:29:30, tokens_remaining: 1455, call: scores, phase: playing
2026-06-16 23:29:31, tokens_remaining: 1455, call: scores, phase: playing
2026-06-16 23:29:32, tokens_remaining: 1454, call: scores, phase: playing
2026-06-16 23:29:33, tokens_remaining: 1454, call: scores, phase: playing
2026-06-16 23:29:34, tokens_remaining: 1453, call: scores, phase: playing
2026-06-16 23:29:34, tokens_remaining: 1453, call: scores, phase: playing
2026-06-16 23:29:35, tokens_remaining: 1452, call: scores, phase: playing
2026-06-16 23:29:36, tokens_remaining: 1452, call: scores, phase: playing
2026-06-16 23:29:37, tokens_remaining: 1451, call: scores, phase: playing
2026-06-16 23:29:38, tokens_remaining: 1450, call: events, phase: playing
2026-06-16 23:29:39, tokens_remaining: 1449, call: scores, phase: playing
2026-06-16 23:29:39, tokens_remaining: 1449, call: scores, phase: playing
2026-06-16 23:29:40, tokens_remaining: 1448, call: scores, phase: playing
2026-06-16 23:29:41, tokens_remaining: 1448, call: scores, phase: playing
2026-06-16 23:29:42, tokens_remaining: 1447, call: scores, phase: playing
2026-06-16 23:29:42, tokens_remaining: 1447, call: scores, phase: playing
2026-06-16 23:29:43, tokens_remaining: 1446, call: scores, phase: playing
2026-06-16 23:29:44, tokens_remaining: 1446, call: scores, phase: playing
2026-06-16 23:29:45, tokens_remaining: 1445, call: scores, phase: playing
2026-06-16 23:29:46, tokens_remaining: 1444, call: events, phase: playing
2026-06-16 23:29:47, tokens_remaining: 1443, call: scores, phase: playing
2026-06-16 23:29:47, tokens_remaining: 1443, call: scores, phase: playing
2026-06-16 23:29:48, tokens_remaining: 1442, call: scores, phase: playing
2026-06-16 23:29:49, tokens_remaining: 1442, call: scores, phase: playing
2026-06-16 23:29:50, tokens_remaining: 1441, call: scores, phase: playing
2026-06-16 23:29:50, tokens_remaining: 1441, call: scores, phase: playing
2026-06-16 23:29:51, tokens_remaining: 1440, call: scores, phase: playing
2026-06-16 23:29:52, tokens_remaining: 1440, call: scores, phase: playing
2026-06-16 23:29:53, tokens_remaining: 1439, call: scores, phase: playing
2026-06-16 23:29:54, tokens_remaining: 1438, call: events, phase: playing
2026-06-16 23:29:55, tokens_remaining: 1437, call: scores, phase: playing
2026-06-16 23:29:55, tokens_remaining: 1437, call: scores, phase: playing
2026-06-16 23:29:56, tokens_remaining: 1436, call: scores, phase: playing
2026-06-16 23:29:57, tokens_remaining: 1436, call: scores, phase: playing
2026-06-16 23:29:58, tokens_remaining: 1435, call: scores, phase: playing
2026-06-16 23:29:58, tokens_remaining: 1435, call: scores, phase: playing
2026-06-16 23:29:59, tokens_remaining: 1434, call: scores, phase: playing
2026-06-16 23:30:00, tokens_remaining: 1434, call: scores, phase: playing
2026-06-16 23:30:01, tokens_remaining: 1433, call: scores, phase: playing
2026-06-16 23:30:02, tokens_remaining: 1432, call: events, phase: playing
2026-06-16 23:30:03, tokens_remaining: 1431, call: scores, phase: playing
2026-06-16 23:30:03, tokens_remaining: 1431, call: scores, phase: playing
2026-06-16 23:30:04, tokens_remaining: 1430, call: scores, phase: playing
2026-06-16 23:30:05, tokens_remaining: 1430, call: scores, phase: playing
2026-06-16 23:30:06, tokens_remaining: 1429, call: scores, phase: playing
2026-06-16 23:30:07, tokens_remaining: 1429, call: scores, phase: playing
2026-06-16 23:30:07, tokens_remaining: 1428, call: scores, phase: playing
2026-06-16 23:30:08, tokens_remaining: 1428, call: scores, phase: playing
2026-06-16 23:30:09, tokens_remaining: 1427, call: scores, phase: playing
2026-06-16 23:30:10, tokens_remaining: 1426, call: events, phase: playing
2026-06-16 23:30:11, tokens_remaining: 1425, call: scores, phase: playing
2026-06-16 23:30:12, tokens_remaining: 1425, call: scores, phase: playing
2026-06-16 23:30:12, tokens_remaining: 1424, call: scores, phase: playing
2026-06-16 23:30:13, tokens_remaining: 1424, call: scores, phase: playing
2026-06-16 23:30:14, tokens_remaining: 1423, call: scores, phase: playing
2026-06-16 23:30:15, tokens_remaining: 1423, call: scores, phase: playing
2026-06-16 23:30:16, tokens_remaining: 1422, call: scores, phase: playing
2026-06-16 23:30:16, tokens_remaining: 1422, call: scores, phase: playing
2026-06-16 23:30:17, tokens_remaining: 1421, call: scores, phase: playing
2026-06-16 23:30:18, tokens_remaining: 1420, call: events, phase: playing
2026-06-16 23:30:19, tokens_remaining: 1419, call: scores, phase: playing
2026-06-16 23:30:20, tokens_remaining: 1419, call: scores, phase: playing
2026-06-16 23:30:20, tokens_remaining: 1418, call: scores, phase: playing
2026-06-16 23:30:21, tokens_remaining: 1418, call: scores, phase: playing
2026-06-16 23:30:22, tokens_remaining: 1417, call: scores, phase: playing
2026-06-16 23:30:23, tokens_remaining: 1417, call: scores, phase: playing
2026-06-16 23:30:23, tokens_remaining: 1416, call: scores, phase: playing
2026-06-16 23:30:24, tokens_remaining: 1416, call: scores, phase: playing
2026-06-16 23:30:25, tokens_remaining: 1415, call: scores, phase: playing
2026-06-16 23:30:26, tokens_remaining: 1414, call: events, phase: playing
2026-06-16 23:30:27, tokens_remaining: 1413, call: scores, phase: playing
2026-06-16 23:30:28, tokens_remaining: 1413, call: scores, phase: playing
2026-06-16 23:30:28, tokens_remaining: 1412, call: scores, phase: playing
2026-06-16 23:30:29, tokens_remaining: 1412, call: scores, phase: playing
2026-06-16 23:30:30, tokens_remaining: 1411, call: scores, phase: playing
2026-06-16 23:30:31, tokens_remaining: 1411, call: scores, phase: playing
2026-06-16 23:30:31, tokens_remaining: 1410, call: scores, phase: playing
2026-06-16 23:30:32, tokens_remaining: 1410, call: scores, phase: playing
2026-06-16 23:30:33, tokens_remaining: 1409, call: scores, phase: playing
2026-06-16 23:30:34, tokens_remaining: 1408, call: events, phase: playing
2026-06-16 23:30:35, tokens_remaining: 1407, call: scores, phase: playing
2026-06-16 23:30:35, tokens_remaining: 1407, call: scores, phase: playing
2026-06-16 23:30:36, tokens_remaining: 1406, call: scores, phase: playing
2026-06-16 23:30:37, tokens_remaining: 1406, call: scores, phase: playing
2026-06-16 23:30:38, tokens_remaining: 1405, call: scores, phase: playing
2026-06-16 23:30:39, tokens_remaining: 1405, call: scores, phase: playing
2026-06-16 23:30:39, tokens_remaining: 1404, call: scores, phase: playing
2026-06-16 23:30:40, tokens_remaining: 1404, call: scores, phase: playing
2026-06-16 23:30:41, tokens_remaining: 1403, call: scores, phase: playing
2026-06-16 23:30:42, tokens_remaining: 1402, call: events, phase: playing
2026-06-16 23:30:43, tokens_remaining: 1401, call: scores, phase: playing
2026-06-16 23:30:43, tokens_remaining: 1401, call: scores, phase: playing
2026-06-16 23:30:44, tokens_remaining: 1400, call: scores, phase: playing
2026-06-16 23:30:45, tokens_remaining: 1400, call: scores, phase: playing
2026-06-16 23:30:46, tokens_remaining: 1399, call: scores, phase: playing
2026-06-16 23:30:46, tokens_remaining: 1399, call: scores, phase: playing
2026-06-16 23:30:47, tokens_remaining: 1398, call: scores, phase: playing
2026-06-16 23:30:48, tokens_remaining: 1398, call: scores, phase: playing
2026-06-16 23:30:49, tokens_remaining: 1397, call: scores, phase: playing
2026-06-16 23:30:50, tokens_remaining: 1396, call: events, phase: playing
2026-06-16 23:30:51, tokens_remaining: 1395, call: scores, phase: playing
2026-06-16 23:30:51, tokens_remaining: 1395, call: scores, phase: playing
2026-06-16 23:30:52, tokens_remaining: 1394, call: scores, phase: playing
2026-06-16 23:30:53, tokens_remaining: 1394, call: scores, phase: playing
2026-06-16 23:30:54, tokens_remaining: 1393, call: scores, phase: playing
2026-06-16 23:30:54, tokens_remaining: 1393, call: scores, phase: playing
2026-06-16 23:30:55, tokens_remaining: 1392, call: scores, phase: playing
2026-06-16 23:30:56, tokens_remaining: 1392, call: scores, phase: playing
2026-06-16 23:30:57, tokens_remaining: 1391, call: scores, phase: playing
2026-06-16 23:30:58, tokens_remaining: 1390, call: events, phase: playing
2026-06-16 23:30:59, tokens_remaining: 1389, call: scores, phase: playing
2026-06-16 23:30:59, tokens_remaining: 1389, call: scores, phase: playing
2026-06-16 23:31:00, tokens_remaining: 1388, call: scores, phase: playing
2026-06-16 23:31:01, tokens_remaining: 1388, call: scores, phase: playing
2026-06-16 23:31:02, tokens_remaining: 1387, call: scores, phase: playing
2026-06-16 23:31:02, tokens_remaining: 1387, call: scores, phase: playing
2026-06-16 23:31:03, tokens_remaining: 1386, call: scores, phase: playing
2026-06-16 23:31:04, tokens_remaining: 1386, call: scores, phase: playing
2026-06-16 23:31:05, tokens_remaining: 1385, call: scores, phase: playing
2026-06-16 23:31:05, tokens_remaining: 1384, call: events, phase: playing
2026-06-16 23:31:06, tokens_remaining: 1383, call: scores, phase: playing
2026-06-16 23:31:07, tokens_remaining: 1383, call: scores, phase: playing
2026-06-16 23:31:08, tokens_remaining: 1382, call: scores, phase: playing
2026-06-16 23:31:09, tokens_remaining: 1382, call: scores, phase: playing
2026-06-16 23:31:09, tokens_remaining: 1381, call: scores, phase: playing
2026-06-16 23:31:10, tokens_remaining: 1381, call: scores, phase: playing
2026-06-16 23:31:11, tokens_remaining: 1380, call: scores, phase: playing
2026-06-16 23:31:11, tokens_remaining: 1380, call: scores, phase: playing
2026-06-16 23:31:12, tokens_remaining: 1379, call: scores, phase: playing
2026-06-16 23:31:13, tokens_remaining: 1378, call: events, phase: playing
2026-06-16 23:31:14, tokens_remaining: 1377, call: scores, phase: playing
2026-06-16 23:31:15, tokens_remaining: 1377, call: scores, phase: playing
2026-06-16 23:31:16, tokens_remaining: 1376, call: scores, phase: playing
2026-06-16 23:31:16, tokens_remaining: 1376, call: scores, phase: playing
2026-06-16 23:31:17, tokens_remaining: 1375, call: scores, phase: playing
2026-06-16 23:31:18, tokens_remaining: 1375, call: scores, phase: playing
2026-06-16 23:31:19, tokens_remaining: 1374, call: scores, phase: playing
2026-06-16 23:31:19, tokens_remaining: 1374, call: scores, phase: playing
2026-06-16 23:31:20, tokens_remaining: 1373, call: scores, phase: playing
2026-06-16 23:31:21, tokens_remaining: 1372, call: events, phase: playing
2026-06-16 23:31:22, tokens_remaining: 1371, call: scores, phase: playing
2026-06-16 23:31:22, tokens_remaining: 1371, call: scores, phase: playing
2026-06-16 23:31:23, tokens_remaining: 1370, call: scores, phase: playing
2026-06-16 23:31:24, tokens_remaining: 1370, call: scores, phase: playing
2026-06-16 23:31:25, tokens_remaining: 1369, call: scores, phase: playing
2026-06-16 23:31:25, tokens_remaining: 1369, call: scores, phase: playing
2026-06-16 23:31:26, tokens_remaining: 1368, call: scores, phase: playing
2026-06-16 23:31:27, tokens_remaining: 1368, call: scores, phase: playing
2026-06-16 23:31:28, tokens_remaining: 1367, call: scores, phase: playing
2026-06-16 23:31:29, tokens_remaining: 1366, call: events, phase: playing
2026-06-16 23:31:29, tokens_remaining: 1365, call: scores, phase: playing
2026-06-16 23:31:30, tokens_remaining: 1365, call: scores, phase: playing
2026-06-16 23:31:31, tokens_remaining: 1364, call: scores, phase: playing
2026-06-16 23:31:32, tokens_remaining: 1364, call: scores, phase: playing
2026-06-16 23:31:32, tokens_remaining: 1363, call: scores, phase: playing
2026-06-16 23:31:33, tokens_remaining: 1363, call: scores, phase: playing
2026-06-16 23:31:34, tokens_remaining: 1362, call: scores, phase: playing
2026-06-16 23:31:34, tokens_remaining: 1362, call: scores, phase: playing
2026-06-16 23:31:35, tokens_remaining: 1361, call: scores, phase: playing
2026-06-16 23:31:36, tokens_remaining: 1360, call: events, phase: playing
2026-06-16 23:31:37, tokens_remaining: 1359, call: scores, phase: playing
2026-06-16 23:31:38, tokens_remaining: 1359, call: scores, phase: playing
2026-06-16 23:31:39, tokens_remaining: 1358, call: scores, phase: playing
2026-06-16 23:31:39, tokens_remaining: 1358, call: scores, phase: playing
2026-06-16 23:31:40, tokens_remaining: 1357, call: scores, phase: playing
2026-06-16 23:31:41, tokens_remaining: 1357, call: scores, phase: playing
2026-06-16 23:31:42, tokens_remaining: 1356, call: scores, phase: playing
2026-06-16 23:31:42, tokens_remaining: 1356, call: scores, phase: playing
2026-06-16 23:31:43, tokens_remaining: 1355, call: scores, phase: playing
2026-06-16 23:31:44, tokens_remaining: 1354, call: events, phase: playing
2026-06-16 23:31:45, tokens_remaining: 1353, call: scores, phase: playing
2026-06-16 23:31:45, tokens_remaining: 1353, call: scores, phase: playing
2026-06-16 23:31:46, tokens_remaining: 1352, call: scores, phase: playing
2026-06-16 23:31:47, tokens_remaining: 1352, call: scores, phase: playing
2026-06-16 23:31:48, tokens_remaining: 1351, call: scores, phase: playing
2026-06-16 23:31:48, tokens_remaining: 1351, call: scores, phase: playing
2026-06-16 23:31:49, tokens_remaining: 1350, call: scores, phase: playing
2026-06-16 23:31:50, tokens_remaining: 1350, call: scores, phase: playing
2026-06-16 23:31:51, tokens_remaining: 1349, call: scores, phase: playing
2026-06-16 23:31:52, tokens_remaining: 1348, call: events, phase: playing
2026-06-16 23:31:52, tokens_remaining: 1347, call: scores, phase: playing
2026-06-16 23:31:53, tokens_remaining: 1347, call: scores, phase: playing
2026-06-16 23:31:54, tokens_remaining: 1346, call: scores, phase: playing
2026-06-16 23:31:55, tokens_remaining: 1346, call: scores, phase: playing
2026-06-16 23:31:55, tokens_remaining: 1345, call: scores, phase: playing
2026-06-16 23:31:56, tokens_remaining: 1345, call: scores, phase: playing
2026-06-16 23:31:57, tokens_remaining: 1344, call: scores, phase: playing
2026-06-16 23:31:57, tokens_remaining: 1344, call: scores, phase: playing
2026-06-16 23:31:58, tokens_remaining: 1343, call: scores, phase: playing
2026-06-16 23:31:59, tokens_remaining: 1342, call: events, phase: playing
2026-06-16 23:32:00, tokens_remaining: 1341, call: scores, phase: playing
2026-06-16 23:32:01, tokens_remaining: 1341, call: scores, phase: playing
2026-06-16 23:32:01, tokens_remaining: 1340, call: scores, phase: playing
2026-06-16 23:32:02, tokens_remaining: 1340, call: scores, phase: playing
2026-06-16 23:32:03, tokens_remaining: 1339, call: scores, phase: playing
2026-06-16 23:32:04, tokens_remaining: 1339, call: scores, phase: playing
2026-06-16 23:32:04, tokens_remaining: 1338, call: scores, phase: playing
2026-06-16 23:32:05, tokens_remaining: 1338, call: scores, phase: playing
2026-06-16 23:32:06, tokens_remaining: 1337, call: scores, phase: playing
2026-06-16 23:32:07, tokens_remaining: 1336, call: events, phase: playing
2026-06-16 23:32:08, tokens_remaining: 1335, call: scores, phase: playing
2026-06-16 23:32:08, tokens_remaining: 1335, call: scores, phase: playing
2026-06-16 23:32:09, tokens_remaining: 1334, call: scores, phase: playing
2026-06-16 23:32:10, tokens_remaining: 1334, call: scores, phase: playing
2026-06-16 23:32:10, tokens_remaining: 1333, call: scores, phase: playing
2026-06-16 23:32:11, tokens_remaining: 1333, call: scores, phase: playing
2026-06-16 23:32:12, tokens_remaining: 1332, call: scores, phase: playing
2026-06-16 23:32:12, tokens_remaining: 1332, call: scores, phase: playing
2026-06-16 23:32:13, tokens_remaining: 1331, call: scores, phase: playing
2026-06-16 23:32:14, tokens_remaining: 1330, call: events, phase: playing
2026-06-16 23:32:15, tokens_remaining: 1329, call: scores, phase: playing
2026-06-16 23:32:16, tokens_remaining: 1329, call: scores, phase: playing
2026-06-16 23:32:17, tokens_remaining: 1328, call: scores, phase: playing
2026-06-16 23:32:17, tokens_remaining: 1328, call: scores, phase: playing
2026-06-16 23:32:18, tokens_remaining: 1327, call: scores, phase: playing
2026-06-16 23:32:19, tokens_remaining: 1327, call: scores, phase: playing
2026-06-16 23:32:19, tokens_remaining: 1326, call: scores, phase: playing
2026-06-16 23:32:20, tokens_remaining: 1326, call: scores, phase: playing
2026-06-16 23:32:21, tokens_remaining: 1325, call: scores, phase: playing
2026-06-16 23:32:22, tokens_remaining: 1324, call: events, phase: playing
2026-06-16 23:32:23, tokens_remaining: 1323, call: scores, phase: playing
2026-06-16 23:32:23, tokens_remaining: 1323, call: scores, phase: playing
2026-06-16 23:32:24, tokens_remaining: 1322, call: scores, phase: playing
2026-06-16 23:32:25, tokens_remaining: 1322, call: scores, phase: playing
2026-06-16 23:32:25, tokens_remaining: 1321, call: scores, phase: playing
2026-06-16 23:32:26, tokens_remaining: 1321, call: scores, phase: playing
2026-06-16 23:32:27, tokens_remaining: 1320, call: scores, phase: playing
2026-06-16 23:32:27, tokens_remaining: 1320, call: scores, phase: playing
2026-06-16 23:32:28, tokens_remaining: 1319, call: scores, phase: playing
2026-06-16 23:32:29, tokens_remaining: 1318, call: events, phase: playing
2026-06-16 23:32:30, tokens_remaining: 1317, call: scores, phase: playing
2026-06-16 23:32:31, tokens_remaining: 1317, call: scores, phase: playing
2026-06-16 23:32:31, tokens_remaining: 1316, call: scores, phase: playing
2026-06-16 23:32:32, tokens_remaining: 1316, call: scores, phase: playing
2026-06-16 23:32:33, tokens_remaining: 1315, call: scores, phase: playing
2026-06-16 23:32:33, tokens_remaining: 1315, call: scores, phase: playing
2026-06-16 23:32:34, tokens_remaining: 1314, call: scores, phase: playing
2026-06-16 23:32:35, tokens_remaining: 1314, call: scores, phase: playing
2026-06-16 23:32:36, tokens_remaining: 1313, call: scores, phase: playing
2026-06-16 23:32:37, tokens_remaining: 1312, call: events, phase: playing
2026-06-16 23:32:37, tokens_remaining: 1311, call: scores, phase: playing
2026-06-16 23:32:38, tokens_remaining: 1311, call: scores, phase: playing
2026-06-16 23:32:39, tokens_remaining: 1310, call: scores, phase: playing
2026-06-16 23:32:39, tokens_remaining: 1310, call: scores, phase: playing
2026-06-16 23:32:40, tokens_remaining: 1309, call: scores, phase: playing
2026-06-16 23:32:41, tokens_remaining: 1309, call: scores, phase: playing
2026-06-16 23:32:42, tokens_remaining: 1308, call: scores, phase: playing
2026-06-16 23:32:42, tokens_remaining: 1308, call: scores, phase: playing
2026-06-16 23:32:43, tokens_remaining: 1307, call: scores, phase: playing
2026-06-16 23:32:44, tokens_remaining: 1306, call: events, phase: playing
2026-06-16 23:32:45, tokens_remaining: 1305, call: scores, phase: playing
2026-06-16 23:32:45, tokens_remaining: 1305, call: scores, phase: playing
2026-06-16 23:32:46, tokens_remaining: 1304, call: scores, phase: playing
2026-06-16 23:32:47, tokens_remaining: 1304, call: scores, phase: playing
2026-06-16 23:32:48, tokens_remaining: 1303, call: scores, phase: playing
2026-06-16 23:32:48, tokens_remaining: 1303, call: scores, phase: playing
2026-06-16 23:32:49, tokens_remaining: 1302, call: scores, phase: playing
2026-06-16 23:32:50, tokens_remaining: 1302, call: scores, phase: playing
2026-06-16 23:32:51, tokens_remaining: 1301, call: scores, phase: playing
2026-06-16 23:32:51, tokens_remaining: 1300, call: events, phase: playing
2026-06-16 23:32:52, tokens_remaining: 1299, call: scores, phase: playing
2026-06-16 23:32:53, tokens_remaining: 1299, call: scores, phase: playing
2026-06-16 23:32:54, tokens_remaining: 1298, call: scores, phase: playing
2026-06-16 23:32:54, tokens_remaining: 1298, call: scores, phase: playing
2026-06-16 23:32:55, tokens_remaining: 1297, call: scores, phase: playing
2026-06-16 23:32:56, tokens_remaining: 1297, call: scores, phase: playing
2026-06-16 23:32:56, tokens_remaining: 1296, call: scores, phase: playing
2026-06-16 23:32:57, tokens_remaining: 1296, call: scores, phase: playing
2026-06-16 23:32:58, tokens_remaining: 1295, call: scores, phase: playing
2026-06-16 23:32:59, tokens_remaining: 1294, call: events, phase: playing
2026-06-16 23:32:59, tokens_remaining: 1293, call: scores, phase: playing
2026-06-16 23:33:00, tokens_remaining: 1293, call: scores, phase: playing
2026-06-16 23:33:01, tokens_remaining: 1292, call: scores, phase: playing
2026-06-16 23:33:01, tokens_remaining: 1292, call: scores, phase: playing
2026-06-16 23:33:02, tokens_remaining: 1291, call: scores, phase: playing
2026-06-16 23:33:03, tokens_remaining: 1291, call: scores, phase: playing
2026-06-16 23:33:04, tokens_remaining: 1290, call: scores, phase: playing
2026-06-16 23:33:04, tokens_remaining: 1290, call: scores, phase: playing
2026-06-16 23:33:05, tokens_remaining: 1289, call: scores, phase: playing
2026-06-16 23:33:06, tokens_remaining: 1288, call: events, phase: playing
2026-06-16 23:33:07, tokens_remaining: 1287, call: scores, phase: playing
2026-06-16 23:33:07, tokens_remaining: 1287, call: scores, phase: playing
2026-06-16 23:33:08, tokens_remaining: 1286, call: scores, phase: playing
2026-06-16 23:33:09, tokens_remaining: 1286, call: scores, phase: playing
2026-06-16 23:33:09, tokens_remaining: 1285, call: scores, phase: playing
2026-06-16 23:33:10, tokens_remaining: 1285, call: scores, phase: playing
2026-06-16 23:33:11, tokens_remaining: 1284, call: scores, phase: playing
2026-06-16 23:33:11, tokens_remaining: 1284, call: scores, phase: playing
2026-06-16 23:33:12, tokens_remaining: 1283, call: scores, phase: playing
2026-06-16 23:33:13, tokens_remaining: 1282, call: events, phase: playing
2026-06-16 23:33:14, tokens_remaining: 1281, call: scores, phase: playing
2026-06-16 23:33:15, tokens_remaining: 1281, call: scores, phase: playing
2026-06-16 23:33:15, tokens_remaining: 1280, call: scores, phase: playing
2026-06-16 23:33:16, tokens_remaining: 1280, call: scores, phase: playing
2026-06-16 23:33:17, tokens_remaining: 1279, call: scores, phase: playing
2026-06-16 23:33:17, tokens_remaining: 1279, call: scores, phase: playing
2026-06-16 23:33:18, tokens_remaining: 1278, call: scores, phase: playing
2026-06-16 23:33:19, tokens_remaining: 1278, call: scores, phase: playing
2026-06-16 23:33:20, tokens_remaining: 1277, call: scores, phase: playing
2026-06-16 23:33:20, tokens_remaining: 1276, call: events, phase: playing
2026-06-16 23:33:21, tokens_remaining: 1275, call: scores, phase: playing
2026-06-16 23:33:22, tokens_remaining: 1275, call: scores, phase: playing
2026-06-16 23:33:23, tokens_remaining: 1274, call: scores, phase: playing
2026-06-16 23:33:23, tokens_remaining: 1274, call: scores, phase: playing
2026-06-16 23:33:24, tokens_remaining: 1273, call: scores, phase: playing
2026-06-16 23:33:25, tokens_remaining: 1273, call: scores, phase: playing
2026-06-16 23:33:25, tokens_remaining: 1272, call: scores, phase: playing
2026-06-16 23:33:26, tokens_remaining: 1272, call: scores, phase: playing
2026-06-16 23:33:27, tokens_remaining: 1271, call: scores, phase: playing
2026-06-16 23:33:28, tokens_remaining: 1270, call: events, phase: playing
2026-06-16 23:33:28, tokens_remaining: 1269, call: scores, phase: playing
2026-06-16 23:33:29, tokens_remaining: 1269, call: scores, phase: playing
2026-06-16 23:33:30, tokens_remaining: 1268, call: scores, phase: playing
2026-06-16 23:33:30, tokens_remaining: 1268, call: scores, phase: playing
2026-06-16 23:33:31, tokens_remaining: 1267, call: scores, phase: playing
2026-06-16 23:33:32, tokens_remaining: 1267, call: scores, phase: playing
2026-06-16 23:33:33, tokens_remaining: 1266, call: scores, phase: playing
2026-06-16 23:33:33, tokens_remaining: 1266, call: scores, phase: playing
2026-06-16 23:33:34, tokens_remaining: 1265, call: scores, phase: playing
2026-06-16 23:33:35, tokens_remaining: 1264, call: events, phase: playing
2026-06-16 23:33:36, tokens_remaining: 1263, call: scores, phase: playing
2026-06-16 23:33:36, tokens_remaining: 1263, call: scores, phase: playing
2026-06-16 23:33:37, tokens_remaining: 1262, call: scores, phase: playing
2026-06-16 23:33:37, tokens_remaining: 1262, call: scores, phase: playing
2026-06-16 23:33:38, tokens_remaining: 1261, call: scores, phase: playing
2026-06-16 23:33:39, tokens_remaining: 1261, call: scores, phase: playing
2026-06-16 23:33:40, tokens_remaining: 1260, call: scores, phase: playing
2026-06-16 23:33:40, tokens_remaining: 1260, call: scores, phase: playing
2026-06-16 23:33:41, tokens_remaining: 1259, call: scores, phase: playing
2026-06-16 23:33:42, tokens_remaining: 1258, call: events, phase: playing
2026-06-16 23:33:43, tokens_remaining: 1257, call: scores, phase: playing
2026-06-16 23:33:43, tokens_remaining: 1257, call: scores, phase: playing
2026-06-16 23:33:44, tokens_remaining: 1256, call: scores, phase: playing
2026-06-16 23:33:45, tokens_remaining: 1256, call: scores, phase: playing
2026-06-16 23:33:45, tokens_remaining: 1255, call: scores, phase: playing
2026-06-16 23:33:46, tokens_remaining: 1255, call: scores, phase: playing
2026-06-16 23:33:47, tokens_remaining: 1254, call: scores, phase: playing
2026-06-16 23:33:47, tokens_remaining: 1254, call: scores, phase: playing
2026-06-16 23:33:48, tokens_remaining: 1253, call: scores, phase: playing
2026-06-16 23:33:49, tokens_remaining: 1252, call: events, phase: playing
2026-06-16 23:33:50, tokens_remaining: 1251, call: scores, phase: playing
2026-06-16 23:33:50, tokens_remaining: 1251, call: scores, phase: playing
2026-06-16 23:33:51, tokens_remaining: 1250, call: scores, phase: playing
2026-06-16 23:33:52, tokens_remaining: 1250, call: scores, phase: playing
2026-06-16 23:33:52, tokens_remaining: 1249, call: scores, phase: playing
2026-06-16 23:33:53, tokens_remaining: 1249, call: scores, phase: playing
2026-06-16 23:33:54, tokens_remaining: 1248, call: scores, phase: playing
2026-06-16 23:33:54, tokens_remaining: 1248, call: scores, phase: playing
2026-06-16 23:33:55, tokens_remaining: 1247, call: scores, phase: playing
2026-06-16 23:33:56, tokens_remaining: 1246, call: events, phase: playing
2026-06-16 23:33:57, tokens_remaining: 1245, call: scores, phase: playing
2026-06-16 23:33:57, tokens_remaining: 1245, call: scores, phase: playing
2026-06-16 23:33:58, tokens_remaining: 1244, call: scores, phase: playing
2026-06-16 23:33:59, tokens_remaining: 1244, call: scores, phase: playing
2026-06-16 23:33:59, tokens_remaining: 1243, call: scores, phase: playing
2026-06-16 23:34:00, tokens_remaining: 1243, call: scores, phase: playing
2026-06-16 23:34:01, tokens_remaining: 1242, call: scores, phase: playing
2026-06-16 23:34:01, tokens_remaining: 1242, call: scores, phase: playing
2026-06-16 23:34:02, tokens_remaining: 1241, call: scores, phase: playing
2026-06-16 23:34:03, tokens_remaining: 1240, call: events, phase: playing
2026-06-16 23:34:04, tokens_remaining: 1239, call: scores, phase: playing
2026-06-16 23:34:04, tokens_remaining: 1239, call: scores, phase: playing
2026-06-16 23:34:05, tokens_remaining: 1238, call: scores, phase: playing
2026-06-16 23:34:06, tokens_remaining: 1238, call: scores, phase: playing
2026-06-16 23:34:06, tokens_remaining: 1237, call: scores, phase: playing
2026-06-16 23:34:07, tokens_remaining: 1237, call: scores, phase: playing
2026-06-16 23:34:08, tokens_remaining: 1236, call: scores, phase: playing
2026-06-16 23:34:08, tokens_remaining: 1236, call: scores, phase: playing
2026-06-16 23:34:09, tokens_remaining: 1235, call: scores, phase: playing
2026-06-16 23:34:10, tokens_remaining: 1234, call: events, phase: playing
2026-06-16 23:34:11, tokens_remaining: 1233, call: scores, phase: playing
2026-06-16 23:34:11, tokens_remaining: 1233, call: scores, phase: playing
2026-06-16 23:34:12, tokens_remaining: 1232, call: scores, phase: playing
2026-06-16 23:34:13, tokens_remaining: 1232, call: scores, phase: playing
2026-06-16 23:34:13, tokens_remaining: 1231, call: scores, phase: playing
2026-06-16 23:34:14, tokens_remaining: 1231, call: scores, phase: playing
2026-06-16 23:34:15, tokens_remaining: 1230, call: scores, phase: playing
2026-06-16 23:34:15, tokens_remaining: 1230, call: scores, phase: playing
2026-06-16 23:34:16, tokens_remaining: 1229, call: scores, phase: playing
2026-06-16 23:34:17, tokens_remaining: 1228, call: events, phase: playing
2026-06-16 23:34:18, tokens_remaining: 1227, call: scores, phase: playing
2026-06-16 23:34:18, tokens_remaining: 1227, call: scores, phase: playing
2026-06-16 23:34:19, tokens_remaining: 1226, call: scores, phase: playing
2026-06-16 23:34:19, tokens_remaining: 1226, call: scores, phase: playing
2026-06-16 23:34:20, tokens_remaining: 1225, call: scores, phase: playing
2026-06-16 23:34:21, tokens_remaining: 1225, call: scores, phase: playing
2026-06-16 23:34:22, tokens_remaining: 1224, call: scores, phase: playing
2026-06-16 23:34:22, tokens_remaining: 1224, call: scores, phase: playing
2026-06-16 23:34:23, tokens_remaining: 1223, call: scores, phase: playing
2026-06-16 23:34:24, tokens_remaining: 1222, call: events, phase: playing
2026-06-16 23:34:24, tokens_remaining: 1221, call: scores, phase: playing
2026-06-16 23:34:25, tokens_remaining: 1221, call: scores, phase: playing
2026-06-16 23:34:26, tokens_remaining: 1220, call: scores, phase: playing
2026-06-16 23:34:26, tokens_remaining: 1220, call: scores, phase: playing
2026-06-16 23:34:27, tokens_remaining: 1219, call: scores, phase: playing
2026-06-16 23:34:28, tokens_remaining: 1219, call: scores, phase: playing
2026-06-16 23:34:28, tokens_remaining: 1218, call: scores, phase: playing
2026-06-16 23:34:29, tokens_remaining: 1218, call: scores, phase: playing
2026-06-16 23:34:30, tokens_remaining: 1217, call: scores, phase: playing
2026-06-16 23:34:31, tokens_remaining: 1216, call: events, phase: playing
2026-06-16 23:34:31, tokens_remaining: 1215, call: scores, phase: playing
2026-06-16 23:34:32, tokens_remaining: 1215, call: scores, phase: playing
2026-06-16 23:34:33, tokens_remaining: 1214, call: scores, phase: playing
2026-06-16 23:34:33, tokens_remaining: 1214, call: scores, phase: playing
2026-06-16 23:34:34, tokens_remaining: 1213, call: scores, phase: playing
2026-06-16 23:34:34, tokens_remaining: 1213, call: scores, phase: playing
2026-06-16 23:34:35, tokens_remaining: 1212, call: scores, phase: playing
2026-06-16 23:34:36, tokens_remaining: 1212, call: scores, phase: playing
2026-06-16 23:34:37, tokens_remaining: 1211, call: scores, phase: playing
2026-06-16 23:34:37, tokens_remaining: 1210, call: events, phase: playing
2026-06-16 23:34:38, tokens_remaining: 1209, call: scores, phase: playing
2026-06-16 23:34:39, tokens_remaining: 1209, call: scores, phase: playing
2026-06-16 23:34:40, tokens_remaining: 1208, call: scores, phase: playing
2026-06-16 23:34:40, tokens_remaining: 1208, call: scores, phase: playing
2026-06-16 23:34:41, tokens_remaining: 1207, call: scores, phase: playing
2026-06-16 23:34:41, tokens_remaining: 1207, call: scores, phase: playing
2026-06-16 23:34:42, tokens_remaining: 1206, call: scores, phase: playing
2026-06-16 23:34:43, tokens_remaining: 1206, call: scores, phase: playing
2026-06-16 23:34:43, tokens_remaining: 1205, call: scores, phase: playing
2026-06-16 23:34:44, tokens_remaining: 1204, call: events, phase: playing
2026-06-16 23:34:45, tokens_remaining: 1203, call: scores, phase: playing
2026-06-16 23:34:46, tokens_remaining: 1203, call: scores, phase: playing
2026-06-16 23:34:46, tokens_remaining: 1202, call: scores, phase: playing
2026-06-16 23:34:47, tokens_remaining: 1202, call: scores, phase: playing
2026-06-16 23:34:48, tokens_remaining: 1201, call: scores, phase: playing
2026-06-16 23:34:48, tokens_remaining: 1201, call: scores, phase: playing
2026-06-16 23:34:49, tokens_remaining: 1200, call: scores, phase: playing
2026-06-16 23:34:50, tokens_remaining: 1200, call: scores, phase: playing
2026-06-16 23:34:50, tokens_remaining: 1199, call: scores, phase: playing
2026-06-16 23:34:51, tokens_remaining: 1198, call: events, phase: playing
2026-06-16 23:34:52, tokens_remaining: 1197, call: scores, phase: playing
2026-06-16 23:34:52, tokens_remaining: 1197, call: scores, phase: playing
2026-06-16 23:34:53, tokens_remaining: 1196, call: scores, phase: playing
2026-06-16 23:34:54, tokens_remaining: 1196, call: scores, phase: playing
2026-06-16 23:34:54, tokens_remaining: 1195, call: scores, phase: playing
2026-06-16 23:34:55, tokens_remaining: 1195, call: scores, phase: playing
2026-06-16 23:34:56, tokens_remaining: 1194, call: scores, phase: playing
2026-06-16 23:34:56, tokens_remaining: 1194, call: scores, phase: playing
2026-06-16 23:34:57, tokens_remaining: 1193, call: scores, phase: playing
2026-06-16 23:34:58, tokens_remaining: 1192, call: events, phase: playing
2026-06-16 23:34:59, tokens_remaining: 1191, call: scores, phase: playing
2026-06-16 23:34:59, tokens_remaining: 1191, call: scores, phase: playing
2026-06-16 23:35:00, tokens_remaining: 1190, call: scores, phase: playing
2026-06-16 23:35:00, tokens_remaining: 1190, call: scores, phase: playing
2026-06-16 23:35:01, tokens_remaining: 1189, call: scores, phase: playing
2026-06-16 23:35:02, tokens_remaining: 1189, call: scores, phase: playing
2026-06-16 23:35:02, tokens_remaining: 1188, call: scores, phase: playing
2026-06-16 23:35:03, tokens_remaining: 1188, call: scores, phase: playing
2026-06-16 23:35:04, tokens_remaining: 1187, call: scores, phase: playing
2026-06-16 23:35:05, tokens_remaining: 1186, call: events, phase: playing
2026-06-16 23:35:05, tokens_remaining: 1185, call: scores, phase: playing
2026-06-16 23:35:06, tokens_remaining: 1185, call: scores, phase: playing
2026-06-16 23:35:07, tokens_remaining: 1184, call: scores, phase: playing
2026-06-16 23:35:07, tokens_remaining: 1184, call: scores, phase: playing
2026-06-16 23:35:08, tokens_remaining: 1183, call: scores, phase: playing
2026-06-16 23:35:08, tokens_remaining: 1183, call: scores, phase: playing
2026-06-16 23:35:09, tokens_remaining: 1182, call: scores, phase: playing
2026-06-16 23:35:10, tokens_remaining: 1182, call: scores, phase: playing
2026-06-16 23:35:10, tokens_remaining: 1181, call: scores, phase: playing
2026-06-16 23:35:11, tokens_remaining: 1180, call: events, phase: playing
2026-06-16 23:35:12, tokens_remaining: 1179, call: scores, phase: playing
2026-06-16 23:35:13, tokens_remaining: 1179, call: scores, phase: playing
2026-06-16 23:35:13, tokens_remaining: 1178, call: scores, phase: playing
2026-06-16 23:35:14, tokens_remaining: 1178, call: scores, phase: playing
2026-06-16 23:35:15, tokens_remaining: 1177, call: scores, phase: playing
2026-06-16 23:35:15, tokens_remaining: 1177, call: scores, phase: playing
2026-06-16 23:35:16, tokens_remaining: 1176, call: scores, phase: playing
2026-06-16 23:35:16, tokens_remaining: 1176, call: scores, phase: playing
2026-06-16 23:35:17, tokens_remaining: 1175, call: scores, phase: playing
2026-06-16 23:35:18, tokens_remaining: 1174, call: events, phase: playing
2026-06-16 23:35:19, tokens_remaining: 1173, call: scores, phase: playing
2026-06-16 23:35:19, tokens_remaining: 1173, call: scores, phase: playing
2026-06-16 23:35:20, tokens_remaining: 1172, call: scores, phase: playing
2026-06-16 23:35:20, tokens_remaining: 1172, call: scores, phase: playing
2026-06-16 23:35:21, tokens_remaining: 1171, call: scores, phase: playing
2026-06-16 23:35:22, tokens_remaining: 1171, call: scores, phase: playing
2026-06-16 23:35:23, tokens_remaining: 1170, call: scores, phase: playing
2026-06-16 23:35:23, tokens_remaining: 1170, call: scores, phase: playing
2026-06-16 23:35:24, tokens_remaining: 1169, call: scores, phase: playing
2026-06-16 23:35:25, tokens_remaining: 1168, call: events, phase: playing
2026-06-16 23:35:25, tokens_remaining: 1167, call: scores, phase: playing
2026-06-16 23:35:26, tokens_remaining: 1167, call: scores, phase: playing
2026-06-16 23:35:27, tokens_remaining: 1166, call: scores, phase: playing
2026-06-16 23:35:27, tokens_remaining: 1166, call: scores, phase: playing
2026-06-16 23:35:28, tokens_remaining: 1165, call: scores, phase: playing
2026-06-16 23:35:28, tokens_remaining: 1165, call: scores, phase: playing
2026-06-16 23:35:29, tokens_remaining: 1164, call: scores, phase: playing
2026-06-16 23:35:30, tokens_remaining: 1164, call: scores, phase: playing
2026-06-16 23:35:30, tokens_remaining: 1163, call: scores, phase: playing
2026-06-16 23:35:31, tokens_remaining: 1162, call: events, phase: playing
2026-06-16 23:35:32, tokens_remaining: 1161, call: scores, phase: playing
2026-06-16 23:35:32, tokens_remaining: 1161, call: scores, phase: playing
2026-06-16 23:35:33, tokens_remaining: 1160, call: scores, phase: playing
2026-06-16 23:35:34, tokens_remaining: 1160, call: scores, phase: playing
2026-06-16 23:35:34, tokens_remaining: 1160, call: scores, phase: playing
2026-06-16 23:35:35, tokens_remaining: 1159, call: scores, phase: playing
2026-06-16 23:35:35, tokens_remaining: 1159, call: scores, phase: playing
2026-06-16 23:35:36, tokens_remaining: 1158, call: scores, phase: playing
2026-06-16 23:35:37, tokens_remaining: 1158, call: scores, phase: playing
2026-06-16 23:35:37, tokens_remaining: 1157, call: events, phase: playing
2026-06-16 23:35:38, tokens_remaining: 1156, call: scores, phase: playing
2026-06-16 23:35:39, tokens_remaining: 1156, call: scores, phase: playing
2026-06-16 23:35:39, tokens_remaining: 1155, call: scores, phase: playing
2026-06-16 23:35:40, tokens_remaining: 1155, call: scores, phase: playing
2026-06-16 23:35:41, tokens_remaining: 1154, call: scores, phase: playing
2026-06-16 23:35:41, tokens_remaining: 1154, call: scores, phase: playing
2026-06-16 23:35:42, tokens_remaining: 1154, call: scores, phase: playing
2026-06-16 23:35:42, tokens_remaining: 1153, call: scores, phase: playing
2026-06-16 23:35:43, tokens_remaining: 1153, call: scores, phase: playing
2026-06-16 23:35:44, tokens_remaining: 1152, call: events, phase: playing
2026-06-16 23:35:44, tokens_remaining: 1151, call: scores, phase: playing
2026-06-16 23:35:45, tokens_remaining: 1151, call: scores, phase: playing
2026-06-16 23:35:46, tokens_remaining: 1150, call: scores, phase: playing
2026-06-16 23:35:46, tokens_remaining: 1150, call: scores, phase: playing
2026-06-16 23:35:47, tokens_remaining: 1150, call: scores, phase: playing
2026-06-16 23:35:47, tokens_remaining: 1149, call: scores, phase: playing
2026-06-16 23:35:48, tokens_remaining: 1149, call: scores, phase: playing
2026-06-16 23:35:49, tokens_remaining: 1148, call: scores, phase: playing
2026-06-16 23:35:49, tokens_remaining: 1148, call: scores, phase: playing
2026-06-16 23:35:50, tokens_remaining: 1147, call: events, phase: playing
2026-06-16 23:35:51, tokens_remaining: 1146, call: scores, phase: playing
2026-06-16 23:35:51, tokens_remaining: 1146, call: scores, phase: playing
2026-06-16 23:35:52, tokens_remaining: 1146, call: scores, phase: playing
2026-06-16 23:35:52, tokens_remaining: 1145, call: scores, phase: playing
2026-06-16 23:35:53, tokens_remaining: 1145, call: scores, phase: playing
2026-06-16 23:35:53, tokens_remaining: 1145, call: scores, phase: playing
2026-06-16 23:35:54, tokens_remaining: 1144, call: scores, phase: playing
2026-06-16 23:35:55, tokens_remaining: 1144, call: scores, phase: playing
2026-06-16 23:35:55, tokens_remaining: 1144, call: scores, phase: playing
2026-06-16 23:35:56, tokens_remaining: 1143, call: events, phase: playing
2026-06-16 23:35:57, tokens_remaining: 1142, call: scores, phase: playing
2026-06-16 23:35:57, tokens_remaining: 1142, call: scores, phase: playing
2026-06-16 23:35:58, tokens_remaining: 1142, call: scores, phase: playing
2026-06-16 23:35:58, tokens_remaining: 1141, call: scores, phase: playing
2026-06-16 23:35:59, tokens_remaining: 1141, call: scores, phase: playing
2026-06-16 23:35:59, tokens_remaining: 1141, call: scores, phase: playing
2026-06-16 23:36:00, tokens_remaining: 1140, call: scores, phase: playing
2026-06-16 23:36:00, tokens_remaining: 1140, call: scores, phase: playing
2026-06-16 23:36:01, tokens_remaining: 1140, call: scores, phase: playing
2026-06-16 23:36:02, tokens_remaining: 1139, call: events, phase: playing
2026-06-16 23:36:02, tokens_remaining: 1138, call: scores, phase: playing
2026-06-16 23:36:03, tokens_remaining: 1138, call: scores, phase: playing
2026-06-16 23:36:03, tokens_remaining: 1138, call: scores, phase: playing
2026-06-16 23:36:04, tokens_remaining: 1137, call: scores, phase: playing
2026-06-16 23:36:05, tokens_remaining: 1137, call: scores, phase: playing
2026-06-16 23:36:05, tokens_remaining: 1137, call: scores, phase: playing
2026-06-16 23:36:06, tokens_remaining: 1136, call: scores, phase: playing
2026-06-16 23:36:06, tokens_remaining: 1136, call: scores, phase: playing
2026-06-16 23:36:07, tokens_remaining: 1136, call: scores, phase: playing
2026-06-16 23:36:08, tokens_remaining: 1135, call: events, phase: playing
2026-06-16 23:36:08, tokens_remaining: 1134, call: scores, phase: playing
2026-06-16 23:36:09, tokens_remaining: 1134, call: scores, phase: playing
2026-06-16 23:36:09, tokens_remaining: 1134, call: scores, phase: playing
2026-06-16 23:36:10, tokens_remaining: 1133, call: scores, phase: playing
2026-06-16 23:36:10, tokens_remaining: 1133, call: scores, phase: playing
2026-06-16 23:36:11, tokens_remaining: 1133, call: scores, phase: playing
2026-06-16 23:36:12, tokens_remaining: 1132, call: scores, phase: playing
2026-06-16 23:36:12, tokens_remaining: 1132, call: scores, phase: playing
2026-06-16 23:36:13, tokens_remaining: 1132, call: scores, phase: playing
2026-06-16 23:36:13, tokens_remaining: 1131, call: events, phase: playing
2026-06-16 23:36:14, tokens_remaining: 1130, call: scores, phase: playing
2026-06-16 23:36:15, tokens_remaining: 1130, call: scores, phase: playing
2026-06-16 23:36:15, tokens_remaining: 1130, call: scores, phase: playing
2026-06-16 23:36:16, tokens_remaining: 1129, call: scores, phase: playing
2026-06-16 23:36:16, tokens_remaining: 1129, call: scores, phase: playing
2026-06-16 23:36:17, tokens_remaining: 1129, call: scores, phase: playing
2026-06-16 23:36:17, tokens_remaining: 1128, call: scores, phase: playing
2026-06-16 23:36:18, tokens_remaining: 1128, call: scores, phase: playing
2026-06-16 23:36:18, tokens_remaining: 1128, call: scores, phase: playing
2026-06-16 23:36:19, tokens_remaining: 1127, call: events, phase: playing
2026-06-16 23:36:20, tokens_remaining: 1126, call: scores, phase: playing
2026-06-16 23:36:20, tokens_remaining: 1126, call: scores, phase: playing
2026-06-16 23:36:21, tokens_remaining: 1126, call: scores, phase: playing
2026-06-16 23:36:22, tokens_remaining: 1125, call: scores, phase: playing
2026-06-16 23:36:22, tokens_remaining: 1125, call: scores, phase: playing
2026-06-16 23:36:22, tokens_remaining: 1125, call: scores, phase: playing
2026-06-16 23:36:23, tokens_remaining: 1124, call: scores, phase: playing
2026-06-16 23:36:24, tokens_remaining: 1124, call: scores, phase: playing
2026-06-16 23:36:24, tokens_remaining: 1124, call: scores, phase: playing
2026-06-16 23:36:25, tokens_remaining: 1123, call: events, phase: playing
2026-06-16 23:36:26, tokens_remaining: 1122, call: scores, phase: playing
2026-06-16 23:36:26, tokens_remaining: 1122, call: scores, phase: playing
2026-06-16 23:36:27, tokens_remaining: 1122, call: scores, phase: playing
2026-06-16 23:36:27, tokens_remaining: 1121, call: scores, phase: playing
2026-06-16 23:36:28, tokens_remaining: 1121, call: scores, phase: playing
2026-06-16 23:36:28, tokens_remaining: 1121, call: scores, phase: playing
2026-06-16 23:36:29, tokens_remaining: 1120, call: scores, phase: playing
2026-06-16 23:36:29, tokens_remaining: 1120, call: scores, phase: playing
2026-06-16 23:36:30, tokens_remaining: 1120, call: scores, phase: playing
2026-06-16 23:36:31, tokens_remaining: 1119, call: events, phase: playing
2026-06-16 23:36:31, tokens_remaining: 1118, call: scores, phase: playing
2026-06-16 23:36:32, tokens_remaining: 1118, call: scores, phase: playing
2026-06-16 23:36:32, tokens_remaining: 1118, call: scores, phase: playing
2026-06-16 23:36:33, tokens_remaining: 1117, call: scores, phase: playing
2026-06-16 23:36:33, tokens_remaining: 1117, call: scores, phase: playing
2026-06-16 23:36:34, tokens_remaining: 1117, call: scores, phase: playing
2026-06-16 23:36:35, tokens_remaining: 1116, call: scores, phase: playing
2026-06-16 23:36:35, tokens_remaining: 1116, call: scores, phase: playing
2026-06-16 23:36:36, tokens_remaining: 1116, call: scores, phase: playing
2026-06-16 23:36:36, tokens_remaining: 1115, call: events, phase: playing
2026-06-16 23:36:37, tokens_remaining: 1114, call: scores, phase: playing
2026-06-16 23:36:37, tokens_remaining: 1114, call: scores, phase: playing
2026-06-16 23:36:38, tokens_remaining: 1114, call: scores, phase: playing
2026-06-16 23:36:39, tokens_remaining: 1113, call: scores, phase: playing
2026-06-16 23:36:39, tokens_remaining: 1113, call: scores, phase: playing
2026-06-16 23:36:40, tokens_remaining: 1113, call: scores, phase: playing
2026-06-16 23:36:40, tokens_remaining: 1112, call: scores, phase: playing
2026-06-16 23:36:41, tokens_remaining: 1112, call: scores, phase: playing
2026-06-16 23:36:41, tokens_remaining: 1112, call: scores, phase: playing
2026-06-16 23:36:42, tokens_remaining: 1111, call: events, phase: playing
2026-06-16 23:36:43, tokens_remaining: 1110, call: scores, phase: playing
2026-06-16 23:36:43, tokens_remaining: 1110, call: scores, phase: playing
2026-06-16 23:36:44, tokens_remaining: 1110, call: scores, phase: playing
2026-06-16 23:36:44, tokens_remaining: 1109, call: scores, phase: playing
2026-06-16 23:36:45, tokens_remaining: 1109, call: scores, phase: playing
2026-06-16 23:36:45, tokens_remaining: 1109, call: scores, phase: playing
2026-06-16 23:36:46, tokens_remaining: 1108, call: scores, phase: playing
2026-06-16 23:36:46, tokens_remaining: 1108, call: scores, phase: playing
2026-06-16 23:36:47, tokens_remaining: 1108, call: scores, phase: playing
2026-06-16 23:36:48, tokens_remaining: 1107, call: events, phase: playing
2026-06-16 23:36:48, tokens_remaining: 1106, call: scores, phase: playing
2026-06-16 23:36:49, tokens_remaining: 1106, call: scores, phase: playing
2026-06-16 23:36:49, tokens_remaining: 1106, call: scores, phase: playing
2026-06-16 23:36:50, tokens_remaining: 1105, call: scores, phase: playing
2026-06-16 23:36:50, tokens_remaining: 1105, call: scores, phase: playing
2026-06-16 23:36:51, tokens_remaining: 1105, call: scores, phase: playing
2026-06-16 23:36:52, tokens_remaining: 1104, call: scores, phase: playing
2026-06-16 23:36:52, tokens_remaining: 1104, call: scores, phase: playing
2026-06-16 23:36:52, tokens_remaining: 1104, call: scores, phase: playing
2026-06-16 23:36:53, tokens_remaining: 1103, call: events, phase: playing
2026-06-16 23:36:54, tokens_remaining: 1102, call: scores, phase: playing
2026-06-16 23:36:54, tokens_remaining: 1102, call: scores, phase: playing
2026-06-16 23:36:55, tokens_remaining: 1102, call: scores, phase: playing
2026-06-16 23:36:55, tokens_remaining: 1101, call: scores, phase: playing
2026-06-16 23:36:56, tokens_remaining: 1101, call: scores, phase: playing
2026-06-16 23:36:56, tokens_remaining: 1101, call: scores, phase: playing
2026-06-16 23:36:57, tokens_remaining: 1100, call: scores, phase: playing
2026-06-16 23:36:58, tokens_remaining: 1100, call: scores, phase: playing
2026-06-16 23:36:58, tokens_remaining: 1100, call: scores, phase: playing
2026-06-16 23:36:59, tokens_remaining: 1099, call: events, phase: playing
2026-06-16 23:36:59, tokens_remaining: 1098, call: scores, phase: playing
2026-06-16 23:37:00, tokens_remaining: 1098, call: scores, phase: playing
2026-06-16 23:37:00, tokens_remaining: 1098, call: scores, phase: playing
2026-06-16 23:37:01, tokens_remaining: 1097, call: scores, phase: playing
2026-06-16 23:37:02, tokens_remaining: 1097, call: scores, phase: playing
2026-06-16 23:37:02, tokens_remaining: 1097, call: scores, phase: playing
2026-06-16 23:37:03, tokens_remaining: 1096, call: scores, phase: playing
2026-06-16 23:37:03, tokens_remaining: 1096, call: scores, phase: playing
2026-06-16 23:37:04, tokens_remaining: 1096, call: scores, phase: playing
2026-06-16 23:37:04, tokens_remaining: 1095, call: events, phase: playing
2026-06-16 23:37:05, tokens_remaining: 1094, call: scores, phase: playing
2026-06-16 23:37:06, tokens_remaining: 1094, call: scores, phase: playing
2026-06-16 23:37:06, tokens_remaining: 1094, call: scores, phase: playing
2026-06-16 23:37:07, tokens_remaining: 1093, call: scores, phase: playing
2026-06-16 23:37:07, tokens_remaining: 1093, call: scores, phase: playing
2026-06-16 23:37:08, tokens_remaining: 1093, call: scores, phase: playing
2026-06-16 23:37:08, tokens_remaining: 1092, call: scores, phase: playing
2026-06-16 23:37:09, tokens_remaining: 1092, call: scores, phase: playing
2026-06-16 23:37:09, tokens_remaining: 1092, call: scores, phase: playing
2026-06-16 23:37:10, tokens_remaining: 1091, call: events, phase: playing
2026-06-16 23:37:11, tokens_remaining: 1090, call: scores, phase: playing
2026-06-16 23:37:11, tokens_remaining: 1090, call: scores, phase: playing
2026-06-16 23:37:12, tokens_remaining: 1090, call: scores, phase: playing
2026-06-16 23:37:12, tokens_remaining: 1089, call: scores, phase: playing
2026-06-16 23:37:13, tokens_remaining: 1089, call: scores, phase: playing
2026-06-16 23:37:13, tokens_remaining: 1089, call: scores, phase: playing
2026-06-16 23:37:14, tokens_remaining: 1088, call: scores, phase: playing
2026-06-16 23:37:14, tokens_remaining: 1088, call: scores, phase: playing
2026-06-16 23:37:15, tokens_remaining: 1088, call: scores, phase: playing
2026-06-16 23:37:15, tokens_remaining: 1087, call: events, phase: playing
2026-06-16 23:37:16, tokens_remaining: 1086, call: scores, phase: playing
2026-06-16 23:37:17, tokens_remaining: 1086, call: scores, phase: playing
2026-06-16 23:37:17, tokens_remaining: 1086, call: scores, phase: playing
2026-06-16 23:37:18, tokens_remaining: 1085, call: scores, phase: playing
2026-06-16 23:37:18, tokens_remaining: 1085, call: scores, phase: playing
2026-06-16 23:37:19, tokens_remaining: 1085, call: scores, phase: playing
2026-06-16 23:37:19, tokens_remaining: 1084, call: scores, phase: playing
2026-06-16 23:37:20, tokens_remaining: 1084, call: scores, phase: playing
2026-06-16 23:37:20, tokens_remaining: 1084, call: scores, phase: playing
2026-06-16 23:37:21, tokens_remaining: 1083, call: events, phase: playing
2026-06-16 23:37:22, tokens_remaining: 1082, call: scores, phase: playing
2026-06-16 23:37:22, tokens_remaining: 1082, call: scores, phase: playing
2026-06-16 23:37:22, tokens_remaining: 1082, call: scores, phase: playing
2026-06-16 23:37:23, tokens_remaining: 1081, call: scores, phase: playing
2026-06-16 23:37:24, tokens_remaining: 1081, call: scores, phase: playing
2026-06-16 23:37:24, tokens_remaining: 1081, call: scores, phase: playing
2026-06-16 23:37:25, tokens_remaining: 1080, call: scores, phase: playing
2026-06-16 23:37:25, tokens_remaining: 1080, call: scores, phase: playing
2026-06-16 23:37:26, tokens_remaining: 1080, call: scores, phase: playing
2026-06-16 23:37:26, tokens_remaining: 1079, call: events, phase: playing
2026-06-16 23:37:27, tokens_remaining: 1078, call: scores, phase: playing
2026-06-16 23:37:27, tokens_remaining: 1078, call: scores, phase: playing
2026-06-16 23:37:28, tokens_remaining: 1078, call: scores, phase: playing
2026-06-16 23:37:28, tokens_remaining: 1077, call: scores, phase: playing
2026-06-16 23:37:29, tokens_remaining: 1077, call: scores, phase: playing
2026-06-16 23:37:29, tokens_remaining: 1077, call: scores, phase: playing
2026-06-16 23:37:30, tokens_remaining: 1076, call: scores, phase: playing
2026-06-16 23:37:30, tokens_remaining: 1076, call: scores, phase: playing
2026-06-16 23:37:31, tokens_remaining: 1076, call: scores, phase: playing
2026-06-16 23:37:32, tokens_remaining: 1075, call: events, phase: playing
2026-06-16 23:37:32, tokens_remaining: 1074, call: scores, phase: playing
2026-06-16 23:37:33, tokens_remaining: 1074, call: scores, phase: playing
2026-06-16 23:37:33, tokens_remaining: 1074, call: scores, phase: playing
2026-06-16 23:37:34, tokens_remaining: 1073, call: scores, phase: playing
2026-06-16 23:37:34, tokens_remaining: 1073, call: scores, phase: playing
2026-06-16 23:37:35, tokens_remaining: 1073, call: scores, phase: playing
2026-06-16 23:37:35, tokens_remaining: 1072, call: scores, phase: playing
2026-06-16 23:37:36, tokens_remaining: 1072, call: scores, phase: playing
2026-06-16 23:37:36, tokens_remaining: 1072, call: scores, phase: playing
2026-06-16 23:37:37, tokens_remaining: 1071, call: events, phase: playing
2026-06-16 23:37:38, tokens_remaining: 1070, call: scores, phase: playing
2026-06-16 23:37:38, tokens_remaining: 1070, call: scores, phase: playing
2026-06-16 23:37:38, tokens_remaining: 1070, call: scores, phase: playing
2026-06-16 23:37:39, tokens_remaining: 1069, call: scores, phase: playing
2026-06-16 23:37:39, tokens_remaining: 1069, call: scores, phase: playing
2026-06-16 23:37:40, tokens_remaining: 1069, call: scores, phase: playing
2026-06-16 23:37:41, tokens_remaining: 1068, call: scores, phase: playing
2026-06-16 23:37:41, tokens_remaining: 1068, call: scores, phase: playing
2026-06-16 23:37:41, tokens_remaining: 1068, call: scores, phase: playing
2026-06-16 23:37:42, tokens_remaining: 1067, call: events, phase: playing
2026-06-16 23:37:43, tokens_remaining: 1066, call: scores, phase: playing
2026-06-16 23:37:43, tokens_remaining: 1066, call: scores, phase: playing
2026-06-16 23:37:44, tokens_remaining: 1066, call: scores, phase: playing
2026-06-16 23:37:44, tokens_remaining: 1065, call: scores, phase: playing
2026-06-16 23:37:45, tokens_remaining: 1065, call: scores, phase: playing
2026-06-16 23:37:45, tokens_remaining: 1065, call: scores, phase: playing
2026-06-16 23:37:46, tokens_remaining: 1064, call: scores, phase: playing
2026-06-16 23:37:46, tokens_remaining: 1064, call: scores, phase: playing
2026-06-16 23:37:47, tokens_remaining: 1064, call: scores, phase: playing
2026-06-16 23:37:47, tokens_remaining: 1063, call: events, phase: playing
2026-06-16 23:37:48, tokens_remaining: 1062, call: scores, phase: playing
2026-06-16 23:37:48, tokens_remaining: 1062, call: scores, phase: playing
2026-06-16 23:37:49, tokens_remaining: 1062, call: scores, phase: playing
2026-06-16 23:37:49, tokens_remaining: 1061, call: scores, phase: playing
2026-06-16 23:37:50, tokens_remaining: 1061, call: scores, phase: playing
2026-06-16 23:37:50, tokens_remaining: 1061, call: scores, phase: playing
2026-06-16 23:37:51, tokens_remaining: 1060, call: scores, phase: playing
2026-06-16 23:37:51, tokens_remaining: 1060, call: scores, phase: playing
2026-06-16 23:37:52, tokens_remaining: 1060, call: scores, phase: playing
2026-06-16 23:37:52, tokens_remaining: 1059, call: events, phase: playing
2026-06-16 23:37:53, tokens_remaining: 1058, call: scores, phase: playing
2026-06-16 23:37:54, tokens_remaining: 1058, call: scores, phase: playing
2026-06-16 23:37:54, tokens_remaining: 1058, call: scores, phase: playing
2026-06-16 23:37:55, tokens_remaining: 1057, call: scores, phase: playing
2026-06-16 23:37:55, tokens_remaining: 1057, call: scores, phase: playing
2026-06-16 23:37:55, tokens_remaining: 1057, call: scores, phase: playing
2026-06-16 23:37:56, tokens_remaining: 1056, call: scores, phase: playing
2026-06-16 23:37:56, tokens_remaining: 1056, call: scores, phase: playing
2026-06-16 23:37:57, tokens_remaining: 1056, call: scores, phase: playing
2026-06-16 23:37:58, tokens_remaining: 1055, call: events, phase: playing
2026-06-16 23:37:58, tokens_remaining: 1054, call: scores, phase: playing
2026-06-16 23:37:59, tokens_remaining: 1054, call: scores, phase: playing
2026-06-16 23:37:59, tokens_remaining: 1054, call: scores, phase: playing
2026-06-16 23:38:00, tokens_remaining: 1053, call: scores, phase: playing
2026-06-16 23:38:00, tokens_remaining: 1053, call: scores, phase: playing
2026-06-16 23:38:01, tokens_remaining: 1053, call: scores, phase: playing
2026-06-16 23:38:01, tokens_remaining: 1052, call: scores, phase: playing
2026-06-16 23:38:02, tokens_remaining: 1052, call: scores, phase: playing
2026-06-16 23:38:02, tokens_remaining: 1052, call: scores, phase: playing
2026-06-16 23:38:03, tokens_remaining: 1051, call: events, phase: playing
2026-06-16 23:38:03, tokens_remaining: 1050, call: scores, phase: playing
2026-06-16 23:38:04, tokens_remaining: 1050, call: scores, phase: playing
2026-06-16 23:38:04, tokens_remaining: 1050, call: scores, phase: playing
2026-06-16 23:38:05, tokens_remaining: 1049, call: scores, phase: playing
2026-06-16 23:38:05, tokens_remaining: 1049, call: scores, phase: playing
2026-06-16 23:38:06, tokens_remaining: 1049, call: scores, phase: playing
2026-06-16 23:38:06, tokens_remaining: 1048, call: scores, phase: playing
2026-06-16 23:38:07, tokens_remaining: 1048, call: scores, phase: playing
2026-06-16 23:38:07, tokens_remaining: 1048, call: scores, phase: playing
2026-06-16 23:38:08, tokens_remaining: 1047, call: events, phase: playing
2026-06-16 23:38:08, tokens_remaining: 1046, call: scores, phase: playing
2026-06-16 23:38:09, tokens_remaining: 1046, call: scores, phase: playing
2026-06-16 23:38:09, tokens_remaining: 1046, call: scores, phase: playing
2026-06-16 23:38:10, tokens_remaining: 1045, call: scores, phase: playing
2026-06-16 23:38:10, tokens_remaining: 1045, call: scores, phase: playing
2026-06-16 23:38:11, tokens_remaining: 1045, call: scores, phase: playing
2026-06-16 23:38:11, tokens_remaining: 1044, call: scores, phase: playing
2026-06-16 23:38:12, tokens_remaining: 1044, call: scores, phase: playing
2026-06-16 23:38:12, tokens_remaining: 1044, call: scores, phase: playing
2026-06-16 23:38:13, tokens_remaining: 1043, call: events, phase: playing
2026-06-16 23:38:13, tokens_remaining: 1042, call: scores, phase: playing
2026-06-16 23:38:14, tokens_remaining: 1042, call: scores, phase: playing
2026-06-16 23:38:14, tokens_remaining: 1042, call: scores, phase: playing
2026-06-16 23:38:15, tokens_remaining: 1041, call: scores, phase: playing
2026-06-16 23:38:15, tokens_remaining: 1041, call: scores, phase: playing
2026-06-16 23:38:16, tokens_remaining: 1041, call: scores, phase: playing
2026-06-16 23:38:16, tokens_remaining: 1040, call: scores, phase: playing
2026-06-16 23:38:17, tokens_remaining: 1040, call: scores, phase: playing
2026-06-16 23:38:17, tokens_remaining: 1040, call: scores, phase: playing
2026-06-16 23:38:18, tokens_remaining: 1039, call: events, phase: playing
2026-06-16 23:38:19, tokens_remaining: 1038, call: scores, phase: playing
2026-06-16 23:38:19, tokens_remaining: 1038, call: scores, phase: playing
2026-06-16 23:38:19, tokens_remaining: 1038, call: scores, phase: playing
2026-06-16 23:38:20, tokens_remaining: 1037, call: scores, phase: playing
2026-06-16 23:38:20, tokens_remaining: 1037, call: scores, phase: playing
2026-06-16 23:38:21, tokens_remaining: 1037, call: scores, phase: playing
2026-06-16 23:38:21, tokens_remaining: 1036, call: scores, phase: playing
2026-06-16 23:38:22, tokens_remaining: 1036, call: scores, phase: playing
2026-06-16 23:38:22, tokens_remaining: 1036, call: scores, phase: playing
2026-06-16 23:38:23, tokens_remaining: 1035, call: events, phase: playing
2026-06-16 23:38:23, tokens_remaining: 1034, call: scores, phase: playing
2026-06-16 23:38:24, tokens_remaining: 1034, call: scores, phase: playing
2026-06-16 23:38:24, tokens_remaining: 1034, call: scores, phase: playing
2026-06-16 23:38:25, tokens_remaining: 1033, call: scores, phase: playing
2026-06-16 23:38:25, tokens_remaining: 1033, call: scores, phase: playing
2026-06-16 23:38:26, tokens_remaining: 1033, call: scores, phase: playing
2026-06-16 23:38:26, tokens_remaining: 1032, call: scores, phase: playing
2026-06-16 23:38:27, tokens_remaining: 1032, call: scores, phase: playing
2026-06-16 23:38:27, tokens_remaining: 1032, call: scores, phase: playing
2026-06-16 23:38:28, tokens_remaining: 1031, call: events, phase: playing
2026-06-16 23:38:28, tokens_remaining: 1030, call: scores, phase: playing
2026-06-16 23:38:29, tokens_remaining: 1030, call: scores, phase: playing
2026-06-16 23:38:29, tokens_remaining: 1030, call: scores, phase: playing
2026-06-16 23:38:30, tokens_remaining: 1029, call: scores, phase: playing
2026-06-16 23:38:30, tokens_remaining: 1029, call: scores, phase: playing
2026-06-16 23:38:31, tokens_remaining: 1029, call: scores, phase: playing
2026-06-16 23:38:31, tokens_remaining: 1028, call: scores, phase: playing
2026-06-16 23:38:32, tokens_remaining: 1028, call: scores, phase: playing
2026-06-16 23:38:32, tokens_remaining: 1028, call: scores, phase: playing
2026-06-16 23:38:33, tokens_remaining: 1027, call: events, phase: playing
2026-06-16 23:38:33, tokens_remaining: 1026, call: scores, phase: playing
2026-06-16 23:38:34, tokens_remaining: 1026, call: scores, phase: playing
2026-06-16 23:38:34, tokens_remaining: 1026, call: scores, phase: playing
2026-06-16 23:38:35, tokens_remaining: 1025, call: scores, phase: playing
2026-06-16 23:38:35, tokens_remaining: 1025, call: scores, phase: playing
2026-06-16 23:38:36, tokens_remaining: 1025, call: scores, phase: playing
2026-06-16 23:38:36, tokens_remaining: 1024, call: scores, phase: playing
2026-06-16 23:38:37, tokens_remaining: 1024, call: scores, phase: playing
2026-06-16 23:38:37, tokens_remaining: 1024, call: scores, phase: playing
2026-06-16 23:38:38, tokens_remaining: 1023, call: events, phase: playing
2026-06-16 23:38:38, tokens_remaining: 1022, call: scores, phase: playing
2026-06-16 23:38:39, tokens_remaining: 1022, call: scores, phase: playing
2026-06-16 23:38:39, tokens_remaining: 1022, call: scores, phase: playing
2026-06-16 23:38:40, tokens_remaining: 1021, call: scores, phase: playing
2026-06-16 23:38:40, tokens_remaining: 1021, call: scores, phase: playing
2026-06-16 23:38:40, tokens_remaining: 1021, call: scores, phase: playing
2026-06-16 23:38:41, tokens_remaining: 1020, call: scores, phase: playing
2026-06-16 23:38:41, tokens_remaining: 1020, call: scores, phase: playing
2026-06-16 23:38:42, tokens_remaining: 1020, call: scores, phase: playing
2026-06-16 23:38:42, tokens_remaining: 1019, call: events, phase: playing
2026-06-16 23:38:43, tokens_remaining: 1018, call: scores, phase: playing
2026-06-16 23:38:43, tokens_remaining: 1018, call: scores, phase: playing
2026-06-16 23:38:44, tokens_remaining: 1018, call: scores, phase: playing
2026-06-16 23:38:44, tokens_remaining: 1017, call: scores, phase: playing
2026-06-16 23:38:45, tokens_remaining: 1017, call: scores, phase: playing
2026-06-16 23:38:45, tokens_remaining: 1017, call: scores, phase: playing
2026-06-16 23:38:46, tokens_remaining: 1016, call: scores, phase: playing
2026-06-16 23:38:46, tokens_remaining: 1016, call: scores, phase: playing
2026-06-16 23:38:47, tokens_remaining: 1016, call: scores, phase: playing
2026-06-16 23:38:47, tokens_remaining: 1015, call: events, phase: playing
2026-06-16 23:38:48, tokens_remaining: 1014, call: scores, phase: playing
2026-06-16 23:38:48, tokens_remaining: 1014, call: scores, phase: playing
2026-06-16 23:38:49, tokens_remaining: 1014, call: scores, phase: playing
2026-06-16 23:38:49, tokens_remaining: 1013, call: scores, phase: playing
2026-06-16 23:38:50, tokens_remaining: 1013, call: scores, phase: playing
2026-06-16 23:38:50, tokens_remaining: 1013, call: scores, phase: playing
2026-06-16 23:38:51, tokens_remaining: 1012, call: scores, phase: playing
2026-06-16 23:38:51, tokens_remaining: 1012, call: scores, phase: playing
2026-06-16 23:38:51, tokens_remaining: 1012, call: scores, phase: playing
2026-06-16 23:38:52, tokens_remaining: 1011, call: events, phase: playing
2026-06-16 23:38:53, tokens_remaining: 1010, call: scores, phase: playing
2026-06-16 23:38:53, tokens_remaining: 1010, call: scores, phase: playing
2026-06-16 23:38:53, tokens_remaining: 1010, call: scores, phase: playing
2026-06-16 23:38:54, tokens_remaining: 1009, call: scores, phase: playing
2026-06-16 23:38:54, tokens_remaining: 1009, call: scores, phase: playing
2026-06-16 23:38:55, tokens_remaining: 1009, call: scores, phase: playing
2026-06-16 23:38:55, tokens_remaining: 1008, call: scores, phase: playing
2026-06-16 23:38:56, tokens_remaining: 1008, call: scores, phase: playing
2026-06-16 23:38:56, tokens_remaining: 1008, call: scores, phase: playing
2026-06-16 23:38:57, tokens_remaining: 1007, call: events, phase: playing
2026-06-16 23:38:57, tokens_remaining: 1006, call: scores, phase: playing
2026-06-16 23:38:58, tokens_remaining: 1006, call: scores, phase: playing
2026-06-16 23:38:58, tokens_remaining: 1006, call: scores, phase: playing
2026-06-16 23:38:59, tokens_remaining: 1005, call: scores, phase: playing
2026-06-16 23:38:59, tokens_remaining: 1005, call: scores, phase: playing
2026-06-16 23:39:00, tokens_remaining: 1005, call: scores, phase: playing
2026-06-16 23:39:00, tokens_remaining: 1004, call: scores, phase: playing
2026-06-16 23:39:01, tokens_remaining: 1004, call: scores, phase: playing
2026-06-16 23:39:01, tokens_remaining: 1004, call: scores, phase: playing
2026-06-16 23:39:02, tokens_remaining: 1003, call: events, phase: playing
2026-06-16 23:39:02, tokens_remaining: 1002, call: scores, phase: playing
2026-06-16 23:39:02, tokens_remaining: 1002, call: scores, phase: playing
2026-06-16 23:39:03, tokens_remaining: 1002, call: scores, phase: playing
2026-06-16 23:39:03, tokens_remaining: 1001, call: scores, phase: playing
2026-06-16 23:39:04, tokens_remaining: 1001, call: scores, phase: playing
2026-06-16 23:39:04, tokens_remaining: 1001, call: scores, phase: playing
2026-06-16 23:39:05, tokens_remaining: 1000, call: scores, phase: playing
2026-06-16 23:39:05, tokens_remaining: 1000, call: scores, phase: playing
2026-06-16 23:39:06, tokens_remaining: 1000, call: scores, phase: playing
2026-06-16 23:39:06, tokens_remaining: 999, call: events, phase: playing
2026-06-16 23:39:07, tokens_remaining: 998, call: scores, phase: playing
2026-06-16 23:39:07, tokens_remaining: 998, call: scores, phase: playing
2026-06-16 23:39:07, tokens_remaining: 998, call: scores, phase: playing
2026-06-16 23:39:08, tokens_remaining: 997, call: scores, phase: playing
2026-06-16 23:39:08, tokens_remaining: 997, call: scores, phase: playing
2026-06-16 23:39:09, tokens_remaining: 997, call: scores, phase: playing
2026-06-16 23:39:09, tokens_remaining: 996, call: scores, phase: playing
2026-06-16 23:39:10, tokens_remaining: 996, call: scores, phase: playing
2026-06-16 23:39:10, tokens_remaining: 996, call: scores, phase: playing
2026-06-16 23:39:11, tokens_remaining: 995, call: events, phase: playing
2026-06-16 23:39:11, tokens_remaining: 994, call: scores, phase: playing
2026-06-16 23:39:12, tokens_remaining: 994, call: scores, phase: playing
2026-06-16 23:39:12, tokens_remaining: 994, call: scores, phase: playing
2026-06-16 23:39:13, tokens_remaining: 993, call: scores, phase: playing
2026-06-16 23:39:13, tokens_remaining: 993, call: scores, phase: playing
2026-06-16 23:39:13, tokens_remaining: 993, call: scores, phase: playing
2026-06-16 23:39:14, tokens_remaining: 992, call: scores, phase: playing
2026-06-16 23:39:14, tokens_remaining: 992, call: scores, phase: playing
2026-06-16 23:39:15, tokens_remaining: 992, call: scores, phase: playing
2026-06-16 23:39:15, tokens_remaining: 991, call: events, phase: playing
2026-06-16 23:39:16, tokens_remaining: 990, call: scores, phase: playing
2026-06-16 23:39:16, tokens_remaining: 990, call: scores, phase: playing
2026-06-16 23:39:17, tokens_remaining: 990, call: scores, phase: playing
2026-06-16 23:39:17, tokens_remaining: 989, call: scores, phase: playing
2026-06-16 23:39:18, tokens_remaining: 989, call: scores, phase: playing
2026-06-16 23:39:18, tokens_remaining: 989, call: scores, phase: playing
2026-06-16 23:39:19, tokens_remaining: 988, call: scores, phase: playing
2026-06-16 23:39:19, tokens_remaining: 988, call: scores, phase: playing
2026-06-16 23:39:19, tokens_remaining: 988, call: scores, phase: playing
2026-06-16 23:39:20, tokens_remaining: 987, call: events, phase: playing
2026-06-16 23:39:20, tokens_remaining: 986, call: scores, phase: playing
2026-06-16 23:39:21, tokens_remaining: 986, call: scores, phase: playing
2026-06-16 23:39:21, tokens_remaining: 986, call: scores, phase: playing
2026-06-16 23:39:22, tokens_remaining: 985, call: scores, phase: playing
2026-06-16 23:39:22, tokens_remaining: 985, call: scores, phase: playing
2026-06-16 23:39:22, tokens_remaining: 985, call: scores, phase: playing
2026-06-16 23:39:23, tokens_remaining: 984, call: scores, phase: playing
2026-06-16 23:39:23, tokens_remaining: 984, call: scores, phase: playing
2026-06-16 23:39:24, tokens_remaining: 984, call: scores, phase: playing
2026-06-16 23:39:24, tokens_remaining: 983, call: events, phase: playing
2026-06-16 23:39:25, tokens_remaining: 982, call: scores, phase: playing
2026-06-16 23:39:25, tokens_remaining: 982, call: scores, phase: playing
2026-06-16 23:39:26, tokens_remaining: 982, call: scores, phase: playing
2026-06-16 23:39:26, tokens_remaining: 981, call: scores, phase: playing
2026-06-16 23:39:27, tokens_remaining: 981, call: scores, phase: playing
2026-06-16 23:39:27, tokens_remaining: 981, call: scores, phase: playing
2026-06-16 23:39:28, tokens_remaining: 980, call: scores, phase: playing
2026-06-16 23:39:28, tokens_remaining: 980, call: scores, phase: playing
2026-06-16 23:39:28, tokens_remaining: 980, call: scores, phase: playing
2026-06-16 23:39:29, tokens_remaining: 979, call: events, phase: playing
2026-06-16 23:39:29, tokens_remaining: 978, call: scores, phase: playing
2026-06-16 23:39:30, tokens_remaining: 978, call: scores, phase: playing
2026-06-16 23:39:30, tokens_remaining: 978, call: scores, phase: playing
2026-06-16 23:39:31, tokens_remaining: 977, call: scores, phase: playing
2026-06-16 23:39:31, tokens_remaining: 977, call: scores, phase: playing
2026-06-16 23:39:31, tokens_remaining: 977, call: scores, phase: playing
2026-06-16 23:39:32, tokens_remaining: 976, call: scores, phase: playing
2026-06-16 23:39:32, tokens_remaining: 976, call: scores, phase: playing
2026-06-16 23:39:33, tokens_remaining: 976, call: scores, phase: playing
2026-06-16 23:39:33, tokens_remaining: 975, call: events, phase: playing
2026-06-16 23:39:34, tokens_remaining: 974, call: scores, phase: playing
2026-06-16 23:39:34, tokens_remaining: 974, call: scores, phase: playing
2026-06-16 23:39:35, tokens_remaining: 974, call: scores, phase: playing
2026-06-16 23:39:35, tokens_remaining: 973, call: scores, phase: playing
2026-06-16 23:39:36, tokens_remaining: 973, call: scores, phase: playing
2026-06-16 23:39:36, tokens_remaining: 973, call: scores, phase: playing
2026-06-16 23:39:36, tokens_remaining: 972, call: scores, phase: playing
2026-06-16 23:39:37, tokens_remaining: 972, call: scores, phase: playing
2026-06-16 23:39:37, tokens_remaining: 972, call: scores, phase: playing
2026-06-16 23:39:38, tokens_remaining: 971, call: events, phase: playing
2026-06-16 23:39:38, tokens_remaining: 970, call: scores, phase: playing
2026-06-16 23:39:39, tokens_remaining: 970, call: scores, phase: playing
2026-06-16 23:39:39, tokens_remaining: 970, call: scores, phase: playing
2026-06-16 23:39:40, tokens_remaining: 969, call: scores, phase: playing
2026-06-16 23:39:40, tokens_remaining: 969, call: scores, phase: playing
2026-06-16 23:39:40, tokens_remaining: 969, call: scores, phase: playing
2026-06-16 23:39:41, tokens_remaining: 968, call: scores, phase: playing
2026-06-16 23:39:41, tokens_remaining: 968, call: scores, phase: playing
2026-06-16 23:39:42, tokens_remaining: 968, call: scores, phase: playing
2026-06-16 23:39:42, tokens_remaining: 967, call: events, phase: playing
2026-06-16 23:39:43, tokens_remaining: 966, call: scores, phase: playing
2026-06-16 23:39:43, tokens_remaining: 966, call: scores, phase: playing
2026-06-16 23:39:43, tokens_remaining: 966, call: scores, phase: playing
2026-06-16 23:39:44, tokens_remaining: 965, call: scores, phase: playing
2026-06-16 23:39:44, tokens_remaining: 965, call: scores, phase: playing
2026-06-16 23:39:45, tokens_remaining: 965, call: scores, phase: playing
2026-06-16 23:39:45, tokens_remaining: 965, call: scores, phase: playing
2026-06-16 23:39:46, tokens_remaining: 964, call: scores, phase: playing
2026-06-16 23:39:46, tokens_remaining: 964, call: scores, phase: playing
2026-06-16 23:39:47, tokens_remaining: 963, call: events, phase: playing
2026-06-16 23:39:47, tokens_remaining: 962, call: scores, phase: playing
2026-06-16 23:39:47, tokens_remaining: 962, call: scores, phase: playing
2026-06-16 23:39:48, tokens_remaining: 962, call: scores, phase: playing
2026-06-16 23:39:48, tokens_remaining: 962, call: scores, phase: playing
2026-06-16 23:39:49, tokens_remaining: 961, call: scores, phase: playing
2026-06-16 23:39:49, tokens_remaining: 961, call: scores, phase: playing
2026-06-16 23:39:49, tokens_remaining: 961, call: scores, phase: playing
2026-06-16 23:39:50, tokens_remaining: 961, call: scores, phase: playing
2026-06-16 23:39:50, tokens_remaining: 960, call: scores, phase: playing
2026-06-16 23:39:51, tokens_remaining: 959, call: events, phase: playing
2026-06-16 23:39:51, tokens_remaining: 960, call: scores, phase: playing
2026-06-16 23:39:52, tokens_remaining: 958, call: scores, phase: playing
2026-06-16 23:39:52, tokens_remaining: 958, call: scores, phase: playing
2026-06-16 23:39:52, tokens_remaining: 958, call: scores, phase: playing
2026-06-16 23:39:53, tokens_remaining: 958, call: scores, phase: playing
2026-06-16 23:39:53, tokens_remaining: 957, call: scores, phase: playing
2026-06-16 23:39:54, tokens_remaining: 957, call: scores, phase: playing
2026-06-16 23:39:54, tokens_remaining: 957, call: scores, phase: playing
2026-06-16 23:39:54, tokens_remaining: 957, call: scores, phase: playing
2026-06-16 23:39:55, tokens_remaining: 956, call: events, phase: playing
2026-06-16 23:39:55, tokens_remaining: 955, call: scores, phase: playing
2026-06-16 23:39:56, tokens_remaining: 955, call: scores, phase: playing
2026-06-16 23:39:56, tokens_remaining: 955, call: scores, phase: playing
2026-06-16 23:39:56, tokens_remaining: 955, call: scores, phase: playing
2026-06-16 23:39:57, tokens_remaining: 954, call: scores, phase: playing
2026-06-16 23:39:57, tokens_remaining: 954, call: scores, phase: playing
2026-06-16 23:39:58, tokens_remaining: 954, call: scores, phase: playing
2026-06-16 23:39:58, tokens_remaining: 954, call: scores, phase: playing
2026-06-16 23:39:59, tokens_remaining: 953, call: scores, phase: playing
2026-06-16 23:39:59, tokens_remaining: 952, call: events, phase: playing
2026-06-16 23:39:59, tokens_remaining: 953, call: scores, phase: playing
2026-06-16 23:40:00, tokens_remaining: 951, call: scores, phase: playing
2026-06-16 23:40:00, tokens_remaining: 951, call: scores, phase: playing
2026-06-16 23:40:01, tokens_remaining: 951, call: scores, phase: playing
2026-06-16 23:40:01, tokens_remaining: 951, call: scores, phase: playing
2026-06-16 23:40:02, tokens_remaining: 950, call: scores, phase: playing
2026-06-16 23:40:02, tokens_remaining: 950, call: scores, phase: playing
2026-06-16 23:40:02, tokens_remaining: 950, call: scores, phase: playing
2026-06-16 23:40:03, tokens_remaining: 950, call: scores, phase: playing
2026-06-16 23:40:03, tokens_remaining: 949, call: events, phase: playing
2026-06-16 23:40:04, tokens_remaining: 948, call: scores, phase: playing
2026-06-16 23:40:04, tokens_remaining: 948, call: scores, phase: playing
2026-06-16 23:40:04, tokens_remaining: 948, call: scores, phase: playing
2026-06-16 23:40:05, tokens_remaining: 948, call: scores, phase: playing
2026-06-16 23:40:05, tokens_remaining: 947, call: scores, phase: playing
2026-06-16 23:40:06, tokens_remaining: 947, call: scores, phase: playing
2026-06-16 23:40:06, tokens_remaining: 947, call: scores, phase: playing
2026-06-16 23:40:06, tokens_remaining: 947, call: scores, phase: playing
2026-06-16 23:40:07, tokens_remaining: 946, call: scores, phase: playing
2026-06-16 23:40:07, tokens_remaining: 945, call: events, phase: playing
2026-06-16 23:40:08, tokens_remaining: 946, call: scores, phase: playing
2026-06-16 23:40:08, tokens_remaining: 944, call: scores, phase: playing
2026-06-16 23:40:09, tokens_remaining: 944, call: scores, phase: playing
2026-06-16 23:40:09, tokens_remaining: 944, call: scores, phase: playing
2026-06-16 23:40:09, tokens_remaining: 944, call: scores, phase: playing
2026-06-16 23:40:10, tokens_remaining: 943, call: scores, phase: playing
2026-06-16 23:40:10, tokens_remaining: 943, call: scores, phase: playing
2026-06-16 23:40:10, tokens_remaining: 943, call: scores, phase: playing
2026-06-16 23:40:11, tokens_remaining: 943, call: scores, phase: playing
2026-06-16 23:40:11, tokens_remaining: 942, call: events, phase: playing
2026-06-16 23:40:12, tokens_remaining: 941, call: scores, phase: playing
2026-06-16 23:40:12, tokens_remaining: 941, call: scores, phase: playing
2026-06-16 23:40:12, tokens_remaining: 941, call: scores, phase: playing
2026-06-16 23:40:13, tokens_remaining: 941, call: scores, phase: playing
2026-06-16 23:40:13, tokens_remaining: 940, call: scores, phase: playing
2026-06-16 23:40:14, tokens_remaining: 940, call: scores, phase: playing
2026-06-16 23:40:14, tokens_remaining: 940, call: scores, phase: playing
2026-06-16 23:40:14, tokens_remaining: 940, call: scores, phase: playing
2026-06-16 23:40:15, tokens_remaining: 939, call: scores, phase: playing
2026-06-16 23:40:15, tokens_remaining: 938, call: events, phase: playing
2026-06-16 23:40:16, tokens_remaining: 939, call: scores, phase: playing
2026-06-16 23:40:16, tokens_remaining: 937, call: scores, phase: playing
2026-06-16 23:40:17, tokens_remaining: 937, call: scores, phase: playing
2026-06-16 23:40:17, tokens_remaining: 937, call: scores, phase: playing
2026-06-16 23:40:17, tokens_remaining: 937, call: scores, phase: playing
2026-06-16 23:40:18, tokens_remaining: 936, call: scores, phase: playing
2026-06-16 23:40:18, tokens_remaining: 936, call: scores, phase: playing
2026-06-16 23:40:18, tokens_remaining: 936, call: scores, phase: playing
2026-06-16 23:40:19, tokens_remaining: 936, call: scores, phase: playing
2026-06-16 23:40:19, tokens_remaining: 935, call: events, phase: playing
2026-06-16 23:40:20, tokens_remaining: 934, call: scores, phase: playing
2026-06-16 23:40:20, tokens_remaining: 934, call: scores, phase: playing
2026-06-16 23:40:20, tokens_remaining: 934, call: scores, phase: playing
2026-06-16 23:40:21, tokens_remaining: 934, call: scores, phase: playing
2026-06-16 23:40:21, tokens_remaining: 933, call: scores, phase: playing
2026-06-16 23:40:22, tokens_remaining: 933, call: scores, phase: playing
2026-06-16 23:40:22, tokens_remaining: 933, call: scores, phase: playing
2026-06-16 23:40:22, tokens_remaining: 933, call: scores, phase: playing
2026-06-16 23:40:23, tokens_remaining: 932, call: scores, phase: playing
2026-06-16 23:40:23, tokens_remaining: 931, call: events, phase: playing
2026-06-16 23:40:24, tokens_remaining: 932, call: scores, phase: playing
2026-06-16 23:40:24, tokens_remaining: 930, call: scores, phase: playing
2026-06-16 23:40:24, tokens_remaining: 930, call: scores, phase: playing
2026-06-16 23:40:25, tokens_remaining: 930, call: scores, phase: playing
2026-06-16 23:40:25, tokens_remaining: 930, call: scores, phase: playing
2026-06-16 23:40:26, tokens_remaining: 929, call: scores, phase: playing
2026-06-16 23:40:26, tokens_remaining: 929, call: scores, phase: playing
2026-06-16 23:40:26, tokens_remaining: 929, call: scores, phase: playing
2026-06-16 23:40:26, tokens_remaining: 929, call: scores, phase: playing
2026-06-16 23:40:27, tokens_remaining: 928, call: events, phase: playing
2026-06-16 23:40:28, tokens_remaining: 927, call: scores, phase: playing
2026-06-16 23:40:28, tokens_remaining: 927, call: scores, phase: playing
2026-06-16 23:40:28, tokens_remaining: 927, call: scores, phase: playing
2026-06-16 23:40:28, tokens_remaining: 927, call: scores, phase: playing
2026-06-16 23:40:29, tokens_remaining: 926, call: scores, phase: playing
2026-06-16 23:40:29, tokens_remaining: 926, call: scores, phase: playing
2026-06-16 23:40:30, tokens_remaining: 926, call: scores, phase: playing
2026-06-16 23:40:30, tokens_remaining: 926, call: scores, phase: playing
2026-06-16 23:40:30, tokens_remaining: 925, call: scores, phase: playing
2026-06-16 23:40:31, tokens_remaining: 924, call: events, phase: playing
2026-06-16 23:40:31, tokens_remaining: 925, call: scores, phase: playing
2026-06-16 23:40:32, tokens_remaining: 923, call: scores, phase: playing
2026-06-16 23:40:32, tokens_remaining: 923, call: scores, phase: playing
2026-06-16 23:40:32, tokens_remaining: 923, call: scores, phase: playing
2026-06-16 23:40:33, tokens_remaining: 923, call: scores, phase: playing
2026-06-16 23:40:33, tokens_remaining: 922, call: scores, phase: playing
2026-06-16 23:40:34, tokens_remaining: 922, call: scores, phase: playing
2026-06-16 23:40:34, tokens_remaining: 922, call: scores, phase: playing
2026-06-16 23:40:34, tokens_remaining: 922, call: scores, phase: playing
2026-06-16 23:40:35, tokens_remaining: 921, call: events, phase: playing
2026-06-16 23:40:35, tokens_remaining: 920, call: scores, phase: playing
2026-06-16 23:40:35, tokens_remaining: 920, call: scores, phase: playing
2026-06-16 23:40:36, tokens_remaining: 920, call: scores, phase: playing
2026-06-16 23:40:36, tokens_remaining: 920, call: scores, phase: playing
2026-06-16 23:40:37, tokens_remaining: 919, call: scores, phase: playing
2026-06-16 23:40:37, tokens_remaining: 919, call: scores, phase: playing
2026-06-16 23:40:37, tokens_remaining: 919, call: scores, phase: playing
2026-06-16 23:40:37, tokens_remaining: 919, call: scores, phase: playing
2026-06-16 23:40:38, tokens_remaining: 918, call: scores, phase: playing
2026-06-16 23:40:39, tokens_remaining: 917, call: events, phase: playing
2026-06-16 23:40:39, tokens_remaining: 918, call: scores, phase: playing
2026-06-16 23:40:39, tokens_remaining: 916, call: scores, phase: playing
2026-06-16 23:40:40, tokens_remaining: 916, call: scores, phase: playing
2026-06-16 23:40:40, tokens_remaining: 916, call: scores, phase: playing
2026-06-16 23:40:40, tokens_remaining: 916, call: scores, phase: playing
2026-06-16 23:40:41, tokens_remaining: 915, call: scores, phase: playing
2026-06-16 23:40:41, tokens_remaining: 915, call: scores, phase: playing
2026-06-16 23:40:41, tokens_remaining: 915, call: scores, phase: playing
2026-06-16 23:40:42, tokens_remaining: 915, call: scores, phase: playing
2026-06-16 23:40:42, tokens_remaining: 914, call: events, phase: playing
2026-06-16 23:40:43, tokens_remaining: 913, call: scores, phase: playing
2026-06-16 23:40:43, tokens_remaining: 913, call: scores, phase: playing
2026-06-16 23:40:43, tokens_remaining: 913, call: scores, phase: playing
2026-06-16 23:40:44, tokens_remaining: 913, call: scores, phase: playing
2026-06-16 23:40:44, tokens_remaining: 912, call: scores, phase: playing
2026-06-16 23:40:44, tokens_remaining: 912, call: scores, phase: playing
2026-06-16 23:40:45, tokens_remaining: 912, call: scores, phase: playing
2026-06-16 23:40:45, tokens_remaining: 912, call: scores, phase: playing
2026-06-16 23:40:46, tokens_remaining: 911, call: scores, phase: playing
2026-06-16 23:40:46, tokens_remaining: 910, call: events, phase: playing
2026-06-16 23:40:46, tokens_remaining: 911, call: scores, phase: playing
2026-06-16 23:40:47, tokens_remaining: 909, call: scores, phase: playing
2026-06-16 23:40:47, tokens_remaining: 909, call: scores, phase: playing
2026-06-16 23:40:47, tokens_remaining: 909, call: scores, phase: playing
2026-06-16 23:40:48, tokens_remaining: 909, call: scores, phase: playing
2026-06-16 23:40:48, tokens_remaining: 908, call: scores, phase: playing
2026-06-16 23:40:49, tokens_remaining: 908, call: scores, phase: playing
2026-06-16 23:40:49, tokens_remaining: 908, call: scores, phase: playing
2026-06-16 23:40:49, tokens_remaining: 908, call: scores, phase: playing
2026-06-16 23:40:50, tokens_remaining: 907, call: events, phase: playing
2026-06-16 23:40:50, tokens_remaining: 906, call: scores, phase: playing
2026-06-16 23:40:51, tokens_remaining: 906, call: scores, phase: playing
2026-06-16 23:40:51, tokens_remaining: 906, call: scores, phase: playing
2026-06-16 23:40:51, tokens_remaining: 906, call: scores, phase: playing
2026-06-16 23:40:52, tokens_remaining: 905, call: scores, phase: playing
2026-06-16 23:40:52, tokens_remaining: 905, call: scores, phase: playing
2026-06-16 23:40:52, tokens_remaining: 905, call: scores, phase: playing
2026-06-16 23:40:52, tokens_remaining: 905, call: scores, phase: playing
2026-06-16 23:40:53, tokens_remaining: 904, call: scores, phase: playing
2026-06-16 23:40:54, tokens_remaining: 903, call: events, phase: playing
2026-06-16 23:40:54, tokens_remaining: 904, call: scores, phase: playing
2026-06-16 23:40:54, tokens_remaining: 902, call: scores, phase: playing
2026-06-16 23:40:55, tokens_remaining: 902, call: scores, phase: playing
2026-06-16 23:40:55, tokens_remaining: 902, call: scores, phase: playing
2026-06-16 23:40:55, tokens_remaining: 902, call: scores, phase: playing
2026-06-16 23:40:56, tokens_remaining: 901, call: scores, phase: playing
2026-06-16 23:40:56, tokens_remaining: 901, call: scores, phase: playing
2026-06-16 23:40:56, tokens_remaining: 901, call: scores, phase: playing
2026-06-16 23:40:57, tokens_remaining: 901, call: scores, phase: playing
2026-06-16 23:40:57, tokens_remaining: 900, call: events, phase: playing
2026-06-16 23:40:58, tokens_remaining: 899, call: scores, phase: playing
2026-06-16 23:40:58, tokens_remaining: 899, call: scores, phase: playing
2026-06-16 23:40:58, tokens_remaining: 899, call: scores, phase: playing
2026-06-16 23:40:58, tokens_remaining: 899, call: scores, phase: playing
2026-06-16 23:40:59, tokens_remaining: 898, call: scores, phase: playing
2026-06-16 23:40:59, tokens_remaining: 898, call: scores, phase: playing
2026-06-16 23:40:59, tokens_remaining: 898, call: scores, phase: playing
2026-06-16 23:41:00, tokens_remaining: 898, call: scores, phase: playing
2026-06-16 23:41:00, tokens_remaining: 897, call: scores, phase: playing
2026-06-16 23:41:01, tokens_remaining: 896, call: events, phase: playing
2026-06-16 23:41:01, tokens_remaining: 897, call: scores, phase: playing
2026-06-16 23:41:02, tokens_remaining: 895, call: scores, phase: playing
2026-06-16 23:41:02, tokens_remaining: 895, call: scores, phase: playing
2026-06-16 23:41:02, tokens_remaining: 895, call: scores, phase: playing
2026-06-16 23:41:02, tokens_remaining: 895, call: scores, phase: playing
2026-06-16 23:41:03, tokens_remaining: 894, call: scores, phase: playing
2026-06-16 23:41:03, tokens_remaining: 894, call: scores, phase: playing
2026-06-16 23:41:03, tokens_remaining: 894, call: scores, phase: playing
2026-06-16 23:41:04, tokens_remaining: 894, call: scores, phase: playing
2026-06-16 23:41:04, tokens_remaining: 893, call: events, phase: playing
2026-06-16 23:41:05, tokens_remaining: 892, call: scores, phase: playing
2026-06-16 23:41:05, tokens_remaining: 892, call: scores, phase: playing
2026-06-16 23:41:05, tokens_remaining: 892, call: scores, phase: playing
2026-06-16 23:41:06, tokens_remaining: 892, call: scores, phase: playing
2026-06-16 23:41:06, tokens_remaining: 891, call: scores, phase: playing
2026-06-16 23:41:06, tokens_remaining: 891, call: scores, phase: playing
2026-06-16 23:41:07, tokens_remaining: 891, call: scores, phase: playing
2026-06-16 23:41:07, tokens_remaining: 891, call: scores, phase: playing
2026-06-16 23:41:07, tokens_remaining: 890, call: scores, phase: playing
2026-06-16 23:41:08, tokens_remaining: 889, call: events, phase: playing
2026-06-16 23:41:08, tokens_remaining: 890, call: scores, phase: playing
2026-06-16 23:41:09, tokens_remaining: 888, call: scores, phase: playing
2026-06-16 23:41:09, tokens_remaining: 888, call: scores, phase: playing
2026-06-16 23:41:09, tokens_remaining: 888, call: scores, phase: playing
2026-06-16 23:41:09, tokens_remaining: 888, call: scores, phase: playing
2026-06-16 23:41:10, tokens_remaining: 887, call: scores, phase: playing
2026-06-16 23:41:10, tokens_remaining: 887, call: scores, phase: playing
2026-06-16 23:41:10, tokens_remaining: 887, call: scores, phase: playing
2026-06-16 23:41:11, tokens_remaining: 887, call: scores, phase: playing
2026-06-16 23:41:11, tokens_remaining: 886, call: events, phase: playing
2026-06-16 23:41:12, tokens_remaining: 885, call: scores, phase: playing
2026-06-16 23:41:12, tokens_remaining: 885, call: scores, phase: playing
2026-06-16 23:41:12, tokens_remaining: 885, call: scores, phase: playing
2026-06-16 23:41:13, tokens_remaining: 885, call: scores, phase: playing
2026-06-16 23:41:13, tokens_remaining: 884, call: scores, phase: playing
2026-06-16 23:41:13, tokens_remaining: 884, call: scores, phase: playing
2026-06-16 23:41:14, tokens_remaining: 884, call: scores, phase: playing
2026-06-16 23:41:14, tokens_remaining: 884, call: scores, phase: playing
2026-06-16 23:41:14, tokens_remaining: 883, call: scores, phase: playing
2026-06-16 23:41:15, tokens_remaining: 882, call: events, phase: playing
2026-06-16 23:41:15, tokens_remaining: 883, call: scores, phase: playing
2026-06-16 23:41:16, tokens_remaining: 881, call: scores, phase: playing
2026-06-16 23:41:16, tokens_remaining: 881, call: scores, phase: playing
2026-06-16 23:41:16, tokens_remaining: 881, call: scores, phase: playing
2026-06-16 23:41:16, tokens_remaining: 881, call: scores, phase: playing
2026-06-16 23:41:17, tokens_remaining: 880, call: scores, phase: playing
2026-06-16 23:41:17, tokens_remaining: 880, call: scores, phase: playing
2026-06-16 23:41:17, tokens_remaining: 880, call: scores, phase: playing
2026-06-16 23:41:18, tokens_remaining: 880, call: scores, phase: playing
2026-06-16 23:41:18, tokens_remaining: 879, call: events, phase: playing
2026-06-16 23:41:19, tokens_remaining: 878, call: scores, phase: playing
2026-06-16 23:41:19, tokens_remaining: 878, call: scores, phase: playing
2026-06-16 23:41:19, tokens_remaining: 878, call: scores, phase: playing
2026-06-16 23:41:19, tokens_remaining: 878, call: scores, phase: playing
2026-06-16 23:41:20, tokens_remaining: 877, call: scores, phase: playing
2026-06-16 23:41:20, tokens_remaining: 877, call: scores, phase: playing
2026-06-16 23:41:20, tokens_remaining: 877, call: scores, phase: playing
2026-06-16 23:41:21, tokens_remaining: 877, call: scores, phase: playing
2026-06-16 23:41:21, tokens_remaining: 876, call: scores, phase: playing
2026-06-16 23:41:22, tokens_remaining: 875, call: events, phase: playing
2026-06-16 23:41:22, tokens_remaining: 876, call: scores, phase: playing
2026-06-16 23:41:22, tokens_remaining: 874, call: scores, phase: playing
2026-06-16 23:41:23, tokens_remaining: 874, call: scores, phase: playing
2026-06-16 23:41:23, tokens_remaining: 874, call: scores, phase: playing
2026-06-16 23:41:23, tokens_remaining: 874, call: scores, phase: playing
2026-06-16 23:41:24, tokens_remaining: 873, call: scores, phase: playing
2026-06-16 23:41:24, tokens_remaining: 873, call: scores, phase: playing
2026-06-16 23:41:24, tokens_remaining: 873, call: scores, phase: playing
2026-06-16 23:41:24, tokens_remaining: 873, call: scores, phase: playing
2026-06-16 23:41:25, tokens_remaining: 872, call: events, phase: playing
2026-06-16 23:41:26, tokens_remaining: 871, call: scores, phase: playing
2026-06-16 23:41:26, tokens_remaining: 871, call: scores, phase: playing
2026-06-16 23:41:26, tokens_remaining: 871, call: scores, phase: playing
2026-06-16 23:41:26, tokens_remaining: 871, call: scores, phase: playing
2026-06-16 23:41:27, tokens_remaining: 871, call: scores, phase: playing
2026-06-16 23:41:27, tokens_remaining: 870, call: scores, phase: playing
2026-06-16 23:41:27, tokens_remaining: 870, call: scores, phase: playing
2026-06-16 23:41:27, tokens_remaining: 870, call: scores, phase: playing
2026-06-16 23:41:28, tokens_remaining: 870, call: scores, phase: playing
2026-06-16 23:41:28, tokens_remaining: 869, call: events, phase: playing
2026-06-16 23:41:29, tokens_remaining: 868, call: scores, phase: playing
2026-06-16 23:41:29, tokens_remaining: 868, call: scores, phase: playing
2026-06-16 23:41:29, tokens_remaining: 868, call: scores, phase: playing
2026-06-16 23:41:29, tokens_remaining: 868, call: scores, phase: playing
2026-06-16 23:41:30, tokens_remaining: 868, call: scores, phase: playing
2026-06-16 23:41:30, tokens_remaining: 867, call: scores, phase: playing
2026-06-16 23:41:30, tokens_remaining: 867, call: scores, phase: playing
2026-06-16 23:41:31, tokens_remaining: 867, call: scores, phase: playing
2026-06-16 23:41:31, tokens_remaining: 867, call: scores, phase: playing
2026-06-16 23:41:31, tokens_remaining: 866, call: events, phase: playing
2026-06-16 23:41:32, tokens_remaining: 865, call: scores, phase: playing
2026-06-16 23:41:32, tokens_remaining: 865, call: scores, phase: playing
2026-06-16 23:41:32, tokens_remaining: 865, call: scores, phase: playing
2026-06-16 23:41:33, tokens_remaining: 865, call: scores, phase: playing
2026-06-16 23:41:33, tokens_remaining: 865, call: scores, phase: playing
2026-06-16 23:41:33, tokens_remaining: 864, call: scores, phase: playing
2026-06-16 23:41:34, tokens_remaining: 864, call: scores, phase: playing
2026-06-16 23:41:34, tokens_remaining: 864, call: scores, phase: playing
2026-06-16 23:41:34, tokens_remaining: 864, call: scores, phase: playing
2026-06-16 23:41:34, tokens_remaining: 863, call: events, phase: playing
2026-06-16 23:41:35, tokens_remaining: 862, call: scores, phase: playing
2026-06-16 23:41:35, tokens_remaining: 862, call: scores, phase: playing
2026-06-16 23:41:35, tokens_remaining: 862, call: scores, phase: playing
2026-06-16 23:41:36, tokens_remaining: 862, call: scores, phase: playing
2026-06-16 23:41:36, tokens_remaining: 862, call: scores, phase: playing
2026-06-16 23:41:36, tokens_remaining: 861, call: scores, phase: playing
2026-06-16 23:41:37, tokens_remaining: 861, call: scores, phase: playing
2026-06-16 23:41:37, tokens_remaining: 861, call: scores, phase: playing
2026-06-16 23:41:37, tokens_remaining: 861, call: scores, phase: playing
2026-06-16 23:41:38, tokens_remaining: 860, call: events, phase: playing
2026-06-16 23:41:38, tokens_remaining: 859, call: scores, phase: playing
2026-06-16 23:41:38, tokens_remaining: 859, call: scores, phase: playing
2026-06-16 23:41:39, tokens_remaining: 859, call: scores, phase: playing
2026-06-16 23:41:39, tokens_remaining: 859, call: scores, phase: playing
2026-06-16 23:41:39, tokens_remaining: 859, call: scores, phase: playing
2026-06-16 23:41:39, tokens_remaining: 858, call: scores, phase: playing
2026-06-16 23:41:40, tokens_remaining: 858, call: scores, phase: playing
2026-06-16 23:41:40, tokens_remaining: 858, call: scores, phase: playing
2026-06-16 23:41:40, tokens_remaining: 858, call: scores, phase: playing
2026-06-16 23:41:41, tokens_remaining: 857, call: events, phase: playing
2026-06-16 23:41:41, tokens_remaining: 856, call: scores, phase: playing
2026-06-16 23:41:41, tokens_remaining: 856, call: scores, phase: playing
2026-06-16 23:41:42, tokens_remaining: 856, call: scores, phase: playing
2026-06-16 23:41:42, tokens_remaining: 856, call: scores, phase: playing
2026-06-16 23:41:42, tokens_remaining: 856, call: scores, phase: playing
2026-06-16 23:41:43, tokens_remaining: 855, call: scores, phase: playing
2026-06-16 23:41:43, tokens_remaining: 855, call: scores, phase: playing
2026-06-16 23:41:43, tokens_remaining: 855, call: scores, phase: playing
2026-06-16 23:41:43, tokens_remaining: 855, call: scores, phase: playing
2026-06-16 23:41:44, tokens_remaining: 854, call: events, phase: playing
2026-06-16 23:41:44, tokens_remaining: 853, call: scores, phase: playing
2026-06-16 23:41:45, tokens_remaining: 853, call: scores, phase: playing
2026-06-16 23:41:45, tokens_remaining: 853, call: scores, phase: playing
2026-06-16 23:41:45, tokens_remaining: 853, call: scores, phase: playing
2026-06-16 23:41:45, tokens_remaining: 853, call: scores, phase: playing
2026-06-16 23:41:46, tokens_remaining: 852, call: scores, phase: playing
2026-06-16 23:41:46, tokens_remaining: 852, call: scores, phase: playing
2026-06-16 23:41:46, tokens_remaining: 852, call: scores, phase: playing
2026-06-16 23:41:46, tokens_remaining: 852, call: scores, phase: playing
2026-06-16 23:41:47, tokens_remaining: 851, call: events, phase: playing
2026-06-16 23:41:47, tokens_remaining: 850, call: scores, phase: playing
2026-06-16 23:41:48, tokens_remaining: 850, call: scores, phase: playing
2026-06-16 23:41:48, tokens_remaining: 850, call: scores, phase: playing
2026-06-16 23:41:48, tokens_remaining: 850, call: scores, phase: playing
2026-06-16 23:41:48, tokens_remaining: 850, call: scores, phase: playing
2026-06-16 23:41:49, tokens_remaining: 849, call: scores, phase: playing
2026-06-16 23:41:49, tokens_remaining: 849, call: scores, phase: playing
2026-06-16 23:41:49, tokens_remaining: 849, call: scores, phase: playing
2026-06-16 23:41:49, tokens_remaining: 849, call: scores, phase: playing
2026-06-16 23:41:50, tokens_remaining: 848, call: events, phase: playing
2026-06-16 23:41:50, tokens_remaining: 847, call: scores, phase: playing
2026-06-16 23:41:51, tokens_remaining: 847, call: scores, phase: playing
2026-06-16 23:41:51, tokens_remaining: 847, call: scores, phase: playing
2026-06-16 23:41:51, tokens_remaining: 847, call: scores, phase: playing
2026-06-16 23:41:51, tokens_remaining: 847, call: scores, phase: playing
2026-06-16 23:41:52, tokens_remaining: 846, call: scores, phase: playing
2026-06-16 23:41:52, tokens_remaining: 846, call: scores, phase: playing
2026-06-16 23:41:52, tokens_remaining: 846, call: scores, phase: playing
2026-06-16 23:41:52, tokens_remaining: 846, call: scores, phase: playing
2026-06-16 23:41:53, tokens_remaining: 845, call: events, phase: playing
2026-06-16 23:41:53, tokens_remaining: 844, call: scores, phase: playing
2026-06-16 23:41:54, tokens_remaining: 844, call: scores, phase: playing
2026-06-16 23:41:54, tokens_remaining: 844, call: scores, phase: playing
2026-06-16 23:41:54, tokens_remaining: 844, call: scores, phase: playing
2026-06-16 23:41:54, tokens_remaining: 844, call: scores, phase: playing
2026-06-16 23:41:55, tokens_remaining: 843, call: scores, phase: playing
2026-06-16 23:41:55, tokens_remaining: 843, call: scores, phase: playing
2026-06-16 23:41:55, tokens_remaining: 843, call: scores, phase: playing
2026-06-16 23:41:55, tokens_remaining: 843, call: scores, phase: playing
2026-06-16 23:41:56, tokens_remaining: 842, call: events, phase: playing
2026-06-16 23:41:56, tokens_remaining: 841, call: scores, phase: playing
2026-06-16 23:41:56, tokens_remaining: 841, call: scores, phase: playing
2026-06-16 23:41:57, tokens_remaining: 841, call: scores, phase: playing
2026-06-16 23:41:57, tokens_remaining: 841, call: scores, phase: playing
2026-06-16 23:41:57, tokens_remaining: 841, call: scores, phase: playing
2026-06-16 23:41:58, tokens_remaining: 840, call: scores, phase: playing
2026-06-16 23:41:58, tokens_remaining: 840, call: scores, phase: playing
2026-06-16 23:41:58, tokens_remaining: 840, call: scores, phase: playing
2026-06-16 23:41:58, tokens_remaining: 840, call: scores, phase: playing
2026-06-16 23:41:59, tokens_remaining: 839, call: events, phase: playing
2026-06-16 23:41:59, tokens_remaining: 838, call: scores, phase: playing
2026-06-16 23:41:59, tokens_remaining: 838, call: scores, phase: playing
2026-06-16 23:42:00, tokens_remaining: 838, call: scores, phase: playing
2026-06-16 23:42:00, tokens_remaining: 838, call: scores, phase: playing
2026-06-16 23:42:00, tokens_remaining: 838, call: scores, phase: playing
2026-06-16 23:42:00, tokens_remaining: 837, call: scores, phase: playing
2026-06-16 23:42:01, tokens_remaining: 837, call: scores, phase: playing
2026-06-16 23:42:01, tokens_remaining: 837, call: scores, phase: playing
2026-06-16 23:42:01, tokens_remaining: 837, call: scores, phase: playing
2026-06-16 23:42:02, tokens_remaining: 836, call: events, phase: playing
2026-06-16 23:42:02, tokens_remaining: 835, call: scores, phase: playing
2026-06-16 23:42:02, tokens_remaining: 835, call: scores, phase: playing
2026-06-16 23:42:02, tokens_remaining: 835, call: scores, phase: playing
2026-06-16 23:42:03, tokens_remaining: 835, call: scores, phase: playing
2026-06-16 23:42:03, tokens_remaining: 835, call: scores, phase: playing
2026-06-16 23:42:03, tokens_remaining: 834, call: scores, phase: playing
2026-06-16 23:42:04, tokens_remaining: 834, call: scores, phase: playing
2026-06-16 23:42:04, tokens_remaining: 834, call: scores, phase: playing
2026-06-16 23:42:04, tokens_remaining: 834, call: scores, phase: playing
2026-06-16 23:42:04, tokens_remaining: 833, call: events, phase: playing
2026-06-16 23:42:05, tokens_remaining: 832, call: scores, phase: playing
2026-06-16 23:42:05, tokens_remaining: 832, call: scores, phase: playing
2026-06-16 23:42:05, tokens_remaining: 832, call: scores, phase: playing
2026-06-16 23:42:06, tokens_remaining: 832, call: scores, phase: playing
2026-06-16 23:42:06, tokens_remaining: 832, call: scores, phase: playing
2026-06-16 23:42:06, tokens_remaining: 831, call: scores, phase: playing
2026-06-16 23:42:06, tokens_remaining: 831, call: scores, phase: playing
2026-06-16 23:42:07, tokens_remaining: 831, call: scores, phase: playing
2026-06-16 23:42:07, tokens_remaining: 831, call: scores, phase: playing
2026-06-16 23:42:07, tokens_remaining: 830, call: events, phase: playing
2026-06-16 23:42:08, tokens_remaining: 829, call: scores, phase: playing
2026-06-16 23:42:08, tokens_remaining: 829, call: scores, phase: playing
2026-06-16 23:42:08, tokens_remaining: 829, call: scores, phase: playing
2026-06-16 23:42:08, tokens_remaining: 829, call: scores, phase: playing
2026-06-16 23:42:09, tokens_remaining: 829, call: scores, phase: playing
2026-06-16 23:42:09, tokens_remaining: 828, call: scores, phase: playing
2026-06-16 23:42:09, tokens_remaining: 828, call: scores, phase: playing
2026-06-16 23:42:09, tokens_remaining: 828, call: scores, phase: playing
2026-06-16 23:42:10, tokens_remaining: 828, call: scores, phase: playing
2026-06-16 23:42:10, tokens_remaining: 827, call: events, phase: playing
2026-06-16 23:42:11, tokens_remaining: 826, call: scores, phase: playing
2026-06-16 23:42:11, tokens_remaining: 826, call: scores, phase: playing
2026-06-16 23:42:11, tokens_remaining: 826, call: scores, phase: playing
2026-06-16 23:42:11, tokens_remaining: 826, call: scores, phase: playing
2026-06-16 23:42:11, tokens_remaining: 826, call: scores, phase: playing
2026-06-16 23:42:12, tokens_remaining: 825, call: scores, phase: playing
2026-06-16 23:42:12, tokens_remaining: 825, call: scores, phase: playing
2026-06-16 23:42:12, tokens_remaining: 825, call: scores, phase: playing
2026-06-16 23:42:12, tokens_remaining: 825, call: scores, phase: playing
2026-06-16 23:42:13, tokens_remaining: 824, call: events, phase: playing
2026-06-16 23:42:13, tokens_remaining: 823, call: scores, phase: playing
2026-06-16 23:42:14, tokens_remaining: 823, call: scores, phase: playing
2026-06-16 23:42:14, tokens_remaining: 823, call: scores, phase: playing
2026-06-16 23:42:14, tokens_remaining: 823, call: scores, phase: playing
2026-06-16 23:42:14, tokens_remaining: 823, call: scores, phase: playing
2026-06-16 23:42:15, tokens_remaining: 822, call: scores, phase: playing
2026-06-16 23:42:15, tokens_remaining: 822, call: scores, phase: playing
2026-06-16 23:42:15, tokens_remaining: 822, call: scores, phase: playing
2026-06-16 23:42:15, tokens_remaining: 822, call: scores, phase: playing
2026-06-16 23:42:16, tokens_remaining: 821, call: events, phase: playing
2026-06-16 23:42:16, tokens_remaining: 820, call: scores, phase: playing
2026-06-16 23:42:16, tokens_remaining: 820, call: scores, phase: playing
2026-06-16 23:42:17, tokens_remaining: 820, call: scores, phase: playing
2026-06-16 23:42:17, tokens_remaining: 820, call: scores, phase: playing
2026-06-16 23:42:17, tokens_remaining: 820, call: scores, phase: playing
2026-06-16 23:42:17, tokens_remaining: 820, call: scores, phase: playing
2026-06-16 23:42:18, tokens_remaining: 819, call: scores, phase: playing
2026-06-16 23:42:18, tokens_remaining: 819, call: scores, phase: playing
2026-06-16 23:42:18, tokens_remaining: 819, call: scores, phase: playing
2026-06-16 23:42:18, tokens_remaining: 818, call: events, phase: playing
2026-06-16 23:42:19, tokens_remaining: 817, call: scores, phase: playing
2026-06-16 23:42:19, tokens_remaining: 817, call: scores, phase: playing
2026-06-16 23:42:19, tokens_remaining: 817, call: scores, phase: playing
2026-06-16 23:42:20, tokens_remaining: 817, call: scores, phase: playing
2026-06-16 23:42:20, tokens_remaining: 817, call: scores, phase: playing
2026-06-16 23:42:20, tokens_remaining: 817, call: scores, phase: playing
2026-06-16 23:42:20, tokens_remaining: 816, call: scores, phase: playing
2026-06-16 23:42:21, tokens_remaining: 816, call: scores, phase: playing
2026-06-16 23:42:21, tokens_remaining: 816, call: scores, phase: playing
2026-06-16 23:42:21, tokens_remaining: 815, call: events, phase: playing
2026-06-16 23:42:22, tokens_remaining: 814, call: scores, phase: playing
2026-06-16 23:42:22, tokens_remaining: 814, call: scores, phase: playing
2026-06-16 23:42:22, tokens_remaining: 814, call: scores, phase: playing
2026-06-16 23:42:22, tokens_remaining: 814, call: scores, phase: playing
2026-06-16 23:42:22, tokens_remaining: 814, call: scores, phase: playing
2026-06-16 23:42:23, tokens_remaining: 814, call: scores, phase: playing
2026-06-16 23:42:23, tokens_remaining: 813, call: scores, phase: playing
2026-06-16 23:42:23, tokens_remaining: 813, call: scores, phase: playing
2026-06-16 23:42:23, tokens_remaining: 813, call: scores, phase: playing
2026-06-16 23:42:24, tokens_remaining: 812, call: events, phase: playing
2026-06-16 23:42:24, tokens_remaining: 811, call: scores, phase: playing
2026-06-16 23:42:25, tokens_remaining: 811, call: scores, phase: playing
2026-06-16 23:42:25, tokens_remaining: 811, call: scores, phase: playing
2026-06-16 23:42:25, tokens_remaining: 811, call: scores, phase: playing
2026-06-16 23:42:25, tokens_remaining: 811, call: scores, phase: playing
2026-06-16 23:42:25, tokens_remaining: 811, call: scores, phase: playing
2026-06-16 23:42:26, tokens_remaining: 810, call: scores, phase: playing
2026-06-16 23:42:26, tokens_remaining: 810, call: scores, phase: playing
2026-06-16 23:42:26, tokens_remaining: 810, call: scores, phase: playing
2026-06-16 23:42:27, tokens_remaining: 809, call: events, phase: playing
2026-06-16 23:42:27, tokens_remaining: 808, call: scores, phase: playing
2026-06-16 23:42:27, tokens_remaining: 808, call: scores, phase: playing
2026-06-16 23:42:27, tokens_remaining: 808, call: scores, phase: playing
2026-06-16 23:42:28, tokens_remaining: 808, call: scores, phase: playing
2026-06-16 23:42:28, tokens_remaining: 808, call: scores, phase: playing
2026-06-16 23:42:28, tokens_remaining: 808, call: scores, phase: playing
2026-06-16 23:42:28, tokens_remaining: 807, call: scores, phase: playing
2026-06-16 23:42:28, tokens_remaining: 807, call: scores, phase: playing
2026-06-16 23:42:29, tokens_remaining: 807, call: scores, phase: playing
2026-06-16 23:42:29, tokens_remaining: 806, call: events, phase: playing
2026-06-16 23:42:30, tokens_remaining: 805, call: scores, phase: playing
2026-06-16 23:42:30, tokens_remaining: 805, call: scores, phase: playing
2026-06-16 23:42:30, tokens_remaining: 805, call: scores, phase: playing
2026-06-16 23:42:30, tokens_remaining: 805, call: scores, phase: playing
2026-06-16 23:42:30, tokens_remaining: 805, call: scores, phase: playing
2026-06-16 23:42:30, tokens_remaining: 805, call: scores, phase: playing
2026-06-16 23:42:31, tokens_remaining: 804, call: scores, phase: playing
2026-06-16 23:42:31, tokens_remaining: 804, call: scores, phase: playing
2026-06-16 23:42:31, tokens_remaining: 804, call: scores, phase: playing
2026-06-16 23:42:32, tokens_remaining: 803, call: events, phase: playing
2026-06-16 23:42:32, tokens_remaining: 804, call: scores, phase: playing
2026-06-16 23:42:32, tokens_remaining: 802, call: scores, phase: playing
2026-06-16 23:42:33, tokens_remaining: 802, call: scores, phase: playing
2026-06-16 23:42:33, tokens_remaining: 802, call: scores, phase: playing
2026-06-16 23:42:33, tokens_remaining: 802, call: scores, phase: playing
2026-06-16 23:42:33, tokens_remaining: 802, call: scores, phase: playing
2026-06-16 23:42:33, tokens_remaining: 802, call: scores, phase: playing
2026-06-16 23:42:34, tokens_remaining: 801, call: scores, phase: playing
2026-06-16 23:42:34, tokens_remaining: 801, call: scores, phase: playing
2026-06-16 23:42:34, tokens_remaining: 800, call: events, phase: playing
2026-06-16 23:42:35, tokens_remaining: 801, call: scores, phase: playing
2026-06-16 23:42:35, tokens_remaining: 799, call: scores, phase: playing
2026-06-16 23:42:35, tokens_remaining: 799, call: scores, phase: playing
2026-06-16 23:42:35, tokens_remaining: 799, call: scores, phase: playing
2026-06-16 23:42:35, tokens_remaining: 799, call: scores, phase: playing
2026-06-16 23:42:36, tokens_remaining: 799, call: scores, phase: playing
2026-06-16 23:42:36, tokens_remaining: 799, call: scores, phase: playing
2026-06-16 23:42:36, tokens_remaining: 798, call: scores, phase: playing
2026-06-16 23:42:36, tokens_remaining: 798, call: scores, phase: playing
2026-06-16 23:42:37, tokens_remaining: 797, call: events, phase: playing
2026-06-16 23:42:37, tokens_remaining: 798, call: scores, phase: playing
2026-06-16 23:42:37, tokens_remaining: 798, call: scores, phase: playing
2026-06-16 23:42:38, tokens_remaining: 796, call: scores, phase: playing
2026-06-16 23:42:38, tokens_remaining: 796, call: scores, phase: playing
2026-06-16 23:42:38, tokens_remaining: 796, call: scores, phase: playing
2026-06-16 23:42:38, tokens_remaining: 796, call: scores, phase: playing
2026-06-16 23:42:38, tokens_remaining: 796, call: scores, phase: playing
2026-06-16 23:42:38, tokens_remaining: 796, call: scores, phase: playing
2026-06-16 23:42:39, tokens_remaining: 795, call: scores, phase: playing
2026-06-16 23:42:39, tokens_remaining: 794, call: events, phase: playing
2026-06-16 23:42:40, tokens_remaining: 795, call: scores, phase: playing
2026-06-16 23:42:40, tokens_remaining: 795, call: scores, phase: playing
2026-06-16 23:42:40, tokens_remaining: 793, call: scores, phase: playing
2026-06-16 23:42:40, tokens_remaining: 793, call: scores, phase: playing
2026-06-16 23:42:40, tokens_remaining: 793, call: scores, phase: playing
2026-06-16 23:42:41, tokens_remaining: 793, call: scores, phase: playing
2026-06-16 23:42:41, tokens_remaining: 793, call: scores, phase: playing
2026-06-16 23:42:41, tokens_remaining: 793, call: scores, phase: playing
2026-06-16 23:42:41, tokens_remaining: 792, call: scores, phase: playing
2026-06-16 23:42:42, tokens_remaining: 791, call: events, phase: playing
2026-06-16 23:42:42, tokens_remaining: 792, call: scores, phase: playing
2026-06-16 23:42:42, tokens_remaining: 792, call: scores, phase: playing
2026-06-16 23:42:42, tokens_remaining: 792, call: scores, phase: playing
2026-06-16 23:42:43, tokens_remaining: 790, call: scores, phase: playing
2026-06-16 23:42:43, tokens_remaining: 790, call: scores, phase: playing
2026-06-16 23:42:43, tokens_remaining: 790, call: scores, phase: playing
2026-06-16 23:42:43, tokens_remaining: 790, call: scores, phase: playing
2026-06-16 23:42:43, tokens_remaining: 790, call: scores, phase: playing
2026-06-16 23:42:44, tokens_remaining: 790, call: scores, phase: playing
2026-06-16 23:42:44, tokens_remaining: 789, call: events, phase: playing
2026-06-16 23:42:44, tokens_remaining: 788, call: scores, phase: playing
2026-06-16 23:42:45, tokens_remaining: 788, call: scores, phase: playing
2026-06-16 23:42:45, tokens_remaining: 788, call: scores, phase: playing
2026-06-16 23:42:45, tokens_remaining: 788, call: scores, phase: playing
2026-06-16 23:42:45, tokens_remaining: 788, call: scores, phase: playing
2026-06-16 23:42:45, tokens_remaining: 788, call: scores, phase: playing
2026-06-16 23:42:45, tokens_remaining: 788, call: scores, phase: playing
2026-06-16 23:42:46, tokens_remaining: 787, call: scores, phase: playing
2026-06-16 23:42:46, tokens_remaining: 787, call: scores, phase: playing
2026-06-16 23:42:47, tokens_remaining: 786, call: events, phase: playing
2026-06-16 23:42:47, tokens_remaining: 787, call: scores, phase: playing
2026-06-16 23:42:47, tokens_remaining: 785, call: scores, phase: playing
2026-06-16 23:42:47, tokens_remaining: 785, call: scores, phase: playing
2026-06-16 23:42:47, tokens_remaining: 785, call: scores, phase: playing
2026-06-16 23:42:48, tokens_remaining: 785, call: scores, phase: playing
2026-06-16 23:42:48, tokens_remaining: 785, call: scores, phase: playing
2026-06-16 23:42:48, tokens_remaining: 785, call: scores, phase: playing
2026-06-16 23:42:48, tokens_remaining: 785, call: scores, phase: playing
2026-06-16 23:42:48, tokens_remaining: 784, call: scores, phase: playing
2026-06-16 23:42:49, tokens_remaining: 783, call: events, phase: playing
2026-06-16 23:42:49, tokens_remaining: 784, call: scores, phase: playing
2026-06-16 23:42:49, tokens_remaining: 784, call: scores, phase: playing
2026-06-16 23:42:49, tokens_remaining: 784, call: scores, phase: playing
2026-06-16 23:42:50, tokens_remaining: 782, call: scores, phase: playing
2026-06-16 23:42:50, tokens_remaining: 782, call: scores, phase: playing
2026-06-16 23:42:50, tokens_remaining: 782, call: scores, phase: playing
2026-06-16 23:42:50, tokens_remaining: 782, call: scores, phase: playing
2026-06-16 23:42:50, tokens_remaining: 782, call: scores, phase: playing
2026-06-16 23:42:51, tokens_remaining: 782, call: scores, phase: playing
2026-06-16 23:42:51, tokens_remaining: 781, call: events, phase: playing
2026-06-16 23:42:51, tokens_remaining: 780, call: scores, phase: playing
2026-06-16 23:42:52, tokens_remaining: 780, call: scores, phase: playing
2026-06-16 23:42:52, tokens_remaining: 780, call: scores, phase: playing
2026-06-16 23:42:52, tokens_remaining: 780, call: scores, phase: playing
2026-06-16 23:42:52, tokens_remaining: 780, call: scores, phase: playing
2026-06-16 23:42:52, tokens_remaining: 780, call: scores, phase: playing
2026-06-16 23:42:52, tokens_remaining: 780, call: scores, phase: playing
2026-06-16 23:42:53, tokens_remaining: 779, call: scores, phase: playing
2026-06-16 23:42:53, tokens_remaining: 779, call: scores, phase: playing
2026-06-16 23:42:53, tokens_remaining: 778, call: events, phase: playing
2026-06-16 23:42:53, tokens_remaining: 779, call: scores, phase: playing
2026-06-16 23:42:54, tokens_remaining: 779, call: scores, phase: playing
2026-06-16 23:42:54, tokens_remaining: 777, call: scores, phase: playing
2026-06-16 23:42:54, tokens_remaining: 777, call: scores, phase: playing
2026-06-16 23:42:54, tokens_remaining: 777, call: scores, phase: playing
2026-06-16 23:42:54, tokens_remaining: 777, call: scores, phase: playing
2026-06-16 23:42:55, tokens_remaining: 777, call: scores, phase: playing
2026-06-16 23:42:55, tokens_remaining: 777, call: scores, phase: playing
2026-06-16 23:42:55, tokens_remaining: 777, call: scores, phase: playing
2026-06-16 23:42:55, tokens_remaining: 776, call: events, phase: playing
2026-06-16 23:42:56, tokens_remaining: 775, call: scores, phase: playing
2026-06-16 23:42:56, tokens_remaining: 775, call: scores, phase: playing
2026-06-16 23:42:56, tokens_remaining: 775, call: scores, phase: playing
2026-06-16 23:42:56, tokens_remaining: 775, call: scores, phase: playing
2026-06-16 23:42:56, tokens_remaining: 775, call: scores, phase: playing
2026-06-16 23:42:57, tokens_remaining: 775, call: scores, phase: playing
2026-06-16 23:42:57, tokens_remaining: 775, call: scores, phase: playing
2026-06-16 23:42:57, tokens_remaining: 774, call: scores, phase: playing
2026-06-16 23:42:57, tokens_remaining: 774, call: scores, phase: playing
2026-06-16 23:42:58, tokens_remaining: 773, call: events, phase: playing
2026-06-16 23:42:58, tokens_remaining: 774, call: scores, phase: playing
2026-06-16 23:42:58, tokens_remaining: 774, call: scores, phase: playing
2026-06-16 23:42:58, tokens_remaining: 772, call: scores, phase: playing
2026-06-16 23:42:58, tokens_remaining: 772, call: scores, phase: playing
2026-06-16 23:42:59, tokens_remaining: 772, call: scores, phase: playing
2026-06-16 23:42:59, tokens_remaining: 772, call: scores, phase: playing
2026-06-16 23:42:59, tokens_remaining: 772, call: scores, phase: playing
2026-06-16 23:42:59, tokens_remaining: 772, call: scores, phase: playing
2026-06-16 23:42:59, tokens_remaining: 772, call: scores, phase: playing
2026-06-16 23:43:00, tokens_remaining: 771, call: events, phase: playing
2026-06-16 23:43:00, tokens_remaining: 770, call: scores, phase: playing
2026-06-16 23:43:00, tokens_remaining: 770, call: scores, phase: playing
2026-06-16 23:43:00, tokens_remaining: 770, call: scores, phase: playing
2026-06-16 23:43:00, tokens_remaining: 770, call: scores, phase: playing
2026-06-16 23:43:01, tokens_remaining: 770, call: scores, phase: playing
2026-06-16 23:43:01, tokens_remaining: 770, call: scores, phase: playing
2026-06-16 23:43:01, tokens_remaining: 770, call: scores, phase: playing
2026-06-16 23:43:01, tokens_remaining: 770, call: scores, phase: playing
2026-06-16 23:43:01, tokens_remaining: 769, call: scores, phase: playing
2026-06-16 23:43:02, tokens_remaining: 768, call: events, phase: playing
2026-06-16 23:43:02, tokens_remaining: 769, call: scores, phase: playing
2026-06-16 23:43:02, tokens_remaining: 769, call: scores, phase: playing
2026-06-16 23:43:02, tokens_remaining: 769, call: scores, phase: playing
2026-06-16 23:43:03, tokens_remaining: 767, call: scores, phase: playing
2026-06-16 23:43:03, tokens_remaining: 767, call: scores, phase: playing
2026-06-16 23:43:03, tokens_remaining: 767, call: scores, phase: playing
2026-06-16 23:43:03, tokens_remaining: 767, call: scores, phase: playing
2026-06-16 23:43:03, tokens_remaining: 767, call: scores, phase: playing
2026-06-16 23:43:03, tokens_remaining: 767, call: scores, phase: playing
2026-06-16 23:43:04, tokens_remaining: 766, call: events, phase: playing
2026-06-16 23:43:04, tokens_remaining: 765, call: scores, phase: playing
2026-06-16 23:43:04, tokens_remaining: 765, call: scores, phase: playing
2026-06-16 23:43:04, tokens_remaining: 765, call: scores, phase: playing
2026-06-16 23:43:05, tokens_remaining: 765, call: scores, phase: playing
2026-06-16 23:43:05, tokens_remaining: 765, call: scores, phase: playing
2026-06-16 23:43:05, tokens_remaining: 765, call: scores, phase: playing
2026-06-16 23:43:05, tokens_remaining: 765, call: scores, phase: playing
2026-06-16 23:43:05, tokens_remaining: 764, call: scores, phase: playing
2026-06-16 23:43:06, tokens_remaining: 764, call: scores, phase: playing
2026-06-16 23:43:06, tokens_remaining: 763, call: events, phase: playing
2026-06-16 23:43:06, tokens_remaining: 764, call: scores, phase: playing
2026-06-16 23:43:06, tokens_remaining: 764, call: scores, phase: playing
2026-06-16 23:43:07, tokens_remaining: 762, call: scores, phase: playing
2026-06-16 23:43:07, tokens_remaining: 762, call: scores, phase: playing
2026-06-16 23:43:07, tokens_remaining: 762, call: scores, phase: playing
2026-06-16 23:43:07, tokens_remaining: 762, call: scores, phase: playing
2026-06-16 23:43:07, tokens_remaining: 762, call: scores, phase: playing
2026-06-16 23:43:07, tokens_remaining: 762, call: scores, phase: playing
2026-06-16 23:43:08, tokens_remaining: 762, call: scores, phase: playing
2026-06-16 23:43:08, tokens_remaining: 761, call: events, phase: playing
2026-06-16 23:43:08, tokens_remaining: 760, call: scores, phase: playing
2026-06-16 23:43:09, tokens_remaining: 760, call: scores, phase: playing
2026-06-16 23:43:09, tokens_remaining: 760, call: scores, phase: playing
2026-06-16 23:43:09, tokens_remaining: 760, call: scores, phase: playing
2026-06-16 23:43:09, tokens_remaining: 760, call: scores, phase: playing
2026-06-16 23:43:09, tokens_remaining: 760, call: scores, phase: playing
2026-06-16 23:43:09, tokens_remaining: 760, call: scores, phase: playing
2026-06-16 23:43:09, tokens_remaining: 760, call: scores, phase: playing
2026-06-16 23:43:10, tokens_remaining: 759, call: scores, phase: playing
2026-06-16 23:43:10, tokens_remaining: 758, call: events, phase: playing
2026-06-16 23:43:10, tokens_remaining: 759, call: scores, phase: playing
2026-06-16 23:43:11, tokens_remaining: 759, call: scores, phase: playing
2026-06-16 23:43:11, tokens_remaining: 759, call: scores, phase: playing
2026-06-16 23:43:11, tokens_remaining: 757, call: scores, phase: playing
2026-06-16 23:43:11, tokens_remaining: 757, call: scores, phase: playing
2026-06-16 23:43:11, tokens_remaining: 757, call: scores, phase: playing
2026-06-16 23:43:12, tokens_remaining: 757, call: scores, phase: playing
2026-06-16 23:43:12, tokens_remaining: 757, call: scores, phase: playing
2026-06-16 23:43:12, tokens_remaining: 757, call: scores, phase: playing
2026-06-16 23:43:12, tokens_remaining: 756, call: events, phase: playing
2026-06-16 23:43:13, tokens_remaining: 755, call: scores, phase: playing
2026-06-16 23:43:13, tokens_remaining: 755, call: scores, phase: playing
2026-06-16 23:43:13, tokens_remaining: 755, call: scores, phase: playing
2026-06-16 23:43:13, tokens_remaining: 755, call: scores, phase: playing
2026-06-16 23:43:13, tokens_remaining: 755, call: scores, phase: playing
2026-06-16 23:43:13, tokens_remaining: 755, call: scores, phase: playing
2026-06-16 23:43:14, tokens_remaining: 755, call: scores, phase: playing
2026-06-16 23:43:14, tokens_remaining: 754, call: scores, phase: playing
2026-06-16 23:43:14, tokens_remaining: 754, call: scores, phase: playing
2026-06-16 23:43:14, tokens_remaining: 753, call: events, phase: playing
2026-06-16 23:43:15, tokens_remaining: 754, call: scores, phase: playing
2026-06-16 23:43:15, tokens_remaining: 754, call: scores, phase: playing
2026-06-16 23:43:15, tokens_remaining: 752, call: scores, phase: playing
2026-06-16 23:43:15, tokens_remaining: 752, call: scores, phase: playing
2026-06-16 23:43:15, tokens_remaining: 752, call: scores, phase: playing
2026-06-16 23:43:16, tokens_remaining: 752, call: scores, phase: playing
2026-06-16 23:43:16, tokens_remaining: 752, call: scores, phase: playing
2026-06-16 23:43:16, tokens_remaining: 752, call: scores, phase: playing
2026-06-16 23:43:16, tokens_remaining: 752, call: scores, phase: playing
2026-06-16 23:43:16, tokens_remaining: 751, call: events, phase: playing
2026-06-16 23:43:17, tokens_remaining: 750, call: scores, phase: playing
2026-06-16 23:43:17, tokens_remaining: 750, call: scores, phase: playing
2026-06-16 23:43:17, tokens_remaining: 750, call: scores, phase: playing
2026-06-16 23:43:17, tokens_remaining: 750, call: scores, phase: playing
2026-06-16 23:43:17, tokens_remaining: 750, call: scores, phase: playing
2026-06-16 23:43:18, tokens_remaining: 750, call: scores, phase: playing
2026-06-16 23:43:18, tokens_remaining: 750, call: scores, phase: playing
2026-06-16 23:43:18, tokens_remaining: 749, call: scores, phase: playing
2026-06-16 23:43:18, tokens_remaining: 749, call: scores, phase: playing
2026-06-16 23:43:19, tokens_remaining: 748, call: events, phase: playing
2026-06-16 23:43:19, tokens_remaining: 749, call: scores, phase: playing
2026-06-16 23:43:19, tokens_remaining: 749, call: scores, phase: playing
2026-06-16 23:43:19, tokens_remaining: 747, call: scores, phase: playing
2026-06-16 23:43:19, tokens_remaining: 747, call: scores, phase: playing
2026-06-16 23:43:20, tokens_remaining: 747, call: scores, phase: playing
2026-06-16 23:43:20, tokens_remaining: 747, call: scores, phase: playing
2026-06-16 23:43:20, tokens_remaining: 747, call: scores, phase: playing
2026-06-16 23:43:20, tokens_remaining: 747, call: scores, phase: playing
2026-06-16 23:43:20, tokens_remaining: 747, call: scores, phase: playing
2026-06-16 23:43:21, tokens_remaining: 746, call: events, phase: playing
2026-06-16 23:43:21, tokens_remaining: 745, call: scores, phase: playing
2026-06-16 23:43:21, tokens_remaining: 745, call: scores, phase: playing
2026-06-16 23:43:21, tokens_remaining: 745, call: scores, phase: playing
2026-06-16 23:43:22, tokens_remaining: 745, call: scores, phase: playing
2026-06-16 23:43:22, tokens_remaining: 745, call: scores, phase: playing
2026-06-16 23:43:22, tokens_remaining: 745, call: scores, phase: playing
2026-06-16 23:43:22, tokens_remaining: 745, call: scores, phase: playing
2026-06-16 23:43:22, tokens_remaining: 744, call: scores, phase: playing
2026-06-16 23:43:22, tokens_remaining: 744, call: scores, phase: playing
2026-06-16 23:43:23, tokens_remaining: 743, call: events, phase: playing
2026-06-16 23:43:23, tokens_remaining: 744, call: scores, phase: playing
2026-06-16 23:43:23, tokens_remaining: 744, call: scores, phase: playing
2026-06-16 23:43:24, tokens_remaining: 742, call: scores, phase: playing
2026-06-16 23:43:24, tokens_remaining: 742, call: scores, phase: playing
2026-06-16 23:43:24, tokens_remaining: 742, call: scores, phase: playing
2026-06-16 23:43:24, tokens_remaining: 742, call: scores, phase: playing
2026-06-16 23:43:24, tokens_remaining: 742, call: scores, phase: playing
2026-06-16 23:43:24, tokens_remaining: 742, call: scores, phase: playing
2026-06-16 23:43:24, tokens_remaining: 742, call: scores, phase: playing
2026-06-16 23:43:25, tokens_remaining: 741, call: events, phase: playing
2026-06-16 23:43:25, tokens_remaining: 740, call: scores, phase: playing
2026-06-16 23:43:26, tokens_remaining: 740, call: scores, phase: playing
2026-06-16 23:43:26, tokens_remaining: 740, call: scores, phase: playing
2026-06-16 23:43:26, tokens_remaining: 740, call: scores, phase: playing
2026-06-16 23:43:26, tokens_remaining: 740, call: scores, phase: playing
2026-06-16 23:43:26, tokens_remaining: 740, call: scores, phase: playing
2026-06-16 23:43:26, tokens_remaining: 740, call: scores, phase: playing
2026-06-16 23:43:27, tokens_remaining: 739, call: scores, phase: playing
2026-06-16 23:43:27, tokens_remaining: 739, call: scores, phase: playing
2026-06-16 23:43:27, tokens_remaining: 738, call: events, phase: playing
2026-06-16 23:43:27, tokens_remaining: 739, call: scores, phase: playing
2026-06-16 23:43:27, tokens_remaining: 739, call: scores, phase: playing
2026-06-16 23:43:28, tokens_remaining: 737, call: scores, phase: playing
2026-06-16 23:43:28, tokens_remaining: 737, call: scores, phase: playing
2026-06-16 23:43:28, tokens_remaining: 737, call: scores, phase: playing
2026-06-16 23:43:28, tokens_remaining: 737, call: scores, phase: playing
2026-06-16 23:43:28, tokens_remaining: 737, call: scores, phase: playing
2026-06-16 23:43:29, tokens_remaining: 737, call: scores, phase: playing
2026-06-16 23:43:29, tokens_remaining: 737, call: scores, phase: playing
2026-06-16 23:43:29, tokens_remaining: 736, call: events, phase: playing
2026-06-16 23:43:30, tokens_remaining: 735, call: scores, phase: playing
2026-06-16 23:43:30, tokens_remaining: 735, call: scores, phase: playing
2026-06-16 23:43:30, tokens_remaining: 735, call: scores, phase: playing
2026-06-16 23:43:30, tokens_remaining: 735, call: scores, phase: playing
2026-06-16 23:43:30, tokens_remaining: 735, call: scores, phase: playing
2026-06-16 23:43:30, tokens_remaining: 735, call: scores, phase: playing
2026-06-16 23:43:30, tokens_remaining: 735, call: scores, phase: playing
2026-06-16 23:43:31, tokens_remaining: 734, call: scores, phase: playing
2026-06-16 23:43:31, tokens_remaining: 734, call: scores, phase: playing
2026-06-16 23:43:31, tokens_remaining: 733, call: events, phase: playing
2026-06-16 23:43:31, tokens_remaining: 734, call: scores, phase: playing
2026-06-16 23:43:32, tokens_remaining: 734, call: scores, phase: playing
2026-06-16 23:43:32, tokens_remaining: 732, call: scores, phase: playing
2026-06-16 23:43:32, tokens_remaining: 732, call: scores, phase: playing
2026-06-16 23:43:32, tokens_remaining: 732, call: scores, phase: playing
2026-06-16 23:43:33, tokens_remaining: 732, call: scores, phase: playing
2026-06-16 23:43:33, tokens_remaining: 732, call: scores, phase: playing
2026-06-16 23:43:33, tokens_remaining: 732, call: scores, phase: playing
2026-06-16 23:43:33, tokens_remaining: 732, call: scores, phase: playing
2026-06-16 23:43:33, tokens_remaining: 731, call: events, phase: playing
2026-06-16 23:43:34, tokens_remaining: 730, call: scores, phase: playing
2026-06-16 23:43:34, tokens_remaining: 730, call: scores, phase: playing
2026-06-16 23:43:34, tokens_remaining: 730, call: scores, phase: playing
2026-06-16 23:43:34, tokens_remaining: 730, call: scores, phase: playing
2026-06-16 23:43:34, tokens_remaining: 730, call: scores, phase: playing
2026-06-16 23:43:34, tokens_remaining: 730, call: scores, phase: playing
2026-06-16 23:43:35, tokens_remaining: 730, call: scores, phase: playing
2026-06-16 23:43:35, tokens_remaining: 730, call: scores, phase: playing
2026-06-16 23:43:35, tokens_remaining: 729, call: scores, phase: playing
2026-06-16 23:43:36, tokens_remaining: 728, call: events, phase: playing
2026-06-16 23:43:36, tokens_remaining: 729, call: scores, phase: playing
2026-06-16 23:43:36, tokens_remaining: 729, call: scores, phase: playing
2026-06-16 23:43:36, tokens_remaining: 729, call: scores, phase: playing
2026-06-16 23:43:36, tokens_remaining: 727, call: scores, phase: playing
2026-06-16 23:43:37, tokens_remaining: 727, call: scores, phase: playing
2026-06-16 23:43:37, tokens_remaining: 727, call: scores, phase: playing
2026-06-16 23:43:37, tokens_remaining: 727, call: scores, phase: playing
2026-06-16 23:43:37, tokens_remaining: 727, call: scores, phase: playing
2026-06-16 23:43:37, tokens_remaining: 727, call: scores, phase: playing
2026-06-16 23:43:38, tokens_remaining: 726, call: events, phase: playing
2026-06-16 23:43:38, tokens_remaining: 725, call: scores, phase: playing
2026-06-16 23:43:38, tokens_remaining: 725, call: scores, phase: playing
2026-06-16 23:43:38, tokens_remaining: 725, call: scores, phase: playing
2026-06-16 23:43:38, tokens_remaining: 725, call: scores, phase: playing
2026-06-16 23:43:39, tokens_remaining: 725, call: scores, phase: playing
2026-06-16 23:43:39, tokens_remaining: 725, call: scores, phase: playing
2026-06-16 23:43:39, tokens_remaining: 725, call: scores, phase: playing
2026-06-16 23:43:39, tokens_remaining: 724, call: scores, phase: playing
2026-06-16 23:43:39, tokens_remaining: 724, call: scores, phase: playing
2026-06-16 23:43:40, tokens_remaining: 723, call: events, phase: playing
2026-06-16 23:43:40, tokens_remaining: 724, call: scores, phase: playing
2026-06-16 23:43:40, tokens_remaining: 724, call: scores, phase: playing
2026-06-16 23:43:40, tokens_remaining: 724, call: scores, phase: playing
2026-06-16 23:43:41, tokens_remaining: 722, call: scores, phase: playing
2026-06-16 23:43:41, tokens_remaining: 722, call: scores, phase: playing
2026-06-16 23:43:41, tokens_remaining: 722, call: scores, phase: playing
2026-06-16 23:43:41, tokens_remaining: 722, call: scores, phase: playing
2026-06-16 23:43:41, tokens_remaining: 722, call: scores, phase: playing
2026-06-16 23:43:41, tokens_remaining: 722, call: scores, phase: playing
2026-06-16 23:43:42, tokens_remaining: 721, call: events, phase: playing
2026-06-16 23:43:42, tokens_remaining: 720, call: scores, phase: playing
2026-06-16 23:43:42, tokens_remaining: 720, call: scores, phase: playing
2026-06-16 23:43:42, tokens_remaining: 720, call: scores, phase: playing
2026-06-16 23:43:43, tokens_remaining: 720, call: scores, phase: playing
2026-06-16 23:43:43, tokens_remaining: 720, call: scores, phase: playing
2026-06-16 23:43:43, tokens_remaining: 720, call: scores, phase: playing
2026-06-16 23:43:43, tokens_remaining: 720, call: scores, phase: playing
2026-06-16 23:43:43, tokens_remaining: 720, call: scores, phase: playing
2026-06-16 23:43:44, tokens_remaining: 719, call: scores, phase: playing
2026-06-16 23:43:44, tokens_remaining: 718, call: events, phase: playing
2026-06-16 23:43:44, tokens_remaining: 719, call: scores, phase: playing
2026-06-16 23:43:44, tokens_remaining: 719, call: scores, phase: playing
2026-06-16 23:43:44, tokens_remaining: 719, call: scores, phase: playing
2026-06-16 23:43:45, tokens_remaining: 717, call: scores, phase: playing
2026-06-16 23:43:45, tokens_remaining: 717, call: scores, phase: playing
2026-06-16 23:43:45, tokens_remaining: 717, call: scores, phase: playing
2026-06-16 23:43:45, tokens_remaining: 717, call: scores, phase: playing
2026-06-16 23:43:45, tokens_remaining: 717, call: scores, phase: playing
2026-06-16 23:43:45, tokens_remaining: 717, call: scores, phase: playing
2026-06-16 23:43:46, tokens_remaining: 716, call: events, phase: playing
2026-06-16 23:43:46, tokens_remaining: 715, call: scores, phase: playing
2026-06-16 23:43:46, tokens_remaining: 715, call: scores, phase: playing
2026-06-16 23:43:47, tokens_remaining: 715, call: scores, phase: playing
2026-06-16 23:43:47, tokens_remaining: 715, call: scores, phase: playing
2026-06-16 23:43:47, tokens_remaining: 715, call: scores, phase: playing
2026-06-16 23:43:47, tokens_remaining: 715, call: scores, phase: playing
2026-06-16 23:43:47, tokens_remaining: 715, call: scores, phase: playing
2026-06-16 23:43:48, tokens_remaining: 714, call: scores, phase: playing
2026-06-16 23:43:48, tokens_remaining: 714, call: scores, phase: playing
2026-06-16 23:43:48, tokens_remaining: 713, call: events, phase: playing
2026-06-16 23:43:48, tokens_remaining: 714, call: scores, phase: playing
2026-06-16 23:43:48, tokens_remaining: 714, call: scores, phase: playing
2026-06-16 23:43:49, tokens_remaining: 712, call: scores, phase: playing
2026-06-16 23:43:49, tokens_remaining: 712, call: scores, phase: playing
2026-06-16 23:43:49, tokens_remaining: 712, call: scores, phase: playing
2026-06-16 23:43:49, tokens_remaining: 712, call: scores, phase: playing
2026-06-16 23:43:49, tokens_remaining: 712, call: scores, phase: playing
2026-06-16 23:43:50, tokens_remaining: 712, call: scores, phase: playing
2026-06-16 23:43:50, tokens_remaining: 712, call: scores, phase: playing
2026-06-16 23:43:50, tokens_remaining: 711, call: events, phase: playing
2026-06-16 23:43:51, tokens_remaining: 710, call: scores, phase: playing
2026-06-16 23:43:51, tokens_remaining: 710, call: scores, phase: playing
2026-06-16 23:43:51, tokens_remaining: 710, call: scores, phase: playing
2026-06-16 23:43:51, tokens_remaining: 710, call: scores, phase: playing
2026-06-16 23:43:51, tokens_remaining: 710, call: scores, phase: playing
2026-06-16 23:43:51, tokens_remaining: 710, call: scores, phase: playing
2026-06-16 23:43:51, tokens_remaining: 710, call: scores, phase: playing
2026-06-16 23:43:52, tokens_remaining: 709, call: scores, phase: playing
2026-06-16 23:43:52, tokens_remaining: 709, call: scores, phase: playing
2026-06-16 23:43:52, tokens_remaining: 708, call: events, phase: playing
2026-06-16 23:43:53, tokens_remaining: 709, call: scores, phase: playing
2026-06-16 23:43:53, tokens_remaining: 709, call: scores, phase: playing
2026-06-16 23:43:53, tokens_remaining: 707, call: scores, phase: playing
2026-06-16 23:43:53, tokens_remaining: 707, call: scores, phase: playing
2026-06-16 23:43:53, tokens_remaining: 707, call: scores, phase: playing
2026-06-16 23:43:53, tokens_remaining: 707, call: scores, phase: playing
2026-06-16 23:43:54, tokens_remaining: 707, call: scores, phase: playing
2026-06-16 23:43:54, tokens_remaining: 707, call: scores, phase: playing
2026-06-16 23:43:54, tokens_remaining: 707, call: scores, phase: playing
2026-06-16 23:43:54, tokens_remaining: 706, call: events, phase: playing
2026-06-16 23:43:55, tokens_remaining: 705, call: scores, phase: playing
2026-06-16 23:43:55, tokens_remaining: 705, call: scores, phase: playing
2026-06-16 23:43:55, tokens_remaining: 705, call: scores, phase: playing
2026-06-16 23:43:55, tokens_remaining: 705, call: scores, phase: playing
2026-06-16 23:43:55, tokens_remaining: 705, call: scores, phase: playing
2026-06-16 23:43:55, tokens_remaining: 705, call: scores, phase: playing
2026-06-16 23:43:56, tokens_remaining: 705, call: scores, phase: playing
2026-06-16 23:43:56, tokens_remaining: 705, call: scores, phase: playing
2026-06-16 23:43:56, tokens_remaining: 704, call: scores, phase: playing
2026-06-16 23:43:57, tokens_remaining: 703, call: events, phase: playing
2026-06-16 23:43:57, tokens_remaining: 704, call: scores, phase: playing
2026-06-16 23:43:57, tokens_remaining: 704, call: scores, phase: playing
2026-06-16 23:43:57, tokens_remaining: 704, call: scores, phase: playing
2026-06-16 23:43:57, tokens_remaining: 702, call: scores, phase: playing
2026-06-16 23:43:57, tokens_remaining: 702, call: scores, phase: playing
2026-06-16 23:43:58, tokens_remaining: 702, call: scores, phase: playing
2026-06-16 23:43:58, tokens_remaining: 702, call: scores, phase: playing
2026-06-16 23:43:58, tokens_remaining: 702, call: scores, phase: playing
2026-06-16 23:43:58, tokens_remaining: 702, call: scores, phase: playing
2026-06-16 23:43:59, tokens_remaining: 701, call: events, phase: playing
2026-06-16 23:43:59, tokens_remaining: 700, call: scores, phase: playing
2026-06-16 23:43:59, tokens_remaining: 700, call: scores, phase: playing
2026-06-16 23:43:59, tokens_remaining: 700, call: scores, phase: playing
2026-06-16 23:43:59, tokens_remaining: 700, call: scores, phase: playing
2026-06-16 23:43:59, tokens_remaining: 700, call: scores, phase: playing
2026-06-16 23:44:00, tokens_remaining: 700, call: scores, phase: playing
2026-06-16 23:44:00, tokens_remaining: 700, call: scores, phase: playing
2026-06-16 23:44:00, tokens_remaining: 699, call: scores, phase: playing
2026-06-16 23:44:00, tokens_remaining: 699, call: scores, phase: playing
2026-06-16 23:44:01, tokens_remaining: 698, call: events, phase: playing
2026-06-16 23:44:01, tokens_remaining: 699, call: scores, phase: playing
2026-06-16 23:44:01, tokens_remaining: 699, call: scores, phase: playing
2026-06-16 23:44:02, tokens_remaining: 697, call: scores, phase: playing
2026-06-16 23:44:02, tokens_remaining: 697, call: scores, phase: playing
2026-06-16 23:44:02, tokens_remaining: 697, call: scores, phase: playing
2026-06-16 23:44:02, tokens_remaining: 697, call: scores, phase: playing
2026-06-16 23:44:02, tokens_remaining: 697, call: scores, phase: playing
2026-06-16 23:44:02, tokens_remaining: 697, call: scores, phase: playing
2026-06-16 23:44:02, tokens_remaining: 697, call: scores, phase: playing
2026-06-16 23:44:03, tokens_remaining: 696, call: events, phase: playing
2026-06-16 23:44:03, tokens_remaining: 695, call: scores, phase: playing
2026-06-16 23:44:03, tokens_remaining: 695, call: scores, phase: playing
2026-06-16 23:44:04, tokens_remaining: 695, call: scores, phase: playing
2026-06-16 23:44:04, tokens_remaining: 695, call: scores, phase: playing
2026-06-16 23:44:04, tokens_remaining: 695, call: scores, phase: playing
2026-06-16 23:44:04, tokens_remaining: 695, call: scores, phase: playing
2026-06-16 23:44:04, tokens_remaining: 695, call: scores, phase: playing
2026-06-16 23:44:05, tokens_remaining: 694, call: scores, phase: playing
2026-06-16 23:44:05, tokens_remaining: 694, call: scores, phase: playing
2026-06-16 23:44:05, tokens_remaining: 693, call: events, phase: playing
2026-06-16 23:44:05, tokens_remaining: 694, call: scores, phase: playing
2026-06-16 23:44:05, tokens_remaining: 694, call: scores, phase: playing
2026-06-16 23:44:06, tokens_remaining: 692, call: scores, phase: playing
2026-06-16 23:44:06, tokens_remaining: 692, call: scores, phase: playing
2026-06-16 23:44:06, tokens_remaining: 692, call: scores, phase: playing
2026-06-16 23:44:06, tokens_remaining: 692, call: scores, phase: playing
2026-06-16 23:44:06, tokens_remaining: 692, call: scores, phase: playing
2026-06-16 23:44:07, tokens_remaining: 692, call: scores, phase: playing
2026-06-16 23:44:07, tokens_remaining: 692, call: scores, phase: playing
2026-06-16 23:44:07, tokens_remaining: 691, call: events, phase: playing
2026-06-16 23:44:08, tokens_remaining: 690, call: scores, phase: playing
2026-06-16 23:44:08, tokens_remaining: 690, call: scores, phase: playing
2026-06-16 23:44:08, tokens_remaining: 690, call: scores, phase: playing
2026-06-16 23:44:08, tokens_remaining: 690, call: scores, phase: playing
2026-06-16 23:44:08, tokens_remaining: 690, call: scores, phase: playing
2026-06-16 23:44:08, tokens_remaining: 690, call: scores, phase: playing
2026-06-16 23:44:08, tokens_remaining: 690, call: scores, phase: playing
2026-06-16 23:44:09, tokens_remaining: 689, call: scores, phase: playing
2026-06-16 23:44:09, tokens_remaining: 689, call: scores, phase: playing
2026-06-16 23:44:09, tokens_remaining: 688, call: events, phase: playing
2026-06-16 23:44:10, tokens_remaining: 689, call: scores, phase: playing
2026-06-16 23:44:10, tokens_remaining: 689, call: scores, phase: playing
2026-06-16 23:44:10, tokens_remaining: 687, call: scores, phase: playing
2026-06-16 23:44:10, tokens_remaining: 687, call: scores, phase: playing
2026-06-16 23:44:10, tokens_remaining: 687, call: scores, phase: playing
2026-06-16 23:44:10, tokens_remaining: 687, call: scores, phase: playing
2026-06-16 23:44:11, tokens_remaining: 687, call: scores, phase: playing
2026-06-16 23:44:11, tokens_remaining: 687, call: scores, phase: playing
2026-06-16 23:44:11, tokens_remaining: 687, call: scores, phase: playing
2026-06-16 23:44:11, tokens_remaining: 686, call: events, phase: playing
2026-06-16 23:44:12, tokens_remaining: 685, call: scores, phase: playing
2026-06-16 23:44:12, tokens_remaining: 685, call: scores, phase: playing
2026-06-16 23:44:12, tokens_remaining: 685, call: scores, phase: playing
2026-06-16 23:44:12, tokens_remaining: 685, call: scores, phase: playing
2026-06-16 23:44:12, tokens_remaining: 685, call: scores, phase: playing
2026-06-16 23:44:12, tokens_remaining: 685, call: scores, phase: playing
2026-06-16 23:44:13, tokens_remaining: 685, call: scores, phase: playing
2026-06-16 23:44:13, tokens_remaining: 684, call: scores, phase: playing
2026-06-16 23:44:13, tokens_remaining: 684, call: scores, phase: playing
2026-06-16 23:44:14, tokens_remaining: 683, call: events, phase: playing
2026-06-16 23:44:14, tokens_remaining: 684, call: scores, phase: playing
2026-06-16 23:44:14, tokens_remaining: 684, call: scores, phase: playing
2026-06-16 23:44:14, tokens_remaining: 682, call: scores, phase: playing
2026-06-16 23:44:14, tokens_remaining: 682, call: scores, phase: playing
2026-06-16 23:44:15, tokens_remaining: 682, call: scores, phase: playing
2026-06-16 23:44:15, tokens_remaining: 682, call: scores, phase: playing
2026-06-16 23:44:15, tokens_remaining: 682, call: scores, phase: playing
2026-06-16 23:44:15, tokens_remaining: 682, call: scores, phase: playing
2026-06-16 23:44:15, tokens_remaining: 682, call: scores, phase: playing
2026-06-16 23:44:16, tokens_remaining: 681, call: events, phase: playing
2026-06-16 23:44:16, tokens_remaining: 680, call: scores, phase: playing
2026-06-16 23:44:16, tokens_remaining: 680, call: scores, phase: playing
2026-06-16 23:44:16, tokens_remaining: 680, call: scores, phase: playing
2026-06-16 23:44:16, tokens_remaining: 680, call: scores, phase: playing
2026-06-16 23:44:17, tokens_remaining: 680, call: scores, phase: playing
2026-06-16 23:44:17, tokens_remaining: 680, call: scores, phase: playing
2026-06-16 23:44:17, tokens_remaining: 680, call: scores, phase: playing
2026-06-16 23:44:17, tokens_remaining: 679, call: scores, phase: playing
2026-06-16 23:44:17, tokens_remaining: 679, call: scores, phase: playing
2026-06-16 23:44:18, tokens_remaining: 2499, call: events, phase: playing
2026-06-16 23:44:19, tokens_remaining: 2498, call: scores, phase: playing
2026-06-16 23:44:21, tokens_remaining: 2497, call: scores, phase: playing
2026-06-16 23:44:22, tokens_remaining: 2496, call: scores, phase: playing
2026-06-16 23:44:23, tokens_remaining: 2495, call: scores, phase: playing
2026-06-16 23:44:25, tokens_remaining: 2494, call: scores, phase: playing
2026-06-16 23:44:26, tokens_remaining: 2493, call: scores, phase: playing
2026-06-16 23:44:27, tokens_remaining: 2492, call: scores, phase: playing
2026-06-16 23:44:29, tokens_remaining: 2491, call: scores, phase: playing
2026-06-16 23:44:30, tokens_remaining: 2490, call: scores, phase: playing
2026-06-16 23:44:32, tokens_remaining: 2489, call: events, phase: playing
2026-06-16 23:44:33, tokens_remaining: 2488, call: scores, phase: playing
2026-06-16 23:44:34, tokens_remaining: 2487, call: scores, phase: playing
2026-06-16 23:44:36, tokens_remaining: 2486, call: scores, phase: playing
2026-06-16 23:44:37, tokens_remaining: 2485, call: scores, phase: playing
2026-06-16 23:44:39, tokens_remaining: 2484, call: scores, phase: playing
2026-06-16 23:44:40, tokens_remaining: 2483, call: scores, phase: playing
2026-06-16 23:44:41, tokens_remaining: 2482, call: scores, phase: playing
2026-06-16 23:44:43, tokens_remaining: 2481, call: scores, phase: playing
2026-06-16 23:44:44, tokens_remaining: 2480, call: scores, phase: playing
2026-06-16 23:44:46, tokens_remaining: 2479, call: events, phase: playing
2026-06-16 23:44:47, tokens_remaining: 2478, call: scores, phase: playing
2026-06-16 23:44:49, tokens_remaining: 2477, call: scores, phase: playing
2026-06-16 23:44:50, tokens_remaining: 2476, call: scores, phase: playing
2026-06-16 23:44:51, tokens_remaining: 2475, call: scores, phase: playing
2026-06-16 23:44:53, tokens_remaining: 2474, call: scores, phase: playing
2026-06-16 23:44:54, tokens_remaining: 2473, call: scores, phase: playing
2026-06-16 23:44:55, tokens_remaining: 2472, call: scores, phase: playing
2026-06-16 23:44:57, tokens_remaining: 2471, call: scores, phase: playing
2026-06-16 23:44:58, tokens_remaining: 2470, call: scores, phase: playing
2026-06-16 23:45:00, tokens_remaining: 2469, call: events, phase: playing
2026-06-16 23:45:01, tokens_remaining: 2468, call: scores, phase: playing
2026-06-16 23:45:03, tokens_remaining: 2467, call: scores, phase: playing
2026-06-16 23:45:04, tokens_remaining: 2466, call: scores, phase: playing
2026-06-16 23:45:05, tokens_remaining: 2465, call: scores, phase: playing
2026-06-16 23:45:07, tokens_remaining: 2464, call: scores, phase: playing
2026-06-16 23:45:08, tokens_remaining: 2463, call: scores, phase: playing
2026-06-16 23:45:10, tokens_remaining: 2462, call: scores, phase: playing
2026-06-16 23:45:11, tokens_remaining: 2461, call: scores, phase: playing
2026-06-16 23:45:12, tokens_remaining: 2460, call: scores, phase: playing
2026-06-16 23:45:14, tokens_remaining: 2459, call: events, phase: playing
2026-06-16 23:45:15, tokens_remaining: 2458, call: scores, phase: playing
2026-06-16 23:45:17, tokens_remaining: 2457, call: scores, phase: playing
2026-06-16 23:45:18, tokens_remaining: 2456, call: scores, phase: playing
2026-06-16 23:45:19, tokens_remaining: 2455, call: scores, phase: playing
2026-06-16 23:45:21, tokens_remaining: 2454, call: scores, phase: playing
2026-06-16 23:45:22, tokens_remaining: 2453, call: scores, phase: playing
2026-06-16 23:45:23, tokens_remaining: 2452, call: scores, phase: playing
2026-06-16 23:45:25, tokens_remaining: 2451, call: scores, phase: playing
2026-06-16 23:45:26, tokens_remaining: 2450, call: scores, phase: playing
2026-06-16 23:45:28, tokens_remaining: 2449, call: events, phase: playing
2026-06-16 23:45:29, tokens_remaining: 2448, call: scores, phase: playing
2026-06-16 23:45:30, tokens_remaining: 2447, call: scores, phase: playing
2026-06-16 23:45:32, tokens_remaining: 2446, call: scores, phase: playing
2026-06-16 23:45:33, tokens_remaining: 2445, call: scores, phase: playing
2026-06-16 23:45:35, tokens_remaining: 2444, call: scores, phase: playing
2026-06-16 23:45:36, tokens_remaining: 2443, call: scores, phase: playing
2026-06-16 23:45:38, tokens_remaining: 2442, call: scores, phase: playing
2026-06-16 23:45:39, tokens_remaining: 2441, call: scores, phase: playing
2026-06-16 23:45:41, tokens_remaining: 2440, call: scores, phase: playing
2026-06-16 23:45:42, tokens_remaining: 2439, call: events, phase: playing
2026-06-16 23:45:44, tokens_remaining: 2438, call: scores, phase: playing
2026-06-16 23:45:45, tokens_remaining: 2437, call: scores, phase: playing
2026-06-16 23:45:47, tokens_remaining: 2436, call: scores, phase: playing
2026-06-16 23:45:48, tokens_remaining: 2435, call: scores, phase: playing
2026-06-16 23:45:49, tokens_remaining: 2434, call: scores, phase: playing
2026-06-16 23:45:51, tokens_remaining: 2433, call: scores, phase: playing
2026-06-16 23:45:52, tokens_remaining: 2432, call: scores, phase: playing
2026-06-16 23:45:54, tokens_remaining: 2431, call: scores, phase: playing
2026-06-16 23:45:55, tokens_remaining: 2430, call: scores, phase: playing
2026-06-16 23:45:56, tokens_remaining: 2429, call: events, phase: playing
2026-06-16 23:45:58, tokens_remaining: 2428, call: scores, phase: playing
2026-06-16 23:45:59, tokens_remaining: 2427, call: scores, phase: playing
2026-06-16 23:46:01, tokens_remaining: 2426, call: scores, phase: playing
2026-06-16 23:46:02, tokens_remaining: 2425, call: scores, phase: playing
2026-06-16 23:46:03, tokens_remaining: 2424, call: scores, phase: playing
2026-06-16 23:46:05, tokens_remaining: 2423, call: scores, phase: playing
2026-06-16 23:46:06, tokens_remaining: 2422, call: scores, phase: playing
2026-06-16 23:46:07, tokens_remaining: 2421, call: scores, phase: playing
2026-06-16 23:46:09, tokens_remaining: 2420, call: scores, phase: playing
2026-06-16 23:46:10, tokens_remaining: 2419, call: events, phase: playing
2026-06-16 23:46:12, tokens_remaining: 2418, call: scores, phase: playing
2026-06-16 23:46:13, tokens_remaining: 2417, call: scores, phase: playing
2026-06-16 23:46:14, tokens_remaining: 2416, call: scores, phase: playing
2026-06-16 23:46:16, tokens_remaining: 2415, call: scores, phase: playing
2026-06-16 23:46:17, tokens_remaining: 2414, call: scores, phase: playing
2026-06-16 23:46:18, tokens_remaining: 2413, call: scores, phase: playing
2026-06-16 23:46:20, tokens_remaining: 2412, call: scores, phase: playing
2026-06-16 23:46:21, tokens_remaining: 2411, call: scores, phase: playing
2026-06-16 23:46:23, tokens_remaining: 2410, call: scores, phase: playing
2026-06-16 23:46:24, tokens_remaining: 2409, call: events, phase: playing
2026-06-16 23:46:25, tokens_remaining: 2408, call: scores, phase: playing
2026-06-16 23:46:27, tokens_remaining: 2407, call: scores, phase: playing
2026-06-16 23:46:28, tokens_remaining: 2406, call: scores, phase: playing
2026-06-16 23:46:30, tokens_remaining: 2405, call: scores, phase: playing
2026-06-16 23:46:31, tokens_remaining: 2404, call: scores, phase: playing
2026-06-16 23:46:32, tokens_remaining: 2403, call: scores, phase: playing
2026-06-16 23:46:34, tokens_remaining: 2402, call: scores, phase: playing
2026-06-16 23:46:35, tokens_remaining: 2401, call: scores, phase: playing
2026-06-16 23:46:36, tokens_remaining: 2400, call: scores, phase: playing
2026-06-16 23:46:38, tokens_remaining: 2399, call: events, phase: playing
2026-06-16 23:46:39, tokens_remaining: 2398, call: scores, phase: playing
2026-06-16 23:46:41, tokens_remaining: 2397, call: scores, phase: playing
2026-06-16 23:46:42, tokens_remaining: 2396, call: scores, phase: playing
2026-06-16 23:46:43, tokens_remaining: 2395, call: scores, phase: playing
2026-06-16 23:46:45, tokens_remaining: 2394, call: scores, phase: playing
2026-06-16 23:46:46, tokens_remaining: 2393, call: scores, phase: playing
2026-06-16 23:46:48, tokens_remaining: 2392, call: scores, phase: playing
2026-06-16 23:46:49, tokens_remaining: 2391, call: scores, phase: playing
2026-06-16 23:46:50, tokens_remaining: 2390, call: scores, phase: playing
2026-06-16 23:46:52, tokens_remaining: 2389, call: events, phase: playing
2026-06-16 23:46:53, tokens_remaining: 2388, call: scores, phase: playing
2026-06-16 23:46:55, tokens_remaining: 2387, call: scores, phase: playing
2026-06-16 23:46:56, tokens_remaining: 2386, call: scores, phase: playing
2026-06-16 23:46:57, tokens_remaining: 2385, call: scores, phase: playing
2026-06-16 23:46:59, tokens_remaining: 2384, call: scores, phase: playing
2026-06-16 23:47:00, tokens_remaining: 2383, call: scores, phase: playing
2026-06-16 23:47:01, tokens_remaining: 2382, call: scores, phase: playing
2026-06-16 23:47:03, tokens_remaining: 2381, call: scores, phase: playing
2026-06-16 23:47:04, tokens_remaining: 2380, call: scores, phase: playing
2026-06-16 23:47:06, tokens_remaining: 2379, call: events, phase: playing
2026-06-16 23:47:07, tokens_remaining: 2378, call: scores, phase: playing
2026-06-16 23:47:08, tokens_remaining: 2377, call: scores, phase: playing
2026-06-16 23:47:10, tokens_remaining: 2376, call: scores, phase: playing
2026-06-16 23:47:11, tokens_remaining: 2375, call: scores, phase: playing
2026-06-16 23:47:12, tokens_remaining: 2374, call: scores, phase: playing
2026-06-16 23:47:14, tokens_remaining: 2373, call: scores, phase: playing
2026-06-16 23:47:15, tokens_remaining: 2372, call: scores, phase: playing
2026-06-16 23:47:17, tokens_remaining: 2371, call: scores, phase: playing
2026-06-16 23:47:18, tokens_remaining: 2370, call: scores, phase: playing
2026-06-16 23:47:19, tokens_remaining: 2369, call: events, phase: playing
2026-06-16 23:47:21, tokens_remaining: 2368, call: scores, phase: playing
2026-06-16 23:47:22, tokens_remaining: 2367, call: scores, phase: playing
2026-06-16 23:47:24, tokens_remaining: 2366, call: scores, phase: playing
2026-06-16 23:47:25, tokens_remaining: 2365, call: scores, phase: playing
2026-06-16 23:47:26, tokens_remaining: 2364, call: scores, phase: playing
2026-06-16 23:47:28, tokens_remaining: 2363, call: scores, phase: playing
2026-06-16 23:47:29, tokens_remaining: 2362, call: scores, phase: playing
2026-06-16 23:47:30, tokens_remaining: 2361, call: scores, phase: playing
2026-06-16 23:47:32, tokens_remaining: 2360, call: scores, phase: playing
2026-06-16 23:47:33, tokens_remaining: 2359, call: events, phase: playing
2026-06-16 23:47:35, tokens_remaining: 2358, call: scores, phase: playing
2026-06-16 23:47:36, tokens_remaining: 2357, call: scores, phase: playing
2026-06-16 23:47:37, tokens_remaining: 2356, call: scores, phase: playing
2026-06-16 23:47:39, tokens_remaining: 2355, call: scores, phase: playing
2026-06-16 23:47:40, tokens_remaining: 2354, call: scores, phase: playing
2026-06-16 23:47:42, tokens_remaining: 2353, call: scores, phase: playing
2026-06-16 23:47:43, tokens_remaining: 2352, call: scores, phase: playing
2026-06-16 23:47:44, tokens_remaining: 2351, call: scores, phase: playing
2026-06-16 23:47:46, tokens_remaining: 2350, call: scores, phase: playing
2026-06-16 23:47:47, tokens_remaining: 2349, call: events, phase: playing
2026-06-16 23:47:48, tokens_remaining: 2348, call: scores, phase: playing
2026-06-16 23:47:50, tokens_remaining: 2347, call: scores, phase: playing
2026-06-16 23:47:51, tokens_remaining: 2346, call: scores, phase: playing
2026-06-16 23:47:53, tokens_remaining: 2345, call: scores, phase: playing
2026-06-16 23:47:54, tokens_remaining: 2344, call: scores, phase: playing
2026-06-16 23:47:55, tokens_remaining: 2343, call: scores, phase: playing
2026-06-16 23:47:57, tokens_remaining: 2342, call: scores, phase: playing
2026-06-16 23:47:58, tokens_remaining: 2341, call: scores, phase: playing
2026-06-16 23:47:59, tokens_remaining: 2340, call: scores, phase: playing
2026-06-16 23:48:01, tokens_remaining: 2339, call: events, phase: playing
2026-06-16 23:48:02, tokens_remaining: 2338, call: scores, phase: playing
2026-06-16 23:48:04, tokens_remaining: 2337, call: scores, phase: playing
2026-06-16 23:48:05, tokens_remaining: 2336, call: scores, phase: playing
2026-06-16 23:48:06, tokens_remaining: 2335, call: scores, phase: playing
2026-06-16 23:48:08, tokens_remaining: 2334, call: scores, phase: playing
2026-06-16 23:48:09, tokens_remaining: 2333, call: scores, phase: playing
2026-06-16 23:48:10, tokens_remaining: 2332, call: scores, phase: playing
2026-06-16 23:48:12, tokens_remaining: 2331, call: scores, phase: playing
2026-06-16 23:48:13, tokens_remaining: 2330, call: scores, phase: playing
2026-06-16 23:48:15, tokens_remaining: 2329, call: events, phase: playing
2026-06-16 23:48:16, tokens_remaining: 2328, call: scores, phase: playing
2026-06-16 23:48:17, tokens_remaining: 2327, call: scores, phase: playing
2026-06-16 23:48:19, tokens_remaining: 2326, call: scores, phase: playing
2026-06-16 23:48:20, tokens_remaining: 2325, call: scores, phase: playing
2026-06-16 23:48:21, tokens_remaining: 2324, call: scores, phase: playing
2026-06-16 23:48:23, tokens_remaining: 2323, call: scores, phase: playing
2026-06-16 23:48:24, tokens_remaining: 2322, call: scores, phase: playing
2026-06-16 23:48:26, tokens_remaining: 2321, call: scores, phase: playing
2026-06-16 23:48:27, tokens_remaining: 2320, call: scores, phase: playing
2026-06-16 23:48:28, tokens_remaining: 2319, call: events, phase: playing
2026-06-16 23:48:30, tokens_remaining: 2318, call: scores, phase: playing
2026-06-16 23:48:31, tokens_remaining: 2317, call: scores, phase: playing
2026-06-16 23:48:33, tokens_remaining: 2316, call: scores, phase: playing
2026-06-16 23:48:34, tokens_remaining: 2315, call: scores, phase: playing
2026-06-16 23:48:35, tokens_remaining: 2314, call: scores, phase: playing
2026-06-16 23:48:37, tokens_remaining: 2313, call: scores, phase: playing
2026-06-16 23:48:38, tokens_remaining: 2312, call: scores, phase: playing
2026-06-16 23:48:39, tokens_remaining: 2311, call: scores, phase: playing
2026-06-16 23:48:41, tokens_remaining: 2310, call: scores, phase: playing
2026-06-16 23:48:42, tokens_remaining: 2309, call: events, phase: playing
2026-06-16 23:48:44, tokens_remaining: 2308, call: scores, phase: playing
2026-06-16 23:48:45, tokens_remaining: 2307, call: scores, phase: playing
2026-06-16 23:48:46, tokens_remaining: 2306, call: scores, phase: playing
2026-06-16 23:48:48, tokens_remaining: 2305, call: scores, phase: playing
2026-06-16 23:48:49, tokens_remaining: 2304, call: scores, phase: playing
2026-06-16 23:48:50, tokens_remaining: 2303, call: scores, phase: playing
2026-06-16 23:48:52, tokens_remaining: 2302, call: scores, phase: playing
2026-06-16 23:48:53, tokens_remaining: 2301, call: scores, phase: playing
2026-06-16 23:48:54, tokens_remaining: 2300, call: scores, phase: playing
2026-06-16 23:48:56, tokens_remaining: 2299, call: events, phase: playing
2026-06-16 23:48:57, tokens_remaining: 2298, call: scores, phase: playing
2026-06-16 23:48:59, tokens_remaining: 2297, call: scores, phase: playing
2026-06-16 23:49:00, tokens_remaining: 2296, call: scores, phase: playing
2026-06-16 23:49:01, tokens_remaining: 2295, call: scores, phase: playing
2026-06-16 23:49:03, tokens_remaining: 2294, call: scores, phase: playing
2026-06-16 23:49:04, tokens_remaining: 2293, call: scores, phase: playing
2026-06-16 23:49:05, tokens_remaining: 2292, call: scores, phase: playing
2026-06-16 23:49:07, tokens_remaining: 2291, call: scores, phase: playing
2026-06-16 23:49:08, tokens_remaining: 2290, call: scores, phase: playing
2026-06-16 23:49:10, tokens_remaining: 2289, call: events, phase: playing
2026-06-16 23:49:11, tokens_remaining: 2288, call: scores, phase: playing
2026-06-16 23:49:12, tokens_remaining: 2287, call: scores, phase: playing
2026-06-16 23:49:14, tokens_remaining: 2286, call: scores, phase: playing
2026-06-16 23:49:15, tokens_remaining: 2285, call: scores, phase: playing
2026-06-16 23:49:16, tokens_remaining: 2284, call: scores, phase: playing
2026-06-16 23:49:18, tokens_remaining: 2283, call: scores, phase: playing
2026-06-16 23:49:19, tokens_remaining: 2282, call: scores, phase: playing
2026-06-16 23:49:20, tokens_remaining: 2281, call: scores, phase: playing
2026-06-16 23:49:22, tokens_remaining: 2280, call: scores, phase: playing
2026-06-16 23:49:23, tokens_remaining: 2279, call: events, phase: playing
2026-06-16 23:49:25, tokens_remaining: 2278, call: scores, phase: playing
2026-06-16 23:49:26, tokens_remaining: 2277, call: scores, phase: playing
2026-06-16 23:49:27, tokens_remaining: 2276, call: scores, phase: playing
2026-06-16 23:49:29, tokens_remaining: 2275, call: scores, phase: playing
2026-06-16 23:49:30, tokens_remaining: 2274, call: scores, phase: playing
2026-06-16 23:49:31, tokens_remaining: 2273, call: scores, phase: playing
2026-06-16 23:49:33, tokens_remaining: 2272, call: scores, phase: playing
2026-06-16 23:49:34, tokens_remaining: 2271, call: scores, phase: playing
2026-06-16 23:49:36, tokens_remaining: 2270, call: scores, phase: playing
2026-06-16 23:49:37, tokens_remaining: 2269, call: events, phase: playing
2026-06-16 23:49:38, tokens_remaining: 2268, call: scores, phase: playing
2026-06-16 23:49:40, tokens_remaining: 2267, call: scores, phase: playing
2026-06-16 23:49:41, tokens_remaining: 2266, call: scores, phase: playing
2026-06-16 23:49:42, tokens_remaining: 2265, call: scores, phase: playing
2026-06-16 23:49:44, tokens_remaining: 2264, call: scores, phase: playing
2026-06-16 23:49:45, tokens_remaining: 2263, call: scores, phase: playing
2026-06-16 23:49:47, tokens_remaining: 2262, call: scores, phase: playing
2026-06-16 23:49:48, tokens_remaining: 2261, call: scores, phase: playing
2026-06-16 23:49:49, tokens_remaining: 2260, call: scores, phase: playing
2026-06-16 23:49:51, tokens_remaining: 2259, call: events, phase: playing
2026-06-16 23:49:52, tokens_remaining: 2258, call: scores, phase: playing
2026-06-16 23:49:53, tokens_remaining: 2257, call: scores, phase: playing
2026-06-16 23:49:55, tokens_remaining: 2256, call: scores, phase: playing
2026-06-16 23:49:56, tokens_remaining: 2255, call: scores, phase: playing
2026-06-16 23:49:58, tokens_remaining: 2254, call: scores, phase: playing
2026-06-16 23:49:59, tokens_remaining: 2253, call: scores, phase: playing
2026-06-16 23:50:00, tokens_remaining: 2252, call: scores, phase: playing
2026-06-16 23:50:02, tokens_remaining: 2251, call: scores, phase: playing
2026-06-16 23:50:03, tokens_remaining: 2250, call: scores, phase: playing
2026-06-16 23:50:04, tokens_remaining: 2249, call: events, phase: playing
2026-06-16 23:50:06, tokens_remaining: 2248, call: scores, phase: playing
2026-06-16 23:50:07, tokens_remaining: 2247, call: scores, phase: playing
2026-06-16 23:50:09, tokens_remaining: 2246, call: scores, phase: playing
2026-06-16 23:50:10, tokens_remaining: 2245, call: scores, phase: playing
2026-06-16 23:50:11, tokens_remaining: 2244, call: scores, phase: playing
2026-06-16 23:50:13, tokens_remaining: 2243, call: scores, phase: playing
2026-06-16 23:50:14, tokens_remaining: 2242, call: scores, phase: playing
2026-06-16 23:50:15, tokens_remaining: 2241, call: scores, phase: playing
2026-06-16 23:50:17, tokens_remaining: 2240, call: scores, phase: playing
2026-06-16 23:50:18, tokens_remaining: 2239, call: events, phase: playing
2026-06-16 23:50:20, tokens_remaining: 2238, call: scores, phase: playing
2026-06-16 23:50:21, tokens_remaining: 2237, call: scores, phase: playing
2026-06-16 23:50:22, tokens_remaining: 2236, call: scores, phase: playing
2026-06-16 23:50:24, tokens_remaining: 2235, call: scores, phase: playing
2026-06-16 23:50:25, tokens_remaining: 2234, call: scores, phase: playing
2026-06-16 23:50:26, tokens_remaining: 2233, call: scores, phase: playing
2026-06-16 23:50:28, tokens_remaining: 2232, call: scores, phase: playing
2026-06-16 23:50:29, tokens_remaining: 2231, call: scores, phase: playing
2026-06-16 23:50:30, tokens_remaining: 2230, call: scores, phase: playing
2026-06-16 23:50:32, tokens_remaining: 2229, call: events, phase: playing
2026-06-16 23:50:33, tokens_remaining: 2228, call: scores, phase: playing
2026-06-16 23:50:34, tokens_remaining: 2227, call: scores, phase: playing
2026-06-16 23:50:36, tokens_remaining: 2226, call: scores, phase: playing
2026-06-16 23:50:37, tokens_remaining: 2225, call: scores, phase: playing
2026-06-16 23:50:39, tokens_remaining: 2224, call: scores, phase: playing
2026-06-16 23:50:40, tokens_remaining: 2223, call: scores, phase: playing
2026-06-16 23:50:41, tokens_remaining: 2222, call: scores, phase: playing
2026-06-16 23:50:43, tokens_remaining: 2221, call: scores, phase: playing
2026-06-16 23:50:44, tokens_remaining: 2220, call: scores, phase: playing
2026-06-16 23:50:45, tokens_remaining: 2219, call: events, phase: playing
2026-06-16 23:50:47, tokens_remaining: 2218, call: scores, phase: playing
2026-06-16 23:50:48, tokens_remaining: 2217, call: scores, phase: playing
2026-06-16 23:50:49, tokens_remaining: 2216, call: scores, phase: playing
2026-06-16 23:50:51, tokens_remaining: 2215, call: scores, phase: playing
2026-06-16 23:50:52, tokens_remaining: 2214, call: scores, phase: playing
2026-06-16 23:50:53, tokens_remaining: 2213, call: scores, phase: playing
2026-06-16 23:50:55, tokens_remaining: 2212, call: scores, phase: playing
2026-06-16 23:50:56, tokens_remaining: 2211, call: scores, phase: playing
2026-06-16 23:50:58, tokens_remaining: 2210, call: scores, phase: playing
2026-06-16 23:50:59, tokens_remaining: 2209, call: events, phase: playing
2026-06-16 23:51:00, tokens_remaining: 2208, call: scores, phase: playing
2026-06-16 23:51:02, tokens_remaining: 2207, call: scores, phase: playing
2026-06-16 23:51:03, tokens_remaining: 2206, call: scores, phase: playing
2026-06-16 23:51:04, tokens_remaining: 2205, call: scores, phase: playing
2026-06-16 23:51:06, tokens_remaining: 2204, call: scores, phase: playing
2026-06-16 23:51:07, tokens_remaining: 2203, call: scores, phase: playing
2026-06-16 23:51:08, tokens_remaining: 2202, call: scores, phase: playing
2026-06-16 23:51:10, tokens_remaining: 2201, call: scores, phase: playing
2026-06-16 23:51:11, tokens_remaining: 2200, call: scores, phase: playing
2026-06-16 23:51:13, tokens_remaining: 2199, call: events, phase: playing
2026-06-16 23:51:14, tokens_remaining: 2198, call: scores, phase: playing
2026-06-16 23:51:15, tokens_remaining: 2197, call: scores, phase: playing
2026-06-16 23:51:17, tokens_remaining: 2196, call: scores, phase: playing
2026-06-16 23:51:18, tokens_remaining: 2195, call: scores, phase: playing
2026-06-16 23:51:19, tokens_remaining: 2194, call: scores, phase: playing
2026-06-16 23:51:21, tokens_remaining: 2193, call: scores, phase: playing
2026-06-16 23:51:22, tokens_remaining: 2192, call: scores, phase: playing
2026-06-16 23:51:23, tokens_remaining: 2191, call: scores, phase: playing
2026-06-16 23:51:25, tokens_remaining: 2190, call: scores, phase: playing
2026-06-16 23:51:26, tokens_remaining: 2189, call: events, phase: playing
2026-06-16 23:51:27, tokens_remaining: 2188, call: scores, phase: playing
2026-06-16 23:51:29, tokens_remaining: 2187, call: scores, phase: playing
2026-06-16 23:51:30, tokens_remaining: 2186, call: scores, phase: playing
2026-06-16 23:51:32, tokens_remaining: 2185, call: scores, phase: playing
2026-06-16 23:51:33, tokens_remaining: 2184, call: scores, phase: playing
2026-06-16 23:51:34, tokens_remaining: 2183, call: scores, phase: playing
2026-06-16 23:51:36, tokens_remaining: 2182, call: scores, phase: playing
2026-06-16 23:51:37, tokens_remaining: 2181, call: scores, phase: playing
2026-06-16 23:51:38, tokens_remaining: 2180, call: scores, phase: playing
2026-06-16 23:51:40, tokens_remaining: 2179, call: events, phase: playing
2026-06-16 23:51:41, tokens_remaining: 2178, call: scores, phase: playing
2026-06-16 23:51:42, tokens_remaining: 2177, call: scores, phase: playing
2026-06-16 23:51:44, tokens_remaining: 2176, call: scores, phase: playing
2026-06-16 23:51:45, tokens_remaining: 2175, call: scores, phase: playing
2026-06-16 23:51:46, tokens_remaining: 2174, call: scores, phase: playing
2026-06-16 23:51:48, tokens_remaining: 2173, call: scores, phase: playing
2026-06-16 23:51:49, tokens_remaining: 2172, call: scores, phase: playing
2026-06-16 23:51:50, tokens_remaining: 2171, call: scores, phase: playing
2026-06-16 23:51:52, tokens_remaining: 2170, call: scores, phase: playing
2026-06-16 23:51:53, tokens_remaining: 2169, call: events, phase: playing
2026-06-16 23:51:54, tokens_remaining: 2168, call: scores, phase: playing
2026-06-16 23:51:56, tokens_remaining: 2167, call: scores, phase: playing
2026-06-16 23:51:57, tokens_remaining: 2166, call: scores, phase: playing
2026-06-16 23:51:59, tokens_remaining: 2165, call: scores, phase: playing
2026-06-16 23:52:00, tokens_remaining: 2164, call: scores, phase: playing
2026-06-16 23:52:01, tokens_remaining: 2163, call: scores, phase: playing
2026-06-16 23:52:03, tokens_remaining: 2162, call: scores, phase: playing
2026-06-16 23:52:04, tokens_remaining: 2161, call: scores, phase: playing
2026-06-16 23:52:05, tokens_remaining: 2160, call: scores, phase: playing
2026-06-16 23:52:07, tokens_remaining: 2159, call: events, phase: playing
2026-06-16 23:52:08, tokens_remaining: 2158, call: scores, phase: playing
2026-06-16 23:52:09, tokens_remaining: 2157, call: scores, phase: playing
2026-06-16 23:52:11, tokens_remaining: 2156, call: scores, phase: playing
2026-06-16 23:52:12, tokens_remaining: 2155, call: scores, phase: playing
2026-06-16 23:52:13, tokens_remaining: 2154, call: scores, phase: playing
2026-06-16 23:52:15, tokens_remaining: 2153, call: scores, phase: playing
2026-06-16 23:52:16, tokens_remaining: 2152, call: scores, phase: playing
2026-06-16 23:52:17, tokens_remaining: 2151, call: scores, phase: playing
2026-06-16 23:52:19, tokens_remaining: 2150, call: scores, phase: playing
2026-06-16 23:52:19, STATE_CHANGE: Austria vs Jordan [1H -> HT]
2026-06-16 23:53:04, tokens_remaining: 2149, call: events, phase: break
2026-06-16 23:53:50, tokens_remaining: 2148, call: scores, phase: break
2026-06-16 23:54:35, tokens_remaining: 2147, call: scores, phase: break
2026-06-16 23:55:20, tokens_remaining: 2146, call: scores, phase: break
2026-06-16 23:56:06, tokens_remaining: 2145, call: scores, phase: break
2026-06-16 23:56:51, tokens_remaining: 2144, call: scores, phase: break
2026-06-16 23:57:36, tokens_remaining: 2143, call: scores, phase: break
2026-06-16 23:58:22, tokens_remaining: 2142, call: scores, phase: break
2026-06-16 23:59:07, tokens_remaining: 2141, call: scores, phase: break
2026-06-16 23:59:52, tokens_remaining: 2140, call: scores, phase: break
