2026-06-13 19:31:17, tokens_remaining: 2401, call: events, phase: idle
2026-06-13 19:31:17, EVENT: GOAL 21' Ismael Saibari (0-1) [Brazil vs Morocco]
2026-06-13 19:31:17, EVENT: GOAL 32' Vinicius Junior (1-1) [Brazil vs Morocco]
2026-06-13 19:31:17, EVENT: SUBSTITUTION 46' Danilo [Brazil vs Morocco]
2026-06-13 19:31:17, EVENT: SUBSTITUTION 46' Fabinho [Brazil vs Morocco]
2026-06-13 19:31:17, EVENT: SUBSTITUTION 61' Matheus Cunha [Brazil vs Morocco]
2026-06-13 19:31:17, EVENT: SUBSTITUTION 61' Luiz Henrique [Brazil vs Morocco]
2026-06-13 19:31:17, EVENT: SUBSTITUTION 64' Samir El Mourabet [Brazil vs Morocco]
2026-06-13 19:31:17, EVENT: SUBSTITUTION 64' Chemsdine Talbi [Brazil vs Morocco]
2026-06-13 19:31:17, EVENT: YELLOW_CARD 37' Casemiro [Brazil vs Morocco]
2026-06-13 19:31:17, EVENT: YELLOW_CARD 43' Roger Ibañez [Brazil vs Morocco]
2026-06-13 19:31:17, STATE_CHANGE: Brazil vs Morocco [— -> 2H]
2026-06-13 19:31:18, tokens_remaining: 2400, call: scores, phase: playing
2026-06-13 19:31:19, tokens_remaining: 2400, call: scores, phase: playing
2026-06-13 19:31:20, tokens_remaining: 2399, call: scores, phase: playing
2026-06-13 19:31:21, tokens_remaining: 2399, call: scores, phase: playing
2026-06-13 19:31:22, tokens_remaining: 2398, call: scores, phase: playing
2026-06-13 19:31:23, tokens_remaining: 2398, call: scores, phase: playing
2026-06-13 19:31:24, tokens_remaining: 2397, call: scores, phase: playing
2026-06-13 19:31:24, tokens_remaining: 2397, call: scores, phase: playing
2026-06-13 19:31:25, tokens_remaining: 2396, call: events, phase: playing
2026-06-13 19:31:26, tokens_remaining: 2395, call: scores, phase: playing
2026-06-13 19:31:27, tokens_remaining: 2395, call: scores, phase: playing
2026-06-13 19:31:28, tokens_remaining: 2394, call: scores, phase: playing
2026-06-13 19:31:29, tokens_remaining: 2394, call: scores, phase: playing
2026-06-13 19:31:30, tokens_remaining: 2393, call: scores, phase: playing
2026-06-13 19:31:31, tokens_remaining: 2393, call: scores, phase: playing
2026-06-13 19:31:32, tokens_remaining: 2392, call: scores, phase: playing
2026-06-13 19:31:33, tokens_remaining: 2392, call: scores, phase: playing
2026-06-13 19:31:34, tokens_remaining: 2391, call: scores, phase: playing
2026-06-13 19:31:35, tokens_remaining: 2390, call: events, phase: playing
2026-06-13 19:31:36, tokens_remaining: 2389, call: scores, phase: playing
2026-06-13 19:31:37, tokens_remaining: 2389, call: scores, phase: playing
2026-06-13 19:31:38, tokens_remaining: 2388, call: scores, phase: playing
2026-06-13 19:31:39, tokens_remaining: 2388, call: scores, phase: playing
2026-06-13 19:31:40, tokens_remaining: 2387, call: scores, phase: playing
2026-06-13 19:31:40, tokens_remaining: 2387, call: scores, phase: playing
2026-06-13 19:31:41, tokens_remaining: 2386, call: scores, phase: playing
2026-06-13 19:31:42, tokens_remaining: 2386, call: scores, phase: playing
2026-06-13 19:31:43, tokens_remaining: 2385, call: scores, phase: playing
2026-06-13 19:31:44, tokens_remaining: 2384, call: events, phase: playing
2026-06-13 19:31:45, tokens_remaining: 2383, call: scores, phase: playing
2026-06-13 19:31:46, tokens_remaining: 2383, call: scores, phase: playing
2026-06-13 19:31:47, tokens_remaining: 2382, call: scores, phase: playing
2026-06-13 19:31:48, tokens_remaining: 2382, call: scores, phase: playing
2026-06-13 19:31:49, tokens_remaining: 2381, call: scores, phase: playing
2026-06-13 19:31:50, tokens_remaining: 2381, call: scores, phase: playing
2026-06-13 19:31:51, tokens_remaining: 2380, call: scores, phase: playing
2026-06-13 19:31:52, tokens_remaining: 2380, call: scores, phase: playing
2026-06-13 19:31:53, tokens_remaining: 2379, call: scores, phase: playing
2026-06-13 19:31:54, tokens_remaining: 2378, call: events, phase: playing
2026-06-13 19:31:55, tokens_remaining: 2377, call: scores, phase: playing
2026-06-13 19:31:56, tokens_remaining: 2377, call: scores, phase: playing
2026-06-13 19:31:57, tokens_remaining: 2376, call: scores, phase: playing
2026-06-13 19:31:57, tokens_remaining: 2376, call: scores, phase: playing
2026-06-13 19:31:59, tokens_remaining: 2375, call: scores, phase: playing
2026-06-13 19:31:59, tokens_remaining: 2375, call: scores, phase: playing
2026-06-13 19:32:00, tokens_remaining: 2374, call: scores, phase: playing
2026-06-13 19:32:01, tokens_remaining: 2374, call: scores, phase: playing
2026-06-13 19:32:02, tokens_remaining: 2373, call: scores, phase: playing
2026-06-13 19:32:03, tokens_remaining: 2372, call: events, phase: playing
2026-06-13 19:32:04, tokens_remaining: 2371, call: scores, phase: playing
2026-06-13 19:32:05, tokens_remaining: 2371, call: scores, phase: playing
2026-06-13 19:32:06, tokens_remaining: 2370, call: scores, phase: playing
2026-06-13 19:32:07, tokens_remaining: 2370, call: scores, phase: playing
2026-06-13 19:32:08, tokens_remaining: 2369, call: scores, phase: playing
2026-06-13 19:32:09, tokens_remaining: 2369, call: scores, phase: playing
2026-06-13 19:32:10, tokens_remaining: 2368, call: scores, phase: playing
2026-06-13 19:32:11, tokens_remaining: 2368, call: scores, phase: playing
2026-06-13 19:32:12, tokens_remaining: 2367, call: scores, phase: playing
2026-06-13 19:32:13, tokens_remaining: 2366, call: events, phase: playing
2026-06-13 19:32:14, tokens_remaining: 2365, call: scores, phase: playing
2026-06-13 19:32:16, tokens_remaining: 2364, call: scores, phase: playing
2026-06-13 19:32:17, tokens_remaining: 2364, call: scores, phase: playing
2026-06-13 19:32:18, tokens_remaining: 2363, call: scores, phase: playing
2026-06-13 19:32:18, tokens_remaining: 2363, call: scores, phase: playing
2026-06-13 19:32:19, tokens_remaining: 2362, call: scores, phase: playing
2026-06-13 19:32:20, tokens_remaining: 2362, call: scores, phase: playing
2026-06-13 19:32:21, tokens_remaining: 2361, call: scores, phase: playing
2026-06-13 19:32:22, tokens_remaining: 2361, call: scores, phase: playing
2026-06-13 19:32:23, tokens_remaining: 2360, call: events, phase: playing
2026-06-13 19:32:24, tokens_remaining: 2359, call: scores, phase: playing
2026-06-13 19:32:25, tokens_remaining: 2359, call: scores, phase: playing
2026-06-13 19:32:26, tokens_remaining: 2358, call: scores, phase: playing
2026-06-13 19:32:27, tokens_remaining: 2358, call: scores, phase: playing
2026-06-13 19:32:28, tokens_remaining: 2357, call: scores, phase: playing
2026-06-13 19:32:29, tokens_remaining: 2357, call: scores, phase: playing
2026-06-13 19:32:30, tokens_remaining: 2356, call: scores, phase: playing
2026-06-13 19:32:31, tokens_remaining: 2356, call: scores, phase: playing
2026-06-13 19:32:32, tokens_remaining: 2355, call: scores, phase: playing
2026-06-13 19:32:33, tokens_remaining: 2354, call: events, phase: playing
2026-06-13 19:32:34, tokens_remaining: 2353, call: scores, phase: playing
2026-06-13 19:32:35, tokens_remaining: 2353, call: scores, phase: playing
2026-06-13 19:32:36, tokens_remaining: 2352, call: scores, phase: playing
2026-06-13 19:32:36, tokens_remaining: 2352, call: scores, phase: playing
2026-06-13 19:32:37, tokens_remaining: 2351, call: scores, phase: playing
2026-06-13 19:32:38, tokens_remaining: 2351, call: scores, phase: playing
2026-06-13 19:32:39, tokens_remaining: 2350, call: scores, phase: playing
2026-06-13 19:32:40, tokens_remaining: 2350, call: scores, phase: playing
2026-06-13 19:32:41, tokens_remaining: 2349, call: scores, phase: playing
2026-06-13 19:32:42, tokens_remaining: 2348, call: events, phase: playing
2026-06-13 19:32:43, tokens_remaining: 2347, call: scores, phase: playing
2026-06-13 19:32:44, tokens_remaining: 2347, call: scores, phase: playing
2026-06-13 19:32:45, tokens_remaining: 2346, call: scores, phase: playing
2026-06-13 19:32:46, tokens_remaining: 2346, call: scores, phase: playing
2026-06-13 19:32:47, tokens_remaining: 2345, call: scores, phase: playing
2026-06-13 19:32:47, tokens_remaining: 2345, call: scores, phase: playing
2026-06-13 19:32:49, tokens_remaining: 2344, call: scores, phase: playing
2026-06-13 19:32:49, tokens_remaining: 2344, call: scores, phase: playing
2026-06-13 19:32:50, tokens_remaining: 2343, call: scores, phase: playing
2026-06-13 19:32:51, tokens_remaining: 2342, call: events, phase: playing
2026-06-13 19:32:52, tokens_remaining: 2341, call: scores, phase: playing
2026-06-13 19:32:53, tokens_remaining: 2341, call: scores, phase: playing
2026-06-13 19:32:54, tokens_remaining: 2340, call: scores, phase: playing
2026-06-13 19:32:55, tokens_remaining: 2340, call: scores, phase: playing
2026-06-13 19:32:56, tokens_remaining: 2339, call: scores, phase: playing
2026-06-13 19:32:57, tokens_remaining: 2339, call: scores, phase: playing
2026-06-13 19:32:58, tokens_remaining: 2338, call: scores, phase: playing
2026-06-13 19:32:59, tokens_remaining: 2338, call: scores, phase: playing
2026-06-13 19:33:00, tokens_remaining: 2337, call: scores, phase: playing
2026-06-13 19:33:01, tokens_remaining: 2336, call: events, phase: playing
2026-06-13 19:33:02, tokens_remaining: 2335, call: scores, phase: playing
2026-06-13 19:33:03, tokens_remaining: 2335, call: scores, phase: playing
2026-06-13 19:33:04, tokens_remaining: 2334, call: scores, phase: playing
2026-06-13 19:33:04, tokens_remaining: 2334, call: scores, phase: playing
2026-06-13 19:33:05, tokens_remaining: 2333, call: scores, phase: playing
2026-06-13 19:33:06, tokens_remaining: 2333, call: scores, phase: playing
2026-06-13 19:33:07, tokens_remaining: 2332, call: scores, phase: playing
2026-06-13 19:33:08, tokens_remaining: 2332, call: scores, phase: playing
2026-06-13 19:33:09, tokens_remaining: 2331, call: scores, phase: playing
2026-06-13 19:33:10, tokens_remaining: 2330, call: events, phase: playing
2026-06-13 19:33:11, tokens_remaining: 2329, call: scores, phase: playing
2026-06-13 19:33:12, tokens_remaining: 2329, call: scores, phase: playing
2026-06-13 19:33:13, tokens_remaining: 2328, call: scores, phase: playing
2026-06-13 19:33:14, tokens_remaining: 2328, call: scores, phase: playing
2026-06-13 19:33:15, tokens_remaining: 2327, call: scores, phase: playing
2026-06-13 19:33:15, tokens_remaining: 2327, call: scores, phase: playing
2026-06-13 19:33:16, tokens_remaining: 2326, call: scores, phase: playing
2026-06-13 19:33:17, tokens_remaining: 2326, call: scores, phase: playing
2026-06-13 19:33:18, tokens_remaining: 2325, call: scores, phase: playing
2026-06-13 19:33:19, tokens_remaining: 2324, call: events, phase: playing
2026-06-13 19:33:20, tokens_remaining: 2323, call: scores, phase: playing
2026-06-13 19:33:21, tokens_remaining: 2323, call: scores, phase: playing
2026-06-13 19:33:22, tokens_remaining: 2322, call: scores, phase: playing
2026-06-13 19:33:23, tokens_remaining: 2322, call: scores, phase: playing
2026-06-13 19:33:24, tokens_remaining: 2321, call: scores, phase: playing
2026-06-13 19:33:25, tokens_remaining: 2321, call: scores, phase: playing
2026-06-13 19:33:26, tokens_remaining: 2320, call: scores, phase: playing
2026-06-13 19:33:27, tokens_remaining: 2320, call: scores, phase: playing
2026-06-13 19:33:28, tokens_remaining: 2319, call: scores, phase: playing
2026-06-13 19:33:29, tokens_remaining: 2318, call: events, phase: playing
2026-06-13 19:33:30, tokens_remaining: 2317, call: scores, phase: playing
2026-06-13 19:33:30, tokens_remaining: 2317, call: scores, phase: playing
2026-06-13 19:33:32, tokens_remaining: 2316, call: scores, phase: playing
2026-06-13 19:33:33, tokens_remaining: 2316, call: scores, phase: playing
2026-06-13 19:33:34, tokens_remaining: 2315, call: scores, phase: playing
2026-06-13 19:33:35, tokens_remaining: 2314, call: scores, phase: playing
2026-06-13 19:33:36, tokens_remaining: 2314, call: scores, phase: playing
2026-06-13 19:33:37, tokens_remaining: 2313, call: scores, phase: playing
2026-06-13 19:33:38, tokens_remaining: 2313, call: scores, phase: playing
2026-06-13 19:33:39, tokens_remaining: 2312, call: events, phase: playing
2026-06-13 19:33:41, tokens_remaining: 2311, call: scores, phase: playing
2026-06-13 19:33:41, tokens_remaining: 2311, call: scores, phase: playing
2026-06-13 19:33:43, tokens_remaining: 2310, call: scores, phase: playing
2026-06-13 19:33:44, tokens_remaining: 2309, call: scores, phase: playing
2026-06-13 19:33:45, tokens_remaining: 2309, call: scores, phase: playing
2026-06-13 19:33:46, tokens_remaining: 2308, call: scores, phase: playing
2026-06-13 19:33:47, tokens_remaining: 2308, call: scores, phase: playing
2026-06-13 19:33:48, tokens_remaining: 2307, call: scores, phase: playing
2026-06-13 19:33:49, tokens_remaining: 2307, call: scores, phase: playing
2026-06-13 19:33:50, tokens_remaining: 2306, call: events, phase: playing
2026-06-13 19:33:51, tokens_remaining: 2305, call: scores, phase: playing
2026-06-13 19:33:52, tokens_remaining: 2305, call: scores, phase: playing
2026-06-13 19:33:53, tokens_remaining: 2304, call: scores, phase: playing
2026-06-13 19:33:54, tokens_remaining: 2304, call: scores, phase: playing
2026-06-13 19:33:55, tokens_remaining: 2303, call: scores, phase: playing
2026-06-13 19:33:56, tokens_remaining: 2303, call: scores, phase: playing
2026-06-13 19:33:57, tokens_remaining: 2302, call: scores, phase: playing
2026-06-13 19:33:58, tokens_remaining: 2302, call: scores, phase: playing
2026-06-13 19:33:59, tokens_remaining: 2301, call: scores, phase: playing
2026-06-13 19:34:00, tokens_remaining: 2300, call: events, phase: playing
2026-06-13 19:34:02, tokens_remaining: 2299, call: scores, phase: playing
2026-06-13 19:34:02, tokens_remaining: 2299, call: scores, phase: playing
2026-06-13 19:34:03, tokens_remaining: 2298, call: scores, phase: playing
2026-06-13 19:34:04, tokens_remaining: 2298, call: scores, phase: playing
2026-06-13 19:34:05, tokens_remaining: 2297, call: scores, phase: playing
2026-06-13 19:34:06, tokens_remaining: 2297, call: scores, phase: playing
2026-06-13 19:34:07, tokens_remaining: 2296, call: scores, phase: playing
2026-06-13 19:34:08, tokens_remaining: 2296, call: scores, phase: playing
2026-06-13 19:34:09, tokens_remaining: 2295, call: scores, phase: playing
2026-06-13 19:34:11, tokens_remaining: 2294, call: events, phase: playing
2026-06-13 19:34:12, tokens_remaining: 2293, call: scores, phase: playing
2026-06-13 19:34:13, tokens_remaining: 2293, call: scores, phase: playing
2026-06-13 19:34:14, tokens_remaining: 2292, call: scores, phase: playing
2026-06-13 19:34:15, tokens_remaining: 2292, call: scores, phase: playing
2026-06-13 19:34:16, tokens_remaining: 2291, call: scores, phase: playing
2026-06-13 19:34:16, tokens_remaining: 2291, call: scores, phase: playing
2026-06-13 19:34:18, tokens_remaining: 2290, call: scores, phase: playing
2026-06-13 19:34:19, tokens_remaining: 2290, call: scores, phase: playing
2026-06-13 19:34:20, tokens_remaining: 2289, call: scores, phase: playing
2026-06-13 19:34:21, tokens_remaining: 2288, call: events, phase: playing
2026-06-13 19:34:22, tokens_remaining: 2287, call: scores, phase: playing
2026-06-13 19:34:23, tokens_remaining: 2287, call: scores, phase: playing
2026-06-13 19:34:24, tokens_remaining: 2286, call: scores, phase: playing
2026-06-13 19:34:25, tokens_remaining: 2286, call: scores, phase: playing
2026-06-13 19:34:26, tokens_remaining: 2285, call: scores, phase: playing
2026-06-13 19:34:26, tokens_remaining: 2285, call: scores, phase: playing
2026-06-13 19:34:28, tokens_remaining: 2284, call: scores, phase: playing
2026-06-13 19:34:29, tokens_remaining: 2284, call: scores, phase: playing
2026-06-13 19:34:30, tokens_remaining: 2283, call: scores, phase: playing
2026-06-13 19:34:31, tokens_remaining: 2282, call: events, phase: playing
2026-06-13 19:34:32, tokens_remaining: 2281, call: scores, phase: playing
2026-06-13 19:34:33, tokens_remaining: 2281, call: scores, phase: playing
2026-06-13 19:34:34, tokens_remaining: 2280, call: scores, phase: playing
2026-06-13 19:34:35, tokens_remaining: 2280, call: scores, phase: playing
2026-06-13 19:34:36, tokens_remaining: 2279, call: scores, phase: playing
2026-06-13 19:34:38, tokens_remaining: 2278, call: scores, phase: playing
2026-06-13 19:34:39, tokens_remaining: 2278, call: scores, phase: playing
2026-06-13 19:34:40, tokens_remaining: 2277, call: scores, phase: playing
2026-06-13 19:34:41, tokens_remaining: 2277, call: scores, phase: playing
2026-06-13 19:34:42, tokens_remaining: 2276, call: events, phase: playing
2026-06-13 19:34:43, tokens_remaining: 2275, call: scores, phase: playing
2026-06-13 19:34:44, tokens_remaining: 2275, call: scores, phase: playing
2026-06-13 19:34:45, tokens_remaining: 2274, call: scores, phase: playing
2026-06-13 19:34:46, tokens_remaining: 2274, call: scores, phase: playing
2026-06-13 19:34:47, tokens_remaining: 2273, call: scores, phase: playing
2026-06-13 19:34:48, tokens_remaining: 2272, call: scores, phase: playing
2026-06-13 19:34:49, tokens_remaining: 2272, call: scores, phase: playing
2026-06-13 19:34:50, tokens_remaining: 2271, call: scores, phase: playing
2026-06-13 19:34:51, tokens_remaining: 2271, call: scores, phase: playing
2026-06-13 19:34:52, tokens_remaining: 2270, call: events, phase: playing
2026-06-13 19:34:53, tokens_remaining: 2269, call: scores, phase: playing
2026-06-13 19:34:54, tokens_remaining: 2269, call: scores, phase: playing
2026-06-13 19:34:55, tokens_remaining: 2268, call: scores, phase: playing
2026-06-13 19:34:56, tokens_remaining: 2268, call: scores, phase: playing
2026-06-13 19:34:57, tokens_remaining: 2267, call: scores, phase: playing
2026-06-13 19:34:58, tokens_remaining: 2267, call: scores, phase: playing
2026-06-13 19:34:59, tokens_remaining: 2266, call: scores, phase: playing
2026-06-13 19:34:59, tokens_remaining: 2266, call: scores, phase: playing
2026-06-13 19:35:00, tokens_remaining: 2265, call: scores, phase: playing
2026-06-13 19:35:02, tokens_remaining: 2264, call: events, phase: playing
2026-06-13 19:35:03, tokens_remaining: 2263, call: scores, phase: playing
2026-06-13 19:35:03, tokens_remaining: 2263, call: scores, phase: playing
2026-06-13 19:35:04, tokens_remaining: 2262, call: scores, phase: playing
2026-06-13 19:35:05, tokens_remaining: 2262, call: scores, phase: playing
2026-06-13 19:35:06, tokens_remaining: 2261, call: scores, phase: playing
2026-06-13 19:35:07, tokens_remaining: 2261, call: scores, phase: playing
2026-06-13 19:35:08, tokens_remaining: 2260, call: scores, phase: playing
2026-06-13 19:35:09, tokens_remaining: 2260, call: scores, phase: playing
2026-06-13 19:35:10, tokens_remaining: 2259, call: scores, phase: playing
2026-06-13 19:35:11, tokens_remaining: 2258, call: events, phase: playing
2026-06-13 19:35:12, tokens_remaining: 2257, call: scores, phase: playing
2026-06-13 19:35:13, tokens_remaining: 2257, call: scores, phase: playing
2026-06-13 19:35:14, tokens_remaining: 2256, call: scores, phase: playing
2026-06-13 19:35:14, tokens_remaining: 2256, call: scores, phase: playing
2026-06-13 19:35:15, tokens_remaining: 2255, call: scores, phase: playing
2026-06-13 19:35:16, tokens_remaining: 2255, call: scores, phase: playing
2026-06-13 19:35:17, tokens_remaining: 2254, call: scores, phase: playing
2026-06-13 19:35:18, tokens_remaining: 2254, call: scores, phase: playing
2026-06-13 19:35:19, tokens_remaining: 2253, call: scores, phase: playing
2026-06-13 19:35:20, tokens_remaining: 2252, call: events, phase: playing
2026-06-13 19:35:21, tokens_remaining: 2251, call: scores, phase: playing
2026-06-13 19:35:22, tokens_remaining: 2251, call: scores, phase: playing
2026-06-13 19:35:23, tokens_remaining: 2250, call: scores, phase: playing
2026-06-13 19:35:24, tokens_remaining: 2250, call: scores, phase: playing
2026-06-13 19:35:25, tokens_remaining: 2249, call: scores, phase: playing
2026-06-13 19:35:26, tokens_remaining: 2249, call: scores, phase: playing
2026-06-13 19:35:27, tokens_remaining: 2248, call: scores, phase: playing
2026-06-13 19:35:28, tokens_remaining: 2248, call: scores, phase: playing
2026-06-13 19:35:29, tokens_remaining: 2247, call: scores, phase: playing
2026-06-13 19:35:30, tokens_remaining: 2246, call: events, phase: playing
2026-06-13 19:35:31, tokens_remaining: 2245, call: scores, phase: playing
2026-06-13 19:35:32, tokens_remaining: 2245, call: scores, phase: playing
2026-06-13 19:35:33, tokens_remaining: 2244, call: scores, phase: playing
2026-06-13 19:35:33, tokens_remaining: 2244, call: scores, phase: playing
2026-06-13 19:35:36, tokens_remaining: 2243, call: scores, phase: playing
2026-06-13 19:35:38, tokens_remaining: 2242, call: scores, phase: playing
2026-06-13 19:35:39, tokens_remaining: 2241, call: scores, phase: playing
2026-06-13 19:35:39, tokens_remaining: 2241, call: scores, phase: playing
2026-06-13 19:35:40, tokens_remaining: 2240, call: scores, phase: playing
2026-06-13 19:35:41, tokens_remaining: 2239, call: events, phase: playing
2026-06-13 19:35:42, tokens_remaining: 2238, call: scores, phase: playing
2026-06-13 19:35:43, tokens_remaining: 2238, call: scores, phase: playing
2026-06-13 19:35:44, tokens_remaining: 2237, call: scores, phase: playing
2026-06-13 19:35:45, tokens_remaining: 2237, call: scores, phase: playing
2026-06-13 19:35:46, tokens_remaining: 2236, call: scores, phase: playing
2026-06-13 19:35:47, tokens_remaining: 2236, call: scores, phase: playing
2026-06-13 19:35:48, tokens_remaining: 2235, call: scores, phase: playing
2026-06-13 19:35:49, tokens_remaining: 2235, call: scores, phase: playing
2026-06-13 19:35:50, tokens_remaining: 2234, call: scores, phase: playing
2026-06-13 19:35:51, tokens_remaining: 2233, call: events, phase: playing
2026-06-13 19:35:52, tokens_remaining: 2232, call: scores, phase: playing
2026-06-13 19:35:52, tokens_remaining: 2232, call: scores, phase: playing
2026-06-13 19:35:53, tokens_remaining: 2231, call: scores, phase: playing
2026-06-13 19:35:54, tokens_remaining: 2231, call: scores, phase: playing
2026-06-13 19:35:55, tokens_remaining: 2230, call: scores, phase: playing
2026-06-13 19:35:56, tokens_remaining: 2230, call: scores, phase: playing
2026-06-13 19:35:57, tokens_remaining: 2229, call: scores, phase: playing
2026-06-13 19:35:58, tokens_remaining: 2229, call: scores, phase: playing
2026-06-13 19:35:59, tokens_remaining: 2228, call: scores, phase: playing
2026-06-13 19:36:00, tokens_remaining: 2227, call: events, phase: playing
2026-06-13 19:36:01, tokens_remaining: 2226, call: scores, phase: playing
2026-06-13 19:36:02, tokens_remaining: 2226, call: scores, phase: playing
2026-06-13 19:36:03, tokens_remaining: 2225, call: scores, phase: playing
2026-06-13 19:36:04, tokens_remaining: 2225, call: scores, phase: playing
2026-06-13 19:36:05, tokens_remaining: 2224, call: scores, phase: playing
2026-06-13 19:36:05, tokens_remaining: 2224, call: scores, phase: playing
2026-06-13 19:36:06, tokens_remaining: 2223, call: scores, phase: playing
2026-06-13 19:36:07, tokens_remaining: 2223, call: scores, phase: playing
2026-06-13 19:36:08, tokens_remaining: 2222, call: scores, phase: playing
2026-06-13 19:36:09, tokens_remaining: 2221, call: events, phase: playing
2026-06-13 19:36:10, tokens_remaining: 2220, call: scores, phase: playing
2026-06-13 19:36:11, tokens_remaining: 2220, call: scores, phase: playing
2026-06-13 19:36:12, tokens_remaining: 2219, call: scores, phase: playing
2026-06-13 19:36:13, tokens_remaining: 2219, call: scores, phase: playing
2026-06-13 19:36:14, tokens_remaining: 2218, call: scores, phase: playing
2026-06-13 19:36:15, tokens_remaining: 2218, call: scores, phase: playing
2026-06-13 19:36:16, tokens_remaining: 2217, call: scores, phase: playing
2026-06-13 19:36:16, tokens_remaining: 2217, call: scores, phase: playing
2026-06-13 19:36:18, tokens_remaining: 2216, call: scores, phase: playing
2026-06-13 19:36:19, tokens_remaining: 2215, call: events, phase: playing
2026-06-13 19:36:20, tokens_remaining: 2214, call: scores, phase: playing
2026-06-13 19:36:21, tokens_remaining: 2214, call: scores, phase: playing
2026-06-13 19:36:22, tokens_remaining: 2213, call: scores, phase: playing
2026-06-13 19:36:23, tokens_remaining: 2213, call: scores, phase: playing
2026-06-13 19:36:24, tokens_remaining: 2212, call: scores, phase: playing
2026-06-13 19:36:24, tokens_remaining: 2212, call: scores, phase: playing
2026-06-13 19:36:25, tokens_remaining: 2211, call: scores, phase: playing
2026-06-13 19:36:26, tokens_remaining: 2211, call: scores, phase: playing
2026-06-13 19:36:27, tokens_remaining: 2210, call: scores, phase: playing
2026-06-13 19:36:28, tokens_remaining: 2209, call: events, phase: playing
2026-06-13 19:36:29, tokens_remaining: 2208, call: scores, phase: playing
2026-06-13 19:36:30, tokens_remaining: 2208, call: scores, phase: playing
2026-06-13 19:36:31, tokens_remaining: 2207, call: scores, phase: playing
2026-06-13 19:36:32, tokens_remaining: 2207, call: scores, phase: playing
2026-06-13 19:36:33, tokens_remaining: 2206, call: scores, phase: playing
2026-06-13 19:36:34, tokens_remaining: 2206, call: scores, phase: playing
2026-06-13 19:36:35, tokens_remaining: 2205, call: scores, phase: playing
2026-06-13 19:36:35, tokens_remaining: 2205, call: scores, phase: playing
2026-06-13 19:36:36, tokens_remaining: 2204, call: scores, phase: playing
2026-06-13 19:36:37, tokens_remaining: 2203, call: events, phase: playing
2026-06-13 19:36:38, tokens_remaining: 2202, call: scores, phase: playing
2026-06-13 19:36:39, tokens_remaining: 2202, call: scores, phase: playing
2026-06-13 19:36:40, tokens_remaining: 2201, call: scores, phase: playing
2026-06-13 19:36:41, tokens_remaining: 2201, call: scores, phase: playing
2026-06-13 19:36:42, tokens_remaining: 2200, call: scores, phase: playing
2026-06-13 19:36:43, tokens_remaining: 2200, call: scores, phase: playing
2026-06-13 19:36:44, tokens_remaining: 2199, call: scores, phase: playing
2026-06-13 19:36:45, tokens_remaining: 2199, call: scores, phase: playing
2026-06-13 19:36:46, tokens_remaining: 2198, call: scores, phase: playing
2026-06-13 19:36:47, tokens_remaining: 2197, call: events, phase: playing
2026-06-13 19:36:48, tokens_remaining: 2196, call: scores, phase: playing
2026-06-13 19:36:49, tokens_remaining: 2196, call: scores, phase: playing
2026-06-13 19:36:50, tokens_remaining: 2195, call: scores, phase: playing
2026-06-13 19:36:50, tokens_remaining: 2195, call: scores, phase: playing
2026-06-13 19:36:51, tokens_remaining: 2194, call: scores, phase: playing
2026-06-13 19:36:52, tokens_remaining: 2194, call: scores, phase: playing
2026-06-13 19:36:53, tokens_remaining: 2193, call: scores, phase: playing
2026-06-13 19:36:54, tokens_remaining: 2193, call: scores, phase: playing
2026-06-13 19:36:55, tokens_remaining: 2192, call: scores, phase: playing
2026-06-13 19:36:56, tokens_remaining: 2191, call: events, phase: playing
2026-06-13 19:36:57, tokens_remaining: 2190, call: scores, phase: playing
2026-06-13 19:36:58, tokens_remaining: 2190, call: scores, phase: playing
2026-06-13 19:36:59, tokens_remaining: 2189, call: scores, phase: playing
2026-06-13 19:37:00, tokens_remaining: 2189, call: scores, phase: playing
2026-06-13 19:37:01, tokens_remaining: 2188, call: scores, phase: playing
2026-06-13 19:37:02, tokens_remaining: 2188, call: scores, phase: playing
2026-06-13 19:37:03, tokens_remaining: 2187, call: scores, phase: playing
2026-06-13 19:37:03, tokens_remaining: 2187, call: scores, phase: playing
2026-06-13 19:37:04, tokens_remaining: 2186, call: scores, phase: playing
2026-06-13 19:37:06, tokens_remaining: 2185, call: events, phase: playing
2026-06-13 19:37:07, tokens_remaining: 2184, call: scores, phase: playing
2026-06-13 19:37:07, tokens_remaining: 2184, call: scores, phase: playing
2026-06-13 19:37:08, tokens_remaining: 2183, call: scores, phase: playing
2026-06-13 19:37:09, tokens_remaining: 2183, call: scores, phase: playing
2026-06-13 19:37:10, tokens_remaining: 2182, call: scores, phase: playing
2026-06-13 19:37:11, tokens_remaining: 2182, call: scores, phase: playing
2026-06-13 19:37:12, tokens_remaining: 2181, call: scores, phase: playing
2026-06-13 19:37:13, tokens_remaining: 2181, call: scores, phase: playing
2026-06-13 19:37:14, tokens_remaining: 2180, call: scores, phase: playing
2026-06-13 19:37:15, tokens_remaining: 2179, call: events, phase: playing
2026-06-13 19:37:16, tokens_remaining: 2178, call: scores, phase: playing
2026-06-13 19:37:17, tokens_remaining: 2178, call: scores, phase: playing
2026-06-13 19:37:18, tokens_remaining: 2177, call: scores, phase: playing
2026-06-13 19:37:18, tokens_remaining: 2177, call: scores, phase: playing
2026-06-13 19:37:19, tokens_remaining: 2176, call: scores, phase: playing
2026-06-13 19:37:20, tokens_remaining: 2176, call: scores, phase: playing
2026-06-13 19:37:21, tokens_remaining: 2175, call: scores, phase: playing
2026-06-13 19:37:22, tokens_remaining: 2175, call: scores, phase: playing
2026-06-13 19:37:23, tokens_remaining: 2174, call: scores, phase: playing
2026-06-13 19:37:24, tokens_remaining: 2173, call: events, phase: playing
2026-06-13 19:37:25, tokens_remaining: 2172, call: scores, phase: playing
2026-06-13 19:37:26, tokens_remaining: 2172, call: scores, phase: playing
2026-06-13 19:37:27, tokens_remaining: 2171, call: scores, phase: playing
2026-06-13 19:37:28, tokens_remaining: 2171, call: scores, phase: playing
2026-06-13 19:37:29, tokens_remaining: 2170, call: scores, phase: playing
2026-06-13 19:37:29, tokens_remaining: 2170, call: scores, phase: playing
2026-06-13 19:37:30, tokens_remaining: 2169, call: scores, phase: playing
2026-06-13 19:37:31, tokens_remaining: 2169, call: scores, phase: playing
2026-06-13 19:37:32, tokens_remaining: 2168, call: scores, phase: playing
2026-06-13 19:37:33, tokens_remaining: 2167, call: events, phase: playing
2026-06-13 19:37:34, tokens_remaining: 2166, call: scores, phase: playing
2026-06-13 19:37:35, tokens_remaining: 2166, call: scores, phase: playing
2026-06-13 19:37:36, tokens_remaining: 2165, call: scores, phase: playing
2026-06-13 19:37:37, tokens_remaining: 2165, call: scores, phase: playing
2026-06-13 19:37:38, tokens_remaining: 2164, call: scores, phase: playing
2026-06-13 19:37:39, tokens_remaining: 2164, call: scores, phase: playing
2026-06-13 19:37:40, tokens_remaining: 2163, call: scores, phase: playing
2026-06-13 19:37:40, tokens_remaining: 2163, call: scores, phase: playing
2026-06-13 19:37:41, tokens_remaining: 2162, call: scores, phase: playing
2026-06-13 19:37:43, tokens_remaining: 2161, call: events, phase: playing
2026-06-13 19:37:44, tokens_remaining: 2160, call: scores, phase: playing
2026-06-13 19:37:44, tokens_remaining: 2160, call: scores, phase: playing
2026-06-13 19:37:45, tokens_remaining: 2159, call: scores, phase: playing
2026-06-13 19:37:46, tokens_remaining: 2159, call: scores, phase: playing
2026-06-13 19:37:47, tokens_remaining: 2158, call: scores, phase: playing
2026-06-13 19:37:48, tokens_remaining: 2158, call: scores, phase: playing
2026-06-13 19:37:49, tokens_remaining: 2157, call: scores, phase: playing
2026-06-13 19:37:50, tokens_remaining: 2157, call: scores, phase: playing
2026-06-13 19:37:51, tokens_remaining: 2156, call: scores, phase: playing
2026-06-13 19:37:52, tokens_remaining: 2155, call: events, phase: playing
2026-06-13 19:37:53, tokens_remaining: 2154, call: scores, phase: playing
2026-06-13 19:37:54, tokens_remaining: 2154, call: scores, phase: playing
2026-06-13 19:37:55, tokens_remaining: 2153, call: scores, phase: playing
2026-06-13 19:37:55, tokens_remaining: 2153, call: scores, phase: playing
2026-06-13 19:37:56, tokens_remaining: 2152, call: scores, phase: playing
2026-06-13 19:37:57, tokens_remaining: 2152, call: scores, phase: playing
2026-06-13 19:37:58, tokens_remaining: 2151, call: scores, phase: playing
2026-06-13 19:37:59, tokens_remaining: 2151, call: scores, phase: playing
2026-06-13 19:38:00, tokens_remaining: 2150, call: scores, phase: playing
2026-06-13 19:38:01, tokens_remaining: 2149, call: events, phase: playing
2026-06-13 19:38:02, tokens_remaining: 2148, call: scores, phase: playing
2026-06-13 19:38:03, tokens_remaining: 2148, call: scores, phase: playing
2026-06-13 19:38:04, tokens_remaining: 2147, call: scores, phase: playing
2026-06-13 19:38:05, tokens_remaining: 2147, call: scores, phase: playing
2026-06-13 19:38:06, tokens_remaining: 2146, call: scores, phase: playing
2026-06-13 19:38:07, tokens_remaining: 2146, call: scores, phase: playing
2026-06-13 19:38:08, tokens_remaining: 2145, call: scores, phase: playing
2026-06-13 19:38:09, tokens_remaining: 2145, call: scores, phase: playing
2026-06-13 19:38:10, tokens_remaining: 2144, call: scores, phase: playing
2026-06-13 19:38:11, tokens_remaining: 2143, call: events, phase: playing
2026-06-13 19:38:12, tokens_remaining: 2142, call: scores, phase: playing
2026-06-13 19:38:12, tokens_remaining: 2142, call: scores, phase: playing
2026-06-13 19:38:13, tokens_remaining: 2141, call: scores, phase: playing
2026-06-13 19:38:14, tokens_remaining: 2141, call: scores, phase: playing
2026-06-13 19:38:15, tokens_remaining: 2140, call: scores, phase: playing
2026-06-13 19:38:16, tokens_remaining: 2140, call: scores, phase: playing
2026-06-13 19:38:17, tokens_remaining: 2139, call: scores, phase: playing
2026-06-13 19:38:18, tokens_remaining: 2139, call: scores, phase: playing
2026-06-13 19:38:19, tokens_remaining: 2138, call: scores, phase: playing
2026-06-13 19:38:20, tokens_remaining: 2137, call: events, phase: playing
2026-06-13 19:38:21, tokens_remaining: 2136, call: scores, phase: playing
2026-06-13 19:38:22, tokens_remaining: 2136, call: scores, phase: playing
2026-06-13 19:38:23, tokens_remaining: 2135, call: scores, phase: playing
2026-06-13 19:38:23, tokens_remaining: 2135, call: scores, phase: playing
2026-06-13 19:38:25, tokens_remaining: 2134, call: scores, phase: playing
2026-06-13 19:38:25, tokens_remaining: 2134, call: scores, phase: playing
2026-06-13 19:38:26, tokens_remaining: 2133, call: scores, phase: playing
2026-06-13 19:38:27, tokens_remaining: 2133, call: scores, phase: playing
2026-06-13 19:38:28, tokens_remaining: 2132, call: scores, phase: playing
2026-06-13 19:38:29, tokens_remaining: 2131, call: events, phase: playing
2026-06-13 19:38:30, tokens_remaining: 2130, call: scores, phase: playing
2026-06-13 19:38:31, tokens_remaining: 2130, call: scores, phase: playing
2026-06-13 19:38:32, tokens_remaining: 2129, call: scores, phase: playing
2026-06-13 19:38:33, tokens_remaining: 2129, call: scores, phase: playing
2026-06-13 19:38:34, tokens_remaining: 2128, call: scores, phase: playing
2026-06-13 19:38:35, tokens_remaining: 2128, call: scores, phase: playing
2026-06-13 19:38:36, tokens_remaining: 2127, call: scores, phase: playing
2026-06-13 19:38:36, tokens_remaining: 2127, call: scores, phase: playing
2026-06-13 19:38:37, tokens_remaining: 2126, call: scores, phase: playing
2026-06-13 19:38:38, tokens_remaining: 2125, call: events, phase: playing
2026-06-13 19:38:39, tokens_remaining: 2124, call: scores, phase: playing
2026-06-13 19:38:40, tokens_remaining: 2124, call: scores, phase: playing
2026-06-13 19:38:41, tokens_remaining: 2123, call: scores, phase: playing
2026-06-13 19:38:42, tokens_remaining: 2123, call: scores, phase: playing
2026-06-13 19:38:43, tokens_remaining: 2122, call: scores, phase: playing
2026-06-13 19:38:44, tokens_remaining: 2122, call: scores, phase: playing
2026-06-13 19:38:45, tokens_remaining: 2121, call: scores, phase: playing
2026-06-13 19:38:46, tokens_remaining: 2121, call: scores, phase: playing
2026-06-13 19:38:47, tokens_remaining: 2120, call: scores, phase: playing
2026-06-13 19:38:48, tokens_remaining: 2119, call: events, phase: playing
2026-06-13 19:38:49, tokens_remaining: 2118, call: scores, phase: playing
2026-06-13 19:38:49, tokens_remaining: 2118, call: scores, phase: playing
2026-06-13 19:38:50, tokens_remaining: 2117, call: scores, phase: playing
2026-06-13 19:38:51, tokens_remaining: 2117, call: scores, phase: playing
2026-06-13 19:38:52, tokens_remaining: 2116, call: scores, phase: playing
2026-06-13 19:38:53, tokens_remaining: 2116, call: scores, phase: playing
2026-06-13 19:38:54, tokens_remaining: 2115, call: scores, phase: playing
2026-06-13 19:38:55, tokens_remaining: 2115, call: scores, phase: playing
2026-06-13 19:38:56, tokens_remaining: 2114, call: scores, phase: playing
2026-06-13 19:38:57, tokens_remaining: 2113, call: events, phase: playing
2026-06-13 19:38:58, tokens_remaining: 2112, call: scores, phase: playing
2026-06-13 19:38:59, tokens_remaining: 2112, call: scores, phase: playing
2026-06-13 19:39:00, tokens_remaining: 2111, call: scores, phase: playing
2026-06-13 19:39:00, tokens_remaining: 2111, call: scores, phase: playing
2026-06-13 19:39:01, tokens_remaining: 2110, call: scores, phase: playing
2026-06-13 19:39:02, tokens_remaining: 2110, call: scores, phase: playing
2026-06-13 19:39:03, tokens_remaining: 2109, call: scores, phase: playing
2026-06-13 19:39:04, tokens_remaining: 2109, call: scores, phase: playing
2026-06-13 19:39:05, tokens_remaining: 2108, call: scores, phase: playing
2026-06-13 19:39:06, tokens_remaining: 2107, call: events, phase: playing
2026-06-13 19:39:07, tokens_remaining: 2106, call: scores, phase: playing
2026-06-13 19:39:08, tokens_remaining: 2106, call: scores, phase: playing
2026-06-13 19:39:09, tokens_remaining: 2105, call: scores, phase: playing
2026-06-13 19:39:10, tokens_remaining: 2105, call: scores, phase: playing
2026-06-13 19:39:11, tokens_remaining: 2104, call: scores, phase: playing
2026-06-13 19:39:12, tokens_remaining: 2104, call: scores, phase: playing
2026-06-13 19:39:13, tokens_remaining: 2103, call: scores, phase: playing
2026-06-13 19:39:13, tokens_remaining: 2103, call: scores, phase: playing
2026-06-13 19:39:14, tokens_remaining: 2102, call: scores, phase: playing
2026-06-13 19:39:15, tokens_remaining: 2101, call: events, phase: playing
2026-06-13 19:39:17, tokens_remaining: 2100, call: scores, phase: playing
2026-06-13 19:39:17, tokens_remaining: 2100, call: scores, phase: playing
2026-06-13 19:39:18, tokens_remaining: 2099, call: scores, phase: playing
2026-06-13 19:39:19, tokens_remaining: 2099, call: scores, phase: playing
2026-06-13 19:39:20, tokens_remaining: 2098, call: scores, phase: playing
2026-06-13 19:39:21, tokens_remaining: 2098, call: scores, phase: playing
2026-06-13 19:39:22, tokens_remaining: 2097, call: scores, phase: playing
2026-06-13 19:39:23, tokens_remaining: 2097, call: scores, phase: playing
2026-06-13 19:39:24, tokens_remaining: 2096, call: scores, phase: playing
2026-06-13 19:39:25, tokens_remaining: 2095, call: events, phase: playing
2026-06-13 19:39:26, tokens_remaining: 2094, call: scores, phase: playing
2026-06-13 19:39:27, tokens_remaining: 2094, call: scores, phase: playing
2026-06-13 19:39:28, tokens_remaining: 2093, call: scores, phase: playing
2026-06-13 19:39:28, tokens_remaining: 2093, call: scores, phase: playing
2026-06-13 19:39:29, tokens_remaining: 2092, call: scores, phase: playing
2026-06-13 19:39:30, tokens_remaining: 2092, call: scores, phase: playing
2026-06-13 19:39:31, tokens_remaining: 2091, call: scores, phase: playing
2026-06-13 19:39:32, tokens_remaining: 2091, call: scores, phase: playing
2026-06-13 19:39:33, tokens_remaining: 2090, call: scores, phase: playing
2026-06-13 19:39:34, tokens_remaining: 2089, call: events, phase: playing
2026-06-13 19:39:35, tokens_remaining: 2088, call: scores, phase: playing
2026-06-13 19:39:36, tokens_remaining: 2088, call: scores, phase: playing
2026-06-13 19:39:37, tokens_remaining: 2087, call: scores, phase: playing
2026-06-13 19:39:38, tokens_remaining: 2087, call: scores, phase: playing
2026-06-13 19:39:39, tokens_remaining: 2086, call: scores, phase: playing
2026-06-13 19:39:40, tokens_remaining: 2086, call: scores, phase: playing
2026-06-13 19:39:41, tokens_remaining: 2085, call: scores, phase: playing
2026-06-13 19:39:41, tokens_remaining: 2085, call: scores, phase: playing
2026-06-13 19:39:42, tokens_remaining: 2084, call: scores, phase: playing
2026-06-13 19:39:43, tokens_remaining: 2083, call: events, phase: playing
2026-06-13 19:39:44, tokens_remaining: 2082, call: scores, phase: playing
2026-06-13 19:39:45, tokens_remaining: 2082, call: scores, phase: playing
2026-06-13 19:39:46, tokens_remaining: 2081, call: scores, phase: playing
2026-06-13 19:39:47, tokens_remaining: 2081, call: scores, phase: playing
2026-06-13 19:39:48, tokens_remaining: 2080, call: scores, phase: playing
2026-06-13 19:39:49, tokens_remaining: 2080, call: scores, phase: playing
2026-06-13 19:39:50, tokens_remaining: 2079, call: scores, phase: playing
2026-06-13 19:39:51, tokens_remaining: 2079, call: scores, phase: playing
2026-06-13 19:39:52, tokens_remaining: 2078, call: scores, phase: playing
2026-06-13 19:39:53, tokens_remaining: 2077, call: events, phase: playing
2026-06-13 19:39:54, tokens_remaining: 2076, call: scores, phase: playing
2026-06-13 19:39:54, tokens_remaining: 2076, call: scores, phase: playing
2026-06-13 19:39:55, tokens_remaining: 2075, call: scores, phase: playing
2026-06-13 19:39:56, tokens_remaining: 2075, call: scores, phase: playing
2026-06-13 19:39:57, tokens_remaining: 2074, call: scores, phase: playing
2026-06-13 19:39:58, tokens_remaining: 2074, call: scores, phase: playing
2026-06-13 19:39:59, tokens_remaining: 2073, call: scores, phase: playing
2026-06-13 19:40:00, tokens_remaining: 2073, call: scores, phase: playing
2026-06-13 19:40:01, tokens_remaining: 2072, call: scores, phase: playing
2026-06-13 19:40:02, tokens_remaining: 2071, call: events, phase: playing
2026-06-13 19:40:03, tokens_remaining: 2070, call: scores, phase: playing
2026-06-13 19:40:04, tokens_remaining: 2070, call: scores, phase: playing
2026-06-13 19:40:05, tokens_remaining: 2069, call: scores, phase: playing
2026-06-13 19:40:06, tokens_remaining: 2069, call: scores, phase: playing
2026-06-13 19:40:07, tokens_remaining: 2068, call: scores, phase: playing
2026-06-13 19:40:07, tokens_remaining: 2068, call: scores, phase: playing
2026-06-13 19:40:08, tokens_remaining: 2067, call: scores, phase: playing
2026-06-13 19:40:09, tokens_remaining: 2067, call: scores, phase: playing
2026-06-13 19:40:10, tokens_remaining: 2066, call: scores, phase: playing
2026-06-13 19:40:11, tokens_remaining: 2065, call: events, phase: playing
2026-06-13 19:40:12, tokens_remaining: 2064, call: scores, phase: playing
2026-06-13 19:40:13, tokens_remaining: 2064, call: scores, phase: playing
2026-06-13 19:40:14, tokens_remaining: 2063, call: scores, phase: playing
2026-06-13 19:40:15, tokens_remaining: 2063, call: scores, phase: playing
2026-06-13 19:40:16, tokens_remaining: 2062, call: scores, phase: playing
2026-06-13 19:40:17, tokens_remaining: 2062, call: scores, phase: playing
2026-06-13 19:40:18, tokens_remaining: 2061, call: scores, phase: playing
2026-06-13 19:40:18, tokens_remaining: 2061, call: scores, phase: playing
2026-06-13 19:40:19, tokens_remaining: 2060, call: scores, phase: playing
2026-06-13 19:40:20, tokens_remaining: 2059, call: events, phase: playing
2026-06-13 19:40:22, tokens_remaining: 2058, call: scores, phase: playing
2026-06-13 19:40:22, tokens_remaining: 2058, call: scores, phase: playing
2026-06-13 19:40:23, tokens_remaining: 2057, call: scores, phase: playing
2026-06-13 19:40:24, tokens_remaining: 2057, call: scores, phase: playing
2026-06-13 19:40:25, tokens_remaining: 2056, call: scores, phase: playing
2026-06-13 19:40:26, tokens_remaining: 2056, call: scores, phase: playing
2026-06-13 19:40:27, tokens_remaining: 2055, call: scores, phase: playing
2026-06-13 19:40:28, tokens_remaining: 2055, call: scores, phase: playing
2026-06-13 19:40:29, tokens_remaining: 2054, call: scores, phase: playing
2026-06-13 19:40:30, tokens_remaining: 2053, call: events, phase: playing
2026-06-13 19:40:31, tokens_remaining: 2052, call: scores, phase: playing
2026-06-13 19:40:32, tokens_remaining: 2052, call: scores, phase: playing
2026-06-13 19:40:33, tokens_remaining: 2051, call: scores, phase: playing
2026-06-13 19:40:33, tokens_remaining: 2051, call: scores, phase: playing
2026-06-13 19:40:34, tokens_remaining: 2050, call: scores, phase: playing
2026-06-13 19:40:35, tokens_remaining: 2050, call: scores, phase: playing
2026-06-13 19:40:36, tokens_remaining: 2049, call: scores, phase: playing
2026-06-13 19:40:37, tokens_remaining: 2049, call: scores, phase: playing
2026-06-13 19:40:38, tokens_remaining: 2048, call: scores, phase: playing
2026-06-13 19:40:39, tokens_remaining: 2047, call: events, phase: playing
2026-06-13 19:40:40, tokens_remaining: 2046, call: scores, phase: playing
2026-06-13 19:40:41, tokens_remaining: 2046, call: scores, phase: playing
2026-06-13 19:40:42, tokens_remaining: 2045, call: scores, phase: playing
2026-06-13 19:40:43, tokens_remaining: 2045, call: scores, phase: playing
2026-06-13 19:40:44, tokens_remaining: 2044, call: scores, phase: playing
2026-06-13 19:40:44, tokens_remaining: 2044, call: scores, phase: playing
2026-06-13 19:40:45, tokens_remaining: 2043, call: scores, phase: playing
2026-06-13 19:40:46, tokens_remaining: 2043, call: scores, phase: playing
2026-06-13 19:40:47, tokens_remaining: 2042, call: scores, phase: playing
2026-06-13 19:40:48, tokens_remaining: 2041, call: events, phase: playing
2026-06-13 19:40:49, tokens_remaining: 2040, call: scores, phase: playing
2026-06-13 19:40:50, tokens_remaining: 2040, call: scores, phase: playing
2026-06-13 19:40:51, tokens_remaining: 2039, call: scores, phase: playing
2026-06-13 19:40:52, tokens_remaining: 2039, call: scores, phase: playing
2026-06-13 19:40:53, tokens_remaining: 2038, call: scores, phase: playing
2026-06-13 19:40:54, tokens_remaining: 2038, call: scores, phase: playing
2026-06-13 19:40:55, tokens_remaining: 2037, call: scores, phase: playing
2026-06-13 19:40:55, tokens_remaining: 2037, call: scores, phase: playing
2026-06-13 19:40:57, tokens_remaining: 2036, call: scores, phase: playing
2026-06-13 19:40:58, tokens_remaining: 2035, call: events, phase: playing
2026-06-13 19:40:59, tokens_remaining: 2034, call: scores, phase: playing
2026-06-13 19:40:59, tokens_remaining: 2034, call: scores, phase: playing
2026-06-13 19:41:00, tokens_remaining: 2033, call: scores, phase: playing
2026-06-13 19:41:01, tokens_remaining: 2033, call: scores, phase: playing
2026-06-13 19:41:02, tokens_remaining: 2032, call: scores, phase: playing
2026-06-13 19:41:03, tokens_remaining: 2032, call: scores, phase: playing
2026-06-13 19:41:04, tokens_remaining: 2031, call: scores, phase: playing
2026-06-13 19:41:05, tokens_remaining: 2031, call: scores, phase: playing
2026-06-13 19:41:06, tokens_remaining: 2030, call: scores, phase: playing
2026-06-13 19:41:07, tokens_remaining: 2029, call: events, phase: playing
2026-06-13 19:41:08, tokens_remaining: 2028, call: scores, phase: playing
2026-06-13 19:41:09, tokens_remaining: 2028, call: scores, phase: playing
2026-06-13 19:41:10, tokens_remaining: 2027, call: scores, phase: playing
2026-06-13 19:41:10, tokens_remaining: 2027, call: scores, phase: playing
2026-06-13 19:41:11, tokens_remaining: 2026, call: scores, phase: playing
2026-06-13 19:41:12, tokens_remaining: 2026, call: scores, phase: playing
2026-06-13 19:41:13, tokens_remaining: 2025, call: scores, phase: playing
2026-06-13 19:41:14, tokens_remaining: 2025, call: scores, phase: playing
2026-06-13 19:41:15, tokens_remaining: 2024, call: scores, phase: playing
2026-06-13 19:41:16, tokens_remaining: 2023, call: events, phase: playing
2026-06-13 19:41:17, tokens_remaining: 2022, call: scores, phase: playing
2026-06-13 19:41:18, tokens_remaining: 2022, call: scores, phase: playing
2026-06-13 19:41:19, tokens_remaining: 2021, call: scores, phase: playing
2026-06-13 19:41:20, tokens_remaining: 2021, call: scores, phase: playing
2026-06-13 19:41:21, tokens_remaining: 2020, call: scores, phase: playing
2026-06-13 19:41:21, tokens_remaining: 2020, call: scores, phase: playing
2026-06-13 19:41:22, tokens_remaining: 2019, call: scores, phase: playing
2026-06-13 19:41:23, tokens_remaining: 2019, call: scores, phase: playing
2026-06-13 19:41:24, tokens_remaining: 2018, call: scores, phase: playing
2026-06-13 19:41:25, tokens_remaining: 2017, call: events, phase: playing
2026-06-13 19:41:26, tokens_remaining: 2016, call: scores, phase: playing
2026-06-13 19:41:27, tokens_remaining: 2016, call: scores, phase: playing
2026-06-13 19:41:28, tokens_remaining: 2015, call: scores, phase: playing
2026-06-13 19:41:29, tokens_remaining: 2015, call: scores, phase: playing
2026-06-13 19:41:30, tokens_remaining: 2014, call: scores, phase: playing
2026-06-13 19:41:31, tokens_remaining: 2014, call: scores, phase: playing
2026-06-13 19:41:32, tokens_remaining: 2013, call: scores, phase: playing
2026-06-13 19:41:32, tokens_remaining: 2013, call: scores, phase: playing
2026-06-13 19:41:33, tokens_remaining: 2012, call: scores, phase: playing
2026-06-13 19:41:35, tokens_remaining: 2011, call: events, phase: playing
2026-06-13 19:41:36, tokens_remaining: 2010, call: scores, phase: playing
2026-06-13 19:41:36, tokens_remaining: 2010, call: scores, phase: playing
2026-06-13 19:41:37, tokens_remaining: 2009, call: scores, phase: playing
2026-06-13 19:41:38, tokens_remaining: 2009, call: scores, phase: playing
2026-06-13 19:41:39, tokens_remaining: 2008, call: scores, phase: playing
2026-06-13 19:41:40, tokens_remaining: 2008, call: scores, phase: playing
2026-06-13 19:41:41, tokens_remaining: 2007, call: scores, phase: playing
2026-06-13 19:41:42, tokens_remaining: 2007, call: scores, phase: playing
2026-06-13 19:41:43, tokens_remaining: 2006, call: scores, phase: playing
2026-06-13 19:41:44, tokens_remaining: 2005, call: events, phase: playing
2026-06-13 19:41:45, tokens_remaining: 2004, call: scores, phase: playing
2026-06-13 19:41:46, tokens_remaining: 2004, call: scores, phase: playing
2026-06-13 19:41:47, tokens_remaining: 2003, call: scores, phase: playing
2026-06-13 19:41:47, tokens_remaining: 2003, call: scores, phase: playing
2026-06-13 19:41:48, tokens_remaining: 2002, call: scores, phase: playing
2026-06-13 19:41:49, tokens_remaining: 2002, call: scores, phase: playing
2026-06-13 19:41:50, tokens_remaining: 2001, call: scores, phase: playing
2026-06-13 19:41:51, tokens_remaining: 2001, call: scores, phase: playing
2026-06-13 19:41:52, tokens_remaining: 2000, call: scores, phase: playing
2026-06-13 19:41:53, tokens_remaining: 1999, call: events, phase: playing
2026-06-13 19:41:54, tokens_remaining: 1998, call: scores, phase: playing
2026-06-13 19:41:55, tokens_remaining: 1998, call: scores, phase: playing
2026-06-13 19:41:56, tokens_remaining: 1997, call: scores, phase: playing
2026-06-13 19:41:57, tokens_remaining: 1997, call: scores, phase: playing
2026-06-13 19:41:58, tokens_remaining: 1996, call: scores, phase: playing
2026-06-13 19:41:58, tokens_remaining: 1996, call: scores, phase: playing
2026-06-13 19:41:59, tokens_remaining: 1995, call: scores, phase: playing
2026-06-13 19:42:00, tokens_remaining: 1995, call: scores, phase: playing
2026-06-13 19:42:01, tokens_remaining: 1994, call: scores, phase: playing
2026-06-13 19:42:02, tokens_remaining: 1993, call: events, phase: playing
2026-06-13 19:42:03, tokens_remaining: 1992, call: scores, phase: playing
2026-06-13 19:42:04, tokens_remaining: 1992, call: scores, phase: playing
2026-06-13 19:42:05, tokens_remaining: 1991, call: scores, phase: playing
2026-06-13 19:42:06, tokens_remaining: 1991, call: scores, phase: playing
2026-06-13 19:42:07, tokens_remaining: 1990, call: scores, phase: playing
2026-06-13 19:42:08, tokens_remaining: 1990, call: scores, phase: playing
2026-06-13 19:42:09, tokens_remaining: 1989, call: scores, phase: playing
2026-06-13 19:42:10, tokens_remaining: 1989, call: scores, phase: playing
2026-06-13 19:42:11, tokens_remaining: 1988, call: scores, phase: playing
2026-06-13 19:42:12, tokens_remaining: 1987, call: events, phase: playing
2026-06-13 19:42:13, tokens_remaining: 1986, call: scores, phase: playing
2026-06-13 19:42:14, tokens_remaining: 1986, call: scores, phase: playing
2026-06-13 19:42:15, tokens_remaining: 1985, call: scores, phase: playing
2026-06-13 19:42:15, tokens_remaining: 1985, call: scores, phase: playing
2026-06-13 19:42:16, tokens_remaining: 1984, call: scores, phase: playing
2026-06-13 19:42:17, tokens_remaining: 1984, call: scores, phase: playing
2026-06-13 19:42:18, tokens_remaining: 1983, call: scores, phase: playing
2026-06-13 19:42:19, tokens_remaining: 1983, call: scores, phase: playing
2026-06-13 19:42:20, tokens_remaining: 1982, call: scores, phase: playing
2026-06-13 19:42:21, tokens_remaining: 1981, call: events, phase: playing
2026-06-13 19:42:22, tokens_remaining: 1980, call: scores, phase: playing
2026-06-13 19:42:23, tokens_remaining: 1980, call: scores, phase: playing
2026-06-13 19:42:24, tokens_remaining: 1979, call: scores, phase: playing
2026-06-13 19:42:25, tokens_remaining: 1979, call: scores, phase: playing
2026-06-13 19:42:26, tokens_remaining: 1978, call: scores, phase: playing
2026-06-13 19:42:26, tokens_remaining: 1978, call: scores, phase: playing
2026-06-13 19:42:27, tokens_remaining: 1977, call: scores, phase: playing
2026-06-13 19:42:28, tokens_remaining: 1977, call: scores, phase: playing
2026-06-13 19:42:29, tokens_remaining: 1976, call: scores, phase: playing
2026-06-13 19:42:30, tokens_remaining: 1975, call: events, phase: playing
2026-06-13 19:42:31, tokens_remaining: 1974, call: scores, phase: playing
2026-06-13 19:42:32, tokens_remaining: 1974, call: scores, phase: playing
2026-06-13 19:42:33, tokens_remaining: 1973, call: scores, phase: playing
2026-06-13 19:42:34, tokens_remaining: 1973, call: scores, phase: playing
2026-06-13 19:42:35, tokens_remaining: 1972, call: scores, phase: playing
2026-06-13 19:42:36, tokens_remaining: 1972, call: scores, phase: playing
2026-06-13 19:42:37, tokens_remaining: 1971, call: scores, phase: playing
2026-06-13 19:42:37, tokens_remaining: 1971, call: scores, phase: playing
2026-06-13 19:42:38, tokens_remaining: 1970, call: scores, phase: playing
2026-06-13 19:42:40, tokens_remaining: 1969, call: events, phase: playing
2026-06-13 19:42:41, tokens_remaining: 1968, call: scores, phase: playing
2026-06-13 19:42:41, tokens_remaining: 1968, call: scores, phase: playing
2026-06-13 19:42:42, tokens_remaining: 1967, call: scores, phase: playing
2026-06-13 19:42:43, tokens_remaining: 1967, call: scores, phase: playing
2026-06-13 19:42:44, tokens_remaining: 1966, call: scores, phase: playing
2026-06-13 19:42:45, tokens_remaining: 1966, call: scores, phase: playing
2026-06-13 19:42:46, tokens_remaining: 1965, call: scores, phase: playing
2026-06-13 19:42:47, tokens_remaining: 1965, call: scores, phase: playing
2026-06-13 19:42:48, tokens_remaining: 1964, call: scores, phase: playing
2026-06-13 19:42:49, tokens_remaining: 1963, call: events, phase: playing
2026-06-13 19:42:50, tokens_remaining: 1962, call: scores, phase: playing
2026-06-13 19:42:51, tokens_remaining: 1962, call: scores, phase: playing
2026-06-13 19:42:52, tokens_remaining: 1961, call: scores, phase: playing
2026-06-13 19:42:52, tokens_remaining: 1961, call: scores, phase: playing
2026-06-13 19:42:53, tokens_remaining: 1960, call: scores, phase: playing
2026-06-13 19:42:54, tokens_remaining: 1960, call: scores, phase: playing
2026-06-13 19:42:55, tokens_remaining: 1959, call: scores, phase: playing
2026-06-13 19:42:56, tokens_remaining: 1959, call: scores, phase: playing
2026-06-13 19:42:57, tokens_remaining: 1958, call: scores, phase: playing
2026-06-13 19:42:58, tokens_remaining: 1957, call: events, phase: playing
2026-06-13 19:42:59, tokens_remaining: 1956, call: scores, phase: playing
2026-06-13 19:43:00, tokens_remaining: 1956, call: scores, phase: playing
2026-06-13 19:43:01, tokens_remaining: 1955, call: scores, phase: playing
2026-06-13 19:43:02, tokens_remaining: 1955, call: scores, phase: playing
2026-06-13 19:43:03, tokens_remaining: 1954, call: scores, phase: playing
2026-06-13 19:43:03, tokens_remaining: 1954, call: scores, phase: playing
2026-06-13 19:43:04, tokens_remaining: 1953, call: scores, phase: playing
2026-06-13 19:43:05, tokens_remaining: 1953, call: scores, phase: playing
2026-06-13 19:43:06, tokens_remaining: 1952, call: scores, phase: playing
2026-06-13 19:43:07, tokens_remaining: 1951, call: events, phase: playing
2026-06-13 19:43:08, tokens_remaining: 1950, call: scores, phase: playing
2026-06-13 19:43:09, tokens_remaining: 1950, call: scores, phase: playing
2026-06-13 19:43:10, tokens_remaining: 1949, call: scores, phase: playing
2026-06-13 19:43:11, tokens_remaining: 1949, call: scores, phase: playing
2026-06-13 19:43:12, tokens_remaining: 1948, call: scores, phase: playing
2026-06-13 19:43:13, tokens_remaining: 1948, call: scores, phase: playing
2026-06-13 19:43:14, tokens_remaining: 1947, call: scores, phase: playing
2026-06-13 19:43:15, tokens_remaining: 1947, call: scores, phase: playing
2026-06-13 19:43:16, tokens_remaining: 1946, call: scores, phase: playing
2026-06-13 19:43:17, tokens_remaining: 1945, call: events, phase: playing
2026-06-13 19:43:18, tokens_remaining: 1944, call: scores, phase: playing
2026-06-13 19:43:18, tokens_remaining: 1944, call: scores, phase: playing
2026-06-13 19:43:19, tokens_remaining: 1943, call: scores, phase: playing
2026-06-13 19:43:20, tokens_remaining: 1943, call: scores, phase: playing
2026-06-13 19:43:21, tokens_remaining: 1942, call: scores, phase: playing
2026-06-13 19:43:22, tokens_remaining: 1942, call: scores, phase: playing
2026-06-13 19:43:23, tokens_remaining: 1941, call: scores, phase: playing
2026-06-13 19:43:24, tokens_remaining: 1941, call: scores, phase: playing
2026-06-13 19:43:25, tokens_remaining: 1940, call: scores, phase: playing
2026-06-13 19:43:26, tokens_remaining: 1939, call: events, phase: playing
2026-06-13 19:43:27, tokens_remaining: 1938, call: scores, phase: playing
2026-06-13 19:43:28, tokens_remaining: 1938, call: scores, phase: playing
2026-06-13 19:43:29, tokens_remaining: 1937, call: scores, phase: playing
2026-06-13 19:43:29, tokens_remaining: 1937, call: scores, phase: playing
2026-06-13 19:43:30, tokens_remaining: 1936, call: scores, phase: playing
2026-06-13 19:43:31, tokens_remaining: 1936, call: scores, phase: playing
2026-06-13 19:43:32, tokens_remaining: 1935, call: scores, phase: playing
2026-06-13 19:43:33, tokens_remaining: 1935, call: scores, phase: playing
2026-06-13 19:43:34, tokens_remaining: 1934, call: scores, phase: playing
2026-06-13 19:43:35, tokens_remaining: 1933, call: events, phase: playing
2026-06-13 19:43:36, tokens_remaining: 1932, call: scores, phase: playing
2026-06-13 19:43:37, tokens_remaining: 1932, call: scores, phase: playing
2026-06-13 19:43:38, tokens_remaining: 1931, call: scores, phase: playing
2026-06-13 19:43:39, tokens_remaining: 1931, call: scores, phase: playing
2026-06-13 19:43:40, tokens_remaining: 1930, call: scores, phase: playing
2026-06-13 19:43:40, tokens_remaining: 1930, call: scores, phase: playing
2026-06-13 19:43:41, tokens_remaining: 1929, call: scores, phase: playing
2026-06-13 19:43:42, tokens_remaining: 1929, call: scores, phase: playing
2026-06-13 19:43:43, tokens_remaining: 1928, call: scores, phase: playing
2026-06-13 19:43:44, tokens_remaining: 1927, call: events, phase: playing
2026-06-13 19:43:45, tokens_remaining: 1926, call: scores, phase: playing
2026-06-13 19:43:46, tokens_remaining: 1926, call: scores, phase: playing
2026-06-13 19:43:47, tokens_remaining: 1925, call: scores, phase: playing
2026-06-13 19:43:48, tokens_remaining: 1925, call: scores, phase: playing
2026-06-13 19:43:49, tokens_remaining: 1924, call: scores, phase: playing
2026-06-13 19:43:50, tokens_remaining: 1924, call: scores, phase: playing
2026-06-13 19:43:51, tokens_remaining: 1923, call: scores, phase: playing
2026-06-13 19:43:51, tokens_remaining: 1923, call: scores, phase: playing
2026-06-13 19:43:52, tokens_remaining: 1922, call: scores, phase: playing
2026-06-13 19:43:54, tokens_remaining: 1921, call: events, phase: playing
2026-06-13 19:43:55, tokens_remaining: 1920, call: scores, phase: playing
2026-06-13 19:43:55, tokens_remaining: 1920, call: scores, phase: playing
2026-06-13 19:43:56, tokens_remaining: 1919, call: scores, phase: playing
2026-06-13 19:43:57, tokens_remaining: 1919, call: scores, phase: playing
2026-06-13 19:43:58, tokens_remaining: 1918, call: scores, phase: playing
2026-06-13 19:43:59, tokens_remaining: 1918, call: scores, phase: playing
2026-06-13 19:44:00, tokens_remaining: 1917, call: scores, phase: playing
2026-06-13 19:44:01, tokens_remaining: 1917, call: scores, phase: playing
2026-06-13 19:44:02, tokens_remaining: 1916, call: scores, phase: playing
2026-06-13 19:44:03, tokens_remaining: 1915, call: events, phase: playing
2026-06-13 19:44:04, tokens_remaining: 1914, call: scores, phase: playing
2026-06-13 19:44:05, tokens_remaining: 1914, call: scores, phase: playing
2026-06-13 19:44:06, tokens_remaining: 1913, call: scores, phase: playing
2026-06-13 19:44:06, tokens_remaining: 1913, call: scores, phase: playing
2026-06-13 19:44:07, tokens_remaining: 1912, call: scores, phase: playing
2026-06-13 19:44:08, tokens_remaining: 1912, call: scores, phase: playing
2026-06-13 19:44:09, tokens_remaining: 1911, call: scores, phase: playing
2026-06-13 19:44:10, tokens_remaining: 1911, call: scores, phase: playing
2026-06-13 19:44:11, tokens_remaining: 1910, call: scores, phase: playing
2026-06-13 19:44:12, tokens_remaining: 1909, call: events, phase: playing
2026-06-13 19:44:13, tokens_remaining: 1908, call: scores, phase: playing
2026-06-13 19:44:14, tokens_remaining: 1908, call: scores, phase: playing
2026-06-13 19:44:15, tokens_remaining: 1907, call: scores, phase: playing
2026-06-13 19:44:16, tokens_remaining: 1907, call: scores, phase: playing
2026-06-13 19:44:17, tokens_remaining: 1906, call: scores, phase: playing
2026-06-13 19:44:17, tokens_remaining: 1906, call: scores, phase: playing
2026-06-13 19:44:18, tokens_remaining: 1905, call: scores, phase: playing
2026-06-13 19:44:19, tokens_remaining: 1905, call: scores, phase: playing
2026-06-13 19:44:20, tokens_remaining: 1904, call: scores, phase: playing
2026-06-13 19:44:21, tokens_remaining: 1903, call: events, phase: playing
2026-06-13 19:44:22, tokens_remaining: 1902, call: scores, phase: playing
2026-06-13 19:44:23, tokens_remaining: 1902, call: scores, phase: playing
2026-06-13 19:44:24, tokens_remaining: 1901, call: scores, phase: playing
2026-06-13 19:44:25, tokens_remaining: 1901, call: scores, phase: playing
2026-06-13 19:44:26, tokens_remaining: 1900, call: scores, phase: playing
2026-06-13 19:44:27, tokens_remaining: 1900, call: scores, phase: playing
2026-06-13 19:44:28, tokens_remaining: 1899, call: scores, phase: playing
2026-06-13 19:44:28, tokens_remaining: 1899, call: scores, phase: playing
2026-06-13 19:44:29, tokens_remaining: 1898, call: scores, phase: playing
2026-06-13 19:44:30, tokens_remaining: 1897, call: events, phase: playing
2026-06-13 19:44:32, tokens_remaining: 1896, call: scores, phase: playing
2026-06-13 19:44:32, tokens_remaining: 1896, call: scores, phase: playing
2026-06-13 19:44:33, tokens_remaining: 1895, call: scores, phase: playing
2026-06-13 19:44:34, tokens_remaining: 1895, call: scores, phase: playing
2026-06-13 19:44:35, tokens_remaining: 1894, call: scores, phase: playing
2026-06-13 19:44:36, tokens_remaining: 1894, call: scores, phase: playing
2026-06-13 19:44:37, tokens_remaining: 1893, call: scores, phase: playing
2026-06-13 19:44:38, tokens_remaining: 1893, call: scores, phase: playing
2026-06-13 19:44:39, tokens_remaining: 1892, call: scores, phase: playing
2026-06-13 19:44:40, tokens_remaining: 1891, call: events, phase: playing
2026-06-13 19:44:41, tokens_remaining: 1890, call: scores, phase: playing
2026-06-13 19:44:42, tokens_remaining: 1890, call: scores, phase: playing
2026-06-13 19:44:43, tokens_remaining: 1889, call: scores, phase: playing
2026-06-13 19:44:43, tokens_remaining: 1889, call: scores, phase: playing
2026-06-13 19:44:44, tokens_remaining: 1888, call: scores, phase: playing
2026-06-13 19:44:45, tokens_remaining: 1888, call: scores, phase: playing
2026-06-13 19:44:46, tokens_remaining: 1887, call: scores, phase: playing
2026-06-13 19:44:47, tokens_remaining: 1887, call: scores, phase: playing
2026-06-13 19:44:48, tokens_remaining: 1886, call: scores, phase: playing
2026-06-13 19:44:49, tokens_remaining: 1885, call: events, phase: playing
2026-06-13 19:44:50, tokens_remaining: 1884, call: scores, phase: playing
2026-06-13 19:44:51, tokens_remaining: 1884, call: scores, phase: playing
2026-06-13 19:44:52, tokens_remaining: 1883, call: scores, phase: playing
2026-06-13 19:44:53, tokens_remaining: 1883, call: scores, phase: playing
2026-06-13 19:44:54, tokens_remaining: 1882, call: scores, phase: playing
2026-06-13 19:44:54, tokens_remaining: 1882, call: scores, phase: playing
2026-06-13 19:44:55, tokens_remaining: 1881, call: scores, phase: playing
2026-06-13 19:44:56, tokens_remaining: 1881, call: scores, phase: playing
2026-06-13 19:44:57, tokens_remaining: 1880, call: scores, phase: playing
2026-06-13 19:44:58, tokens_remaining: 1879, call: events, phase: playing
2026-06-13 19:44:59, tokens_remaining: 1878, call: scores, phase: playing
2026-06-13 19:45:00, tokens_remaining: 1878, call: scores, phase: playing
2026-06-13 19:45:01, tokens_remaining: 1877, call: scores, phase: playing
2026-06-13 19:45:02, tokens_remaining: 1877, call: scores, phase: playing
2026-06-13 19:45:03, tokens_remaining: 1876, call: scores, phase: playing
2026-06-13 19:45:04, tokens_remaining: 1876, call: scores, phase: playing
2026-06-13 19:45:05, tokens_remaining: 1875, call: scores, phase: playing
2026-06-13 19:45:06, tokens_remaining: 1875, call: scores, phase: playing
2026-06-13 19:45:07, tokens_remaining: 1874, call: scores, phase: playing
2026-06-13 19:45:08, tokens_remaining: 1873, call: events, phase: playing
2026-06-13 19:45:09, tokens_remaining: 1872, call: scores, phase: playing
2026-06-13 19:45:09, tokens_remaining: 1872, call: scores, phase: playing
2026-06-13 19:45:10, tokens_remaining: 1871, call: scores, phase: playing
2026-06-13 19:45:11, tokens_remaining: 1871, call: scores, phase: playing
2026-06-13 19:45:12, tokens_remaining: 1870, call: scores, phase: playing
2026-06-13 19:45:13, tokens_remaining: 1870, call: scores, phase: playing
2026-06-13 19:45:14, tokens_remaining: 1869, call: scores, phase: playing
2026-06-13 19:45:15, tokens_remaining: 1869, call: scores, phase: playing
2026-06-13 19:45:16, tokens_remaining: 1868, call: scores, phase: playing
2026-06-13 19:45:17, tokens_remaining: 1867, call: events, phase: playing
2026-06-13 19:45:17, EVENT: SUBSTITUTION 80' Ayoube Amaimouni-Echghouyab [Brazil vs Morocco]
2026-06-13 19:45:17, EVENT: SUBSTITUTION 80' Anass Salah-Eddine [Brazil vs Morocco]
2026-06-13 19:45:18, tokens_remaining: 1866, call: scores, phase: playing
2026-06-13 19:45:19, tokens_remaining: 1866, call: scores, phase: playing
2026-06-13 19:45:20, tokens_remaining: 1865, call: scores, phase: playing
2026-06-13 19:45:21, tokens_remaining: 1865, call: scores, phase: playing
2026-06-13 19:45:22, tokens_remaining: 1864, call: scores, phase: playing
2026-06-13 19:45:22, tokens_remaining: 1864, call: scores, phase: playing
2026-06-13 19:45:23, tokens_remaining: 1863, call: scores, phase: playing
2026-06-13 19:45:24, tokens_remaining: 1863, call: scores, phase: playing
2026-06-13 19:45:25, tokens_remaining: 1862, call: scores, phase: playing
2026-06-13 19:45:26, tokens_remaining: 1861, call: events, phase: playing
2026-06-13 19:45:26, EVENT: SUBSTITUTION 80' Anass Salah-Eddine [Brazil vs Morocco]
2026-06-13 19:45:27, tokens_remaining: 1860, call: scores, phase: playing
2026-06-13 19:45:28, tokens_remaining: 1860, call: scores, phase: playing
2026-06-13 19:45:29, tokens_remaining: 1859, call: scores, phase: playing
2026-06-13 19:45:30, tokens_remaining: 1859, call: scores, phase: playing
2026-06-13 19:45:31, tokens_remaining: 1858, call: scores, phase: playing
2026-06-13 19:45:32, tokens_remaining: 1858, call: scores, phase: playing
2026-06-13 19:45:33, tokens_remaining: 1857, call: scores, phase: playing
2026-06-13 19:45:33, tokens_remaining: 1857, call: scores, phase: playing
2026-06-13 19:45:34, tokens_remaining: 1856, call: scores, phase: playing
2026-06-13 19:45:35, tokens_remaining: 1855, call: events, phase: playing
2026-06-13 19:45:36, tokens_remaining: 1854, call: scores, phase: playing
2026-06-13 19:45:37, tokens_remaining: 1854, call: scores, phase: playing
2026-06-13 19:45:38, tokens_remaining: 1853, call: scores, phase: playing
2026-06-13 19:45:39, tokens_remaining: 1853, call: scores, phase: playing
2026-06-13 19:45:40, tokens_remaining: 1852, call: scores, phase: playing
2026-06-13 19:45:41, tokens_remaining: 1852, call: scores, phase: playing
2026-06-13 19:45:42, tokens_remaining: 1851, call: scores, phase: playing
2026-06-13 19:45:43, tokens_remaining: 1851, call: scores, phase: playing
2026-06-13 19:45:44, tokens_remaining: 1850, call: scores, phase: playing
2026-06-13 19:45:45, tokens_remaining: 1849, call: events, phase: playing
2026-06-13 19:45:46, tokens_remaining: 1848, call: scores, phase: playing
2026-06-13 19:45:47, tokens_remaining: 1848, call: scores, phase: playing
2026-06-13 19:45:48, tokens_remaining: 1847, call: scores, phase: playing
2026-06-13 19:45:48, tokens_remaining: 1847, call: scores, phase: playing
2026-06-13 19:45:49, tokens_remaining: 1846, call: scores, phase: playing
2026-06-13 19:45:50, tokens_remaining: 1846, call: scores, phase: playing
2026-06-13 19:45:51, tokens_remaining: 1845, call: scores, phase: playing
2026-06-13 19:45:52, tokens_remaining: 1845, call: scores, phase: playing
2026-06-13 19:45:53, tokens_remaining: 1844, call: scores, phase: playing
2026-06-13 19:45:54, tokens_remaining: 1843, call: events, phase: playing
2026-06-13 19:45:55, tokens_remaining: 1842, call: scores, phase: playing
2026-06-13 19:45:56, tokens_remaining: 1842, call: scores, phase: playing
2026-06-13 19:45:57, tokens_remaining: 1841, call: scores, phase: playing
2026-06-13 19:45:58, tokens_remaining: 1841, call: scores, phase: playing
2026-06-13 19:45:59, tokens_remaining: 1840, call: scores, phase: playing
2026-06-13 19:45:59, tokens_remaining: 1840, call: scores, phase: playing
2026-06-13 19:46:00, tokens_remaining: 1839, call: scores, phase: playing
2026-06-13 19:46:01, tokens_remaining: 1839, call: scores, phase: playing
2026-06-13 19:46:02, tokens_remaining: 1838, call: scores, phase: playing
2026-06-13 19:46:03, tokens_remaining: 1837, call: events, phase: playing
2026-06-13 19:46:04, tokens_remaining: 1836, call: scores, phase: playing
2026-06-13 19:46:05, tokens_remaining: 1836, call: scores, phase: playing
2026-06-13 19:46:06, tokens_remaining: 1835, call: scores, phase: playing
2026-06-13 19:46:07, tokens_remaining: 1835, call: scores, phase: playing
2026-06-13 19:46:08, tokens_remaining: 1834, call: scores, phase: playing
2026-06-13 19:46:09, tokens_remaining: 1834, call: scores, phase: playing
2026-06-13 19:46:10, tokens_remaining: 1833, call: scores, phase: playing
2026-06-13 19:46:10, tokens_remaining: 1833, call: scores, phase: playing
2026-06-13 19:46:11, tokens_remaining: 1832, call: scores, phase: playing
2026-06-13 19:46:12, tokens_remaining: 1831, call: events, phase: playing
2026-06-13 19:46:14, tokens_remaining: 1830, call: scores, phase: playing
2026-06-13 19:46:14, tokens_remaining: 1830, call: scores, phase: playing
2026-06-13 19:46:15, tokens_remaining: 1829, call: scores, phase: playing
2026-06-13 19:46:16, tokens_remaining: 1829, call: scores, phase: playing
2026-06-13 19:46:17, tokens_remaining: 1828, call: scores, phase: playing
2026-06-13 19:46:18, tokens_remaining: 1828, call: scores, phase: playing
2026-06-13 19:46:19, tokens_remaining: 1827, call: scores, phase: playing
2026-06-13 19:46:20, tokens_remaining: 1827, call: scores, phase: playing
2026-06-13 19:46:21, tokens_remaining: 1826, call: scores, phase: playing
2026-06-13 19:46:22, tokens_remaining: 1825, call: events, phase: playing
2026-06-13 19:46:23, tokens_remaining: 1824, call: scores, phase: playing
2026-06-13 19:46:24, tokens_remaining: 1824, call: scores, phase: playing
2026-06-13 19:46:25, tokens_remaining: 1823, call: scores, phase: playing
2026-06-13 19:46:25, tokens_remaining: 1823, call: scores, phase: playing
2026-06-13 19:46:26, tokens_remaining: 1822, call: scores, phase: playing
2026-06-13 19:46:27, tokens_remaining: 1822, call: scores, phase: playing
2026-06-13 19:46:28, tokens_remaining: 1821, call: scores, phase: playing
2026-06-13 19:46:29, tokens_remaining: 1821, call: scores, phase: playing
2026-06-13 19:46:30, tokens_remaining: 1820, call: scores, phase: playing
2026-06-13 19:46:31, tokens_remaining: 1819, call: events, phase: playing
2026-06-13 19:46:32, tokens_remaining: 1818, call: scores, phase: playing
2026-06-13 19:46:33, tokens_remaining: 1818, call: scores, phase: playing
2026-06-13 19:46:34, tokens_remaining: 1817, call: scores, phase: playing
2026-06-13 19:46:35, tokens_remaining: 1817, call: scores, phase: playing
2026-06-13 19:46:36, tokens_remaining: 1816, call: scores, phase: playing
2026-06-13 19:46:37, tokens_remaining: 1816, call: scores, phase: playing
2026-06-13 19:46:38, tokens_remaining: 1815, call: scores, phase: playing
2026-06-13 19:46:38, tokens_remaining: 1815, call: scores, phase: playing
2026-06-13 19:46:40, tokens_remaining: 1814, call: scores, phase: playing
2026-06-13 19:46:41, tokens_remaining: 1813, call: events, phase: playing
2026-06-13 19:46:42, tokens_remaining: 1812, call: scores, phase: playing
2026-06-13 19:46:43, tokens_remaining: 1812, call: scores, phase: playing
2026-06-13 19:46:44, tokens_remaining: 1811, call: scores, phase: playing
2026-06-13 19:46:44, tokens_remaining: 1811, call: scores, phase: playing
2026-06-13 19:46:45, tokens_remaining: 1810, call: scores, phase: playing
2026-06-13 19:46:46, tokens_remaining: 1810, call: scores, phase: playing
2026-06-13 19:46:47, tokens_remaining: 1809, call: scores, phase: playing
2026-06-13 19:46:48, tokens_remaining: 1809, call: scores, phase: playing
2026-06-13 19:46:49, tokens_remaining: 1808, call: scores, phase: playing
2026-06-13 19:46:50, tokens_remaining: 1807, call: events, phase: playing
2026-06-13 19:46:51, tokens_remaining: 1806, call: scores, phase: playing
2026-06-13 19:46:52, tokens_remaining: 1806, call: scores, phase: playing
2026-06-13 19:46:53, tokens_remaining: 1805, call: scores, phase: playing
2026-06-13 19:46:54, tokens_remaining: 1805, call: scores, phase: playing
2026-06-13 19:46:55, tokens_remaining: 1804, call: scores, phase: playing
2026-06-13 19:46:56, tokens_remaining: 1804, call: scores, phase: playing
2026-06-13 19:46:57, tokens_remaining: 1803, call: scores, phase: playing
2026-06-13 19:46:57, tokens_remaining: 1803, call: scores, phase: playing
2026-06-13 19:46:58, tokens_remaining: 1802, call: scores, phase: playing
2026-06-13 19:46:59, tokens_remaining: 1801, call: events, phase: playing
2026-06-13 19:47:01, tokens_remaining: 1800, call: scores, phase: playing
2026-06-13 19:47:01, tokens_remaining: 1800, call: scores, phase: playing
2026-06-13 19:47:02, tokens_remaining: 1799, call: scores, phase: playing
2026-06-13 19:47:03, tokens_remaining: 1799, call: scores, phase: playing
2026-06-13 19:47:04, tokens_remaining: 1798, call: scores, phase: playing
2026-06-13 19:47:05, tokens_remaining: 1798, call: scores, phase: playing
2026-06-13 19:47:06, tokens_remaining: 1797, call: scores, phase: playing
2026-06-13 19:47:07, tokens_remaining: 1797, call: scores, phase: playing
2026-06-13 19:47:08, tokens_remaining: 1796, call: scores, phase: playing
2026-06-13 19:47:09, tokens_remaining: 1795, call: events, phase: playing
2026-06-13 19:47:10, tokens_remaining: 1794, call: scores, phase: playing
2026-06-13 19:47:11, tokens_remaining: 1794, call: scores, phase: playing
2026-06-13 19:47:12, tokens_remaining: 1793, call: scores, phase: playing
2026-06-13 19:47:12, tokens_remaining: 1793, call: scores, phase: playing
2026-06-13 19:47:14, tokens_remaining: 1792, call: scores, phase: playing
2026-06-13 19:47:14, tokens_remaining: 1792, call: scores, phase: playing
2026-06-13 19:47:15, tokens_remaining: 1791, call: scores, phase: playing
2026-06-13 19:47:16, tokens_remaining: 1791, call: scores, phase: playing
2026-06-13 19:47:17, tokens_remaining: 1790, call: scores, phase: playing
2026-06-13 19:47:18, tokens_remaining: 1789, call: events, phase: playing
2026-06-13 19:47:19, tokens_remaining: 1788, call: scores, phase: playing
2026-06-13 19:47:20, tokens_remaining: 1788, call: scores, phase: playing
2026-06-13 19:47:21, tokens_remaining: 1787, call: scores, phase: playing
2026-06-13 19:47:22, tokens_remaining: 1787, call: scores, phase: playing
2026-06-13 19:47:23, tokens_remaining: 1786, call: scores, phase: playing
2026-06-13 19:47:24, tokens_remaining: 1786, call: scores, phase: playing
2026-06-13 19:47:25, tokens_remaining: 1785, call: scores, phase: playing
2026-06-13 19:47:26, tokens_remaining: 1785, call: scores, phase: playing
2026-06-13 19:47:27, tokens_remaining: 1784, call: scores, phase: playing
2026-06-13 19:47:28, tokens_remaining: 1783, call: events, phase: playing
2026-06-13 19:47:29, tokens_remaining: 1782, call: scores, phase: playing
2026-06-13 19:47:30, tokens_remaining: 1782, call: scores, phase: playing
2026-06-13 19:47:31, tokens_remaining: 1781, call: scores, phase: playing
2026-06-13 19:47:32, tokens_remaining: 1781, call: scores, phase: playing
2026-06-13 19:47:33, tokens_remaining: 1780, call: scores, phase: playing
2026-06-13 19:47:33, tokens_remaining: 1780, call: scores, phase: playing
2026-06-13 19:47:34, tokens_remaining: 1779, call: scores, phase: playing
2026-06-13 19:47:35, tokens_remaining: 1779, call: scores, phase: playing
2026-06-13 19:47:36, tokens_remaining: 1778, call: scores, phase: playing
2026-06-13 19:47:37, tokens_remaining: 1777, call: events, phase: playing
2026-06-13 19:47:38, tokens_remaining: 1776, call: scores, phase: playing
2026-06-13 19:47:39, tokens_remaining: 1776, call: scores, phase: playing
2026-06-13 19:47:40, tokens_remaining: 1775, call: scores, phase: playing
2026-06-13 19:47:41, tokens_remaining: 1775, call: scores, phase: playing
2026-06-13 19:47:42, tokens_remaining: 1774, call: scores, phase: playing
2026-06-13 19:47:43, tokens_remaining: 1774, call: scores, phase: playing
2026-06-13 19:47:44, tokens_remaining: 1773, call: scores, phase: playing
2026-06-13 19:47:45, tokens_remaining: 1773, call: scores, phase: playing
2026-06-13 19:47:46, tokens_remaining: 1772, call: scores, phase: playing
2026-06-13 19:47:47, tokens_remaining: 1771, call: events, phase: playing
2026-06-13 19:47:48, tokens_remaining: 1770, call: scores, phase: playing
2026-06-13 19:47:49, tokens_remaining: 1770, call: scores, phase: playing
2026-06-13 19:47:50, tokens_remaining: 1769, call: scores, phase: playing
2026-06-13 19:47:50, tokens_remaining: 1769, call: scores, phase: playing
2026-06-13 19:47:51, tokens_remaining: 1768, call: scores, phase: playing
2026-06-13 19:47:52, tokens_remaining: 1768, call: scores, phase: playing
2026-06-13 19:47:53, tokens_remaining: 1767, call: scores, phase: playing
2026-06-13 19:47:54, tokens_remaining: 1767, call: scores, phase: playing
2026-06-13 19:47:55, tokens_remaining: 1766, call: scores, phase: playing
2026-06-13 19:47:56, tokens_remaining: 1765, call: events, phase: playing
2026-06-13 19:47:57, tokens_remaining: 1764, call: scores, phase: playing
2026-06-13 19:47:58, tokens_remaining: 1764, call: scores, phase: playing
2026-06-13 19:47:59, tokens_remaining: 1763, call: scores, phase: playing
2026-06-13 19:48:00, tokens_remaining: 1763, call: scores, phase: playing
2026-06-13 19:48:01, tokens_remaining: 1762, call: scores, phase: playing
2026-06-13 19:48:02, tokens_remaining: 1762, call: scores, phase: playing
2026-06-13 19:48:03, tokens_remaining: 1761, call: scores, phase: playing
2026-06-13 19:48:04, tokens_remaining: 1761, call: scores, phase: playing
2026-06-13 19:48:05, tokens_remaining: 1760, call: scores, phase: playing
2026-06-13 19:48:06, tokens_remaining: 1759, call: events, phase: playing
2026-06-13 19:48:08, tokens_remaining: 1758, call: scores, phase: playing
2026-06-13 19:48:08, tokens_remaining: 1758, call: scores, phase: playing
2026-06-13 19:48:09, tokens_remaining: 1757, call: scores, phase: playing
2026-06-13 19:48:10, tokens_remaining: 1757, call: scores, phase: playing
2026-06-13 19:48:11, tokens_remaining: 1756, call: scores, phase: playing
2026-06-13 19:48:12, tokens_remaining: 1756, call: scores, phase: playing
2026-06-13 19:48:13, tokens_remaining: 1755, call: scores, phase: playing
2026-06-13 19:48:14, tokens_remaining: 1755, call: scores, phase: playing
2026-06-13 19:48:15, tokens_remaining: 1754, call: scores, phase: playing
2026-06-13 19:48:16, tokens_remaining: 1753, call: events, phase: playing
2026-06-13 19:48:17, tokens_remaining: 1752, call: scores, phase: playing
2026-06-13 19:48:18, tokens_remaining: 1752, call: scores, phase: playing
2026-06-13 19:48:19, tokens_remaining: 1751, call: scores, phase: playing
2026-06-13 19:48:20, tokens_remaining: 1751, call: scores, phase: playing
2026-06-13 19:48:21, tokens_remaining: 1750, call: scores, phase: playing
2026-06-13 19:48:22, tokens_remaining: 1750, call: scores, phase: playing
2026-06-13 19:48:23, tokens_remaining: 1749, call: scores, phase: playing
2026-06-13 19:48:23, tokens_remaining: 1749, call: scores, phase: playing
2026-06-13 19:48:24, tokens_remaining: 1748, call: scores, phase: playing
2026-06-13 19:48:26, tokens_remaining: 1747, call: events, phase: playing
2026-06-13 19:48:27, tokens_remaining: 1746, call: scores, phase: playing
2026-06-13 19:48:27, tokens_remaining: 1746, call: scores, phase: playing
2026-06-13 19:48:28, tokens_remaining: 1745, call: scores, phase: playing
2026-06-13 19:48:29, tokens_remaining: 1745, call: scores, phase: playing
2026-06-13 19:48:30, tokens_remaining: 1744, call: scores, phase: playing
2026-06-13 19:48:31, tokens_remaining: 1744, call: scores, phase: playing
2026-06-13 19:48:32, tokens_remaining: 1743, call: scores, phase: playing
2026-06-13 19:48:33, tokens_remaining: 1743, call: scores, phase: playing
2026-06-13 19:48:34, tokens_remaining: 1742, call: scores, phase: playing
2026-06-13 19:48:35, tokens_remaining: 1741, call: events, phase: playing
2026-06-13 19:48:36, tokens_remaining: 1740, call: scores, phase: playing
2026-06-13 19:48:37, tokens_remaining: 1740, call: scores, phase: playing
2026-06-13 19:48:38, tokens_remaining: 1739, call: scores, phase: playing
2026-06-13 19:48:39, tokens_remaining: 1739, call: scores, phase: playing
2026-06-13 19:48:40, tokens_remaining: 1738, call: scores, phase: playing
2026-06-13 19:48:41, tokens_remaining: 1738, call: scores, phase: playing
2026-06-13 19:48:42, tokens_remaining: 1737, call: scores, phase: playing
2026-06-13 19:48:43, tokens_remaining: 1737, call: scores, phase: playing
2026-06-13 19:48:44, tokens_remaining: 1736, call: scores, phase: playing
2026-06-13 19:48:45, tokens_remaining: 1735, call: events, phase: playing
2026-06-13 19:48:46, tokens_remaining: 1734, call: scores, phase: playing
2026-06-13 19:48:47, tokens_remaining: 1734, call: scores, phase: playing
2026-06-13 19:48:48, tokens_remaining: 1733, call: scores, phase: playing
2026-06-13 19:48:48, tokens_remaining: 1733, call: scores, phase: playing
2026-06-13 19:48:49, tokens_remaining: 1732, call: scores, phase: playing
2026-06-13 19:48:50, tokens_remaining: 1732, call: scores, phase: playing
2026-06-13 19:48:51, tokens_remaining: 1731, call: scores, phase: playing
2026-06-13 19:48:52, tokens_remaining: 1731, call: scores, phase: playing
2026-06-13 19:48:53, tokens_remaining: 1730, call: scores, phase: playing
2026-06-13 19:48:54, tokens_remaining: 1729, call: events, phase: playing
2026-06-13 19:48:55, tokens_remaining: 1728, call: scores, phase: playing
2026-06-13 19:48:56, tokens_remaining: 1728, call: scores, phase: playing
2026-06-13 19:48:57, tokens_remaining: 1727, call: scores, phase: playing
2026-06-13 19:48:58, tokens_remaining: 1727, call: scores, phase: playing
2026-06-13 19:48:59, tokens_remaining: 1726, call: scores, phase: playing
2026-06-13 19:49:00, tokens_remaining: 1726, call: scores, phase: playing
2026-06-13 19:49:01, tokens_remaining: 1725, call: scores, phase: playing
2026-06-13 19:49:01, tokens_remaining: 1725, call: scores, phase: playing
2026-06-13 19:49:02, tokens_remaining: 1724, call: scores, phase: playing
2026-06-13 19:49:03, tokens_remaining: 1723, call: events, phase: playing
2026-06-13 19:49:05, tokens_remaining: 1722, call: scores, phase: playing
2026-06-13 19:49:05, tokens_remaining: 1722, call: scores, phase: playing
2026-06-13 19:49:06, tokens_remaining: 1721, call: scores, phase: playing
2026-06-13 19:49:07, tokens_remaining: 1721, call: scores, phase: playing
2026-06-13 19:49:08, tokens_remaining: 1720, call: scores, phase: playing
2026-06-13 19:49:09, tokens_remaining: 1720, call: scores, phase: playing
2026-06-13 19:49:10, tokens_remaining: 1719, call: scores, phase: playing
2026-06-13 19:49:11, tokens_remaining: 1719, call: scores, phase: playing
2026-06-13 19:49:12, tokens_remaining: 1718, call: scores, phase: playing
2026-06-13 19:49:13, tokens_remaining: 1717, call: events, phase: playing
2026-06-13 19:49:14, tokens_remaining: 1716, call: scores, phase: playing
2026-06-13 19:49:15, tokens_remaining: 1716, call: scores, phase: playing
2026-06-13 19:49:16, tokens_remaining: 1715, call: scores, phase: playing
2026-06-13 19:49:17, tokens_remaining: 1715, call: scores, phase: playing
2026-06-13 19:49:18, tokens_remaining: 1714, call: scores, phase: playing
2026-06-13 19:49:19, tokens_remaining: 1714, call: scores, phase: playing
2026-06-13 19:49:20, tokens_remaining: 1713, call: scores, phase: playing
2026-06-13 19:49:20, tokens_remaining: 1713, call: scores, phase: playing
2026-06-13 19:49:21, tokens_remaining: 1712, call: scores, phase: playing
2026-06-13 19:49:23, tokens_remaining: 1711, call: events, phase: playing
2026-06-13 19:49:24, tokens_remaining: 1710, call: scores, phase: playing
2026-06-13 19:49:24, tokens_remaining: 1710, call: scores, phase: playing
2026-06-13 19:49:25, tokens_remaining: 1709, call: scores, phase: playing
2026-06-13 19:49:26, tokens_remaining: 1709, call: scores, phase: playing
2026-06-13 19:49:27, tokens_remaining: 1708, call: scores, phase: playing
2026-06-13 19:49:28, tokens_remaining: 1708, call: scores, phase: playing
2026-06-13 19:49:29, tokens_remaining: 1707, call: scores, phase: playing
2026-06-13 19:49:30, tokens_remaining: 1707, call: scores, phase: playing
2026-06-13 19:49:31, tokens_remaining: 1706, call: scores, phase: playing
2026-06-13 19:49:32, tokens_remaining: 1705, call: events, phase: playing
2026-06-13 19:49:33, tokens_remaining: 1704, call: scores, phase: playing
2026-06-13 19:49:34, tokens_remaining: 1704, call: scores, phase: playing
2026-06-13 19:49:35, tokens_remaining: 1703, call: scores, phase: playing
2026-06-13 19:49:36, tokens_remaining: 1703, call: scores, phase: playing
2026-06-13 19:49:37, tokens_remaining: 1702, call: scores, phase: playing
2026-06-13 19:49:37, tokens_remaining: 1702, call: scores, phase: playing
2026-06-13 19:49:38, tokens_remaining: 1701, call: scores, phase: playing
2026-06-13 19:49:39, tokens_remaining: 1701, call: scores, phase: playing
2026-06-13 19:49:40, tokens_remaining: 1700, call: scores, phase: playing
2026-06-13 19:49:41, tokens_remaining: 1699, call: events, phase: playing
2026-06-13 19:49:42, tokens_remaining: 1698, call: scores, phase: playing
2026-06-13 19:49:43, tokens_remaining: 1698, call: scores, phase: playing
2026-06-13 19:49:44, tokens_remaining: 1697, call: scores, phase: playing
2026-06-13 19:49:45, tokens_remaining: 1697, call: scores, phase: playing
2026-06-13 19:49:46, tokens_remaining: 1696, call: scores, phase: playing
2026-06-13 19:49:47, tokens_remaining: 1696, call: scores, phase: playing
2026-06-13 19:49:48, tokens_remaining: 1695, call: scores, phase: playing
2026-06-13 19:49:49, tokens_remaining: 1695, call: scores, phase: playing
2026-06-13 19:49:50, tokens_remaining: 1694, call: scores, phase: playing
2026-06-13 19:49:51, tokens_remaining: 1693, call: events, phase: playing
2026-06-13 19:49:52, tokens_remaining: 1692, call: scores, phase: playing
2026-06-13 19:49:53, tokens_remaining: 1692, call: scores, phase: playing
2026-06-13 19:49:54, tokens_remaining: 1691, call: scores, phase: playing
2026-06-13 19:49:55, tokens_remaining: 1691, call: scores, phase: playing
2026-06-13 19:49:56, tokens_remaining: 1690, call: scores, phase: playing
2026-06-13 19:49:56, tokens_remaining: 1690, call: scores, phase: playing
2026-06-13 19:49:57, tokens_remaining: 1689, call: scores, phase: playing
2026-06-13 19:49:58, tokens_remaining: 1689, call: scores, phase: playing
2026-06-13 19:49:59, tokens_remaining: 1688, call: scores, phase: playing
2026-06-13 19:50:00, tokens_remaining: 1687, call: events, phase: playing
2026-06-13 19:50:01, tokens_remaining: 1686, call: scores, phase: playing
2026-06-13 19:50:02, tokens_remaining: 1686, call: scores, phase: playing
2026-06-13 19:50:03, tokens_remaining: 1685, call: scores, phase: playing
2026-06-13 19:50:04, tokens_remaining: 1685, call: scores, phase: playing
2026-06-13 19:50:05, tokens_remaining: 1684, call: scores, phase: playing
2026-06-13 19:50:06, tokens_remaining: 1684, call: scores, phase: playing
2026-06-13 19:50:07, tokens_remaining: 1683, call: scores, phase: playing
2026-06-13 19:50:08, tokens_remaining: 1683, call: scores, phase: playing
2026-06-13 19:50:09, tokens_remaining: 1682, call: scores, phase: playing
2026-06-13 19:50:10, tokens_remaining: 1681, call: events, phase: playing
2026-06-13 19:50:11, tokens_remaining: 1680, call: scores, phase: playing
2026-06-13 19:50:12, tokens_remaining: 1680, call: scores, phase: playing
2026-06-13 19:50:13, tokens_remaining: 1679, call: scores, phase: playing
2026-06-13 19:50:14, tokens_remaining: 1679, call: scores, phase: playing
2026-06-13 19:50:15, tokens_remaining: 1678, call: scores, phase: playing
2026-06-13 19:50:15, tokens_remaining: 1678, call: scores, phase: playing
2026-06-13 19:50:16, tokens_remaining: 1677, call: scores, phase: playing
2026-06-13 19:50:17, tokens_remaining: 1677, call: scores, phase: playing
2026-06-13 19:50:18, tokens_remaining: 1676, call: scores, phase: playing
2026-06-13 19:50:19, tokens_remaining: 1675, call: events, phase: playing
2026-06-13 19:50:20, tokens_remaining: 1674, call: scores, phase: playing
2026-06-13 19:50:21, tokens_remaining: 1674, call: scores, phase: playing
2026-06-13 19:50:22, tokens_remaining: 1673, call: scores, phase: playing
2026-06-13 19:50:23, tokens_remaining: 1673, call: scores, phase: playing
2026-06-13 19:50:24, tokens_remaining: 1672, call: scores, phase: playing
2026-06-13 19:50:25, tokens_remaining: 1672, call: scores, phase: playing
2026-06-13 19:50:26, tokens_remaining: 1671, call: scores, phase: playing
2026-06-13 19:50:27, tokens_remaining: 1671, call: scores, phase: playing
2026-06-13 19:50:28, tokens_remaining: 1670, call: scores, phase: playing
2026-06-13 19:50:29, tokens_remaining: 1669, call: events, phase: playing
2026-06-13 19:50:30, tokens_remaining: 1668, call: scores, phase: playing
2026-06-13 19:50:31, tokens_remaining: 1668, call: scores, phase: playing
2026-06-13 19:50:32, tokens_remaining: 1667, call: scores, phase: playing
2026-06-13 19:50:33, tokens_remaining: 1667, call: scores, phase: playing
2026-06-13 19:50:34, tokens_remaining: 1666, call: scores, phase: playing
2026-06-13 19:50:34, tokens_remaining: 1666, call: scores, phase: playing
2026-06-13 19:50:35, tokens_remaining: 1665, call: scores, phase: playing
2026-06-13 19:50:36, tokens_remaining: 1665, call: scores, phase: playing
2026-06-13 19:50:37, tokens_remaining: 1664, call: scores, phase: playing
2026-06-13 19:50:38, tokens_remaining: 1663, call: events, phase: playing
2026-06-13 19:50:39, tokens_remaining: 1662, call: scores, phase: playing
2026-06-13 19:50:40, tokens_remaining: 1662, call: scores, phase: playing
2026-06-13 19:50:41, tokens_remaining: 1661, call: scores, phase: playing
2026-06-13 19:50:42, tokens_remaining: 1661, call: scores, phase: playing
2026-06-13 19:50:43, tokens_remaining: 1660, call: scores, phase: playing
2026-06-13 19:50:44, tokens_remaining: 1660, call: scores, phase: playing
2026-06-13 19:50:45, tokens_remaining: 1659, call: scores, phase: playing
2026-06-13 19:50:46, tokens_remaining: 1659, call: scores, phase: playing
2026-06-13 19:50:47, tokens_remaining: 1658, call: scores, phase: playing
2026-06-13 19:50:48, tokens_remaining: 1657, call: events, phase: playing
2026-06-13 19:50:49, tokens_remaining: 1656, call: scores, phase: playing
2026-06-13 19:50:50, tokens_remaining: 1656, call: scores, phase: playing
2026-06-13 19:50:51, tokens_remaining: 1655, call: scores, phase: playing
2026-06-13 19:50:52, tokens_remaining: 1655, call: scores, phase: playing
2026-06-13 19:50:53, tokens_remaining: 1654, call: scores, phase: playing
2026-06-13 19:50:53, tokens_remaining: 1654, call: scores, phase: playing
2026-06-13 19:50:54, tokens_remaining: 1653, call: scores, phase: playing
2026-06-13 19:50:55, tokens_remaining: 1653, call: scores, phase: playing
2026-06-13 19:50:56, tokens_remaining: 1652, call: scores, phase: playing
2026-06-13 19:50:57, tokens_remaining: 1651, call: events, phase: playing
2026-06-13 19:50:58, tokens_remaining: 1650, call: scores, phase: playing
2026-06-13 19:50:59, tokens_remaining: 1650, call: scores, phase: playing
2026-06-13 19:51:00, tokens_remaining: 1649, call: scores, phase: playing
2026-06-13 19:51:01, tokens_remaining: 1649, call: scores, phase: playing
2026-06-13 19:51:02, tokens_remaining: 1648, call: scores, phase: playing
2026-06-13 19:51:03, tokens_remaining: 1648, call: scores, phase: playing
2026-06-13 19:51:04, tokens_remaining: 1647, call: scores, phase: playing
2026-06-13 19:51:05, tokens_remaining: 1647, call: scores, phase: playing
2026-06-13 19:51:06, tokens_remaining: 1646, call: scores, phase: playing
2026-06-13 19:51:07, tokens_remaining: 1645, call: events, phase: playing
2026-06-13 19:51:08, tokens_remaining: 1644, call: scores, phase: playing
2026-06-13 19:51:09, tokens_remaining: 1644, call: scores, phase: playing
2026-06-13 19:51:10, tokens_remaining: 1643, call: scores, phase: playing
2026-06-13 19:51:11, tokens_remaining: 1643, call: scores, phase: playing
2026-06-13 19:51:12, tokens_remaining: 1642, call: scores, phase: playing
2026-06-13 19:51:13, tokens_remaining: 1642, call: scores, phase: playing
2026-06-13 19:51:14, tokens_remaining: 1641, call: scores, phase: playing
2026-06-13 19:51:14, tokens_remaining: 1641, call: scores, phase: playing
2026-06-13 19:51:15, tokens_remaining: 1640, call: scores, phase: playing
2026-06-13 19:51:16, tokens_remaining: 1639, call: events, phase: playing
2026-06-13 19:51:18, tokens_remaining: 1638, call: scores, phase: playing
2026-06-13 19:51:18, tokens_remaining: 1638, call: scores, phase: playing
2026-06-13 19:51:19, tokens_remaining: 1637, call: scores, phase: playing
2026-06-13 19:51:20, tokens_remaining: 1637, call: scores, phase: playing
2026-06-13 19:51:21, tokens_remaining: 1636, call: scores, phase: playing
2026-06-13 19:51:22, tokens_remaining: 1636, call: scores, phase: playing
2026-06-13 19:51:23, tokens_remaining: 1635, call: scores, phase: playing
2026-06-13 19:51:24, tokens_remaining: 1635, call: scores, phase: playing
2026-06-13 19:51:25, tokens_remaining: 1634, call: scores, phase: playing
2026-06-13 19:51:26, tokens_remaining: 1633, call: events, phase: playing
2026-06-13 19:51:27, tokens_remaining: 1632, call: scores, phase: playing
2026-06-13 19:51:28, tokens_remaining: 1632, call: scores, phase: playing
2026-06-13 19:51:29, tokens_remaining: 1631, call: scores, phase: playing
2026-06-13 19:51:30, tokens_remaining: 1631, call: scores, phase: playing
2026-06-13 19:51:31, tokens_remaining: 1630, call: scores, phase: playing
2026-06-13 19:51:32, tokens_remaining: 1630, call: scores, phase: playing
2026-06-13 19:51:33, tokens_remaining: 1629, call: scores, phase: playing
2026-06-13 19:51:33, tokens_remaining: 1629, call: scores, phase: playing
2026-06-13 19:51:34, tokens_remaining: 1628, call: scores, phase: playing
2026-06-13 19:51:35, tokens_remaining: 1627, call: events, phase: playing
2026-06-13 19:51:37, tokens_remaining: 1626, call: scores, phase: playing
2026-06-13 19:51:37, tokens_remaining: 1626, call: scores, phase: playing
2026-06-13 19:51:38, tokens_remaining: 1625, call: scores, phase: playing
2026-06-13 19:51:39, tokens_remaining: 1625, call: scores, phase: playing
2026-06-13 19:51:40, tokens_remaining: 1624, call: scores, phase: playing
2026-06-13 19:51:41, tokens_remaining: 1624, call: scores, phase: playing
2026-06-13 19:51:42, tokens_remaining: 1623, call: scores, phase: playing
2026-06-13 19:51:43, tokens_remaining: 1623, call: scores, phase: playing
2026-06-13 19:51:44, tokens_remaining: 1622, call: scores, phase: playing
2026-06-13 19:51:45, tokens_remaining: 1621, call: events, phase: playing
2026-06-13 19:51:46, tokens_remaining: 1620, call: scores, phase: playing
2026-06-13 19:51:47, tokens_remaining: 1620, call: scores, phase: playing
2026-06-13 19:51:48, tokens_remaining: 1619, call: scores, phase: playing
2026-06-13 19:51:49, tokens_remaining: 1619, call: scores, phase: playing
2026-06-13 19:51:50, tokens_remaining: 1618, call: scores, phase: playing
2026-06-13 19:51:51, tokens_remaining: 1618, call: scores, phase: playing
2026-06-13 19:51:52, tokens_remaining: 1617, call: scores, phase: playing
2026-06-13 19:51:52, tokens_remaining: 1617, call: scores, phase: playing
2026-06-13 19:51:53, tokens_remaining: 1616, call: scores, phase: playing
2026-06-13 19:51:54, tokens_remaining: 1615, call: events, phase: playing
2026-06-13 19:51:56, tokens_remaining: 1614, call: scores, phase: playing
2026-06-13 19:51:56, tokens_remaining: 1614, call: scores, phase: playing
2026-06-13 19:51:57, tokens_remaining: 1613, call: scores, phase: playing
2026-06-13 19:51:58, tokens_remaining: 1613, call: scores, phase: playing
2026-06-13 19:51:59, tokens_remaining: 1612, call: scores, phase: playing
2026-06-13 19:52:00, tokens_remaining: 1612, call: scores, phase: playing
2026-06-13 19:52:01, tokens_remaining: 1611, call: scores, phase: playing
2026-06-13 19:52:02, tokens_remaining: 1611, call: scores, phase: playing
2026-06-13 19:52:03, tokens_remaining: 1610, call: scores, phase: playing
2026-06-13 19:52:04, tokens_remaining: 1609, call: events, phase: playing
2026-06-13 19:52:05, tokens_remaining: 1608, call: scores, phase: playing
2026-06-13 19:52:06, tokens_remaining: 1608, call: scores, phase: playing
2026-06-13 19:52:07, tokens_remaining: 1607, call: scores, phase: playing
2026-06-13 19:52:08, tokens_remaining: 1607, call: scores, phase: playing
2026-06-13 19:52:09, tokens_remaining: 1606, call: scores, phase: playing
2026-06-13 19:52:10, tokens_remaining: 1606, call: scores, phase: playing
2026-06-13 19:52:11, tokens_remaining: 1605, call: scores, phase: playing
2026-06-13 19:52:11, tokens_remaining: 1605, call: scores, phase: playing
2026-06-13 19:52:12, tokens_remaining: 1604, call: scores, phase: playing
2026-06-13 19:52:14, tokens_remaining: 1603, call: events, phase: playing
2026-06-13 19:52:15, tokens_remaining: 1602, call: scores, phase: playing
2026-06-13 19:52:15, tokens_remaining: 1602, call: scores, phase: playing
2026-06-13 19:52:16, tokens_remaining: 1601, call: scores, phase: playing
2026-06-13 19:52:17, tokens_remaining: 1601, call: scores, phase: playing
2026-06-13 19:52:18, tokens_remaining: 1600, call: scores, phase: playing
2026-06-13 19:52:19, tokens_remaining: 1600, call: scores, phase: playing
2026-06-13 19:52:20, tokens_remaining: 1599, call: scores, phase: playing
2026-06-13 19:52:21, tokens_remaining: 1599, call: scores, phase: playing
2026-06-13 19:52:22, tokens_remaining: 1598, call: scores, phase: playing
2026-06-13 19:52:23, tokens_remaining: 1597, call: events, phase: playing
2026-06-13 19:52:24, tokens_remaining: 1596, call: scores, phase: playing
2026-06-13 19:52:25, tokens_remaining: 1596, call: scores, phase: playing
2026-06-13 19:52:26, tokens_remaining: 1595, call: scores, phase: playing
2026-06-13 19:52:27, tokens_remaining: 1595, call: scores, phase: playing
2026-06-13 19:52:28, tokens_remaining: 1594, call: scores, phase: playing
2026-06-13 19:52:29, tokens_remaining: 1594, call: scores, phase: playing
2026-06-13 19:52:30, tokens_remaining: 1593, call: scores, phase: playing
2026-06-13 19:52:30, tokens_remaining: 1593, call: scores, phase: playing
2026-06-13 19:52:31, tokens_remaining: 1592, call: scores, phase: playing
2026-06-13 19:52:33, tokens_remaining: 1591, call: events, phase: playing
2026-06-13 19:52:34, tokens_remaining: 1590, call: scores, phase: playing
2026-06-13 19:52:34, tokens_remaining: 1590, call: scores, phase: playing
2026-06-13 19:52:35, tokens_remaining: 1589, call: scores, phase: playing
2026-06-13 19:52:36, tokens_remaining: 1589, call: scores, phase: playing
2026-06-13 19:52:37, tokens_remaining: 1588, call: scores, phase: playing
2026-06-13 19:52:38, tokens_remaining: 1588, call: scores, phase: playing
2026-06-13 19:52:39, tokens_remaining: 1587, call: scores, phase: playing
2026-06-13 19:52:40, tokens_remaining: 1587, call: scores, phase: playing
2026-06-13 19:52:41, tokens_remaining: 1586, call: scores, phase: playing
2026-06-13 19:52:42, tokens_remaining: 1585, call: events, phase: playing
2026-06-13 19:52:43, tokens_remaining: 1584, call: scores, phase: playing
2026-06-13 19:52:44, tokens_remaining: 1584, call: scores, phase: playing
2026-06-13 19:52:45, tokens_remaining: 1583, call: scores, phase: playing
2026-06-13 19:52:46, tokens_remaining: 1583, call: scores, phase: playing
2026-06-13 19:52:47, tokens_remaining: 1582, call: scores, phase: playing
2026-06-13 19:52:48, tokens_remaining: 1582, call: scores, phase: playing
2026-06-13 19:52:49, tokens_remaining: 1581, call: scores, phase: playing
2026-06-13 19:52:49, tokens_remaining: 1581, call: scores, phase: playing
2026-06-13 19:52:50, tokens_remaining: 1580, call: scores, phase: playing
2026-06-13 19:52:51, tokens_remaining: 1579, call: events, phase: playing
2026-06-13 19:52:53, tokens_remaining: 1578, call: scores, phase: playing
2026-06-13 19:52:53, tokens_remaining: 1578, call: scores, phase: playing
2026-06-13 19:52:54, tokens_remaining: 1577, call: scores, phase: playing
2026-06-13 19:52:55, tokens_remaining: 1577, call: scores, phase: playing
2026-06-13 19:52:56, tokens_remaining: 1576, call: scores, phase: playing
2026-06-13 19:52:57, tokens_remaining: 1576, call: scores, phase: playing
2026-06-13 19:52:58, tokens_remaining: 1575, call: scores, phase: playing
2026-06-13 19:52:59, tokens_remaining: 1575, call: scores, phase: playing
2026-06-13 19:53:00, tokens_remaining: 1574, call: scores, phase: playing
2026-06-13 19:53:01, tokens_remaining: 1573, call: events, phase: playing
2026-06-13 19:53:02, tokens_remaining: 1572, call: scores, phase: playing
2026-06-13 19:53:03, tokens_remaining: 1572, call: scores, phase: playing
2026-06-13 19:53:04, tokens_remaining: 1571, call: scores, phase: playing
2026-06-13 19:53:05, tokens_remaining: 1571, call: scores, phase: playing
2026-06-13 19:53:06, tokens_remaining: 1570, call: scores, phase: playing
2026-06-13 19:53:06, tokens_remaining: 1570, call: scores, phase: playing
2026-06-13 19:53:08, tokens_remaining: 1569, call: scores, phase: playing
2026-06-13 19:53:08, tokens_remaining: 1569, call: scores, phase: playing
2026-06-13 19:53:09, tokens_remaining: 1568, call: scores, phase: playing
2026-06-13 19:53:10, tokens_remaining: 1567, call: events, phase: playing
2026-06-13 19:53:11, tokens_remaining: 1566, call: scores, phase: playing
2026-06-13 19:53:12, tokens_remaining: 1566, call: scores, phase: playing
2026-06-13 19:53:13, tokens_remaining: 1565, call: scores, phase: playing
2026-06-13 19:53:14, tokens_remaining: 1565, call: scores, phase: playing
2026-06-13 19:53:15, tokens_remaining: 1564, call: scores, phase: playing
2026-06-13 19:53:16, tokens_remaining: 1564, call: scores, phase: playing
2026-06-13 19:53:17, tokens_remaining: 1563, call: scores, phase: playing
2026-06-13 19:53:18, tokens_remaining: 1563, call: scores, phase: playing
2026-06-13 19:53:19, tokens_remaining: 1562, call: scores, phase: playing
2026-06-13 19:53:20, tokens_remaining: 1561, call: events, phase: playing
2026-06-13 19:53:21, tokens_remaining: 1560, call: scores, phase: playing
2026-06-13 19:53:22, tokens_remaining: 1560, call: scores, phase: playing
2026-06-13 19:53:23, tokens_remaining: 1559, call: scores, phase: playing
2026-06-13 19:53:23, tokens_remaining: 1559, call: scores, phase: playing
2026-06-13 19:53:25, tokens_remaining: 1558, call: scores, phase: playing
2026-06-13 19:53:25, tokens_remaining: 1558, call: scores, phase: playing
2026-06-13 19:53:26, tokens_remaining: 1557, call: scores, phase: playing
2026-06-13 19:53:27, tokens_remaining: 1557, call: scores, phase: playing
2026-06-13 19:53:28, tokens_remaining: 1556, call: scores, phase: playing
2026-06-13 19:53:29, tokens_remaining: 1555, call: events, phase: playing
2026-06-13 19:53:30, tokens_remaining: 1554, call: scores, phase: playing
2026-06-13 19:53:31, tokens_remaining: 1554, call: scores, phase: playing
2026-06-13 19:53:32, tokens_remaining: 1553, call: scores, phase: playing
2026-06-13 19:53:33, tokens_remaining: 1553, call: scores, phase: playing
2026-06-13 19:53:34, tokens_remaining: 1552, call: scores, phase: playing
2026-06-13 19:53:35, tokens_remaining: 1552, call: scores, phase: playing
2026-06-13 19:53:36, tokens_remaining: 1551, call: scores, phase: playing
2026-06-13 19:53:37, tokens_remaining: 1551, call: scores, phase: playing
2026-06-13 19:53:38, tokens_remaining: 1550, call: scores, phase: playing
2026-06-13 19:53:39, tokens_remaining: 1549, call: events, phase: playing
2026-06-13 19:53:40, tokens_remaining: 1548, call: scores, phase: playing
2026-06-13 19:53:41, tokens_remaining: 1548, call: scores, phase: playing
2026-06-13 19:53:42, tokens_remaining: 1547, call: scores, phase: playing
2026-06-13 19:53:42, tokens_remaining: 1547, call: scores, phase: playing
2026-06-13 19:53:43, tokens_remaining: 1546, call: scores, phase: playing
2026-06-13 19:53:44, tokens_remaining: 1546, call: scores, phase: playing
2026-06-13 19:53:45, tokens_remaining: 1545, call: scores, phase: playing
2026-06-13 19:53:46, tokens_remaining: 1545, call: scores, phase: playing
2026-06-13 19:53:47, tokens_remaining: 1544, call: scores, phase: playing
2026-06-13 19:53:48, tokens_remaining: 1543, call: events, phase: playing
2026-06-13 19:53:49, tokens_remaining: 1542, call: scores, phase: playing
2026-06-13 19:53:50, tokens_remaining: 1542, call: scores, phase: playing
2026-06-13 19:53:51, tokens_remaining: 1541, call: scores, phase: playing
2026-06-13 19:53:52, tokens_remaining: 1541, call: scores, phase: playing
2026-06-13 19:53:53, tokens_remaining: 1540, call: scores, phase: playing
2026-06-13 19:53:54, tokens_remaining: 1540, call: scores, phase: playing
2026-06-13 19:53:55, tokens_remaining: 1539, call: scores, phase: playing
2026-06-13 19:53:56, tokens_remaining: 1538, call: scores, phase: playing
2026-06-13 19:53:57, tokens_remaining: 1538, call: scores, phase: playing
2026-06-13 19:53:58, tokens_remaining: 1537, call: events, phase: playing
2026-06-13 19:53:59, tokens_remaining: 1536, call: scores, phase: playing
2026-06-13 19:54:00, tokens_remaining: 1536, call: scores, phase: playing
2026-06-13 19:54:01, tokens_remaining: 1535, call: scores, phase: playing
2026-06-13 19:54:02, tokens_remaining: 1535, call: scores, phase: playing
2026-06-13 19:54:03, tokens_remaining: 1534, call: scores, phase: playing
2026-06-13 19:54:04, tokens_remaining: 1534, call: scores, phase: playing
2026-06-13 19:54:05, tokens_remaining: 1533, call: scores, phase: playing
2026-06-13 19:54:06, tokens_remaining: 1533, call: scores, phase: playing
2026-06-13 19:54:07, tokens_remaining: 1532, call: scores, phase: playing
2026-06-13 19:54:08, tokens_remaining: 1531, call: events, phase: playing
2026-06-13 19:54:09, tokens_remaining: 1530, call: scores, phase: playing
2026-06-13 19:54:10, tokens_remaining: 1530, call: scores, phase: playing
2026-06-13 19:54:11, tokens_remaining: 1529, call: scores, phase: playing
2026-06-13 19:54:11, tokens_remaining: 1529, call: scores, phase: playing
2026-06-13 19:54:12, tokens_remaining: 1528, call: scores, phase: playing
2026-06-13 19:54:13, tokens_remaining: 1528, call: scores, phase: playing
2026-06-13 19:54:14, tokens_remaining: 1527, call: scores, phase: playing
2026-06-13 19:54:15, tokens_remaining: 1527, call: scores, phase: playing
2026-06-13 19:54:16, tokens_remaining: 1526, call: scores, phase: playing
2026-06-13 19:54:17, tokens_remaining: 1525, call: events, phase: playing
2026-06-13 19:54:18, tokens_remaining: 1524, call: scores, phase: playing
2026-06-13 19:54:19, tokens_remaining: 1524, call: scores, phase: playing
2026-06-13 19:54:20, tokens_remaining: 1523, call: scores, phase: playing
2026-06-13 19:54:21, tokens_remaining: 1523, call: scores, phase: playing
2026-06-13 19:54:22, tokens_remaining: 1522, call: scores, phase: playing
2026-06-13 19:54:23, tokens_remaining: 1522, call: scores, phase: playing
2026-06-13 19:54:24, tokens_remaining: 1521, call: scores, phase: playing
2026-06-13 19:54:25, tokens_remaining: 1521, call: scores, phase: playing
2026-06-13 19:54:26, tokens_remaining: 1520, call: scores, phase: playing
2026-06-13 19:54:27, tokens_remaining: 1519, call: events, phase: playing
2026-06-13 19:54:27, EVENT: SUBSTITUTION 89' Soufiane Rahimi [Brazil vs Morocco]
2026-06-13 19:54:28, tokens_remaining: 1518, call: scores, phase: playing
2026-06-13 19:54:28, tokens_remaining: 1518, call: scores, phase: playing
2026-06-13 19:54:30, tokens_remaining: 1517, call: scores, phase: playing
2026-06-13 19:54:30, tokens_remaining: 1517, call: scores, phase: playing
2026-06-13 19:54:31, tokens_remaining: 1516, call: scores, phase: playing
2026-06-13 19:54:32, tokens_remaining: 1516, call: scores, phase: playing
2026-06-13 19:54:33, tokens_remaining: 1515, call: scores, phase: playing
2026-06-13 19:54:34, tokens_remaining: 1515, call: scores, phase: playing
2026-06-13 19:54:35, tokens_remaining: 1514, call: scores, phase: playing
2026-06-13 19:54:36, tokens_remaining: 1513, call: events, phase: playing
2026-06-13 19:54:37, tokens_remaining: 1512, call: scores, phase: playing
2026-06-13 19:54:38, tokens_remaining: 1512, call: scores, phase: playing
2026-06-13 19:54:39, tokens_remaining: 1511, call: scores, phase: playing
2026-06-13 19:54:40, tokens_remaining: 1511, call: scores, phase: playing
2026-06-13 19:54:41, tokens_remaining: 1510, call: scores, phase: playing
2026-06-13 19:54:42, tokens_remaining: 1510, call: scores, phase: playing
2026-06-13 19:54:43, tokens_remaining: 1509, call: scores, phase: playing
2026-06-13 19:54:43, tokens_remaining: 1509, call: scores, phase: playing
2026-06-13 19:54:44, tokens_remaining: 1508, call: scores, phase: playing
2026-06-13 19:54:46, tokens_remaining: 1507, call: events, phase: playing
2026-06-13 19:54:47, tokens_remaining: 1506, call: scores, phase: playing
2026-06-13 19:54:47, tokens_remaining: 1506, call: scores, phase: playing
2026-06-13 19:54:48, tokens_remaining: 1505, call: scores, phase: playing
2026-06-13 19:54:49, tokens_remaining: 1505, call: scores, phase: playing
2026-06-13 19:54:50, tokens_remaining: 1504, call: scores, phase: playing
2026-06-13 19:54:51, tokens_remaining: 1504, call: scores, phase: playing
2026-06-13 19:54:52, tokens_remaining: 1503, call: scores, phase: playing
2026-06-13 19:54:53, tokens_remaining: 1503, call: scores, phase: playing
2026-06-13 19:54:54, tokens_remaining: 1502, call: scores, phase: playing
2026-06-13 19:54:55, tokens_remaining: 1501, call: events, phase: playing
2026-06-13 19:54:56, tokens_remaining: 1500, call: scores, phase: playing
2026-06-13 19:54:57, tokens_remaining: 1500, call: scores, phase: playing
2026-06-13 19:54:58, tokens_remaining: 1499, call: scores, phase: playing
2026-06-13 19:54:59, tokens_remaining: 1499, call: scores, phase: playing
2026-06-13 19:55:00, tokens_remaining: 1498, call: scores, phase: playing
2026-06-13 19:55:00, tokens_remaining: 1498, call: scores, phase: playing
2026-06-13 19:55:02, tokens_remaining: 1497, call: scores, phase: playing
2026-06-13 19:55:02, tokens_remaining: 1497, call: scores, phase: playing
2026-06-13 19:55:03, tokens_remaining: 1496, call: scores, phase: playing
2026-06-13 19:55:04, tokens_remaining: 1495, call: events, phase: playing
2026-06-13 19:55:06, tokens_remaining: 1494, call: scores, phase: playing
2026-06-13 19:55:06, tokens_remaining: 1494, call: scores, phase: playing
2026-06-13 19:55:07, tokens_remaining: 1493, call: scores, phase: playing
2026-06-13 19:55:08, tokens_remaining: 1493, call: scores, phase: playing
2026-06-13 19:55:09, tokens_remaining: 1492, call: scores, phase: playing
2026-06-13 19:55:10, tokens_remaining: 1492, call: scores, phase: playing
2026-06-13 19:55:11, tokens_remaining: 1491, call: scores, phase: playing
2026-06-13 19:55:12, tokens_remaining: 1491, call: scores, phase: playing
2026-06-13 19:55:13, tokens_remaining: 1490, call: scores, phase: playing
2026-06-13 19:55:14, tokens_remaining: 1489, call: events, phase: playing
2026-06-13 19:55:15, tokens_remaining: 1488, call: scores, phase: playing
2026-06-13 19:55:16, tokens_remaining: 1488, call: scores, phase: playing
2026-06-13 19:55:17, tokens_remaining: 1487, call: scores, phase: playing
2026-06-13 19:55:18, tokens_remaining: 1487, call: scores, phase: playing
2026-06-13 19:55:19, tokens_remaining: 1486, call: scores, phase: playing
2026-06-13 19:55:19, tokens_remaining: 1486, call: scores, phase: playing
2026-06-13 19:55:20, tokens_remaining: 1485, call: scores, phase: playing
2026-06-13 19:55:21, tokens_remaining: 1485, call: scores, phase: playing
2026-06-13 19:55:22, tokens_remaining: 1484, call: scores, phase: playing
2026-06-13 19:55:23, tokens_remaining: 1483, call: events, phase: playing
2026-06-13 19:55:24, tokens_remaining: 1482, call: scores, phase: playing
2026-06-13 19:55:25, tokens_remaining: 1482, call: scores, phase: playing
2026-06-13 19:55:26, tokens_remaining: 1481, call: scores, phase: playing
2026-06-13 19:55:27, tokens_remaining: 1481, call: scores, phase: playing
2026-06-13 19:55:28, tokens_remaining: 1480, call: scores, phase: playing
2026-06-13 19:55:29, tokens_remaining: 1480, call: scores, phase: playing
2026-06-13 19:55:30, tokens_remaining: 1479, call: scores, phase: playing
2026-06-13 19:55:31, tokens_remaining: 1479, call: scores, phase: playing
2026-06-13 19:55:32, tokens_remaining: 1478, call: scores, phase: playing
2026-06-13 19:55:33, tokens_remaining: 1477, call: events, phase: playing
2026-06-13 19:55:34, tokens_remaining: 1476, call: scores, phase: playing
2026-06-13 19:55:35, tokens_remaining: 1476, call: scores, phase: playing
2026-06-13 19:55:36, tokens_remaining: 1475, call: scores, phase: playing
2026-06-13 19:55:37, tokens_remaining: 1475, call: scores, phase: playing
2026-06-13 19:55:38, tokens_remaining: 1474, call: scores, phase: playing
2026-06-13 19:55:38, tokens_remaining: 1474, call: scores, phase: playing
2026-06-13 19:55:39, tokens_remaining: 1473, call: scores, phase: playing
2026-06-13 19:55:40, tokens_remaining: 1473, call: scores, phase: playing
2026-06-13 19:55:41, tokens_remaining: 1472, call: scores, phase: playing
2026-06-13 19:55:42, tokens_remaining: 1471, call: events, phase: playing
2026-06-13 19:55:43, tokens_remaining: 1470, call: scores, phase: playing
2026-06-13 19:55:44, tokens_remaining: 1470, call: scores, phase: playing
2026-06-13 19:55:45, tokens_remaining: 1469, call: scores, phase: playing
2026-06-13 19:55:46, tokens_remaining: 1469, call: scores, phase: playing
2026-06-13 19:55:47, tokens_remaining: 1468, call: scores, phase: playing
2026-06-13 19:55:48, tokens_remaining: 1468, call: scores, phase: playing
2026-06-13 19:55:49, tokens_remaining: 1467, call: scores, phase: playing
2026-06-13 19:55:50, tokens_remaining: 1467, call: scores, phase: playing
2026-06-13 19:55:51, tokens_remaining: 1466, call: scores, phase: playing
2026-06-13 19:55:52, tokens_remaining: 1465, call: events, phase: playing
2026-06-13 19:55:53, tokens_remaining: 1464, call: scores, phase: playing
2026-06-13 19:55:53, tokens_remaining: 1464, call: scores, phase: playing
2026-06-13 19:55:54, tokens_remaining: 1463, call: scores, phase: playing
2026-06-13 19:55:55, tokens_remaining: 1463, call: scores, phase: playing
2026-06-13 19:55:56, tokens_remaining: 1462, call: scores, phase: playing
2026-06-13 19:55:57, tokens_remaining: 1462, call: scores, phase: playing
2026-06-13 19:55:58, tokens_remaining: 1461, call: scores, phase: playing
2026-06-13 19:55:59, tokens_remaining: 1461, call: scores, phase: playing
2026-06-13 19:56:00, tokens_remaining: 1460, call: scores, phase: playing
2026-06-13 19:56:01, tokens_remaining: 1459, call: events, phase: playing
2026-06-13 19:56:02, tokens_remaining: 1458, call: scores, phase: playing
2026-06-13 19:56:03, tokens_remaining: 1458, call: scores, phase: playing
2026-06-13 19:56:04, tokens_remaining: 1457, call: scores, phase: playing
2026-06-13 19:56:05, tokens_remaining: 1457, call: scores, phase: playing
2026-06-13 19:56:06, tokens_remaining: 1456, call: scores, phase: playing
2026-06-13 19:56:06, tokens_remaining: 1456, call: scores, phase: playing
2026-06-13 19:56:08, tokens_remaining: 1455, call: scores, phase: playing
2026-06-13 19:56:08, tokens_remaining: 1455, call: scores, phase: playing
2026-06-13 19:56:09, tokens_remaining: 1454, call: scores, phase: playing
2026-06-13 19:56:11, tokens_remaining: 1453, call: events, phase: playing
2026-06-13 19:56:12, tokens_remaining: 1452, call: scores, phase: playing
2026-06-13 19:56:12, tokens_remaining: 1452, call: scores, phase: playing
2026-06-13 19:56:13, tokens_remaining: 1451, call: scores, phase: playing
2026-06-13 19:56:14, tokens_remaining: 1451, call: scores, phase: playing
2026-06-13 19:56:15, tokens_remaining: 1450, call: scores, phase: playing
2026-06-13 19:56:16, tokens_remaining: 1450, call: scores, phase: playing
2026-06-13 19:56:17, tokens_remaining: 1449, call: scores, phase: playing
2026-06-13 19:56:18, tokens_remaining: 1449, call: scores, phase: playing
2026-06-13 19:56:19, tokens_remaining: 1448, call: scores, phase: playing
2026-06-13 19:56:20, tokens_remaining: 1447, call: events, phase: playing
2026-06-13 19:56:21, tokens_remaining: 1446, call: scores, phase: playing
2026-06-13 19:56:22, tokens_remaining: 1446, call: scores, phase: playing
2026-06-13 19:56:23, tokens_remaining: 1445, call: scores, phase: playing
2026-06-13 19:56:24, tokens_remaining: 1445, call: scores, phase: playing
2026-06-13 19:56:25, tokens_remaining: 1444, call: scores, phase: playing
2026-06-13 19:56:25, tokens_remaining: 1444, call: scores, phase: playing
2026-06-13 19:56:26, tokens_remaining: 1443, call: scores, phase: playing
2026-06-13 19:56:27, tokens_remaining: 1443, call: scores, phase: playing
2026-06-13 19:56:28, tokens_remaining: 1442, call: scores, phase: playing
2026-06-13 19:56:29, tokens_remaining: 1441, call: events, phase: playing
2026-06-13 19:56:30, tokens_remaining: 1440, call: scores, phase: playing
2026-06-13 19:56:31, tokens_remaining: 1440, call: scores, phase: playing
2026-06-13 19:56:32, tokens_remaining: 1439, call: scores, phase: playing
2026-06-13 19:56:33, tokens_remaining: 1439, call: scores, phase: playing
2026-06-13 19:56:34, tokens_remaining: 1438, call: scores, phase: playing
2026-06-13 19:56:35, tokens_remaining: 1438, call: scores, phase: playing
2026-06-13 19:56:36, tokens_remaining: 1437, call: scores, phase: playing
2026-06-13 19:56:37, tokens_remaining: 1437, call: scores, phase: playing
2026-06-13 19:56:38, tokens_remaining: 1436, call: scores, phase: playing
2026-06-13 19:56:39, tokens_remaining: 1435, call: events, phase: playing
2026-06-13 19:56:40, tokens_remaining: 1434, call: scores, phase: playing
2026-06-13 19:56:41, tokens_remaining: 1434, call: scores, phase: playing
2026-06-13 19:56:42, tokens_remaining: 1433, call: scores, phase: playing
2026-06-13 19:56:43, tokens_remaining: 1433, call: scores, phase: playing
2026-06-13 19:56:44, tokens_remaining: 1432, call: scores, phase: playing
2026-06-13 19:56:44, tokens_remaining: 1432, call: scores, phase: playing
2026-06-13 19:56:45, tokens_remaining: 1431, call: scores, phase: playing
2026-06-13 19:56:46, tokens_remaining: 1431, call: scores, phase: playing
2026-06-13 19:56:47, tokens_remaining: 1430, call: scores, phase: playing
2026-06-13 19:56:48, tokens_remaining: 1429, call: events, phase: playing
2026-06-13 19:56:49, tokens_remaining: 1428, call: scores, phase: playing
2026-06-13 19:56:50, tokens_remaining: 1428, call: scores, phase: playing
2026-06-13 19:56:51, tokens_remaining: 1427, call: scores, phase: playing
2026-06-13 19:56:52, tokens_remaining: 1427, call: scores, phase: playing
2026-06-13 19:56:53, tokens_remaining: 1426, call: scores, phase: playing
2026-06-13 19:56:54, tokens_remaining: 1426, call: scores, phase: playing
2026-06-13 19:56:55, tokens_remaining: 1425, call: scores, phase: playing
2026-06-13 19:56:56, tokens_remaining: 1425, call: scores, phase: playing
2026-06-13 19:56:57, tokens_remaining: 1424, call: scores, phase: playing
2026-06-13 19:56:58, tokens_remaining: 1423, call: events, phase: playing
2026-06-13 19:56:59, tokens_remaining: 1422, call: scores, phase: playing
2026-06-13 19:57:00, tokens_remaining: 1422, call: scores, phase: playing
2026-06-13 19:57:01, tokens_remaining: 1421, call: scores, phase: playing
2026-06-13 19:57:01, tokens_remaining: 1421, call: scores, phase: playing
2026-06-13 19:57:02, tokens_remaining: 1420, call: scores, phase: playing
2026-06-13 19:57:03, tokens_remaining: 1420, call: scores, phase: playing
2026-06-13 19:57:04, tokens_remaining: 1419, call: scores, phase: playing
2026-06-13 19:57:05, tokens_remaining: 1419, call: scores, phase: playing
2026-06-13 19:57:06, tokens_remaining: 1418, call: scores, phase: playing
2026-06-13 19:57:07, tokens_remaining: 1417, call: events, phase: playing
2026-06-13 19:57:08, tokens_remaining: 1416, call: scores, phase: playing
2026-06-13 19:57:09, tokens_remaining: 1416, call: scores, phase: playing
2026-06-13 19:57:10, tokens_remaining: 1415, call: scores, phase: playing
2026-06-13 19:57:11, tokens_remaining: 1415, call: scores, phase: playing
2026-06-13 19:57:12, tokens_remaining: 1414, call: scores, phase: playing
2026-06-13 19:57:13, tokens_remaining: 1414, call: scores, phase: playing
2026-06-13 19:57:14, tokens_remaining: 1413, call: scores, phase: playing
2026-06-13 19:57:15, tokens_remaining: 1413, call: scores, phase: playing
2026-06-13 19:57:16, tokens_remaining: 1412, call: scores, phase: playing
2026-06-13 19:57:17, tokens_remaining: 1411, call: events, phase: playing
2026-06-13 19:57:18, tokens_remaining: 1410, call: scores, phase: playing
2026-06-13 19:57:19, tokens_remaining: 1410, call: scores, phase: playing
2026-06-13 19:57:20, tokens_remaining: 1409, call: scores, phase: playing
2026-06-13 19:57:20, tokens_remaining: 1409, call: scores, phase: playing
2026-06-13 19:57:21, tokens_remaining: 1408, call: scores, phase: playing
2026-06-13 19:57:22, tokens_remaining: 1408, call: scores, phase: playing
2026-06-13 19:57:23, tokens_remaining: 1407, call: scores, phase: playing
2026-06-13 19:57:24, tokens_remaining: 1407, call: scores, phase: playing
2026-06-13 19:57:25, tokens_remaining: 1406, call: scores, phase: playing
2026-06-13 19:57:26, tokens_remaining: 1405, call: events, phase: playing
2026-06-13 19:57:27, tokens_remaining: 1404, call: scores, phase: playing
2026-06-13 19:57:28, tokens_remaining: 1404, call: scores, phase: playing
2026-06-13 19:57:29, tokens_remaining: 1403, call: scores, phase: playing
2026-06-13 19:57:30, tokens_remaining: 1403, call: scores, phase: playing
2026-06-13 19:57:31, tokens_remaining: 1402, call: scores, phase: playing
2026-06-13 19:57:32, tokens_remaining: 1402, call: scores, phase: playing
2026-06-13 19:57:33, tokens_remaining: 1401, call: scores, phase: playing
2026-06-13 19:57:34, tokens_remaining: 1401, call: scores, phase: playing
2026-06-13 19:57:35, tokens_remaining: 1400, call: scores, phase: playing
2026-06-13 19:57:36, tokens_remaining: 1399, call: events, phase: playing
2026-06-13 19:57:37, tokens_remaining: 1398, call: scores, phase: playing
2026-06-13 19:57:38, tokens_remaining: 1398, call: scores, phase: playing
2026-06-13 19:57:39, tokens_remaining: 1397, call: scores, phase: playing
2026-06-13 19:57:39, tokens_remaining: 1397, call: scores, phase: playing
2026-06-13 19:57:40, tokens_remaining: 1396, call: scores, phase: playing
2026-06-13 19:57:41, tokens_remaining: 1396, call: scores, phase: playing
2026-06-13 19:57:42, tokens_remaining: 1395, call: scores, phase: playing
2026-06-13 19:57:43, tokens_remaining: 1395, call: scores, phase: playing
2026-06-13 19:57:44, tokens_remaining: 1394, call: scores, phase: playing
2026-06-13 19:57:45, tokens_remaining: 1393, call: events, phase: playing
2026-06-13 19:57:46, tokens_remaining: 1392, call: scores, phase: playing
2026-06-13 19:57:47, tokens_remaining: 1392, call: scores, phase: playing
2026-06-13 19:57:48, tokens_remaining: 1391, call: scores, phase: playing
2026-06-13 19:57:49, tokens_remaining: 1391, call: scores, phase: playing
2026-06-13 19:57:50, tokens_remaining: 1390, call: scores, phase: playing
2026-06-13 19:57:51, tokens_remaining: 1390, call: scores, phase: playing
2026-06-13 19:57:52, tokens_remaining: 1389, call: scores, phase: playing
2026-06-13 19:57:52, tokens_remaining: 1389, call: scores, phase: playing
2026-06-13 19:57:54, tokens_remaining: 1388, call: scores, phase: playing
2026-06-13 19:57:55, tokens_remaining: 1387, call: events, phase: playing
2026-06-13 19:57:56, tokens_remaining: 1386, call: scores, phase: playing
2026-06-13 19:57:57, tokens_remaining: 1386, call: scores, phase: playing
2026-06-13 19:57:58, tokens_remaining: 1385, call: scores, phase: playing
2026-06-13 19:57:58, tokens_remaining: 1385, call: scores, phase: playing
2026-06-13 19:57:59, tokens_remaining: 1384, call: scores, phase: playing
2026-06-13 19:58:00, tokens_remaining: 1384, call: scores, phase: playing
2026-06-13 19:58:01, tokens_remaining: 1383, call: scores, phase: playing
2026-06-13 19:58:02, tokens_remaining: 1383, call: scores, phase: playing
2026-06-13 19:58:03, tokens_remaining: 1382, call: scores, phase: playing
2026-06-13 19:58:04, tokens_remaining: 1381, call: events, phase: playing
2026-06-13 19:58:05, tokens_remaining: 1380, call: scores, phase: playing
2026-06-13 19:58:06, tokens_remaining: 1380, call: scores, phase: playing
2026-06-13 19:58:07, tokens_remaining: 1379, call: scores, phase: playing
2026-06-13 19:58:08, tokens_remaining: 1379, call: scores, phase: playing
2026-06-13 19:58:09, tokens_remaining: 1378, call: scores, phase: playing
2026-06-13 19:58:10, tokens_remaining: 1378, call: scores, phase: playing
2026-06-13 19:58:11, tokens_remaining: 1377, call: scores, phase: playing
2026-06-13 19:58:12, tokens_remaining: 1377, call: scores, phase: playing
2026-06-13 19:58:13, tokens_remaining: 1376, call: scores, phase: playing
2026-06-13 19:58:14, tokens_remaining: 1375, call: events, phase: playing
2026-06-13 19:58:15, tokens_remaining: 1374, call: scores, phase: playing
2026-06-13 19:58:16, tokens_remaining: 1374, call: scores, phase: playing
2026-06-13 19:58:17, tokens_remaining: 1373, call: scores, phase: playing
2026-06-13 19:58:18, tokens_remaining: 1373, call: scores, phase: playing
2026-06-13 19:58:19, tokens_remaining: 1372, call: scores, phase: playing
2026-06-13 19:58:19, tokens_remaining: 1372, call: scores, phase: playing
2026-06-13 19:58:21, tokens_remaining: 1371, call: scores, phase: playing
2026-06-13 19:58:21, tokens_remaining: 1371, call: scores, phase: playing
2026-06-13 19:58:22, tokens_remaining: 1370, call: scores, phase: playing
2026-06-13 19:58:24, tokens_remaining: 1369, call: events, phase: playing
2026-06-13 19:58:25, tokens_remaining: 1368, call: scores, phase: playing
2026-06-13 19:58:25, tokens_remaining: 1368, call: scores, phase: playing
2026-06-13 19:58:26, tokens_remaining: 1367, call: scores, phase: playing
2026-06-13 19:58:27, tokens_remaining: 1367, call: scores, phase: playing
2026-06-13 19:58:28, tokens_remaining: 1366, call: scores, phase: playing
2026-06-13 19:58:29, tokens_remaining: 1366, call: scores, phase: playing
2026-06-13 19:58:30, tokens_remaining: 1365, call: scores, phase: playing
2026-06-13 19:58:32, tokens_remaining: 1364, call: scores, phase: playing
2026-06-13 19:58:33, tokens_remaining: 1364, call: scores, phase: playing
2026-06-13 19:58:34, tokens_remaining: 1363, call: events, phase: playing
2026-06-13 19:58:35, tokens_remaining: 1362, call: scores, phase: playing
2026-06-13 19:58:36, tokens_remaining: 1362, call: scores, phase: playing
2026-06-13 19:58:37, tokens_remaining: 1361, call: scores, phase: playing
2026-06-13 19:58:37, tokens_remaining: 1361, call: scores, phase: playing
2026-06-13 19:58:38, tokens_remaining: 1360, call: scores, phase: playing
2026-06-13 19:58:39, tokens_remaining: 1360, call: scores, phase: playing
2026-06-13 19:58:40, tokens_remaining: 1359, call: scores, phase: playing
2026-06-13 19:58:41, tokens_remaining: 1359, call: scores, phase: playing
2026-06-13 19:58:42, tokens_remaining: 1358, call: scores, phase: playing
2026-06-13 19:58:43, tokens_remaining: 1357, call: events, phase: playing
2026-06-13 19:58:44, tokens_remaining: 1356, call: scores, phase: playing
2026-06-13 19:58:45, tokens_remaining: 1356, call: scores, phase: playing
2026-06-13 19:58:46, tokens_remaining: 1355, call: scores, phase: playing
2026-06-13 19:58:47, tokens_remaining: 1355, call: scores, phase: playing
2026-06-13 19:58:48, tokens_remaining: 1354, call: scores, phase: playing
2026-06-13 19:58:49, tokens_remaining: 1354, call: scores, phase: playing
2026-06-13 19:58:50, tokens_remaining: 1353, call: scores, phase: playing
2026-06-13 19:58:51, tokens_remaining: 1353, call: scores, phase: playing
2026-06-13 19:58:52, tokens_remaining: 1352, call: scores, phase: playing
2026-06-13 19:58:53, tokens_remaining: 1351, call: events, phase: playing
2026-06-13 19:58:54, tokens_remaining: 1350, call: scores, phase: playing
2026-06-13 19:58:55, tokens_remaining: 1350, call: scores, phase: playing
2026-06-13 19:58:56, tokens_remaining: 1349, call: scores, phase: playing
2026-06-13 19:58:57, tokens_remaining: 1349, call: scores, phase: playing
2026-06-13 19:58:58, tokens_remaining: 1348, call: scores, phase: playing
2026-06-13 19:58:58, tokens_remaining: 1348, call: scores, phase: playing
2026-06-13 19:59:00, tokens_remaining: 1347, call: scores, phase: playing
2026-06-13 19:59:00, tokens_remaining: 1347, call: scores, phase: playing
2026-06-13 19:59:02, tokens_remaining: 1346, call: scores, phase: playing
2026-06-13 19:59:03, tokens_remaining: 1345, call: events, phase: playing
2026-06-13 19:59:04, tokens_remaining: 1344, call: scores, phase: playing
2026-06-13 19:59:04, tokens_remaining: 1344, call: scores, phase: playing
2026-06-13 19:59:06, tokens_remaining: 1343, call: scores, phase: playing
2026-06-13 19:59:06, tokens_remaining: 1343, call: scores, phase: playing
2026-06-13 19:59:07, tokens_remaining: 1342, call: scores, phase: playing
2026-06-13 19:59:08, tokens_remaining: 1342, call: scores, phase: playing
2026-06-13 19:59:09, tokens_remaining: 1341, call: scores, phase: playing
2026-06-13 19:59:10, tokens_remaining: 1341, call: scores, phase: playing
2026-06-13 19:59:11, tokens_remaining: 1340, call: scores, phase: playing
2026-06-13 19:59:12, tokens_remaining: 1339, call: events, phase: playing
2026-06-13 19:59:13, tokens_remaining: 1338, call: scores, phase: playing
2026-06-13 19:59:14, tokens_remaining: 1338, call: scores, phase: playing
2026-06-13 19:59:15, tokens_remaining: 1337, call: scores, phase: playing
2026-06-13 19:59:16, tokens_remaining: 1337, call: scores, phase: playing
2026-06-13 19:59:17, tokens_remaining: 1336, call: scores, phase: playing
2026-06-13 19:59:18, tokens_remaining: 1335, call: scores, phase: playing
2026-06-13 19:59:19, tokens_remaining: 1335, call: scores, phase: playing
2026-06-13 19:59:20, tokens_remaining: 1334, call: scores, phase: playing
2026-06-13 19:59:21, tokens_remaining: 1334, call: scores, phase: playing
2026-06-13 19:59:22, tokens_remaining: 1333, call: events, phase: playing
2026-06-13 19:59:23, tokens_remaining: 1332, call: scores, phase: playing
2026-06-13 19:59:24, tokens_remaining: 1332, call: scores, phase: playing
2026-06-13 19:59:25, tokens_remaining: 1331, call: scores, phase: playing
2026-06-13 19:59:26, tokens_remaining: 1331, call: scores, phase: playing
2026-06-13 19:59:27, tokens_remaining: 1330, call: scores, phase: playing
2026-06-13 19:59:28, tokens_remaining: 1330, call: scores, phase: playing
2026-06-13 19:59:29, tokens_remaining: 1329, call: scores, phase: playing
2026-06-13 19:59:29, tokens_remaining: 1329, call: scores, phase: playing
2026-06-13 19:59:30, tokens_remaining: 1328, call: scores, phase: playing
2026-06-13 19:59:32, tokens_remaining: 1327, call: events, phase: playing
2026-06-13 19:59:33, tokens_remaining: 1326, call: scores, phase: playing
2026-06-13 19:59:33, tokens_remaining: 1326, call: scores, phase: playing
2026-06-13 19:59:34, tokens_remaining: 1325, call: scores, phase: playing
2026-06-13 19:59:35, tokens_remaining: 1325, call: scores, phase: playing
2026-06-13 19:59:36, tokens_remaining: 1324, call: scores, phase: playing
2026-06-13 19:59:37, tokens_remaining: 1324, call: scores, phase: playing
2026-06-13 19:59:38, tokens_remaining: 1323, call: scores, phase: playing
2026-06-13 19:59:39, tokens_remaining: 1323, call: scores, phase: playing
2026-06-13 19:59:40, tokens_remaining: 1322, call: scores, phase: playing
2026-06-13 19:59:41, tokens_remaining: 1321, call: events, phase: playing
2026-06-13 19:59:42, tokens_remaining: 1320, call: scores, phase: playing
2026-06-13 19:59:43, tokens_remaining: 1320, call: scores, phase: playing
2026-06-13 19:59:44, tokens_remaining: 1319, call: scores, phase: playing
2026-06-13 19:59:45, tokens_remaining: 1319, call: scores, phase: playing
2026-06-13 19:59:46, tokens_remaining: 1318, call: scores, phase: playing
2026-06-13 19:59:47, tokens_remaining: 1318, call: scores, phase: playing
2026-06-13 19:59:48, tokens_remaining: 1317, call: scores, phase: playing
2026-06-13 19:59:48, tokens_remaining: 1317, call: scores, phase: playing
2026-06-13 19:59:49, tokens_remaining: 1316, call: scores, phase: playing
2026-06-13 19:59:50, tokens_remaining: 1315, call: events, phase: playing
2026-06-13 19:59:51, tokens_remaining: 1314, call: scores, phase: playing
2026-06-13 19:59:52, tokens_remaining: 1314, call: scores, phase: playing
2026-06-13 19:59:53, tokens_remaining: 1313, call: scores, phase: playing
2026-06-13 19:59:54, tokens_remaining: 1313, call: scores, phase: playing
2026-06-13 19:59:55, tokens_remaining: 1312, call: scores, phase: playing
2026-06-13 19:59:56, tokens_remaining: 1312, call: scores, phase: playing
2026-06-13 19:59:57, tokens_remaining: 1311, call: scores, phase: playing
2026-06-13 19:59:58, tokens_remaining: 1311, call: scores, phase: playing
2026-06-13 19:59:59, tokens_remaining: 1310, call: scores, phase: playing
