2026-06-15 11:00:50, tokens_remaining: 2450, call: scores, phase: pregame
2026-06-15 11:01:27, tokens_remaining: 2449, call: scores, phase: pregame
2026-06-15 11:01:37, tokens_remaining: 2448, call: events, phase: pregame
2026-06-15 11:02:37, tokens_remaining: 2447, call: scores, phase: pregame
2026-06-15 11:02:37, STATE_CHANGE: Spain vs Cape Verde Islands [NS -> 1H]
2026-06-15 11:02:39, tokens_remaining: 2446, call: scores, phase: playing
2026-06-15 11:02:39, tokens_remaining: 2446, call: scores, phase: playing
2026-06-15 11:02:39, tokens_remaining: 2446, call: scores, phase: playing
2026-06-15 11:02:39, tokens_remaining: 2446, call: scores, phase: playing
2026-06-15 11:02:40, tokens_remaining: 2446, call: scores, phase: playing
2026-06-15 11:02:40, tokens_remaining: 2445, call: events, phase: playing
2026-06-15 11:02:41, tokens_remaining: 2444, call: scores, phase: playing
2026-06-15 11:02:41, tokens_remaining: 2444, call: scores, phase: playing
2026-06-15 11:02:41, tokens_remaining: 2444, call: scores, phase: playing
2026-06-15 11:02:41, tokens_remaining: 2444, call: scores, phase: playing
2026-06-15 11:02:41, tokens_remaining: 2444, call: scores, phase: playing
2026-06-15 11:02:41, tokens_remaining: 2444, call: scores, phase: playing
2026-06-15 11:02:42, tokens_remaining: 2444, call: scores, phase: playing
2026-06-15 11:02:42, tokens_remaining: 2443, call: scores, phase: playing
2026-06-15 11:02:42, tokens_remaining: 2443, call: scores, phase: playing
2026-06-15 11:02:43, tokens_remaining: 2442, call: events, phase: playing
2026-06-15 11:02:43, tokens_remaining: 2443, call: scores, phase: playing
2026-06-15 11:02:43, tokens_remaining: 2443, call: scores, phase: playing
2026-06-15 11:02:43, tokens_remaining: 2441, call: scores, phase: playing
2026-06-15 11:02:44, tokens_remaining: 2441, call: scores, phase: playing
2026-06-15 11:02:44, tokens_remaining: 2441, call: scores, phase: playing
2026-06-15 11:02:44, tokens_remaining: 2441, call: scores, phase: playing
2026-06-15 11:02:44, tokens_remaining: 2441, call: scores, phase: playing
2026-06-15 11:02:44, tokens_remaining: 2441, call: scores, phase: playing
2026-06-15 11:02:44, tokens_remaining: 2441, call: scores, phase: playing
2026-06-15 11:02:45, tokens_remaining: 2440, call: events, phase: playing
2026-06-15 11:02:45, tokens_remaining: 2439, call: scores, phase: playing
2026-06-15 11:02:45, tokens_remaining: 2439, call: scores, phase: playing
2026-06-15 11:02:45, tokens_remaining: 2439, call: scores, phase: playing
2026-06-15 11:02:46, tokens_remaining: 2439, call: scores, phase: playing
2026-06-15 11:02:46, tokens_remaining: 2439, call: scores, phase: playing
2026-06-15 11:02:46, tokens_remaining: 2439, call: scores, phase: playing
2026-06-15 11:02:46, tokens_remaining: 2439, call: scores, phase: playing
2026-06-15 11:02:46, tokens_remaining: 2438, call: scores, phase: playing
2026-06-15 11:02:47, tokens_remaining: 2438, call: scores, phase: playing
2026-06-15 11:02:47, tokens_remaining: 2437, call: events, phase: playing
2026-06-15 11:02:47, tokens_remaining: 2438, call: scores, phase: playing
2026-06-15 11:02:47, tokens_remaining: 2438, call: scores, phase: playing
2026-06-15 11:02:48, tokens_remaining: 2436, call: scores, phase: playing
2026-06-15 11:02:48, tokens_remaining: 2436, call: scores, phase: playing
2026-06-15 11:02:48, tokens_remaining: 2436, call: scores, phase: playing
2026-06-15 11:02:48, tokens_remaining: 2436, call: scores, phase: playing
2026-06-15 11:02:48, tokens_remaining: 2436, call: scores, phase: playing
2026-06-15 11:02:49, tokens_remaining: 2436, call: scores, phase: playing
2026-06-15 11:02:49, tokens_remaining: 2436, call: scores, phase: playing
2026-06-15 11:02:49, tokens_remaining: 2435, call: events, phase: playing
2026-06-15 11:02:50, tokens_remaining: 2434, call: scores, phase: playing
2026-06-15 11:02:50, tokens_remaining: 2434, call: scores, phase: playing
2026-06-15 11:02:50, tokens_remaining: 2434, call: scores, phase: playing
2026-06-15 11:02:50, tokens_remaining: 2434, call: scores, phase: playing
2026-06-15 11:02:50, tokens_remaining: 2434, call: scores, phase: playing
2026-06-15 11:02:50, tokens_remaining: 2434, call: scores, phase: playing
2026-06-15 11:02:51, tokens_remaining: 2434, call: scores, phase: playing
2026-06-15 11:02:51, tokens_remaining: 2433, call: scores, phase: playing
2026-06-15 11:02:51, tokens_remaining: 2433, call: scores, phase: playing
2026-06-15 11:02:51, tokens_remaining: 2432, call: events, phase: playing
2026-06-15 11:02:52, tokens_remaining: 2433, call: scores, phase: playing
2026-06-15 11:02:52, tokens_remaining: 2433, call: scores, phase: playing
2026-06-15 11:02:52, tokens_remaining: 2431, call: scores, phase: playing
2026-06-15 11:02:52, tokens_remaining: 2431, call: scores, phase: playing
2026-06-15 11:02:53, tokens_remaining: 2431, call: scores, phase: playing
2026-06-15 11:02:53, tokens_remaining: 2431, call: scores, phase: playing
2026-06-15 11:02:53, tokens_remaining: 2431, call: scores, phase: playing
2026-06-15 11:02:53, tokens_remaining: 2431, call: scores, phase: playing
2026-06-15 11:02:53, tokens_remaining: 2431, call: scores, phase: playing
2026-06-15 11:02:54, tokens_remaining: 2430, call: events, phase: playing
2026-06-15 11:02:54, tokens_remaining: 2429, call: scores, phase: playing
2026-06-15 11:02:54, tokens_remaining: 2429, call: scores, phase: playing
2026-06-15 11:02:54, tokens_remaining: 2429, call: scores, phase: playing
2026-06-15 11:02:55, tokens_remaining: 2429, call: scores, phase: playing
2026-06-15 11:02:55, tokens_remaining: 2429, call: scores, phase: playing
2026-06-15 11:02:55, tokens_remaining: 2429, call: scores, phase: playing
2026-06-15 11:02:55, tokens_remaining: 2429, call: scores, phase: playing
2026-06-15 11:02:55, tokens_remaining: 2428, call: scores, phase: playing
2026-06-15 11:02:56, tokens_remaining: 2428, call: scores, phase: playing
2026-06-15 11:02:56, tokens_remaining: 2427, call: events, phase: playing
2026-06-15 11:02:56, tokens_remaining: 2428, call: scores, phase: playing
2026-06-15 11:02:56, tokens_remaining: 2428, call: scores, phase: playing
2026-06-15 11:02:57, tokens_remaining: 2426, call: scores, phase: playing
2026-06-15 11:02:57, tokens_remaining: 2426, call: scores, phase: playing
2026-06-15 11:02:57, tokens_remaining: 2426, call: scores, phase: playing
2026-06-15 11:02:57, tokens_remaining: 2426, call: scores, phase: playing
2026-06-15 11:02:57, tokens_remaining: 2426, call: scores, phase: playing
2026-06-15 11:02:58, tokens_remaining: 2426, call: scores, phase: playing
2026-06-15 11:02:58, tokens_remaining: 2426, call: scores, phase: playing
2026-06-15 11:02:58, tokens_remaining: 2425, call: events, phase: playing
2026-06-15 11:02:59, tokens_remaining: 2424, call: scores, phase: playing
2026-06-15 11:02:59, tokens_remaining: 2424, call: scores, phase: playing
2026-06-15 11:02:59, tokens_remaining: 2424, call: scores, phase: playing
2026-06-15 11:02:59, tokens_remaining: 2424, call: scores, phase: playing
2026-06-15 11:02:59, tokens_remaining: 2424, call: scores, phase: playing
2026-06-15 11:02:59, tokens_remaining: 2424, call: scores, phase: playing
2026-06-15 11:02:59, tokens_remaining: 2424, call: scores, phase: playing
2026-06-15 11:03:00, tokens_remaining: 2423, call: scores, phase: playing
2026-06-15 11:03:00, tokens_remaining: 2423, call: scores, phase: playing
2026-06-15 11:03:00, tokens_remaining: 2422, call: events, phase: playing
2026-06-15 11:03:01, tokens_remaining: 2423, call: scores, phase: playing
2026-06-15 11:03:01, tokens_remaining: 2423, call: scores, phase: playing
2026-06-15 11:03:01, tokens_remaining: 2421, call: scores, phase: playing
2026-06-15 11:03:01, tokens_remaining: 2421, call: scores, phase: playing
2026-06-15 11:03:01, tokens_remaining: 2421, call: scores, phase: playing
2026-06-15 11:03:02, tokens_remaining: 2421, call: scores, phase: playing
2026-06-15 11:03:02, tokens_remaining: 2421, call: scores, phase: playing
2026-06-15 11:03:02, tokens_remaining: 2421, call: scores, phase: playing
2026-06-15 11:03:02, tokens_remaining: 2421, call: scores, phase: playing
2026-06-15 11:03:03, tokens_remaining: 2420, call: events, phase: playing
2026-06-15 11:03:03, tokens_remaining: 2419, call: scores, phase: playing
2026-06-15 11:03:03, tokens_remaining: 2419, call: scores, phase: playing
2026-06-15 11:03:03, tokens_remaining: 2419, call: scores, phase: playing
2026-06-15 11:03:03, tokens_remaining: 2419, call: scores, phase: playing
2026-06-15 11:03:04, tokens_remaining: 2419, call: scores, phase: playing
2026-06-15 11:03:04, tokens_remaining: 2419, call: scores, phase: playing
2026-06-15 11:03:04, tokens_remaining: 2419, call: scores, phase: playing
2026-06-15 11:03:04, tokens_remaining: 2418, call: scores, phase: playing
2026-06-15 11:03:04, tokens_remaining: 2418, call: scores, phase: playing
2026-06-15 11:03:05, tokens_remaining: 2417, call: events, phase: playing
2026-06-15 11:03:05, tokens_remaining: 2418, call: scores, phase: playing
2026-06-15 11:03:05, tokens_remaining: 2418, call: scores, phase: playing
2026-06-15 11:03:06, tokens_remaining: 2416, call: scores, phase: playing
2026-06-15 11:03:06, tokens_remaining: 2416, call: scores, phase: playing
2026-06-15 11:03:06, tokens_remaining: 2416, call: scores, phase: playing
2026-06-15 11:03:06, tokens_remaining: 2416, call: scores, phase: playing
2026-06-15 11:03:06, tokens_remaining: 2416, call: scores, phase: playing
2026-06-15 11:03:06, tokens_remaining: 2416, call: scores, phase: playing
2026-06-15 11:03:07, tokens_remaining: 2416, call: scores, phase: playing
2026-06-15 11:03:07, tokens_remaining: 2415, call: events, phase: playing
2026-06-15 11:03:07, tokens_remaining: 2414, call: scores, phase: playing
2026-06-15 11:03:08, tokens_remaining: 2414, call: scores, phase: playing
2026-06-15 11:03:08, tokens_remaining: 2414, call: scores, phase: playing
2026-06-15 11:03:08, tokens_remaining: 2414, call: scores, phase: playing
2026-06-15 11:03:08, tokens_remaining: 2414, call: scores, phase: playing
2026-06-15 11:03:08, tokens_remaining: 2414, call: scores, phase: playing
2026-06-15 11:03:08, tokens_remaining: 2414, call: scores, phase: playing
2026-06-15 11:03:09, tokens_remaining: 2413, call: scores, phase: playing
2026-06-15 11:03:09, tokens_remaining: 2413, call: scores, phase: playing
2026-06-15 11:03:09, tokens_remaining: 2412, call: events, phase: playing
2026-06-15 11:03:09, tokens_remaining: 2413, call: scores, phase: playing
2026-06-15 11:03:10, tokens_remaining: 2413, call: scores, phase: playing
2026-06-15 11:03:10, tokens_remaining: 2411, call: scores, phase: playing
2026-06-15 11:03:10, tokens_remaining: 2411, call: scores, phase: playing
2026-06-15 11:03:10, tokens_remaining: 2411, call: scores, phase: playing
2026-06-15 11:03:11, tokens_remaining: 2411, call: scores, phase: playing
2026-06-15 11:03:11, tokens_remaining: 2411, call: scores, phase: playing
2026-06-15 11:03:11, tokens_remaining: 2411, call: scores, phase: playing
2026-06-15 11:03:11, tokens_remaining: 2411, call: scores, phase: playing
2026-06-15 11:03:11, tokens_remaining: 2410, call: events, phase: playing
2026-06-15 11:03:12, tokens_remaining: 2409, call: scores, phase: playing
2026-06-15 11:03:12, tokens_remaining: 2409, call: scores, phase: playing
2026-06-15 11:03:12, tokens_remaining: 2409, call: scores, phase: playing
2026-06-15 11:03:12, tokens_remaining: 2409, call: scores, phase: playing
2026-06-15 11:03:12, tokens_remaining: 2409, call: scores, phase: playing
2026-06-15 11:03:13, tokens_remaining: 2409, call: scores, phase: playing
2026-06-15 11:03:13, tokens_remaining: 2409, call: scores, phase: playing
2026-06-15 11:03:13, tokens_remaining: 2408, call: scores, phase: playing
2026-06-15 11:03:13, tokens_remaining: 2408, call: scores, phase: playing
2026-06-15 11:03:14, tokens_remaining: 2407, call: events, phase: playing
2026-06-15 11:03:14, tokens_remaining: 2408, call: scores, phase: playing
2026-06-15 11:03:14, tokens_remaining: 2408, call: scores, phase: playing
2026-06-15 11:03:14, tokens_remaining: 2406, call: scores, phase: playing
2026-06-15 11:03:15, tokens_remaining: 2406, call: scores, phase: playing
2026-06-15 11:03:15, tokens_remaining: 2406, call: scores, phase: playing
2026-06-15 11:03:15, tokens_remaining: 2406, call: scores, phase: playing
2026-06-15 11:03:15, tokens_remaining: 2406, call: scores, phase: playing
2026-06-15 11:03:15, tokens_remaining: 2406, call: scores, phase: playing
2026-06-15 11:03:15, tokens_remaining: 2406, call: scores, phase: playing
2026-06-15 11:03:16, tokens_remaining: 2405, call: events, phase: playing
2026-06-15 11:03:16, tokens_remaining: 2404, call: scores, phase: playing
2026-06-15 11:03:16, tokens_remaining: 2404, call: scores, phase: playing
2026-06-15 11:03:17, tokens_remaining: 2404, call: scores, phase: playing
2026-06-15 11:03:17, tokens_remaining: 2404, call: scores, phase: playing
2026-06-15 11:03:17, tokens_remaining: 2404, call: scores, phase: playing
2026-06-15 11:03:17, tokens_remaining: 2404, call: scores, phase: playing
2026-06-15 11:03:17, tokens_remaining: 2404, call: scores, phase: playing
2026-06-15 11:03:18, tokens_remaining: 2403, call: scores, phase: playing
2026-06-15 11:03:18, tokens_remaining: 2403, call: scores, phase: playing
2026-06-15 11:03:18, tokens_remaining: 2402, call: events, phase: playing
2026-06-15 11:03:18, tokens_remaining: 2403, call: scores, phase: playing
2026-06-15 11:03:18, tokens_remaining: 2403, call: scores, phase: playing
2026-06-15 11:03:19, tokens_remaining: 2401, call: scores, phase: playing
2026-06-15 11:03:19, tokens_remaining: 2401, call: scores, phase: playing
2026-06-15 11:03:19, tokens_remaining: 2401, call: scores, phase: playing
2026-06-15 11:03:19, tokens_remaining: 2401, call: scores, phase: playing
2026-06-15 11:03:19, tokens_remaining: 2401, call: scores, phase: playing
2026-06-15 11:03:20, tokens_remaining: 2401, call: scores, phase: playing
2026-06-15 11:03:20, tokens_remaining: 2401, call: scores, phase: playing
2026-06-15 11:03:20, tokens_remaining: 2400, call: events, phase: playing
2026-06-15 11:03:21, tokens_remaining: 2399, call: scores, phase: playing
2026-06-15 11:03:21, tokens_remaining: 2399, call: scores, phase: playing
2026-06-15 11:03:21, tokens_remaining: 2399, call: scores, phase: playing
2026-06-15 11:03:21, tokens_remaining: 2399, call: scores, phase: playing
2026-06-15 11:03:21, tokens_remaining: 2399, call: scores, phase: playing
2026-06-15 11:03:21, tokens_remaining: 2399, call: scores, phase: playing
2026-06-15 11:03:21, tokens_remaining: 2399, call: scores, phase: playing
2026-06-15 11:03:22, tokens_remaining: 2398, call: scores, phase: playing
2026-06-15 11:03:22, tokens_remaining: 2398, call: scores, phase: playing
2026-06-15 11:03:22, tokens_remaining: 2397, call: events, phase: playing
2026-06-15 11:03:23, tokens_remaining: 2398, call: scores, phase: playing
2026-06-15 11:03:23, tokens_remaining: 2398, call: scores, phase: playing
2026-06-15 11:03:23, tokens_remaining: 2396, call: scores, phase: playing
2026-06-15 11:03:23, tokens_remaining: 2396, call: scores, phase: playing
2026-06-15 11:03:23, tokens_remaining: 2396, call: scores, phase: playing
2026-06-15 11:03:24, tokens_remaining: 2396, call: scores, phase: playing
2026-06-15 11:03:24, tokens_remaining: 2396, call: scores, phase: playing
2026-06-15 11:03:24, tokens_remaining: 2396, call: scores, phase: playing
2026-06-15 11:03:24, tokens_remaining: 2396, call: scores, phase: playing
2026-06-15 11:03:25, tokens_remaining: 2395, call: events, phase: playing
2026-06-15 11:03:25, tokens_remaining: 2394, call: scores, phase: playing
2026-06-15 11:03:25, tokens_remaining: 2394, call: scores, phase: playing
2026-06-15 11:03:25, tokens_remaining: 2394, call: scores, phase: playing
2026-06-15 11:03:25, tokens_remaining: 2394, call: scores, phase: playing
2026-06-15 11:03:26, tokens_remaining: 2394, call: scores, phase: playing
2026-06-15 11:03:26, tokens_remaining: 2394, call: scores, phase: playing
2026-06-15 11:03:26, tokens_remaining: 2394, call: scores, phase: playing
2026-06-15 11:03:26, tokens_remaining: 2393, call: scores, phase: playing
2026-06-15 11:03:26, tokens_remaining: 2393, call: scores, phase: playing
2026-06-15 11:03:27, tokens_remaining: 2392, call: events, phase: playing
2026-06-15 11:03:27, tokens_remaining: 2393, call: scores, phase: playing
2026-06-15 11:03:27, tokens_remaining: 2393, call: scores, phase: playing
2026-06-15 11:03:28, tokens_remaining: 2391, call: scores, phase: playing
2026-06-15 11:03:28, tokens_remaining: 2391, call: scores, phase: playing
2026-06-15 11:03:28, tokens_remaining: 2391, call: scores, phase: playing
2026-06-15 11:03:28, tokens_remaining: 2391, call: scores, phase: playing
2026-06-15 11:03:28, tokens_remaining: 2391, call: scores, phase: playing
2026-06-15 11:03:28, tokens_remaining: 2391, call: scores, phase: playing
2026-06-15 11:03:28, tokens_remaining: 2391, call: scores, phase: playing
2026-06-15 11:03:29, tokens_remaining: 2390, call: events, phase: playing
2026-06-15 11:03:29, tokens_remaining: 2389, call: scores, phase: playing
2026-06-15 11:03:30, tokens_remaining: 2389, call: scores, phase: playing
2026-06-15 11:03:30, tokens_remaining: 2389, call: scores, phase: playing
2026-06-15 11:03:30, tokens_remaining: 2389, call: scores, phase: playing
2026-06-15 11:03:30, tokens_remaining: 2389, call: scores, phase: playing
2026-06-15 11:03:30, tokens_remaining: 2389, call: scores, phase: playing
2026-06-15 11:03:30, tokens_remaining: 2389, call: scores, phase: playing
2026-06-15 11:03:31, tokens_remaining: 2388, call: scores, phase: playing
2026-06-15 11:03:31, tokens_remaining: 2388, call: scores, phase: playing
2026-06-15 11:03:31, tokens_remaining: 2387, call: events, phase: playing
2026-06-15 11:03:31, tokens_remaining: 2388, call: scores, phase: playing
2026-06-15 11:03:32, tokens_remaining: 2388, call: scores, phase: playing
2026-06-15 11:03:32, tokens_remaining: 2386, call: scores, phase: playing
2026-06-15 11:03:32, tokens_remaining: 2386, call: scores, phase: playing
2026-06-15 11:03:32, tokens_remaining: 2386, call: scores, phase: playing
2026-06-15 11:03:32, tokens_remaining: 2386, call: scores, phase: playing
2026-06-15 11:03:33, tokens_remaining: 2386, call: scores, phase: playing
2026-06-15 11:03:33, tokens_remaining: 2386, call: scores, phase: playing
2026-06-15 11:03:33, tokens_remaining: 2386, call: scores, phase: playing
2026-06-15 11:03:33, tokens_remaining: 2385, call: events, phase: playing
2026-06-15 11:03:34, tokens_remaining: 2384, call: scores, phase: playing
2026-06-15 11:03:34, tokens_remaining: 2384, call: scores, phase: playing
2026-06-15 11:03:34, tokens_remaining: 2384, call: scores, phase: playing
2026-06-15 11:03:34, tokens_remaining: 2384, call: scores, phase: playing
2026-06-15 11:03:34, tokens_remaining: 2384, call: scores, phase: playing
2026-06-15 11:03:34, tokens_remaining: 2384, call: scores, phase: playing
2026-06-15 11:03:35, tokens_remaining: 2384, call: scores, phase: playing
2026-06-15 11:03:35, tokens_remaining: 2383, call: scores, phase: playing
2026-06-15 11:03:35, tokens_remaining: 2383, call: scores, phase: playing
2026-06-15 11:03:36, tokens_remaining: 2382, call: events, phase: playing
2026-06-15 11:03:36, tokens_remaining: 2383, call: scores, phase: playing
2026-06-15 11:03:36, tokens_remaining: 2381, call: scores, phase: playing
2026-06-15 11:03:37, tokens_remaining: 2381, call: scores, phase: playing
2026-06-15 11:03:37, tokens_remaining: 2381, call: scores, phase: playing
2026-06-15 11:03:37, tokens_remaining: 2381, call: scores, phase: playing
2026-06-15 11:03:37, tokens_remaining: 2381, call: scores, phase: playing
2026-06-15 11:03:37, tokens_remaining: 2381, call: scores, phase: playing
2026-06-15 11:03:37, tokens_remaining: 2381, call: scores, phase: playing
2026-06-15 11:03:38, tokens_remaining: 2380, call: scores, phase: playing
2026-06-15 11:03:38, tokens_remaining: 2379, call: events, phase: playing
2026-06-15 11:03:38, tokens_remaining: 2380, call: scores, phase: playing
2026-06-15 11:03:38, tokens_remaining: 2380, call: scores, phase: playing
2026-06-15 11:03:39, tokens_remaining: 2380, call: scores, phase: playing
2026-06-15 11:03:39, tokens_remaining: 2378, call: scores, phase: playing
2026-06-15 11:03:39, tokens_remaining: 2378, call: scores, phase: playing
2026-06-15 11:03:39, tokens_remaining: 2378, call: scores, phase: playing
2026-06-15 11:03:40, tokens_remaining: 2378, call: scores, phase: playing
2026-06-15 11:03:40, tokens_remaining: 2378, call: scores, phase: playing
2026-06-15 11:03:40, tokens_remaining: 2378, call: scores, phase: playing
2026-06-15 11:03:40, tokens_remaining: 2377, call: events, phase: playing
2026-06-15 11:03:41, tokens_remaining: 2376, call: scores, phase: playing
2026-06-15 11:03:41, tokens_remaining: 2376, call: scores, phase: playing
2026-06-15 11:03:41, tokens_remaining: 2376, call: scores, phase: playing
2026-06-15 11:03:41, tokens_remaining: 2376, call: scores, phase: playing
2026-06-15 11:03:41, tokens_remaining: 2376, call: scores, phase: playing
2026-06-15 11:03:41, tokens_remaining: 2376, call: scores, phase: playing
2026-06-15 11:03:42, tokens_remaining: 2376, call: scores, phase: playing
2026-06-15 11:03:42, tokens_remaining: 2375, call: scores, phase: playing
2026-06-15 11:03:42, tokens_remaining: 2375, call: scores, phase: playing
2026-06-15 11:03:42, tokens_remaining: 2374, call: events, phase: playing
2026-06-15 11:03:43, tokens_remaining: 2375, call: scores, phase: playing
2026-06-15 11:03:43, tokens_remaining: 2375, call: scores, phase: playing
2026-06-15 11:03:43, tokens_remaining: 2373, call: scores, phase: playing
2026-06-15 11:03:43, tokens_remaining: 2373, call: scores, phase: playing
2026-06-15 11:03:44, tokens_remaining: 2373, call: scores, phase: playing
2026-06-15 11:03:44, tokens_remaining: 2373, call: scores, phase: playing
2026-06-15 11:03:44, tokens_remaining: 2373, call: scores, phase: playing
2026-06-15 11:03:44, tokens_remaining: 2373, call: scores, phase: playing
2026-06-15 11:03:44, tokens_remaining: 2373, call: scores, phase: playing
2026-06-15 11:03:45, tokens_remaining: 2372, call: events, phase: playing
2026-06-15 11:03:45, tokens_remaining: 2371, call: scores, phase: playing
2026-06-15 11:03:45, tokens_remaining: 2371, call: scores, phase: playing
2026-06-15 11:03:45, tokens_remaining: 2371, call: scores, phase: playing
2026-06-15 11:03:45, tokens_remaining: 2371, call: scores, phase: playing
2026-06-15 11:03:46, tokens_remaining: 2371, call: scores, phase: playing
2026-06-15 11:03:46, tokens_remaining: 2371, call: scores, phase: playing
2026-06-15 11:03:46, tokens_remaining: 2371, call: scores, phase: playing
2026-06-15 11:03:46, tokens_remaining: 2370, call: scores, phase: playing
2026-06-15 11:03:46, tokens_remaining: 2370, call: scores, phase: playing
2026-06-15 11:03:47, tokens_remaining: 2369, call: events, phase: playing
2026-06-15 11:03:47, tokens_remaining: 2370, call: scores, phase: playing
2026-06-15 11:03:47, tokens_remaining: 2370, call: scores, phase: playing
2026-06-15 11:03:48, tokens_remaining: 2368, call: scores, phase: playing
2026-06-15 11:03:48, tokens_remaining: 2368, call: scores, phase: playing
2026-06-15 11:03:48, tokens_remaining: 2368, call: scores, phase: playing
2026-06-15 11:03:48, tokens_remaining: 2368, call: scores, phase: playing
2026-06-15 11:03:48, tokens_remaining: 2368, call: scores, phase: playing
2026-06-15 11:03:48, tokens_remaining: 2368, call: scores, phase: playing
2026-06-15 11:03:48, tokens_remaining: 2368, call: scores, phase: playing
2026-06-15 11:03:49, tokens_remaining: 2367, call: events, phase: playing
2026-06-15 11:03:49, tokens_remaining: 2366, call: scores, phase: playing
2026-06-15 11:03:49, tokens_remaining: 2366, call: scores, phase: playing
2026-06-15 11:03:50, tokens_remaining: 2366, call: scores, phase: playing
2026-06-15 11:03:50, tokens_remaining: 2366, call: scores, phase: playing
2026-06-15 11:03:50, tokens_remaining: 2366, call: scores, phase: playing
2026-06-15 11:03:50, tokens_remaining: 2366, call: scores, phase: playing
2026-06-15 11:03:50, tokens_remaining: 2366, call: scores, phase: playing
2026-06-15 11:03:51, tokens_remaining: 2365, call: scores, phase: playing
2026-06-15 11:03:51, tokens_remaining: 2365, call: scores, phase: playing
2026-06-15 11:03:51, tokens_remaining: 2364, call: events, phase: playing
2026-06-15 11:03:51, tokens_remaining: 2365, call: scores, phase: playing
2026-06-15 11:03:52, tokens_remaining: 2365, call: scores, phase: playing
2026-06-15 11:03:52, tokens_remaining: 2363, call: scores, phase: playing
2026-06-15 11:03:52, tokens_remaining: 2363, call: scores, phase: playing
2026-06-15 11:03:52, tokens_remaining: 2363, call: scores, phase: playing
2026-06-15 11:03:52, tokens_remaining: 2363, call: scores, phase: playing
2026-06-15 11:03:53, tokens_remaining: 2363, call: scores, phase: playing
2026-06-15 11:03:53, tokens_remaining: 2363, call: scores, phase: playing
2026-06-15 11:03:53, tokens_remaining: 2363, call: scores, phase: playing
2026-06-15 11:03:53, tokens_remaining: 2362, call: events, phase: playing
2026-06-15 11:03:54, tokens_remaining: 2361, call: scores, phase: playing
2026-06-15 11:03:54, tokens_remaining: 2361, call: scores, phase: playing
2026-06-15 11:03:54, tokens_remaining: 2361, call: scores, phase: playing
2026-06-15 11:03:54, tokens_remaining: 2361, call: scores, phase: playing
2026-06-15 11:03:54, tokens_remaining: 2361, call: scores, phase: playing
2026-06-15 11:03:54, tokens_remaining: 2361, call: scores, phase: playing
2026-06-15 11:03:55, tokens_remaining: 2361, call: scores, phase: playing
2026-06-15 11:03:55, tokens_remaining: 2360, call: scores, phase: playing
2026-06-15 11:03:55, tokens_remaining: 2360, call: scores, phase: playing
2026-06-15 11:03:56, tokens_remaining: 2359, call: events, phase: playing
2026-06-15 11:03:56, tokens_remaining: 2360, call: scores, phase: playing
2026-06-15 11:03:56, tokens_remaining: 2360, call: scores, phase: playing
2026-06-15 11:03:56, tokens_remaining: 2358, call: scores, phase: playing
2026-06-15 11:03:57, tokens_remaining: 2358, call: scores, phase: playing
2026-06-15 11:03:57, tokens_remaining: 2358, call: scores, phase: playing
2026-06-15 11:03:57, tokens_remaining: 2358, call: scores, phase: playing
2026-06-15 11:03:57, tokens_remaining: 2358, call: scores, phase: playing
2026-06-15 11:03:57, tokens_remaining: 2358, call: scores, phase: playing
2026-06-15 11:03:57, tokens_remaining: 2358, call: scores, phase: playing
2026-06-15 11:03:58, tokens_remaining: 2357, call: events, phase: playing
2026-06-15 11:03:58, tokens_remaining: 2356, call: scores, phase: playing
2026-06-15 11:03:58, tokens_remaining: 2356, call: scores, phase: playing
2026-06-15 11:03:58, tokens_remaining: 2356, call: scores, phase: playing
2026-06-15 11:03:59, tokens_remaining: 2356, call: scores, phase: playing
2026-06-15 11:03:59, tokens_remaining: 2356, call: scores, phase: playing
2026-06-15 11:03:59, tokens_remaining: 2356, call: scores, phase: playing
2026-06-15 11:03:59, tokens_remaining: 2356, call: scores, phase: playing
2026-06-15 11:03:59, tokens_remaining: 2355, call: scores, phase: playing
2026-06-15 11:04:00, tokens_remaining: 2355, call: scores, phase: playing
2026-06-15 11:04:00, tokens_remaining: 2354, call: events, phase: playing
2026-06-15 11:04:00, tokens_remaining: 2355, call: scores, phase: playing
2026-06-15 11:04:00, tokens_remaining: 2355, call: scores, phase: playing
2026-06-15 11:04:01, tokens_remaining: 2353, call: scores, phase: playing
2026-06-15 11:04:01, tokens_remaining: 2353, call: scores, phase: playing
2026-06-15 11:04:01, tokens_remaining: 2353, call: scores, phase: playing
2026-06-15 11:04:01, tokens_remaining: 2353, call: scores, phase: playing
2026-06-15 11:04:01, tokens_remaining: 2353, call: scores, phase: playing
2026-06-15 11:04:01, tokens_remaining: 2353, call: scores, phase: playing
2026-06-15 11:04:02, tokens_remaining: 2353, call: scores, phase: playing
2026-06-15 11:04:02, tokens_remaining: 2352, call: events, phase: playing
2026-06-15 11:04:03, tokens_remaining: 2351, call: scores, phase: playing
2026-06-15 11:04:03, tokens_remaining: 2351, call: scores, phase: playing
2026-06-15 11:04:03, tokens_remaining: 2351, call: scores, phase: playing
2026-06-15 11:04:03, tokens_remaining: 2351, call: scores, phase: playing
2026-06-15 11:04:03, tokens_remaining: 2351, call: scores, phase: playing
2026-06-15 11:04:03, tokens_remaining: 2351, call: scores, phase: playing
2026-06-15 11:04:03, tokens_remaining: 2351, call: scores, phase: playing
2026-06-15 11:04:04, tokens_remaining: 2350, call: scores, phase: playing
2026-06-15 11:04:04, tokens_remaining: 2350, call: scores, phase: playing
2026-06-15 11:04:05, tokens_remaining: 2349, call: events, phase: playing
2026-06-15 11:04:05, tokens_remaining: 2350, call: scores, phase: playing
2026-06-15 11:04:05, tokens_remaining: 2350, call: scores, phase: playing
2026-06-15 11:04:05, tokens_remaining: 2348, call: scores, phase: playing
2026-06-15 11:04:05, tokens_remaining: 2348, call: scores, phase: playing
2026-06-15 11:04:06, tokens_remaining: 2348, call: scores, phase: playing
2026-06-15 11:04:06, tokens_remaining: 2348, call: scores, phase: playing
2026-06-15 11:04:06, tokens_remaining: 2348, call: scores, phase: playing
2026-06-15 11:04:06, tokens_remaining: 2348, call: scores, phase: playing
2026-06-15 11:04:06, tokens_remaining: 2348, call: scores, phase: playing
2026-06-15 11:04:07, tokens_remaining: 2347, call: events, phase: playing
2026-06-15 11:04:07, tokens_remaining: 2346, call: scores, phase: playing
2026-06-15 11:04:07, tokens_remaining: 2346, call: scores, phase: playing
2026-06-15 11:04:07, tokens_remaining: 2346, call: scores, phase: playing
2026-06-15 11:04:07, tokens_remaining: 2346, call: scores, phase: playing
2026-06-15 11:04:08, tokens_remaining: 2346, call: scores, phase: playing
2026-06-15 11:04:08, tokens_remaining: 2346, call: scores, phase: playing
2026-06-15 11:04:08, tokens_remaining: 2346, call: scores, phase: playing
2026-06-15 11:04:08, tokens_remaining: 2345, call: scores, phase: playing
2026-06-15 11:04:08, tokens_remaining: 2345, call: scores, phase: playing
2026-06-15 11:04:09, tokens_remaining: 2344, call: events, phase: playing
2026-06-15 11:04:09, tokens_remaining: 2345, call: scores, phase: playing
2026-06-15 11:04:09, tokens_remaining: 2345, call: scores, phase: playing
2026-06-15 11:04:10, tokens_remaining: 2343, call: scores, phase: playing
2026-06-15 11:04:10, tokens_remaining: 2343, call: scores, phase: playing
2026-06-15 11:04:10, tokens_remaining: 2343, call: scores, phase: playing
2026-06-15 11:04:10, tokens_remaining: 2343, call: scores, phase: playing
2026-06-15 11:04:10, tokens_remaining: 2343, call: scores, phase: playing
2026-06-15 11:04:10, tokens_remaining: 2343, call: scores, phase: playing
2026-06-15 11:04:10, tokens_remaining: 2343, call: scores, phase: playing
2026-06-15 11:04:11, tokens_remaining: 2342, call: events, phase: playing
2026-06-15 11:04:11, tokens_remaining: 2341, call: scores, phase: playing
2026-06-15 11:04:12, tokens_remaining: 2341, call: scores, phase: playing
2026-06-15 11:04:12, tokens_remaining: 2341, call: scores, phase: playing
2026-06-15 11:04:12, tokens_remaining: 2341, call: scores, phase: playing
2026-06-15 11:04:12, tokens_remaining: 2341, call: scores, phase: playing
2026-06-15 11:04:12, tokens_remaining: 2341, call: scores, phase: playing
2026-06-15 11:04:12, tokens_remaining: 2341, call: scores, phase: playing
2026-06-15 11:04:13, tokens_remaining: 2340, call: scores, phase: playing
2026-06-15 11:04:13, tokens_remaining: 2340, call: scores, phase: playing
2026-06-15 11:04:13, tokens_remaining: 2339, call: events, phase: playing
2026-06-15 11:04:13, tokens_remaining: 2340, call: scores, phase: playing
2026-06-15 11:04:14, tokens_remaining: 2340, call: scores, phase: playing
2026-06-15 11:04:14, tokens_remaining: 2338, call: scores, phase: playing
2026-06-15 11:04:14, tokens_remaining: 2338, call: scores, phase: playing
2026-06-15 11:04:14, tokens_remaining: 2338, call: scores, phase: playing
2026-06-15 11:04:15, tokens_remaining: 2338, call: scores, phase: playing
2026-06-15 11:04:15, tokens_remaining: 2338, call: scores, phase: playing
2026-06-15 11:04:15, tokens_remaining: 2338, call: scores, phase: playing
2026-06-15 11:04:15, tokens_remaining: 2338, call: scores, phase: playing
2026-06-15 11:04:15, tokens_remaining: 2337, call: events, phase: playing
2026-06-15 11:04:16, tokens_remaining: 2336, call: scores, phase: playing
2026-06-15 11:04:16, tokens_remaining: 2336, call: scores, phase: playing
2026-06-15 11:04:16, tokens_remaining: 2336, call: scores, phase: playing
2026-06-15 11:04:16, tokens_remaining: 2336, call: scores, phase: playing
2026-06-15 11:04:16, tokens_remaining: 2336, call: scores, phase: playing
2026-06-15 11:04:17, tokens_remaining: 2336, call: scores, phase: playing
2026-06-15 11:04:17, tokens_remaining: 2336, call: scores, phase: playing
2026-06-15 11:04:17, tokens_remaining: 2335, call: scores, phase: playing
2026-06-15 11:04:17, tokens_remaining: 2335, call: scores, phase: playing
2026-06-15 11:04:18, tokens_remaining: 2334, call: events, phase: playing
2026-06-15 11:04:18, tokens_remaining: 2335, call: scores, phase: playing
2026-06-15 11:04:18, tokens_remaining: 2335, call: scores, phase: playing
2026-06-15 11:04:19, tokens_remaining: 2333, call: scores, phase: playing
2026-06-15 11:04:19, tokens_remaining: 2333, call: scores, phase: playing
2026-06-15 11:04:19, tokens_remaining: 2333, call: scores, phase: playing
2026-06-15 11:04:19, tokens_remaining: 2333, call: scores, phase: playing
2026-06-15 11:04:19, tokens_remaining: 2333, call: scores, phase: playing
2026-06-15 11:04:19, tokens_remaining: 2333, call: scores, phase: playing
2026-06-15 11:04:19, tokens_remaining: 2333, call: scores, phase: playing
2026-06-15 11:04:20, tokens_remaining: 2332, call: events, phase: playing
2026-06-15 11:04:20, tokens_remaining: 2331, call: scores, phase: playing
2026-06-15 11:04:20, tokens_remaining: 2331, call: scores, phase: playing
2026-06-15 11:04:21, tokens_remaining: 2331, call: scores, phase: playing
2026-06-15 11:04:21, tokens_remaining: 2331, call: scores, phase: playing
2026-06-15 11:04:21, tokens_remaining: 2331, call: scores, phase: playing
2026-06-15 11:04:21, tokens_remaining: 2331, call: scores, phase: playing
2026-06-15 11:04:21, tokens_remaining: 2331, call: scores, phase: playing
2026-06-15 11:04:22, tokens_remaining: 2330, call: scores, phase: playing
2026-06-15 11:04:22, tokens_remaining: 2330, call: scores, phase: playing
2026-06-15 11:04:22, tokens_remaining: 2329, call: events, phase: playing
2026-06-15 11:04:22, tokens_remaining: 2330, call: scores, phase: playing
2026-06-15 11:04:22, tokens_remaining: 2330, call: scores, phase: playing
2026-06-15 11:04:23, tokens_remaining: 2328, call: scores, phase: playing
2026-06-15 11:04:23, tokens_remaining: 2328, call: scores, phase: playing
2026-06-15 11:04:23, tokens_remaining: 2328, call: scores, phase: playing
2026-06-15 11:04:23, tokens_remaining: 2328, call: scores, phase: playing
2026-06-15 11:04:23, tokens_remaining: 2328, call: scores, phase: playing
2026-06-15 11:04:24, tokens_remaining: 2328, call: scores, phase: playing
2026-06-15 11:04:24, tokens_remaining: 2328, call: scores, phase: playing
2026-06-15 11:04:24, tokens_remaining: 2327, call: events, phase: playing
2026-06-15 11:04:25, tokens_remaining: 2326, call: scores, phase: playing
2026-06-15 11:04:25, tokens_remaining: 2326, call: scores, phase: playing
2026-06-15 11:04:25, tokens_remaining: 2326, call: scores, phase: playing
2026-06-15 11:04:25, tokens_remaining: 2326, call: scores, phase: playing
2026-06-15 11:04:25, tokens_remaining: 2326, call: scores, phase: playing
2026-06-15 11:04:25, tokens_remaining: 2326, call: scores, phase: playing
2026-06-15 11:04:26, tokens_remaining: 2326, call: scores, phase: playing
2026-06-15 11:04:26, tokens_remaining: 2325, call: scores, phase: playing
2026-06-15 11:04:26, tokens_remaining: 2325, call: scores, phase: playing
2026-06-15 11:04:27, tokens_remaining: 2324, call: events, phase: playing
2026-06-15 11:04:27, tokens_remaining: 2325, call: scores, phase: playing
2026-06-15 11:04:27, tokens_remaining: 2325, call: scores, phase: playing
2026-06-15 11:04:27, tokens_remaining: 2323, call: scores, phase: playing
2026-06-15 11:04:27, tokens_remaining: 2323, call: scores, phase: playing
2026-06-15 11:04:28, tokens_remaining: 2323, call: scores, phase: playing
2026-06-15 11:04:28, tokens_remaining: 2323, call: scores, phase: playing
2026-06-15 11:04:28, tokens_remaining: 2323, call: scores, phase: playing
2026-06-15 11:04:28, tokens_remaining: 2323, call: scores, phase: playing
2026-06-15 11:04:28, tokens_remaining: 2323, call: scores, phase: playing
2026-06-15 11:04:29, tokens_remaining: 2322, call: events, phase: playing
2026-06-15 11:04:29, tokens_remaining: 2321, call: scores, phase: playing
2026-06-15 11:04:29, tokens_remaining: 2321, call: scores, phase: playing
2026-06-15 11:04:29, tokens_remaining: 2321, call: scores, phase: playing
2026-06-15 11:04:30, tokens_remaining: 2321, call: scores, phase: playing
2026-06-15 11:04:30, tokens_remaining: 2321, call: scores, phase: playing
2026-06-15 11:04:30, tokens_remaining: 2321, call: scores, phase: playing
2026-06-15 11:04:30, tokens_remaining: 2321, call: scores, phase: playing
2026-06-15 11:04:30, tokens_remaining: 2320, call: scores, phase: playing
2026-06-15 11:04:31, tokens_remaining: 2320, call: scores, phase: playing
2026-06-15 11:04:31, tokens_remaining: 2319, call: events, phase: playing
2026-06-15 11:04:31, tokens_remaining: 2320, call: scores, phase: playing
2026-06-15 11:04:31, tokens_remaining: 2320, call: scores, phase: playing
2026-06-15 11:04:32, tokens_remaining: 2318, call: scores, phase: playing
2026-06-15 11:04:32, tokens_remaining: 2318, call: scores, phase: playing
2026-06-15 11:04:32, tokens_remaining: 2318, call: scores, phase: playing
2026-06-15 11:04:32, tokens_remaining: 2318, call: scores, phase: playing
2026-06-15 11:04:32, tokens_remaining: 2318, call: scores, phase: playing
2026-06-15 11:04:33, tokens_remaining: 2318, call: scores, phase: playing
2026-06-15 11:04:33, tokens_remaining: 2318, call: scores, phase: playing
2026-06-15 11:04:33, tokens_remaining: 2317, call: events, phase: playing
2026-06-15 11:04:34, tokens_remaining: 2316, call: scores, phase: playing
2026-06-15 11:04:34, tokens_remaining: 2316, call: scores, phase: playing
2026-06-15 11:04:34, tokens_remaining: 2316, call: scores, phase: playing
2026-06-15 11:04:34, tokens_remaining: 2316, call: scores, phase: playing
2026-06-15 11:04:34, tokens_remaining: 2316, call: scores, phase: playing
2026-06-15 11:04:34, tokens_remaining: 2316, call: scores, phase: playing
2026-06-15 11:04:35, tokens_remaining: 2316, call: scores, phase: playing
2026-06-15 11:04:35, tokens_remaining: 2315, call: scores, phase: playing
2026-06-15 11:04:35, tokens_remaining: 2315, call: scores, phase: playing
2026-06-15 11:04:35, tokens_remaining: 2314, call: events, phase: playing
2026-06-15 11:04:36, tokens_remaining: 2315, call: scores, phase: playing
2026-06-15 11:04:36, tokens_remaining: 2315, call: scores, phase: playing
2026-06-15 11:04:36, tokens_remaining: 2313, call: scores, phase: playing
2026-06-15 11:04:36, tokens_remaining: 2313, call: scores, phase: playing
2026-06-15 11:04:37, tokens_remaining: 2313, call: scores, phase: playing
2026-06-15 11:04:37, tokens_remaining: 2313, call: scores, phase: playing
2026-06-15 11:04:37, tokens_remaining: 2313, call: scores, phase: playing
2026-06-15 11:04:37, tokens_remaining: 2313, call: scores, phase: playing
2026-06-15 11:04:37, tokens_remaining: 2313, call: scores, phase: playing
2026-06-15 11:04:38, tokens_remaining: 2312, call: events, phase: playing
2026-06-15 11:04:38, tokens_remaining: 2311, call: scores, phase: playing
2026-06-15 11:04:38, tokens_remaining: 2311, call: scores, phase: playing
2026-06-15 11:04:38, tokens_remaining: 2311, call: scores, phase: playing
2026-06-15 11:04:38, tokens_remaining: 2311, call: scores, phase: playing
2026-06-15 11:04:39, tokens_remaining: 2311, call: scores, phase: playing
2026-06-15 11:04:39, tokens_remaining: 2311, call: scores, phase: playing
2026-06-15 11:04:39, tokens_remaining: 2311, call: scores, phase: playing
2026-06-15 11:04:39, tokens_remaining: 2310, call: scores, phase: playing
2026-06-15 11:04:39, tokens_remaining: 2310, call: scores, phase: playing
2026-06-15 11:04:40, tokens_remaining: 2309, call: events, phase: playing
2026-06-15 11:04:40, tokens_remaining: 2310, call: scores, phase: playing
2026-06-15 11:04:40, tokens_remaining: 2310, call: scores, phase: playing
2026-06-15 11:04:41, tokens_remaining: 2308, call: scores, phase: playing
2026-06-15 11:04:41, tokens_remaining: 2308, call: scores, phase: playing
2026-06-15 11:04:41, tokens_remaining: 2308, call: scores, phase: playing
2026-06-15 11:04:41, tokens_remaining: 2308, call: scores, phase: playing
2026-06-15 11:04:41, tokens_remaining: 2308, call: scores, phase: playing
2026-06-15 11:04:41, tokens_remaining: 2308, call: scores, phase: playing
2026-06-15 11:04:42, tokens_remaining: 2308, call: scores, phase: playing
2026-06-15 11:04:42, tokens_remaining: 2307, call: events, phase: playing
2026-06-15 11:04:42, tokens_remaining: 2306, call: scores, phase: playing
2026-06-15 11:04:43, tokens_remaining: 2306, call: scores, phase: playing
2026-06-15 11:04:43, tokens_remaining: 2306, call: scores, phase: playing
2026-06-15 11:04:43, tokens_remaining: 2306, call: scores, phase: playing
2026-06-15 11:04:43, tokens_remaining: 2306, call: scores, phase: playing
2026-06-15 11:04:43, tokens_remaining: 2306, call: scores, phase: playing
2026-06-15 11:04:43, tokens_remaining: 2306, call: scores, phase: playing
2026-06-15 11:04:44, tokens_remaining: 2305, call: scores, phase: playing
2026-06-15 11:04:44, tokens_remaining: 2305, call: scores, phase: playing
2026-06-15 11:04:44, tokens_remaining: 2304, call: events, phase: playing
2026-06-15 11:04:45, tokens_remaining: 2305, call: scores, phase: playing
2026-06-15 11:04:45, tokens_remaining: 2305, call: scores, phase: playing
2026-06-15 11:04:45, tokens_remaining: 2303, call: scores, phase: playing
2026-06-15 11:04:45, tokens_remaining: 2303, call: scores, phase: playing
2026-06-15 11:04:45, tokens_remaining: 2303, call: scores, phase: playing
2026-06-15 11:04:46, tokens_remaining: 2303, call: scores, phase: playing
2026-06-15 11:04:46, tokens_remaining: 2303, call: scores, phase: playing
2026-06-15 11:04:46, tokens_remaining: 2303, call: scores, phase: playing
2026-06-15 11:04:46, tokens_remaining: 2303, call: scores, phase: playing
2026-06-15 11:04:46, tokens_remaining: 2302, call: events, phase: playing
2026-06-15 11:04:47, tokens_remaining: 2301, call: scores, phase: playing
2026-06-15 11:04:47, tokens_remaining: 2301, call: scores, phase: playing
2026-06-15 11:04:47, tokens_remaining: 2301, call: scores, phase: playing
2026-06-15 11:04:47, tokens_remaining: 2301, call: scores, phase: playing
2026-06-15 11:04:47, tokens_remaining: 2301, call: scores, phase: playing
2026-06-15 11:04:48, tokens_remaining: 2301, call: scores, phase: playing
2026-06-15 11:04:48, tokens_remaining: 2301, call: scores, phase: playing
2026-06-15 11:04:48, tokens_remaining: 2300, call: scores, phase: playing
2026-06-15 11:04:48, tokens_remaining: 2300, call: scores, phase: playing
2026-06-15 11:04:49, tokens_remaining: 2299, call: events, phase: playing
2026-06-15 11:04:49, tokens_remaining: 2300, call: scores, phase: playing
2026-06-15 11:04:49, tokens_remaining: 2300, call: scores, phase: playing
2026-06-15 11:04:49, tokens_remaining: 2298, call: scores, phase: playing
2026-06-15 11:04:50, tokens_remaining: 2298, call: scores, phase: playing
2026-06-15 11:04:50, tokens_remaining: 2298, call: scores, phase: playing
2026-06-15 11:04:50, tokens_remaining: 2298, call: scores, phase: playing
2026-06-15 11:04:50, tokens_remaining: 2298, call: scores, phase: playing
2026-06-15 11:04:50, tokens_remaining: 2298, call: scores, phase: playing
2026-06-15 11:04:50, tokens_remaining: 2298, call: scores, phase: playing
2026-06-15 11:04:51, tokens_remaining: 2297, call: events, phase: playing
2026-06-15 11:04:51, tokens_remaining: 2296, call: scores, phase: playing
2026-06-15 11:04:51, tokens_remaining: 2296, call: scores, phase: playing
2026-06-15 11:04:52, tokens_remaining: 2296, call: scores, phase: playing
2026-06-15 11:04:52, tokens_remaining: 2296, call: scores, phase: playing
2026-06-15 11:04:52, tokens_remaining: 2296, call: scores, phase: playing
2026-06-15 11:04:52, tokens_remaining: 2296, call: scores, phase: playing
2026-06-15 11:04:52, tokens_remaining: 2296, call: scores, phase: playing
2026-06-15 11:04:53, tokens_remaining: 2295, call: scores, phase: playing
2026-06-15 11:04:53, tokens_remaining: 2295, call: scores, phase: playing
2026-06-15 11:04:53, tokens_remaining: 2294, call: events, phase: playing
2026-06-15 11:04:53, tokens_remaining: 2295, call: scores, phase: playing
2026-06-15 11:04:53, tokens_remaining: 2295, call: scores, phase: playing
2026-06-15 11:04:54, tokens_remaining: 2293, call: scores, phase: playing
2026-06-15 11:04:54, tokens_remaining: 2293, call: scores, phase: playing
2026-06-15 11:04:54, tokens_remaining: 2293, call: scores, phase: playing
2026-06-15 11:04:54, tokens_remaining: 2293, call: scores, phase: playing
2026-06-15 11:04:54, tokens_remaining: 2293, call: scores, phase: playing
2026-06-15 11:04:55, tokens_remaining: 2293, call: scores, phase: playing
2026-06-15 11:04:55, tokens_remaining: 2293, call: scores, phase: playing
2026-06-15 11:04:55, tokens_remaining: 2292, call: events, phase: playing
2026-06-15 11:04:56, tokens_remaining: 2291, call: scores, phase: playing
2026-06-15 11:04:56, tokens_remaining: 2291, call: scores, phase: playing
2026-06-15 11:04:56, tokens_remaining: 2291, call: scores, phase: playing
2026-06-15 11:04:56, tokens_remaining: 2291, call: scores, phase: playing
2026-06-15 11:04:56, tokens_remaining: 2291, call: scores, phase: playing
2026-06-15 11:04:56, tokens_remaining: 2291, call: scores, phase: playing
2026-06-15 11:04:56, tokens_remaining: 2291, call: scores, phase: playing
2026-06-15 11:04:57, tokens_remaining: 2290, call: scores, phase: playing
2026-06-15 11:04:57, tokens_remaining: 2290, call: scores, phase: playing
2026-06-15 11:04:57, tokens_remaining: 2289, call: events, phase: playing
2026-06-15 11:04:58, tokens_remaining: 2290, call: scores, phase: playing
2026-06-15 11:04:58, tokens_remaining: 2290, call: scores, phase: playing
2026-06-15 11:04:58, tokens_remaining: 2288, call: scores, phase: playing
2026-06-15 11:04:58, tokens_remaining: 2288, call: scores, phase: playing
2026-06-15 11:04:58, tokens_remaining: 2288, call: scores, phase: playing
2026-06-15 11:04:59, tokens_remaining: 2288, call: scores, phase: playing
2026-06-15 11:04:59, tokens_remaining: 2288, call: scores, phase: playing
2026-06-15 11:04:59, tokens_remaining: 2288, call: scores, phase: playing
2026-06-15 11:04:59, tokens_remaining: 2288, call: scores, phase: playing
2026-06-15 11:05:00, tokens_remaining: 2287, call: events, phase: playing
2026-06-15 11:05:00, tokens_remaining: 2286, call: scores, phase: playing
2026-06-15 11:05:00, tokens_remaining: 2286, call: scores, phase: playing
2026-06-15 11:05:00, tokens_remaining: 2286, call: scores, phase: playing
2026-06-15 11:05:00, tokens_remaining: 2286, call: scores, phase: playing
2026-06-15 11:05:01, tokens_remaining: 2286, call: scores, phase: playing
2026-06-15 11:05:01, tokens_remaining: 2286, call: scores, phase: playing
2026-06-15 11:05:01, tokens_remaining: 2286, call: scores, phase: playing
2026-06-15 11:05:01, tokens_remaining: 2285, call: scores, phase: playing
2026-06-15 11:05:01, tokens_remaining: 2285, call: scores, phase: playing
2026-06-15 11:05:02, tokens_remaining: 2284, call: events, phase: playing
2026-06-15 11:05:02, tokens_remaining: 2285, call: scores, phase: playing
2026-06-15 11:05:02, tokens_remaining: 2285, call: scores, phase: playing
2026-06-15 11:05:03, tokens_remaining: 2283, call: scores, phase: playing
2026-06-15 11:05:03, tokens_remaining: 2283, call: scores, phase: playing
2026-06-15 11:05:03, tokens_remaining: 2283, call: scores, phase: playing
2026-06-15 11:05:03, tokens_remaining: 2283, call: scores, phase: playing
2026-06-15 11:05:03, tokens_remaining: 2283, call: scores, phase: playing
2026-06-15 11:05:03, tokens_remaining: 2283, call: scores, phase: playing
2026-06-15 11:05:03, tokens_remaining: 2283, call: scores, phase: playing
2026-06-15 11:05:04, tokens_remaining: 2282, call: events, phase: playing
2026-06-15 11:05:04, tokens_remaining: 2281, call: scores, phase: playing
2026-06-15 11:05:05, tokens_remaining: 2281, call: scores, phase: playing
2026-06-15 11:05:05, tokens_remaining: 2281, call: scores, phase: playing
2026-06-15 11:05:05, tokens_remaining: 2281, call: scores, phase: playing
2026-06-15 11:05:05, tokens_remaining: 2281, call: scores, phase: playing
2026-06-15 11:05:05, tokens_remaining: 2281, call: scores, phase: playing
2026-06-15 11:05:05, tokens_remaining: 2281, call: scores, phase: playing
2026-06-15 11:05:06, tokens_remaining: 2280, call: scores, phase: playing
2026-06-15 11:05:06, tokens_remaining: 2280, call: scores, phase: playing
2026-06-15 11:05:06, tokens_remaining: 2279, call: events, phase: playing
2026-06-15 11:05:06, tokens_remaining: 2280, call: scores, phase: playing
2026-06-15 11:05:07, tokens_remaining: 2280, call: scores, phase: playing
2026-06-15 11:05:07, tokens_remaining: 2278, call: scores, phase: playing
2026-06-15 11:05:07, tokens_remaining: 2278, call: scores, phase: playing
2026-06-15 11:05:07, tokens_remaining: 2278, call: scores, phase: playing
2026-06-15 11:05:08, tokens_remaining: 2278, call: scores, phase: playing
2026-06-15 11:05:08, tokens_remaining: 2278, call: scores, phase: playing
2026-06-15 11:05:08, tokens_remaining: 2278, call: scores, phase: playing
2026-06-15 11:05:08, tokens_remaining: 2278, call: scores, phase: playing
2026-06-15 11:05:08, tokens_remaining: 2277, call: events, phase: playing
2026-06-15 11:05:09, tokens_remaining: 2276, call: scores, phase: playing
2026-06-15 11:05:09, tokens_remaining: 2276, call: scores, phase: playing
2026-06-15 11:05:09, tokens_remaining: 2276, call: scores, phase: playing
2026-06-15 11:05:09, tokens_remaining: 2276, call: scores, phase: playing
2026-06-15 11:05:09, tokens_remaining: 2276, call: scores, phase: playing
2026-06-15 11:05:10, tokens_remaining: 2276, call: scores, phase: playing
2026-06-15 11:05:10, tokens_remaining: 2276, call: scores, phase: playing
2026-06-15 11:05:10, tokens_remaining: 2275, call: scores, phase: playing
2026-06-15 11:05:10, tokens_remaining: 2275, call: scores, phase: playing
2026-06-15 11:05:11, tokens_remaining: 2274, call: events, phase: playing
2026-06-15 11:05:11, tokens_remaining: 2275, call: scores, phase: playing
2026-06-15 11:05:11, tokens_remaining: 2275, call: scores, phase: playing
2026-06-15 11:05:12, tokens_remaining: 2273, call: scores, phase: playing
2026-06-15 11:05:12, tokens_remaining: 2273, call: scores, phase: playing
2026-06-15 11:05:12, tokens_remaining: 2273, call: scores, phase: playing
2026-06-15 11:05:12, tokens_remaining: 2273, call: scores, phase: playing
2026-06-15 11:05:12, tokens_remaining: 2273, call: scores, phase: playing
2026-06-15 11:05:12, tokens_remaining: 2273, call: scores, phase: playing
2026-06-15 11:05:12, tokens_remaining: 2273, call: scores, phase: playing
2026-06-15 11:05:13, tokens_remaining: 2272, call: events, phase: playing
2026-06-15 11:05:13, tokens_remaining: 2271, call: scores, phase: playing
2026-06-15 11:05:13, tokens_remaining: 2271, call: scores, phase: playing
2026-06-15 11:05:14, tokens_remaining: 2271, call: scores, phase: playing
2026-06-15 11:05:14, tokens_remaining: 2271, call: scores, phase: playing
2026-06-15 11:05:14, tokens_remaining: 2271, call: scores, phase: playing
2026-06-15 11:05:14, tokens_remaining: 2271, call: scores, phase: playing
2026-06-15 11:05:14, tokens_remaining: 2271, call: scores, phase: playing
2026-06-15 11:05:15, tokens_remaining: 2270, call: scores, phase: playing
2026-06-15 11:05:15, tokens_remaining: 2270, call: scores, phase: playing
2026-06-15 11:05:15, tokens_remaining: 2269, call: events, phase: playing
2026-06-15 11:05:15, tokens_remaining: 2270, call: scores, phase: playing
2026-06-15 11:05:16, tokens_remaining: 2270, call: scores, phase: playing
2026-06-15 11:05:16, tokens_remaining: 2268, call: scores, phase: playing
2026-06-15 11:05:16, tokens_remaining: 2268, call: scores, phase: playing
2026-06-15 11:05:16, tokens_remaining: 2268, call: scores, phase: playing
2026-06-15 11:05:16, tokens_remaining: 2268, call: scores, phase: playing
2026-06-15 11:05:17, tokens_remaining: 2268, call: scores, phase: playing
2026-06-15 11:05:17, tokens_remaining: 2268, call: scores, phase: playing
2026-06-15 11:05:17, tokens_remaining: 2268, call: scores, phase: playing
2026-06-15 11:05:17, tokens_remaining: 2267, call: events, phase: playing
2026-06-15 11:05:18, tokens_remaining: 2266, call: scores, phase: playing
2026-06-15 11:05:18, tokens_remaining: 2266, call: scores, phase: playing
2026-06-15 11:05:18, tokens_remaining: 2266, call: scores, phase: playing
2026-06-15 11:05:18, tokens_remaining: 2266, call: scores, phase: playing
2026-06-15 11:05:18, tokens_remaining: 2266, call: scores, phase: playing
2026-06-15 11:05:18, tokens_remaining: 2266, call: scores, phase: playing
2026-06-15 11:05:19, tokens_remaining: 2266, call: scores, phase: playing
2026-06-15 11:05:19, tokens_remaining: 2265, call: scores, phase: playing
2026-06-15 11:05:19, tokens_remaining: 2265, call: scores, phase: playing
2026-06-15 11:05:20, tokens_remaining: 2264, call: events, phase: playing
2026-06-15 11:05:20, tokens_remaining: 2265, call: scores, phase: playing
2026-06-15 11:05:20, tokens_remaining: 2265, call: scores, phase: playing
2026-06-15 11:05:20, tokens_remaining: 2263, call: scores, phase: playing
2026-06-15 11:05:21, tokens_remaining: 2263, call: scores, phase: playing
2026-06-15 11:05:21, tokens_remaining: 2263, call: scores, phase: playing
2026-06-15 11:05:21, tokens_remaining: 2263, call: scores, phase: playing
2026-06-15 11:05:21, tokens_remaining: 2263, call: scores, phase: playing
2026-06-15 11:05:21, tokens_remaining: 2263, call: scores, phase: playing
2026-06-15 11:05:21, tokens_remaining: 2263, call: scores, phase: playing
2026-06-15 11:05:22, tokens_remaining: 2262, call: events, phase: playing
2026-06-15 11:05:22, tokens_remaining: 2261, call: scores, phase: playing
2026-06-15 11:05:22, tokens_remaining: 2261, call: scores, phase: playing
2026-06-15 11:05:22, tokens_remaining: 2261, call: scores, phase: playing
2026-06-15 11:05:23, tokens_remaining: 2261, call: scores, phase: playing
2026-06-15 11:05:23, tokens_remaining: 2261, call: scores, phase: playing
2026-06-15 11:05:23, tokens_remaining: 2261, call: scores, phase: playing
2026-06-15 11:05:23, tokens_remaining: 2261, call: scores, phase: playing
2026-06-15 11:05:23, tokens_remaining: 2260, call: scores, phase: playing
2026-06-15 11:05:24, tokens_remaining: 2260, call: scores, phase: playing
2026-06-15 11:05:24, tokens_remaining: 2259, call: events, phase: playing
2026-06-15 11:05:24, tokens_remaining: 2260, call: scores, phase: playing
2026-06-15 11:05:24, tokens_remaining: 2260, call: scores, phase: playing
2026-06-15 11:05:25, tokens_remaining: 2258, call: scores, phase: playing
2026-06-15 11:05:25, tokens_remaining: 2258, call: scores, phase: playing
2026-06-15 11:05:25, tokens_remaining: 2258, call: scores, phase: playing
2026-06-15 11:05:25, tokens_remaining: 2258, call: scores, phase: playing
2026-06-15 11:05:25, tokens_remaining: 2258, call: scores, phase: playing
2026-06-15 11:05:26, tokens_remaining: 2258, call: scores, phase: playing
2026-06-15 11:05:26, tokens_remaining: 2258, call: scores, phase: playing
2026-06-15 11:05:26, tokens_remaining: 2257, call: events, phase: playing
2026-06-15 11:05:27, tokens_remaining: 2256, call: scores, phase: playing
2026-06-15 11:05:27, tokens_remaining: 2256, call: scores, phase: playing
2026-06-15 11:05:27, tokens_remaining: 2256, call: scores, phase: playing
2026-06-15 11:05:27, tokens_remaining: 2256, call: scores, phase: playing
2026-06-15 11:05:27, tokens_remaining: 2256, call: scores, phase: playing
2026-06-15 11:05:27, tokens_remaining: 2256, call: scores, phase: playing
2026-06-15 11:05:27, tokens_remaining: 2256, call: scores, phase: playing
2026-06-15 11:05:28, tokens_remaining: 2255, call: scores, phase: playing
2026-06-15 11:05:28, tokens_remaining: 2255, call: scores, phase: playing
2026-06-15 11:05:28, tokens_remaining: 2254, call: events, phase: playing
2026-06-15 11:05:29, tokens_remaining: 2255, call: scores, phase: playing
2026-06-15 11:05:29, tokens_remaining: 2255, call: scores, phase: playing
2026-06-15 11:05:29, tokens_remaining: 2253, call: scores, phase: playing
2026-06-15 11:05:29, tokens_remaining: 2253, call: scores, phase: playing
2026-06-15 11:05:29, tokens_remaining: 2253, call: scores, phase: playing
2026-06-15 11:05:30, tokens_remaining: 2253, call: scores, phase: playing
2026-06-15 11:05:30, tokens_remaining: 2253, call: scores, phase: playing
2026-06-15 11:05:30, tokens_remaining: 2253, call: scores, phase: playing
2026-06-15 11:05:30, tokens_remaining: 2253, call: scores, phase: playing
2026-06-15 11:05:30, tokens_remaining: 2252, call: events, phase: playing
2026-06-15 11:05:31, tokens_remaining: 2251, call: scores, phase: playing
2026-06-15 11:05:31, tokens_remaining: 2251, call: scores, phase: playing
2026-06-15 11:05:31, tokens_remaining: 2251, call: scores, phase: playing
2026-06-15 11:05:31, tokens_remaining: 2251, call: scores, phase: playing
2026-06-15 11:05:31, tokens_remaining: 2251, call: scores, phase: playing
2026-06-15 11:05:32, tokens_remaining: 2251, call: scores, phase: playing
2026-06-15 11:05:32, tokens_remaining: 2251, call: scores, phase: playing
2026-06-15 11:05:32, tokens_remaining: 2250, call: scores, phase: playing
2026-06-15 11:05:32, tokens_remaining: 2250, call: scores, phase: playing
2026-06-15 11:05:33, tokens_remaining: 2249, call: events, phase: playing
2026-06-15 11:05:33, tokens_remaining: 2250, call: scores, phase: playing
2026-06-15 11:05:33, tokens_remaining: 2250, call: scores, phase: playing
2026-06-15 11:05:33, tokens_remaining: 2248, call: scores, phase: playing
2026-06-15 11:05:34, tokens_remaining: 2248, call: scores, phase: playing
2026-06-15 11:05:34, tokens_remaining: 2248, call: scores, phase: playing
2026-06-15 11:05:34, tokens_remaining: 2248, call: scores, phase: playing
2026-06-15 11:05:34, tokens_remaining: 2248, call: scores, phase: playing
2026-06-15 11:05:34, tokens_remaining: 2248, call: scores, phase: playing
2026-06-15 11:05:34, tokens_remaining: 2248, call: scores, phase: playing
2026-06-15 11:05:35, tokens_remaining: 2247, call: events, phase: playing
2026-06-15 11:05:35, tokens_remaining: 2246, call: scores, phase: playing
2026-06-15 11:05:35, tokens_remaining: 2246, call: scores, phase: playing
2026-06-15 11:05:36, tokens_remaining: 2246, call: scores, phase: playing
2026-06-15 11:05:36, tokens_remaining: 2246, call: scores, phase: playing
2026-06-15 11:05:36, tokens_remaining: 2246, call: scores, phase: playing
2026-06-15 11:05:36, tokens_remaining: 2246, call: scores, phase: playing
2026-06-15 11:05:36, tokens_remaining: 2246, call: scores, phase: playing
2026-06-15 11:05:37, tokens_remaining: 2245, call: scores, phase: playing
2026-06-15 11:05:37, tokens_remaining: 2245, call: scores, phase: playing
2026-06-15 11:05:37, tokens_remaining: 2244, call: events, phase: playing
2026-06-15 11:05:37, tokens_remaining: 2245, call: scores, phase: playing
2026-06-15 11:05:38, tokens_remaining: 2245, call: scores, phase: playing
2026-06-15 11:05:38, tokens_remaining: 2243, call: scores, phase: playing
2026-06-15 11:05:38, tokens_remaining: 2243, call: scores, phase: playing
2026-06-15 11:05:38, tokens_remaining: 2243, call: scores, phase: playing
2026-06-15 11:05:38, tokens_remaining: 2243, call: scores, phase: playing
2026-06-15 11:05:39, tokens_remaining: 2243, call: scores, phase: playing
2026-06-15 11:05:39, tokens_remaining: 2243, call: scores, phase: playing
2026-06-15 11:05:39, tokens_remaining: 2243, call: scores, phase: playing
2026-06-15 11:05:39, tokens_remaining: 2242, call: events, phase: playing
2026-06-15 11:05:40, tokens_remaining: 2241, call: scores, phase: playing
2026-06-15 11:05:40, tokens_remaining: 2241, call: scores, phase: playing
2026-06-15 11:05:40, tokens_remaining: 2241, call: scores, phase: playing
2026-06-15 11:05:40, tokens_remaining: 2241, call: scores, phase: playing
2026-06-15 11:05:40, tokens_remaining: 2241, call: scores, phase: playing
2026-06-15 11:05:40, tokens_remaining: 2241, call: scores, phase: playing
2026-06-15 11:05:41, tokens_remaining: 2241, call: scores, phase: playing
2026-06-15 11:05:41, tokens_remaining: 2240, call: scores, phase: playing
2026-06-15 11:05:41, tokens_remaining: 2240, call: scores, phase: playing
2026-06-15 11:05:42, tokens_remaining: 2239, call: events, phase: playing
2026-06-15 11:05:42, tokens_remaining: 2240, call: scores, phase: playing
2026-06-15 11:05:42, tokens_remaining: 2240, call: scores, phase: playing
2026-06-15 11:05:42, tokens_remaining: 2238, call: scores, phase: playing
2026-06-15 11:05:42, tokens_remaining: 2238, call: scores, phase: playing
2026-06-15 11:05:43, tokens_remaining: 2238, call: scores, phase: playing
2026-06-15 11:05:43, tokens_remaining: 2238, call: scores, phase: playing
2026-06-15 11:05:43, tokens_remaining: 2238, call: scores, phase: playing
2026-06-15 11:05:43, tokens_remaining: 2238, call: scores, phase: playing
2026-06-15 11:05:43, tokens_remaining: 2238, call: scores, phase: playing
2026-06-15 11:05:44, tokens_remaining: 2237, call: events, phase: playing
2026-06-15 11:05:44, tokens_remaining: 2236, call: scores, phase: playing
2026-06-15 11:05:44, tokens_remaining: 2236, call: scores, phase: playing
2026-06-15 11:05:44, tokens_remaining: 2236, call: scores, phase: playing
2026-06-15 11:05:44, tokens_remaining: 2236, call: scores, phase: playing
2026-06-15 11:05:45, tokens_remaining: 2236, call: scores, phase: playing
2026-06-15 11:05:45, tokens_remaining: 2236, call: scores, phase: playing
2026-06-15 11:05:45, tokens_remaining: 2236, call: scores, phase: playing
2026-06-15 11:05:45, tokens_remaining: 2235, call: scores, phase: playing
2026-06-15 11:05:45, tokens_remaining: 2235, call: scores, phase: playing
2026-06-15 11:05:46, tokens_remaining: 2234, call: events, phase: playing
2026-06-15 11:05:46, tokens_remaining: 2235, call: scores, phase: playing
2026-06-15 11:05:46, tokens_remaining: 2235, call: scores, phase: playing
2026-06-15 11:05:47, tokens_remaining: 2233, call: scores, phase: playing
2026-06-15 11:05:47, tokens_remaining: 2233, call: scores, phase: playing
2026-06-15 11:05:47, tokens_remaining: 2233, call: scores, phase: playing
2026-06-15 11:05:47, tokens_remaining: 2233, call: scores, phase: playing
2026-06-15 11:05:47, tokens_remaining: 2233, call: scores, phase: playing
2026-06-15 11:05:47, tokens_remaining: 2233, call: scores, phase: playing
2026-06-15 11:05:48, tokens_remaining: 2233, call: scores, phase: playing
2026-06-15 11:05:48, tokens_remaining: 2232, call: events, phase: playing
2026-06-15 11:05:48, tokens_remaining: 2231, call: scores, phase: playing
2026-06-15 11:05:49, tokens_remaining: 2231, call: scores, phase: playing
2026-06-15 11:05:49, tokens_remaining: 2231, call: scores, phase: playing
2026-06-15 11:05:49, tokens_remaining: 2231, call: scores, phase: playing
2026-06-15 11:05:49, tokens_remaining: 2231, call: scores, phase: playing
2026-06-15 11:05:49, tokens_remaining: 2231, call: scores, phase: playing
2026-06-15 11:05:49, tokens_remaining: 2231, call: scores, phase: playing
2026-06-15 11:05:50, tokens_remaining: 2230, call: scores, phase: playing
2026-06-15 11:05:50, tokens_remaining: 2230, call: scores, phase: playing
2026-06-15 11:05:50, tokens_remaining: 2229, call: events, phase: playing
2026-06-15 11:05:50, tokens_remaining: 2230, call: scores, phase: playing
2026-06-15 11:05:51, tokens_remaining: 2230, call: scores, phase: playing
2026-06-15 11:05:51, tokens_remaining: 2228, call: scores, phase: playing
2026-06-15 11:05:51, tokens_remaining: 2228, call: scores, phase: playing
2026-06-15 11:05:51, tokens_remaining: 2228, call: scores, phase: playing
2026-06-15 11:05:51, tokens_remaining: 2228, call: scores, phase: playing
2026-06-15 11:05:52, tokens_remaining: 2228, call: scores, phase: playing
2026-06-15 11:05:52, tokens_remaining: 2228, call: scores, phase: playing
2026-06-15 11:05:52, tokens_remaining: 2228, call: scores, phase: playing
2026-06-15 11:05:52, tokens_remaining: 2227, call: events, phase: playing
2026-06-15 11:05:53, tokens_remaining: 2226, call: scores, phase: playing
2026-06-15 11:05:53, tokens_remaining: 2226, call: scores, phase: playing
2026-06-15 11:05:53, tokens_remaining: 2226, call: scores, phase: playing
2026-06-15 11:05:53, tokens_remaining: 2226, call: scores, phase: playing
2026-06-15 11:05:53, tokens_remaining: 2226, call: scores, phase: playing
2026-06-15 11:05:53, tokens_remaining: 2226, call: scores, phase: playing
2026-06-15 11:05:54, tokens_remaining: 2226, call: scores, phase: playing
2026-06-15 11:05:54, tokens_remaining: 2225, call: scores, phase: playing
2026-06-15 11:05:54, tokens_remaining: 2225, call: scores, phase: playing
2026-06-15 11:05:55, tokens_remaining: 2224, call: events, phase: playing
2026-06-15 11:05:55, tokens_remaining: 2225, call: scores, phase: playing
2026-06-15 11:05:55, tokens_remaining: 2225, call: scores, phase: playing
2026-06-15 11:05:55, tokens_remaining: 2223, call: scores, phase: playing
2026-06-15 11:05:55, tokens_remaining: 2223, call: scores, phase: playing
2026-06-15 11:05:56, tokens_remaining: 2223, call: scores, phase: playing
2026-06-15 11:05:56, tokens_remaining: 2223, call: scores, phase: playing
2026-06-15 11:05:56, tokens_remaining: 2223, call: scores, phase: playing
2026-06-15 11:05:56, tokens_remaining: 2223, call: scores, phase: playing
2026-06-15 11:05:56, tokens_remaining: 2223, call: scores, phase: playing
2026-06-15 11:05:57, tokens_remaining: 2222, call: events, phase: playing
2026-06-15 11:05:57, tokens_remaining: 2221, call: scores, phase: playing
2026-06-15 11:05:57, tokens_remaining: 2221, call: scores, phase: playing
2026-06-15 11:05:57, tokens_remaining: 2221, call: scores, phase: playing
2026-06-15 11:05:58, tokens_remaining: 2221, call: scores, phase: playing
2026-06-15 11:05:58, tokens_remaining: 2221, call: scores, phase: playing
2026-06-15 11:05:58, tokens_remaining: 2221, call: scores, phase: playing
2026-06-15 11:05:58, tokens_remaining: 2221, call: scores, phase: playing
2026-06-15 11:05:58, tokens_remaining: 2220, call: scores, phase: playing
2026-06-15 11:05:59, tokens_remaining: 2220, call: scores, phase: playing
2026-06-15 11:05:59, tokens_remaining: 2219, call: events, phase: playing
2026-06-15 11:05:59, tokens_remaining: 2220, call: scores, phase: playing
2026-06-15 11:05:59, tokens_remaining: 2220, call: scores, phase: playing
2026-06-15 11:06:00, tokens_remaining: 2218, call: scores, phase: playing
2026-06-15 11:06:00, tokens_remaining: 2218, call: scores, phase: playing
2026-06-15 11:06:00, tokens_remaining: 2218, call: scores, phase: playing
2026-06-15 11:06:00, tokens_remaining: 2218, call: scores, phase: playing
2026-06-15 11:06:00, tokens_remaining: 2218, call: scores, phase: playing
2026-06-15 11:06:00, tokens_remaining: 2218, call: scores, phase: playing
2026-06-15 11:06:01, tokens_remaining: 2218, call: scores, phase: playing
2026-06-15 11:06:01, tokens_remaining: 2217, call: events, phase: playing
2026-06-15 11:06:01, tokens_remaining: 2216, call: scores, phase: playing
2026-06-15 11:06:02, tokens_remaining: 2216, call: scores, phase: playing
2026-06-15 11:06:02, tokens_remaining: 2216, call: scores, phase: playing
2026-06-15 11:06:02, tokens_remaining: 2216, call: scores, phase: playing
2026-06-15 11:06:02, tokens_remaining: 2216, call: scores, phase: playing
2026-06-15 11:06:02, tokens_remaining: 2216, call: scores, phase: playing
2026-06-15 11:06:02, tokens_remaining: 2216, call: scores, phase: playing
2026-06-15 11:06:03, tokens_remaining: 2215, call: scores, phase: playing
2026-06-15 11:06:03, tokens_remaining: 2215, call: scores, phase: playing
2026-06-15 11:06:03, tokens_remaining: 2214, call: events, phase: playing
2026-06-15 11:06:03, tokens_remaining: 2215, call: scores, phase: playing
2026-06-15 11:06:04, tokens_remaining: 2215, call: scores, phase: playing
2026-06-15 11:06:04, tokens_remaining: 2213, call: scores, phase: playing
2026-06-15 11:06:04, tokens_remaining: 2213, call: scores, phase: playing
2026-06-15 11:06:04, tokens_remaining: 2213, call: scores, phase: playing
2026-06-15 11:06:04, tokens_remaining: 2213, call: scores, phase: playing
2026-06-15 11:06:05, tokens_remaining: 2213, call: scores, phase: playing
2026-06-15 11:06:05, tokens_remaining: 2213, call: scores, phase: playing
2026-06-15 11:06:05, tokens_remaining: 2213, call: scores, phase: playing
2026-06-15 11:06:05, tokens_remaining: 2212, call: events, phase: playing
2026-06-15 11:06:06, tokens_remaining: 2211, call: scores, phase: playing
2026-06-15 11:06:06, tokens_remaining: 2211, call: scores, phase: playing
2026-06-15 11:06:06, tokens_remaining: 2211, call: scores, phase: playing
2026-06-15 11:06:06, tokens_remaining: 2211, call: scores, phase: playing
2026-06-15 11:06:06, tokens_remaining: 2211, call: scores, phase: playing
2026-06-15 11:06:06, tokens_remaining: 2211, call: scores, phase: playing
2026-06-15 11:06:07, tokens_remaining: 2211, call: scores, phase: playing
2026-06-15 11:06:07, tokens_remaining: 2210, call: scores, phase: playing
2026-06-15 11:06:07, tokens_remaining: 2210, call: scores, phase: playing
2026-06-15 11:06:08, tokens_remaining: 2209, call: events, phase: playing
2026-06-15 11:06:08, tokens_remaining: 2210, call: scores, phase: playing
2026-06-15 11:06:08, tokens_remaining: 2210, call: scores, phase: playing
2026-06-15 11:06:08, tokens_remaining: 2208, call: scores, phase: playing
2026-06-15 11:06:08, tokens_remaining: 2208, call: scores, phase: playing
2026-06-15 11:06:09, tokens_remaining: 2208, call: scores, phase: playing
2026-06-15 11:06:09, tokens_remaining: 2208, call: scores, phase: playing
2026-06-15 11:06:09, tokens_remaining: 2208, call: scores, phase: playing
2026-06-15 11:06:09, tokens_remaining: 2208, call: scores, phase: playing
2026-06-15 11:06:09, tokens_remaining: 2208, call: scores, phase: playing
2026-06-15 11:06:10, tokens_remaining: 2207, call: events, phase: playing
2026-06-15 11:06:10, tokens_remaining: 2206, call: scores, phase: playing
2026-06-15 11:06:10, tokens_remaining: 2206, call: scores, phase: playing
2026-06-15 11:06:10, tokens_remaining: 2206, call: scores, phase: playing
2026-06-15 11:06:11, tokens_remaining: 2206, call: scores, phase: playing
2026-06-15 11:06:11, tokens_remaining: 2206, call: scores, phase: playing
2026-06-15 11:06:11, tokens_remaining: 2206, call: scores, phase: playing
2026-06-15 11:06:11, tokens_remaining: 2206, call: scores, phase: playing
2026-06-15 11:06:11, tokens_remaining: 2205, call: scores, phase: playing
2026-06-15 11:06:12, tokens_remaining: 2205, call: scores, phase: playing
2026-06-15 11:06:12, tokens_remaining: 2204, call: events, phase: playing
2026-06-15 11:06:12, tokens_remaining: 2205, call: scores, phase: playing
2026-06-15 11:06:12, tokens_remaining: 2205, call: scores, phase: playing
2026-06-15 11:06:13, tokens_remaining: 2203, call: scores, phase: playing
2026-06-15 11:06:13, tokens_remaining: 2203, call: scores, phase: playing
2026-06-15 11:06:13, tokens_remaining: 2203, call: scores, phase: playing
2026-06-15 11:06:13, tokens_remaining: 2203, call: scores, phase: playing
2026-06-15 11:06:13, tokens_remaining: 2203, call: scores, phase: playing
2026-06-15 11:06:14, tokens_remaining: 2203, call: scores, phase: playing
2026-06-15 11:06:14, tokens_remaining: 2203, call: scores, phase: playing
2026-06-15 11:06:14, tokens_remaining: 2202, call: events, phase: playing
2026-06-15 11:06:15, tokens_remaining: 2201, call: scores, phase: playing
2026-06-15 11:06:15, tokens_remaining: 2201, call: scores, phase: playing
2026-06-15 11:06:15, tokens_remaining: 2201, call: scores, phase: playing
2026-06-15 11:06:15, tokens_remaining: 2201, call: scores, phase: playing
2026-06-15 11:06:15, tokens_remaining: 2201, call: scores, phase: playing
2026-06-15 11:06:15, tokens_remaining: 2201, call: scores, phase: playing
2026-06-15 11:06:15, tokens_remaining: 2201, call: scores, phase: playing
2026-06-15 11:06:16, tokens_remaining: 2200, call: scores, phase: playing
2026-06-15 11:06:16, tokens_remaining: 2200, call: scores, phase: playing
2026-06-15 11:06:16, tokens_remaining: 2199, call: events, phase: playing
2026-06-15 11:06:17, tokens_remaining: 2200, call: scores, phase: playing
2026-06-15 11:06:17, tokens_remaining: 2200, call: scores, phase: playing
2026-06-15 11:06:17, tokens_remaining: 2198, call: scores, phase: playing
2026-06-15 11:06:17, tokens_remaining: 2198, call: scores, phase: playing
2026-06-15 11:06:17, tokens_remaining: 2198, call: scores, phase: playing
2026-06-15 11:06:18, tokens_remaining: 2198, call: scores, phase: playing
2026-06-15 11:06:18, tokens_remaining: 2198, call: scores, phase: playing
2026-06-15 11:06:18, tokens_remaining: 2198, call: scores, phase: playing
2026-06-15 11:06:18, tokens_remaining: 2198, call: scores, phase: playing
2026-06-15 11:06:18, tokens_remaining: 2197, call: events, phase: playing
2026-06-15 11:06:19, tokens_remaining: 2196, call: scores, phase: playing
2026-06-15 11:06:19, tokens_remaining: 2196, call: scores, phase: playing
2026-06-15 11:06:19, tokens_remaining: 2196, call: scores, phase: playing
2026-06-15 11:06:19, tokens_remaining: 2196, call: scores, phase: playing
2026-06-15 11:06:20, tokens_remaining: 2196, call: scores, phase: playing
2026-06-15 11:06:20, tokens_remaining: 2196, call: scores, phase: playing
2026-06-15 11:06:20, tokens_remaining: 2196, call: scores, phase: playing
2026-06-15 11:06:20, tokens_remaining: 2195, call: scores, phase: playing
2026-06-15 11:06:20, tokens_remaining: 2195, call: scores, phase: playing
2026-06-15 11:06:21, tokens_remaining: 2194, call: events, phase: playing
2026-06-15 11:06:21, tokens_remaining: 2195, call: scores, phase: playing
2026-06-15 11:06:21, tokens_remaining: 2195, call: scores, phase: playing
2026-06-15 11:06:22, tokens_remaining: 2193, call: scores, phase: playing
2026-06-15 11:06:22, tokens_remaining: 2193, call: scores, phase: playing
2026-06-15 11:06:22, tokens_remaining: 2193, call: scores, phase: playing
2026-06-15 11:06:22, tokens_remaining: 2193, call: scores, phase: playing
2026-06-15 11:06:22, tokens_remaining: 2193, call: scores, phase: playing
2026-06-15 11:06:22, tokens_remaining: 2193, call: scores, phase: playing
2026-06-15 11:06:22, tokens_remaining: 2193, call: scores, phase: playing
2026-06-15 11:06:23, tokens_remaining: 2192, call: events, phase: playing
2026-06-15 11:06:23, tokens_remaining: 2191, call: scores, phase: playing
2026-06-15 11:06:23, tokens_remaining: 2191, call: scores, phase: playing
2026-06-15 11:06:24, tokens_remaining: 2191, call: scores, phase: playing
2026-06-15 11:06:24, tokens_remaining: 2191, call: scores, phase: playing
2026-06-15 11:06:24, tokens_remaining: 2191, call: scores, phase: playing
2026-06-15 11:06:24, tokens_remaining: 2191, call: scores, phase: playing
2026-06-15 11:06:24, tokens_remaining: 2191, call: scores, phase: playing
2026-06-15 11:06:25, tokens_remaining: 2190, call: scores, phase: playing
2026-06-15 11:06:25, tokens_remaining: 2190, call: scores, phase: playing
2026-06-15 11:06:25, tokens_remaining: 2189, call: events, phase: playing
2026-06-15 11:06:25, tokens_remaining: 2190, call: scores, phase: playing
2026-06-15 11:06:26, tokens_remaining: 2190, call: scores, phase: playing
2026-06-15 11:06:26, tokens_remaining: 2188, call: scores, phase: playing
2026-06-15 11:06:26, tokens_remaining: 2188, call: scores, phase: playing
2026-06-15 11:06:26, tokens_remaining: 2188, call: scores, phase: playing
2026-06-15 11:06:26, tokens_remaining: 2188, call: scores, phase: playing
2026-06-15 11:06:27, tokens_remaining: 2188, call: scores, phase: playing
2026-06-15 11:06:27, tokens_remaining: 2188, call: scores, phase: playing
2026-06-15 11:06:27, tokens_remaining: 2188, call: scores, phase: playing
2026-06-15 11:06:27, tokens_remaining: 2187, call: events, phase: playing
2026-06-15 11:06:28, tokens_remaining: 2186, call: scores, phase: playing
2026-06-15 11:06:28, tokens_remaining: 2186, call: scores, phase: playing
2026-06-15 11:06:28, tokens_remaining: 2186, call: scores, phase: playing
2026-06-15 11:06:28, tokens_remaining: 2186, call: scores, phase: playing
2026-06-15 11:06:28, tokens_remaining: 2186, call: scores, phase: playing
2026-06-15 11:06:28, tokens_remaining: 2186, call: scores, phase: playing
2026-06-15 11:06:29, tokens_remaining: 2186, call: scores, phase: playing
2026-06-15 11:06:29, tokens_remaining: 2185, call: scores, phase: playing
2026-06-15 11:06:29, tokens_remaining: 2185, call: scores, phase: playing
2026-06-15 11:06:30, tokens_remaining: 2184, call: events, phase: playing
2026-06-15 11:06:30, tokens_remaining: 2185, call: scores, phase: playing
2026-06-15 11:06:30, tokens_remaining: 2185, call: scores, phase: playing
2026-06-15 11:06:30, tokens_remaining: 2183, call: scores, phase: playing
2026-06-15 11:06:31, tokens_remaining: 2183, call: scores, phase: playing
2026-06-15 11:06:31, tokens_remaining: 2183, call: scores, phase: playing
2026-06-15 11:06:31, tokens_remaining: 2183, call: scores, phase: playing
2026-06-15 11:06:31, tokens_remaining: 2183, call: scores, phase: playing
2026-06-15 11:06:31, tokens_remaining: 2183, call: scores, phase: playing
2026-06-15 11:06:31, tokens_remaining: 2183, call: scores, phase: playing
2026-06-15 11:06:32, tokens_remaining: 2182, call: events, phase: playing
2026-06-15 11:06:32, tokens_remaining: 2181, call: scores, phase: playing
2026-06-15 11:06:32, tokens_remaining: 2181, call: scores, phase: playing
2026-06-15 11:06:32, tokens_remaining: 2181, call: scores, phase: playing
2026-06-15 11:06:33, tokens_remaining: 2181, call: scores, phase: playing
2026-06-15 11:06:33, tokens_remaining: 2181, call: scores, phase: playing
2026-06-15 11:06:33, tokens_remaining: 2181, call: scores, phase: playing
2026-06-15 11:06:33, tokens_remaining: 2181, call: scores, phase: playing
2026-06-15 11:06:33, tokens_remaining: 2180, call: scores, phase: playing
2026-06-15 11:06:34, tokens_remaining: 2180, call: scores, phase: playing
2026-06-15 11:06:34, tokens_remaining: 2179, call: events, phase: playing
2026-06-15 11:06:34, tokens_remaining: 2180, call: scores, phase: playing
2026-06-15 11:06:34, tokens_remaining: 2180, call: scores, phase: playing
2026-06-15 11:06:35, tokens_remaining: 2178, call: scores, phase: playing
2026-06-15 11:06:35, tokens_remaining: 2178, call: scores, phase: playing
2026-06-15 11:06:35, tokens_remaining: 2178, call: scores, phase: playing
2026-06-15 11:06:35, tokens_remaining: 2178, call: scores, phase: playing
2026-06-15 11:06:35, tokens_remaining: 2178, call: scores, phase: playing
2026-06-15 11:06:35, tokens_remaining: 2178, call: scores, phase: playing
2026-06-15 11:06:36, tokens_remaining: 2178, call: scores, phase: playing
2026-06-15 11:06:36, tokens_remaining: 2177, call: events, phase: playing
2026-06-15 11:06:36, tokens_remaining: 2176, call: scores, phase: playing
2026-06-15 11:06:37, tokens_remaining: 2176, call: scores, phase: playing
2026-06-15 11:06:37, tokens_remaining: 2176, call: scores, phase: playing
2026-06-15 11:06:37, tokens_remaining: 2176, call: scores, phase: playing
2026-06-15 11:06:37, tokens_remaining: 2176, call: scores, phase: playing
2026-06-15 11:06:37, tokens_remaining: 2176, call: scores, phase: playing
2026-06-15 11:06:37, tokens_remaining: 2176, call: scores, phase: playing
2026-06-15 11:06:38, tokens_remaining: 2175, call: scores, phase: playing
2026-06-15 11:06:38, tokens_remaining: 2175, call: scores, phase: playing
2026-06-15 11:06:38, tokens_remaining: 2174, call: events, phase: playing
2026-06-15 11:06:39, tokens_remaining: 2175, call: scores, phase: playing
2026-06-15 11:06:39, tokens_remaining: 2175, call: scores, phase: playing
2026-06-15 11:06:39, tokens_remaining: 2173, call: scores, phase: playing
2026-06-15 11:06:39, tokens_remaining: 2173, call: scores, phase: playing
2026-06-15 11:06:39, tokens_remaining: 2173, call: scores, phase: playing
2026-06-15 11:06:39, tokens_remaining: 2173, call: scores, phase: playing
2026-06-15 11:06:40, tokens_remaining: 2173, call: scores, phase: playing
2026-06-15 11:06:40, tokens_remaining: 2173, call: scores, phase: playing
2026-06-15 11:06:40, tokens_remaining: 2173, call: scores, phase: playing
2026-06-15 11:06:40, tokens_remaining: 2172, call: events, phase: playing
2026-06-15 11:06:41, tokens_remaining: 2171, call: scores, phase: playing
2026-06-15 11:06:41, tokens_remaining: 2171, call: scores, phase: playing
2026-06-15 11:06:41, tokens_remaining: 2171, call: scores, phase: playing
2026-06-15 11:06:41, tokens_remaining: 2171, call: scores, phase: playing
2026-06-15 11:06:41, tokens_remaining: 2171, call: scores, phase: playing
2026-06-15 11:06:42, tokens_remaining: 2171, call: scores, phase: playing
2026-06-15 11:06:42, tokens_remaining: 2171, call: scores, phase: playing
2026-06-15 11:06:42, tokens_remaining: 2499, call: scores, phase: playing
2026-06-15 11:06:43, tokens_remaining: 2499, call: scores, phase: playing
2026-06-15 11:06:43, tokens_remaining: 2498, call: events, phase: playing
2026-06-15 11:06:45, tokens_remaining: 2497, call: scores, phase: playing
2026-06-15 11:06:45, tokens_remaining: 2497, call: scores, phase: playing
2026-06-15 11:06:47, tokens_remaining: 2496, call: scores, phase: playing
2026-06-15 11:06:48, tokens_remaining: 2495, call: scores, phase: playing
2026-06-15 11:06:49, tokens_remaining: 2494, call: scores, phase: playing
2026-06-15 11:06:51, tokens_remaining: 2493, call: scores, phase: playing
2026-06-15 11:06:52, tokens_remaining: 2492, call: scores, phase: playing
2026-06-15 11:06:53, tokens_remaining: 2491, call: scores, phase: playing
2026-06-15 11:06:55, tokens_remaining: 2490, call: scores, phase: playing
2026-06-15 11:06:56, tokens_remaining: 2489, call: events, phase: playing
2026-06-15 11:06:58, tokens_remaining: 2488, call: scores, phase: playing
2026-06-15 11:06:59, tokens_remaining: 2487, call: scores, phase: playing
2026-06-15 11:07:01, tokens_remaining: 2486, call: scores, phase: playing
2026-06-15 11:07:02, tokens_remaining: 2485, call: scores, phase: playing
2026-06-15 11:07:03, tokens_remaining: 2484, call: scores, phase: playing
2026-06-15 11:07:05, tokens_remaining: 2483, call: scores, phase: playing
2026-06-15 11:07:06, tokens_remaining: 2482, call: scores, phase: playing
2026-06-15 11:07:08, tokens_remaining: 2481, call: scores, phase: playing
2026-06-15 11:07:09, tokens_remaining: 2480, call: scores, phase: playing
2026-06-15 11:07:11, tokens_remaining: 2479, call: events, phase: playing
2026-06-15 11:07:12, tokens_remaining: 2478, call: scores, phase: playing
2026-06-15 11:07:13, tokens_remaining: 2477, call: scores, phase: playing
2026-06-15 11:07:15, tokens_remaining: 2476, call: scores, phase: playing
2026-06-15 11:07:16, tokens_remaining: 2475, call: scores, phase: playing
2026-06-15 11:07:18, tokens_remaining: 2474, call: scores, phase: playing
2026-06-15 11:07:19, tokens_remaining: 2473, call: scores, phase: playing
2026-06-15 11:07:20, tokens_remaining: 2472, call: scores, phase: playing
2026-06-15 11:07:22, tokens_remaining: 2471, call: scores, phase: playing
2026-06-15 11:07:23, tokens_remaining: 2470, call: scores, phase: playing
2026-06-15 11:07:25, tokens_remaining: 2469, call: events, phase: playing
2026-06-15 11:07:26, tokens_remaining: 2468, call: scores, phase: playing
2026-06-15 11:07:27, tokens_remaining: 2467, call: scores, phase: playing
2026-06-15 11:07:29, tokens_remaining: 2466, call: scores, phase: playing
2026-06-15 11:07:30, tokens_remaining: 2465, call: scores, phase: playing
2026-06-15 11:07:32, tokens_remaining: 2464, call: scores, phase: playing
2026-06-15 11:07:33, tokens_remaining: 2463, call: scores, phase: playing
2026-06-15 11:07:34, tokens_remaining: 2462, call: scores, phase: playing
2026-06-15 11:07:36, tokens_remaining: 2461, call: scores, phase: playing
2026-06-15 11:07:37, tokens_remaining: 2460, call: scores, phase: playing
2026-06-15 11:07:39, tokens_remaining: 2459, call: events, phase: playing
2026-06-15 11:07:40, tokens_remaining: 2458, call: scores, phase: playing
2026-06-15 11:07:42, tokens_remaining: 2457, call: scores, phase: playing
2026-06-15 11:07:43, tokens_remaining: 2456, call: scores, phase: playing
2026-06-15 11:07:44, tokens_remaining: 2455, call: scores, phase: playing
2026-06-15 11:07:46, tokens_remaining: 2454, call: scores, phase: playing
2026-06-15 11:07:47, tokens_remaining: 2453, call: scores, phase: playing
2026-06-15 11:07:49, tokens_remaining: 2452, call: scores, phase: playing
2026-06-15 11:07:50, tokens_remaining: 2451, call: scores, phase: playing
2026-06-15 11:07:51, tokens_remaining: 2450, call: scores, phase: playing
2026-06-15 11:07:53, tokens_remaining: 2449, call: events, phase: playing
2026-06-15 11:07:54, tokens_remaining: 2448, call: scores, phase: playing
2026-06-15 11:07:56, tokens_remaining: 2447, call: scores, phase: playing
2026-06-15 11:07:57, tokens_remaining: 2446, call: scores, phase: playing
2026-06-15 11:07:58, tokens_remaining: 2445, call: scores, phase: playing
2026-06-15 11:08:00, tokens_remaining: 2444, call: scores, phase: playing
2026-06-15 11:08:01, tokens_remaining: 2443, call: scores, phase: playing
2026-06-15 11:08:03, tokens_remaining: 2442, call: scores, phase: playing
2026-06-15 11:08:04, tokens_remaining: 2441, call: scores, phase: playing
2026-06-15 11:08:06, tokens_remaining: 2440, call: scores, phase: playing
2026-06-15 11:08:07, tokens_remaining: 2439, call: events, phase: playing
2026-06-15 11:08:08, tokens_remaining: 2438, call: scores, phase: playing
2026-06-15 11:08:10, tokens_remaining: 2437, call: scores, phase: playing
2026-06-15 11:08:11, tokens_remaining: 2436, call: scores, phase: playing
2026-06-15 11:08:13, tokens_remaining: 2435, call: scores, phase: playing
2026-06-15 11:08:14, tokens_remaining: 2434, call: scores, phase: playing
2026-06-15 11:08:15, tokens_remaining: 2433, call: scores, phase: playing
2026-06-15 11:08:17, tokens_remaining: 2432, call: scores, phase: playing
2026-06-15 11:08:18, tokens_remaining: 2431, call: scores, phase: playing
2026-06-15 11:08:20, tokens_remaining: 2430, call: scores, phase: playing
2026-06-15 11:08:21, tokens_remaining: 2429, call: events, phase: playing
2026-06-15 11:08:23, tokens_remaining: 2428, call: scores, phase: playing
2026-06-15 11:08:24, tokens_remaining: 2427, call: scores, phase: playing
2026-06-15 11:08:25, tokens_remaining: 2426, call: scores, phase: playing
2026-06-15 11:08:27, tokens_remaining: 2425, call: scores, phase: playing
2026-06-15 11:08:28, tokens_remaining: 2424, call: scores, phase: playing
2026-06-15 11:08:30, tokens_remaining: 2423, call: scores, phase: playing
2026-06-15 11:08:31, tokens_remaining: 2422, call: scores, phase: playing
2026-06-15 11:08:32, tokens_remaining: 2421, call: scores, phase: playing
2026-06-15 11:08:34, tokens_remaining: 2420, call: scores, phase: playing
2026-06-15 11:08:35, tokens_remaining: 2419, call: events, phase: playing
2026-06-15 11:08:37, tokens_remaining: 2418, call: scores, phase: playing
2026-06-15 11:08:38, tokens_remaining: 2417, call: scores, phase: playing
2026-06-15 11:08:39, tokens_remaining: 2416, call: scores, phase: playing
2026-06-15 11:08:41, tokens_remaining: 2415, call: scores, phase: playing
2026-06-15 11:08:42, tokens_remaining: 2414, call: scores, phase: playing
2026-06-15 11:08:44, tokens_remaining: 2413, call: scores, phase: playing
2026-06-15 11:08:45, tokens_remaining: 2412, call: scores, phase: playing
2026-06-15 11:08:46, tokens_remaining: 2411, call: scores, phase: playing
2026-06-15 11:08:48, tokens_remaining: 2410, call: scores, phase: playing
2026-06-15 11:08:49, tokens_remaining: 2409, call: events, phase: playing
2026-06-15 11:08:51, tokens_remaining: 2408, call: scores, phase: playing
2026-06-15 11:08:52, tokens_remaining: 2407, call: scores, phase: playing
2026-06-15 11:08:53, tokens_remaining: 2406, call: scores, phase: playing
2026-06-15 11:08:55, tokens_remaining: 2405, call: scores, phase: playing
2026-06-15 11:08:56, tokens_remaining: 2404, call: scores, phase: playing
2026-06-15 11:08:58, tokens_remaining: 2403, call: scores, phase: playing
2026-06-15 11:08:59, tokens_remaining: 2402, call: scores, phase: playing
2026-06-15 11:09:00, tokens_remaining: 2401, call: scores, phase: playing
2026-06-15 11:09:02, tokens_remaining: 2400, call: scores, phase: playing
2026-06-15 11:09:03, tokens_remaining: 2399, call: events, phase: playing
2026-06-15 11:09:05, tokens_remaining: 2398, call: scores, phase: playing
2026-06-15 11:09:06, tokens_remaining: 2397, call: scores, phase: playing
2026-06-15 11:09:08, tokens_remaining: 2396, call: scores, phase: playing
2026-06-15 11:09:09, tokens_remaining: 2395, call: scores, phase: playing
2026-06-15 11:09:10, tokens_remaining: 2394, call: scores, phase: playing
2026-06-15 11:09:12, tokens_remaining: 2393, call: scores, phase: playing
2026-06-15 11:09:13, tokens_remaining: 2392, call: scores, phase: playing
2026-06-15 11:09:15, tokens_remaining: 2391, call: scores, phase: playing
2026-06-15 11:09:16, tokens_remaining: 2390, call: scores, phase: playing
2026-06-15 11:09:17, tokens_remaining: 2389, call: events, phase: playing
2026-06-15 11:09:19, tokens_remaining: 2388, call: scores, phase: playing
2026-06-15 11:09:20, tokens_remaining: 2387, call: scores, phase: playing
2026-06-15 11:09:22, tokens_remaining: 2386, call: scores, phase: playing
2026-06-15 11:09:23, tokens_remaining: 2385, call: scores, phase: playing
2026-06-15 11:09:24, tokens_remaining: 2384, call: scores, phase: playing
2026-06-15 11:09:26, tokens_remaining: 2383, call: scores, phase: playing
2026-06-15 11:09:27, tokens_remaining: 2382, call: scores, phase: playing
2026-06-15 11:09:29, tokens_remaining: 2381, call: scores, phase: playing
2026-06-15 11:09:30, tokens_remaining: 2380, call: scores, phase: playing
2026-06-15 11:09:32, tokens_remaining: 2379, call: events, phase: playing
2026-06-15 11:09:33, tokens_remaining: 2378, call: scores, phase: playing
2026-06-15 11:09:35, tokens_remaining: 2377, call: scores, phase: playing
2026-06-15 11:09:36, tokens_remaining: 2376, call: scores, phase: playing
2026-06-15 11:09:38, tokens_remaining: 2375, call: scores, phase: playing
2026-06-15 11:09:39, tokens_remaining: 2374, call: scores, phase: playing
2026-06-15 11:09:40, tokens_remaining: 2373, call: scores, phase: playing
2026-06-15 11:09:42, tokens_remaining: 2372, call: scores, phase: playing
2026-06-15 11:09:43, tokens_remaining: 2371, call: scores, phase: playing
2026-06-15 11:09:45, tokens_remaining: 2370, call: scores, phase: playing
2026-06-15 11:09:46, tokens_remaining: 2369, call: events, phase: playing
2026-06-15 11:09:48, tokens_remaining: 2368, call: scores, phase: playing
2026-06-15 11:09:49, tokens_remaining: 2367, call: scores, phase: playing
2026-06-15 11:09:50, tokens_remaining: 2366, call: scores, phase: playing
2026-06-15 11:09:52, tokens_remaining: 2365, call: scores, phase: playing
2026-06-15 11:09:53, tokens_remaining: 2364, call: scores, phase: playing
2026-06-15 11:09:55, tokens_remaining: 2363, call: scores, phase: playing
2026-06-15 11:09:56, tokens_remaining: 2362, call: scores, phase: playing
2026-06-15 11:09:57, tokens_remaining: 2361, call: scores, phase: playing
2026-06-15 11:09:59, tokens_remaining: 2360, call: scores, phase: playing
2026-06-15 11:10:00, tokens_remaining: 2359, call: events, phase: playing
2026-06-15 11:10:02, tokens_remaining: 2358, call: scores, phase: playing
2026-06-15 11:10:03, tokens_remaining: 2357, call: scores, phase: playing
2026-06-15 11:10:05, tokens_remaining: 2356, call: scores, phase: playing
2026-06-15 11:10:06, tokens_remaining: 2355, call: scores, phase: playing
2026-06-15 11:10:08, tokens_remaining: 2354, call: scores, phase: playing
2026-06-15 11:10:09, tokens_remaining: 2353, call: scores, phase: playing
2026-06-15 11:10:11, tokens_remaining: 2352, call: scores, phase: playing
2026-06-15 11:10:12, tokens_remaining: 2351, call: scores, phase: playing
2026-06-15 11:10:14, tokens_remaining: 2350, call: scores, phase: playing
2026-06-15 11:10:15, tokens_remaining: 2349, call: events, phase: playing
2026-06-15 11:10:16, tokens_remaining: 2348, call: scores, phase: playing
2026-06-15 11:10:18, tokens_remaining: 2347, call: scores, phase: playing
2026-06-15 11:10:19, tokens_remaining: 2346, call: scores, phase: playing
2026-06-15 11:10:21, tokens_remaining: 2345, call: scores, phase: playing
2026-06-15 11:10:22, tokens_remaining: 2344, call: scores, phase: playing
2026-06-15 11:10:23, tokens_remaining: 2343, call: scores, phase: playing
2026-06-15 11:11:56, tokens_remaining: 2342, call: scores, phase: playing
2026-06-15 11:11:58, tokens_remaining: 2341, call: events, phase: playing
2026-06-15 11:11:59, tokens_remaining: 2340, call: scores, phase: playing
2026-06-15 11:12:01, tokens_remaining: 2339, call: scores, phase: playing
2026-06-15 11:12:02, tokens_remaining: 2338, call: scores, phase: playing
2026-06-15 11:12:03, tokens_remaining: 2337, call: scores, phase: playing
2026-06-15 11:12:05, tokens_remaining: 2336, call: scores, phase: playing
2026-06-15 11:12:06, tokens_remaining: 2335, call: scores, phase: playing
2026-06-15 11:12:08, tokens_remaining: 2334, call: scores, phase: playing
2026-06-15 11:12:09, tokens_remaining: 2333, call: scores, phase: playing
2026-06-15 11:12:10, tokens_remaining: 2332, call: scores, phase: playing
2026-06-15 11:12:12, tokens_remaining: 2331, call: events, phase: playing
2026-06-15 11:12:13, tokens_remaining: 2330, call: scores, phase: playing
2026-06-15 11:12:14, tokens_remaining: 2329, call: scores, phase: playing
2026-06-15 11:12:16, tokens_remaining: 2328, call: scores, phase: playing
2026-06-15 11:12:17, tokens_remaining: 2327, call: scores, phase: playing
2026-06-15 11:12:19, tokens_remaining: 2326, call: scores, phase: playing
2026-06-15 11:12:20, tokens_remaining: 2325, call: scores, phase: playing
2026-06-15 11:12:21, tokens_remaining: 2324, call: scores, phase: playing
2026-06-15 11:12:23, tokens_remaining: 2323, call: scores, phase: playing
2026-06-15 11:12:24, tokens_remaining: 2322, call: scores, phase: playing
2026-06-15 11:12:26, tokens_remaining: 2321, call: events, phase: playing
2026-06-15 11:12:27, tokens_remaining: 2320, call: scores, phase: playing
2026-06-15 11:12:28, tokens_remaining: 2319, call: scores, phase: playing
2026-06-15 11:12:30, tokens_remaining: 2318, call: scores, phase: playing
2026-06-15 11:12:31, tokens_remaining: 2317, call: scores, phase: playing
2026-06-15 11:12:32, tokens_remaining: 2316, call: scores, phase: playing
2026-06-15 11:12:34, tokens_remaining: 2315, call: scores, phase: playing
2026-06-15 11:12:35, tokens_remaining: 2314, call: scores, phase: playing
2026-06-15 11:12:37, tokens_remaining: 2313, call: scores, phase: playing
2026-06-15 11:12:38, tokens_remaining: 2312, call: scores, phase: playing
2026-06-15 11:12:39, tokens_remaining: 2311, call: events, phase: playing
2026-06-15 11:12:41, tokens_remaining: 2310, call: scores, phase: playing
2026-06-15 11:12:42, tokens_remaining: 2309, call: scores, phase: playing
2026-06-15 11:12:43, tokens_remaining: 2308, call: scores, phase: playing
2026-06-15 11:12:45, tokens_remaining: 2307, call: scores, phase: playing
2026-06-15 11:12:46, tokens_remaining: 2306, call: scores, phase: playing
2026-06-15 11:12:47, tokens_remaining: 2305, call: scores, phase: playing
2026-06-15 11:12:49, tokens_remaining: 2304, call: scores, phase: playing
2026-06-15 11:12:50, tokens_remaining: 2303, call: scores, phase: playing
2026-06-15 11:12:51, tokens_remaining: 2302, call: scores, phase: playing
2026-06-15 11:12:53, tokens_remaining: 2301, call: events, phase: playing
2026-06-15 11:12:54, tokens_remaining: 2300, call: scores, phase: playing
2026-06-15 11:12:55, tokens_remaining: 2299, call: scores, phase: playing
2026-06-15 11:12:57, tokens_remaining: 2298, call: scores, phase: playing
2026-06-15 11:12:58, tokens_remaining: 2297, call: scores, phase: playing
2026-06-15 11:13:00, tokens_remaining: 2296, call: scores, phase: playing
2026-06-15 11:13:01, tokens_remaining: 2295, call: scores, phase: playing
2026-06-15 11:13:02, tokens_remaining: 2294, call: scores, phase: playing
2026-06-15 11:13:04, tokens_remaining: 2293, call: scores, phase: playing
2026-06-15 11:13:05, tokens_remaining: 2292, call: scores, phase: playing
2026-06-15 11:13:07, tokens_remaining: 2291, call: events, phase: playing
2026-06-15 11:13:08, tokens_remaining: 2290, call: scores, phase: playing
2026-06-15 11:13:09, tokens_remaining: 2289, call: scores, phase: playing
2026-06-15 11:13:11, tokens_remaining: 2288, call: scores, phase: playing
2026-06-15 11:13:12, tokens_remaining: 2287, call: scores, phase: playing
2026-06-15 11:13:14, tokens_remaining: 2286, call: scores, phase: playing
2026-06-15 11:13:15, tokens_remaining: 2285, call: scores, phase: playing
2026-06-15 11:13:17, tokens_remaining: 2284, call: scores, phase: playing
2026-06-15 11:13:18, tokens_remaining: 2283, call: scores, phase: playing
2026-06-15 11:13:19, tokens_remaining: 2282, call: scores, phase: playing
2026-06-15 11:13:21, tokens_remaining: 2281, call: events, phase: playing
2026-06-15 11:13:22, tokens_remaining: 2280, call: scores, phase: playing
2026-06-15 11:13:24, tokens_remaining: 2279, call: scores, phase: playing
2026-06-15 11:13:25, tokens_remaining: 2278, call: scores, phase: playing
2026-06-15 11:13:26, tokens_remaining: 2277, call: scores, phase: playing
2026-06-15 11:13:28, tokens_remaining: 2276, call: scores, phase: playing
2026-06-15 11:13:29, tokens_remaining: 2275, call: scores, phase: playing
2026-06-15 11:13:31, tokens_remaining: 2274, call: scores, phase: playing
2026-06-15 11:13:32, tokens_remaining: 2273, call: scores, phase: playing
2026-06-15 11:13:33, tokens_remaining: 2272, call: scores, phase: playing
2026-06-15 11:13:35, tokens_remaining: 2271, call: events, phase: playing
2026-06-15 11:13:36, tokens_remaining: 2270, call: scores, phase: playing
2026-06-15 11:13:37, tokens_remaining: 2269, call: scores, phase: playing
2026-06-15 11:13:39, tokens_remaining: 2268, call: scores, phase: playing
2026-06-15 11:13:40, tokens_remaining: 2267, call: scores, phase: playing
2026-06-15 11:13:41, tokens_remaining: 2266, call: scores, phase: playing
2026-06-15 11:13:43, tokens_remaining: 2265, call: scores, phase: playing
2026-06-15 11:13:44, tokens_remaining: 2264, call: scores, phase: playing
2026-06-15 11:13:45, tokens_remaining: 2263, call: scores, phase: playing
2026-06-15 11:13:47, tokens_remaining: 2262, call: scores, phase: playing
2026-06-15 11:13:48, tokens_remaining: 2261, call: events, phase: playing
2026-06-15 11:13:50, tokens_remaining: 2260, call: scores, phase: playing
2026-06-15 11:13:51, tokens_remaining: 2259, call: scores, phase: playing
2026-06-15 11:13:52, tokens_remaining: 2258, call: scores, phase: playing
2026-06-15 11:13:54, tokens_remaining: 2257, call: scores, phase: playing
2026-06-15 11:13:55, tokens_remaining: 2256, call: scores, phase: playing
2026-06-15 11:13:56, tokens_remaining: 2255, call: scores, phase: playing
2026-06-15 11:13:58, tokens_remaining: 2254, call: scores, phase: playing
2026-06-15 11:13:59, tokens_remaining: 2253, call: scores, phase: playing
2026-06-15 11:14:00, tokens_remaining: 2252, call: scores, phase: playing
2026-06-15 11:14:02, tokens_remaining: 2251, call: events, phase: playing
2026-06-15 11:14:03, tokens_remaining: 2250, call: scores, phase: playing
2026-06-15 11:14:04, tokens_remaining: 2249, call: scores, phase: playing
2026-06-15 11:14:06, tokens_remaining: 2248, call: scores, phase: playing
2026-06-15 11:14:07, tokens_remaining: 2247, call: scores, phase: playing
2026-06-15 11:14:08, tokens_remaining: 2246, call: scores, phase: playing
2026-06-15 11:14:10, tokens_remaining: 2245, call: scores, phase: playing
2026-06-15 11:14:11, tokens_remaining: 2244, call: scores, phase: playing
2026-06-15 11:14:12, tokens_remaining: 2243, call: scores, phase: playing
2026-06-15 11:14:14, tokens_remaining: 2242, call: scores, phase: playing
2026-06-15 11:14:15, tokens_remaining: 2241, call: events, phase: playing
2026-06-15 11:14:17, tokens_remaining: 2240, call: scores, phase: playing
2026-06-15 11:14:18, tokens_remaining: 2239, call: scores, phase: playing
2026-06-15 11:14:19, tokens_remaining: 2238, call: scores, phase: playing
2026-06-15 11:14:21, tokens_remaining: 2237, call: scores, phase: playing
2026-06-15 11:14:22, tokens_remaining: 2236, call: scores, phase: playing
2026-06-15 11:14:23, tokens_remaining: 2235, call: scores, phase: playing
2026-06-15 11:14:25, tokens_remaining: 2234, call: scores, phase: playing
2026-06-15 11:14:26, tokens_remaining: 2233, call: scores, phase: playing
2026-06-15 11:14:28, tokens_remaining: 2232, call: scores, phase: playing
2026-06-15 11:14:29, tokens_remaining: 2231, call: events, phase: playing
2026-06-15 11:14:30, tokens_remaining: 2230, call: scores, phase: playing
2026-06-15 11:14:32, tokens_remaining: 2229, call: scores, phase: playing
2026-06-15 11:14:33, tokens_remaining: 2228, call: scores, phase: playing
2026-06-15 11:14:34, tokens_remaining: 2227, call: scores, phase: playing
2026-06-15 11:14:36, tokens_remaining: 2226, call: scores, phase: playing
2026-06-15 11:14:37, tokens_remaining: 2225, call: scores, phase: playing
2026-06-15 11:14:38, tokens_remaining: 2224, call: scores, phase: playing
2026-06-15 11:14:40, tokens_remaining: 2223, call: scores, phase: playing
2026-06-15 11:14:41, tokens_remaining: 2222, call: scores, phase: playing
2026-06-15 11:14:42, tokens_remaining: 2221, call: events, phase: playing
2026-06-15 11:14:44, tokens_remaining: 2220, call: scores, phase: playing
2026-06-15 11:14:45, tokens_remaining: 2219, call: scores, phase: playing
2026-06-15 11:14:46, tokens_remaining: 2218, call: scores, phase: playing
2026-06-15 11:14:48, tokens_remaining: 2217, call: scores, phase: playing
2026-06-15 11:14:49, tokens_remaining: 2216, call: scores, phase: playing
2026-06-15 11:14:50, tokens_remaining: 2215, call: scores, phase: playing
2026-06-15 11:14:52, tokens_remaining: 2214, call: scores, phase: playing
2026-06-15 11:14:53, tokens_remaining: 2213, call: scores, phase: playing
2026-06-15 11:14:54, tokens_remaining: 2212, call: scores, phase: playing
2026-06-15 11:14:56, tokens_remaining: 2211, call: events, phase: playing
2026-06-15 11:14:57, tokens_remaining: 2210, call: scores, phase: playing
2026-06-15 11:14:58, tokens_remaining: 2209, call: scores, phase: playing
2026-06-15 11:15:00, tokens_remaining: 2208, call: scores, phase: playing
2026-06-15 11:15:01, tokens_remaining: 2207, call: scores, phase: playing
2026-06-15 11:15:02, tokens_remaining: 2206, call: scores, phase: playing
2026-06-15 11:15:04, tokens_remaining: 2205, call: scores, phase: playing
2026-06-15 11:15:05, tokens_remaining: 2204, call: scores, phase: playing
2026-06-15 11:15:06, tokens_remaining: 2203, call: scores, phase: playing
2026-06-15 11:15:08, tokens_remaining: 2202, call: scores, phase: playing
2026-06-15 11:15:09, tokens_remaining: 2201, call: events, phase: playing
2026-06-15 11:15:10, tokens_remaining: 2200, call: scores, phase: playing
2026-06-15 11:15:12, tokens_remaining: 2199, call: scores, phase: playing
2026-06-15 11:15:13, tokens_remaining: 2198, call: scores, phase: playing
2026-06-15 11:15:14, tokens_remaining: 2197, call: scores, phase: playing
2026-06-15 11:15:16, tokens_remaining: 2196, call: scores, phase: playing
2026-06-15 11:15:17, tokens_remaining: 2195, call: scores, phase: playing
2026-06-15 11:15:18, tokens_remaining: 2194, call: scores, phase: playing
2026-06-15 11:15:20, tokens_remaining: 2193, call: scores, phase: playing
2026-06-15 11:15:21, tokens_remaining: 2192, call: scores, phase: playing
2026-06-15 11:15:22, tokens_remaining: 2191, call: events, phase: playing
2026-06-15 11:15:24, tokens_remaining: 2190, call: scores, phase: playing
2026-06-15 11:15:25, tokens_remaining: 2189, call: scores, phase: playing
2026-06-15 11:15:26, tokens_remaining: 2188, call: scores, phase: playing
2026-06-15 11:15:28, tokens_remaining: 2187, call: scores, phase: playing
2026-06-15 11:15:29, tokens_remaining: 2186, call: scores, phase: playing
2026-06-15 11:15:31, tokens_remaining: 2185, call: scores, phase: playing
2026-06-15 11:15:32, tokens_remaining: 2184, call: scores, phase: playing
2026-06-15 11:15:33, tokens_remaining: 2183, call: scores, phase: playing
2026-06-15 11:15:35, tokens_remaining: 2182, call: scores, phase: playing
2026-06-15 11:15:36, tokens_remaining: 2181, call: events, phase: playing
2026-06-15 11:15:37, tokens_remaining: 2180, call: scores, phase: playing
2026-06-15 11:15:39, tokens_remaining: 2179, call: scores, phase: playing
2026-06-15 11:15:40, tokens_remaining: 2178, call: scores, phase: playing
2026-06-15 11:15:41, tokens_remaining: 2177, call: scores, phase: playing
2026-06-15 11:15:43, tokens_remaining: 2176, call: scores, phase: playing
2026-06-15 11:15:44, tokens_remaining: 2175, call: scores, phase: playing
2026-06-15 11:15:45, tokens_remaining: 2174, call: scores, phase: playing
2026-06-15 11:15:47, tokens_remaining: 2173, call: scores, phase: playing
2026-06-15 11:15:48, tokens_remaining: 2172, call: scores, phase: playing
2026-06-15 11:15:49, tokens_remaining: 2171, call: events, phase: playing
2026-06-15 11:15:51, tokens_remaining: 2170, call: scores, phase: playing
2026-06-15 11:15:52, tokens_remaining: 2169, call: scores, phase: playing
2026-06-15 11:15:54, tokens_remaining: 2168, call: scores, phase: playing
2026-06-15 11:15:55, tokens_remaining: 2167, call: scores, phase: playing
2026-06-15 11:15:56, tokens_remaining: 2166, call: scores, phase: playing
2026-06-15 11:15:58, tokens_remaining: 2165, call: scores, phase: playing
2026-06-15 11:15:59, tokens_remaining: 2164, call: scores, phase: playing
2026-06-15 11:16:00, tokens_remaining: 2163, call: scores, phase: playing
2026-06-15 11:16:02, tokens_remaining: 2162, call: scores, phase: playing
2026-06-15 11:16:03, tokens_remaining: 2161, call: events, phase: playing
2026-06-15 11:16:04, tokens_remaining: 2160, call: scores, phase: playing
2026-06-15 11:16:06, tokens_remaining: 2159, call: scores, phase: playing
2026-06-15 11:16:07, tokens_remaining: 2158, call: scores, phase: playing
2026-06-15 11:16:08, tokens_remaining: 2157, call: scores, phase: playing
2026-06-15 11:16:10, tokens_remaining: 2156, call: scores, phase: playing
2026-06-15 11:16:11, tokens_remaining: 2155, call: scores, phase: playing
2026-06-15 11:16:13, tokens_remaining: 2154, call: scores, phase: playing
2026-06-15 11:16:14, tokens_remaining: 2153, call: scores, phase: playing
2026-06-15 11:16:15, tokens_remaining: 2152, call: scores, phase: playing
2026-06-15 11:16:17, tokens_remaining: 2151, call: events, phase: playing
2026-06-15 11:16:18, tokens_remaining: 2150, call: scores, phase: playing
2026-06-15 11:16:19, tokens_remaining: 2149, call: scores, phase: playing
2026-06-15 11:16:21, tokens_remaining: 2148, call: scores, phase: playing
2026-06-15 11:16:22, tokens_remaining: 2147, call: scores, phase: playing
2026-06-15 11:16:23, tokens_remaining: 2146, call: scores, phase: playing
2026-06-15 11:16:25, tokens_remaining: 2145, call: scores, phase: playing
2026-06-15 11:16:26, tokens_remaining: 2144, call: scores, phase: playing
2026-06-15 11:16:27, tokens_remaining: 2143, call: scores, phase: playing
2026-06-15 11:16:29, tokens_remaining: 2142, call: scores, phase: playing
2026-06-15 11:16:30, tokens_remaining: 2141, call: events, phase: playing
2026-06-15 11:16:31, tokens_remaining: 2140, call: scores, phase: playing
2026-06-15 11:16:33, tokens_remaining: 2139, call: scores, phase: playing
2026-06-15 11:16:34, tokens_remaining: 2138, call: scores, phase: playing
2026-06-15 11:16:35, tokens_remaining: 2137, call: scores, phase: playing
2026-06-15 11:16:37, tokens_remaining: 2136, call: scores, phase: playing
2026-06-15 11:16:38, tokens_remaining: 2135, call: scores, phase: playing
2026-06-15 11:16:39, tokens_remaining: 2134, call: scores, phase: playing
2026-06-15 11:16:41, tokens_remaining: 2133, call: scores, phase: playing
2026-06-15 11:16:42, tokens_remaining: 2132, call: scores, phase: playing
2026-06-15 11:16:43, tokens_remaining: 2131, call: events, phase: playing
2026-06-15 11:16:45, tokens_remaining: 2130, call: scores, phase: playing
2026-06-15 11:16:46, tokens_remaining: 2129, call: scores, phase: playing
2026-06-15 11:16:48, tokens_remaining: 2128, call: scores, phase: playing
2026-06-15 11:16:49, tokens_remaining: 2127, call: scores, phase: playing
2026-06-15 11:16:50, tokens_remaining: 2126, call: scores, phase: playing
2026-06-15 11:16:52, tokens_remaining: 2125, call: scores, phase: playing
2026-06-15 11:16:53, tokens_remaining: 2124, call: scores, phase: playing
2026-06-15 11:16:54, tokens_remaining: 2123, call: scores, phase: playing
2026-06-15 11:16:55, tokens_remaining: 2122, call: scores, phase: playing
2026-06-15 11:16:57, tokens_remaining: 2121, call: events, phase: playing
2026-06-15 11:16:58, tokens_remaining: 2120, call: scores, phase: playing
2026-06-15 11:16:59, tokens_remaining: 2119, call: scores, phase: playing
2026-06-15 11:17:01, tokens_remaining: 2118, call: scores, phase: playing
2026-06-15 11:17:02, tokens_remaining: 2117, call: scores, phase: playing
2026-06-15 11:17:03, tokens_remaining: 2116, call: scores, phase: playing
2026-06-15 11:17:05, tokens_remaining: 2115, call: scores, phase: playing
2026-06-15 11:17:06, tokens_remaining: 2114, call: scores, phase: playing
2026-06-15 11:17:07, tokens_remaining: 2113, call: scores, phase: playing
2026-06-15 11:17:09, tokens_remaining: 2112, call: scores, phase: playing
2026-06-15 11:17:10, tokens_remaining: 2111, call: events, phase: playing
2026-06-15 11:17:11, tokens_remaining: 2110, call: scores, phase: playing
2026-06-15 11:17:13, tokens_remaining: 2109, call: scores, phase: playing
2026-06-15 11:17:14, tokens_remaining: 2108, call: scores, phase: playing
2026-06-15 11:17:16, tokens_remaining: 2107, call: scores, phase: playing
2026-06-15 11:17:17, tokens_remaining: 2106, call: scores, phase: playing
2026-06-15 11:17:18, tokens_remaining: 2105, call: scores, phase: playing
2026-06-15 11:17:19, tokens_remaining: 2104, call: scores, phase: playing
2026-06-15 11:17:21, tokens_remaining: 2103, call: scores, phase: playing
2026-06-15 11:17:22, tokens_remaining: 2102, call: scores, phase: playing
2026-06-15 11:17:23, tokens_remaining: 2101, call: events, phase: playing
2026-06-15 11:17:25, tokens_remaining: 2100, call: scores, phase: playing
2026-06-15 11:17:26, tokens_remaining: 2099, call: scores, phase: playing
2026-06-15 11:17:28, tokens_remaining: 2098, call: scores, phase: playing
2026-06-15 11:17:29, tokens_remaining: 2097, call: scores, phase: playing
2026-06-15 11:17:30, tokens_remaining: 2096, call: scores, phase: playing
2026-06-15 11:17:31, tokens_remaining: 2095, call: scores, phase: playing
2026-06-15 11:17:33, tokens_remaining: 2094, call: scores, phase: playing
2026-06-15 11:17:34, tokens_remaining: 2093, call: scores, phase: playing
2026-06-15 11:17:35, tokens_remaining: 2092, call: scores, phase: playing
2026-06-15 11:17:37, tokens_remaining: 2091, call: events, phase: playing
2026-06-15 11:17:37, EVENT: YELLOW_CARD 16' Sidny Lopes Cabral [Spain vs Cape Verde Islands]
2026-06-15 11:17:38, tokens_remaining: 2090, call: scores, phase: playing
2026-06-15 11:17:40, tokens_remaining: 2089, call: scores, phase: playing
2026-06-15 11:17:41, tokens_remaining: 2088, call: scores, phase: playing
2026-06-15 11:17:42, tokens_remaining: 2087, call: scores, phase: playing
2026-06-15 11:17:43, tokens_remaining: 2086, call: scores, phase: playing
2026-06-15 11:17:45, tokens_remaining: 2085, call: scores, phase: playing
2026-06-15 11:17:46, tokens_remaining: 2084, call: scores, phase: playing
2026-06-15 11:17:47, tokens_remaining: 2083, call: scores, phase: playing
2026-06-15 11:17:49, tokens_remaining: 2082, call: scores, phase: playing
2026-06-15 11:17:50, tokens_remaining: 2081, call: events, phase: playing
2026-06-15 11:17:51, tokens_remaining: 2080, call: scores, phase: playing
2026-06-15 11:17:53, tokens_remaining: 2079, call: scores, phase: playing
2026-06-15 11:17:54, tokens_remaining: 2078, call: scores, phase: playing
2026-06-15 11:17:56, tokens_remaining: 2077, call: scores, phase: playing
2026-06-15 11:17:57, tokens_remaining: 2076, call: scores, phase: playing
2026-06-15 11:17:58, tokens_remaining: 2075, call: scores, phase: playing
2026-06-15 11:18:00, tokens_remaining: 2074, call: scores, phase: playing
2026-06-15 11:18:01, tokens_remaining: 2073, call: scores, phase: playing
2026-06-15 11:18:02, tokens_remaining: 2072, call: scores, phase: playing
2026-06-15 11:18:04, tokens_remaining: 2071, call: events, phase: playing
2026-06-15 11:18:05, tokens_remaining: 2070, call: scores, phase: playing
2026-06-15 11:18:06, tokens_remaining: 2069, call: scores, phase: playing
2026-06-15 11:18:08, tokens_remaining: 2068, call: scores, phase: playing
2026-06-15 11:18:09, tokens_remaining: 2067, call: scores, phase: playing
2026-06-15 11:18:10, tokens_remaining: 2066, call: scores, phase: playing
2026-06-15 11:18:12, tokens_remaining: 2065, call: scores, phase: playing
2026-06-15 11:18:13, tokens_remaining: 2064, call: scores, phase: playing
2026-06-15 11:18:14, tokens_remaining: 2063, call: scores, phase: playing
2026-06-15 11:18:16, tokens_remaining: 2062, call: scores, phase: playing
2026-06-15 11:18:17, tokens_remaining: 2061, call: events, phase: playing
2026-06-15 11:18:18, tokens_remaining: 2060, call: scores, phase: playing
2026-06-15 11:18:20, tokens_remaining: 2059, call: scores, phase: playing
2026-06-15 11:18:21, tokens_remaining: 2058, call: scores, phase: playing
2026-06-15 11:18:22, tokens_remaining: 2057, call: scores, phase: playing
2026-06-15 11:18:24, tokens_remaining: 2056, call: scores, phase: playing
2026-06-15 11:18:25, tokens_remaining: 2055, call: scores, phase: playing
2026-06-15 11:18:26, tokens_remaining: 2054, call: scores, phase: playing
2026-06-15 11:18:28, tokens_remaining: 2053, call: scores, phase: playing
2026-06-15 11:18:29, tokens_remaining: 2052, call: scores, phase: playing
2026-06-15 11:18:30, tokens_remaining: 2051, call: events, phase: playing
2026-06-15 11:18:32, tokens_remaining: 2050, call: scores, phase: playing
2026-06-15 11:18:34, tokens_remaining: 2049, call: scores, phase: playing
2026-06-15 11:18:35, tokens_remaining: 2048, call: scores, phase: playing
2026-06-15 11:18:37, tokens_remaining: 2047, call: scores, phase: playing
2026-06-15 11:18:38, tokens_remaining: 2046, call: scores, phase: playing
2026-06-15 11:18:39, tokens_remaining: 2045, call: scores, phase: playing
2026-06-15 11:18:41, tokens_remaining: 2044, call: scores, phase: playing
2026-06-15 11:18:42, tokens_remaining: 2043, call: scores, phase: playing
2026-06-15 11:18:43, tokens_remaining: 2042, call: scores, phase: playing
2026-06-15 11:18:45, tokens_remaining: 2041, call: events, phase: playing
2026-06-15 11:18:46, tokens_remaining: 2040, call: scores, phase: playing
2026-06-15 11:18:47, tokens_remaining: 2039, call: scores, phase: playing
2026-06-15 11:18:49, tokens_remaining: 2038, call: scores, phase: playing
2026-06-15 11:18:50, tokens_remaining: 2037, call: scores, phase: playing
2026-06-15 11:18:51, tokens_remaining: 2036, call: scores, phase: playing
2026-06-15 11:18:53, tokens_remaining: 2035, call: scores, phase: playing
2026-06-15 11:18:54, tokens_remaining: 2034, call: scores, phase: playing
2026-06-15 11:18:55, tokens_remaining: 2033, call: scores, phase: playing
2026-06-15 11:18:57, tokens_remaining: 2032, call: scores, phase: playing
2026-06-15 11:18:58, tokens_remaining: 2031, call: events, phase: playing
2026-06-15 11:18:59, tokens_remaining: 2030, call: scores, phase: playing
2026-06-15 11:19:01, tokens_remaining: 2029, call: scores, phase: playing
2026-06-15 11:19:02, tokens_remaining: 2028, call: scores, phase: playing
2026-06-15 11:19:03, tokens_remaining: 2027, call: scores, phase: playing
2026-06-15 11:19:05, tokens_remaining: 2026, call: scores, phase: playing
2026-06-15 11:19:06, tokens_remaining: 2025, call: scores, phase: playing
2026-06-15 11:19:08, tokens_remaining: 2024, call: scores, phase: playing
2026-06-15 11:19:10, tokens_remaining: 2023, call: scores, phase: playing
2026-06-15 11:19:11, tokens_remaining: 2022, call: scores, phase: playing
2026-06-15 11:19:12, tokens_remaining: 2021, call: events, phase: playing
2026-06-15 11:19:14, tokens_remaining: 2020, call: scores, phase: playing
2026-06-15 11:19:21, tokens_remaining: 2019, call: scores, phase: playing
2026-06-15 11:19:22, tokens_remaining: 2018, call: scores, phase: playing
2026-06-15 11:19:23, tokens_remaining: 2017, call: scores, phase: playing
2026-06-15 11:19:25, tokens_remaining: 2016, call: scores, phase: playing
2026-06-15 11:19:26, tokens_remaining: 2015, call: scores, phase: playing
2026-06-15 11:19:27, tokens_remaining: 2014, call: scores, phase: playing
2026-06-15 11:19:29, tokens_remaining: 2013, call: scores, phase: playing
2026-06-15 11:19:30, tokens_remaining: 2012, call: scores, phase: playing
2026-06-15 11:19:35, tokens_remaining: 2011, call: events, phase: playing
2026-06-15 11:19:38, tokens_remaining: 2010, call: scores, phase: playing
2026-06-15 11:19:40, tokens_remaining: 2009, call: scores, phase: playing
2026-06-15 11:19:42, tokens_remaining: 2008, call: scores, phase: playing
2026-06-15 11:19:44, tokens_remaining: 2007, call: scores, phase: playing
2026-06-15 11:19:46, tokens_remaining: 2006, call: scores, phase: playing
2026-06-15 11:19:47, tokens_remaining: 2005, call: scores, phase: playing
2026-06-15 11:19:48, tokens_remaining: 2004, call: scores, phase: playing
2026-06-15 11:19:50, tokens_remaining: 2003, call: scores, phase: playing
2026-06-15 11:19:51, tokens_remaining: 2002, call: scores, phase: playing
2026-06-15 11:19:53, tokens_remaining: 2001, call: events, phase: playing
2026-06-15 11:19:54, tokens_remaining: 2000, call: scores, phase: playing
2026-06-15 11:19:56, tokens_remaining: 1999, call: scores, phase: playing
2026-06-15 11:19:57, tokens_remaining: 1998, call: scores, phase: playing
2026-06-15 11:20:00, tokens_remaining: 1997, call: scores, phase: playing
2026-06-15 11:20:01, tokens_remaining: 1996, call: scores, phase: playing
2026-06-15 11:20:02, tokens_remaining: 1995, call: scores, phase: playing
2026-06-15 11:20:04, tokens_remaining: 1994, call: scores, phase: playing
2026-06-15 11:20:05, tokens_remaining: 1993, call: scores, phase: playing
2026-06-15 11:20:08, tokens_remaining: 1992, call: scores, phase: playing
2026-06-15 11:20:11, tokens_remaining: 1991, call: events, phase: playing
2026-06-15 11:20:13, tokens_remaining: 1990, call: scores, phase: playing
2026-06-15 11:20:14, tokens_remaining: 1989, call: scores, phase: playing
2026-06-15 11:20:16, tokens_remaining: 1988, call: scores, phase: playing
2026-06-15 11:20:17, tokens_remaining: 1987, call: scores, phase: playing
2026-06-15 11:20:19, tokens_remaining: 1986, call: scores, phase: playing
2026-06-15 11:20:22, tokens_remaining: 1985, call: scores, phase: playing
2026-06-15 11:20:24, tokens_remaining: 1984, call: scores, phase: playing
2026-06-15 11:20:26, tokens_remaining: 1983, call: scores, phase: playing
2026-06-15 11:20:27, tokens_remaining: 1982, call: scores, phase: playing
2026-06-15 11:20:29, tokens_remaining: 1981, call: events, phase: playing
2026-06-15 11:20:47, tokens_remaining: 1979, call: scores, phase: playing
2026-06-15 11:20:48, tokens_remaining: 1978, call: scores, phase: playing
2026-06-15 11:20:53, tokens_remaining: 1977, call: scores, phase: playing
2026-06-15 11:20:55, tokens_remaining: 1976, call: scores, phase: playing
2026-06-15 11:20:56, tokens_remaining: 1975, call: scores, phase: playing
2026-06-15 11:20:58, tokens_remaining: 1974, call: scores, phase: playing
2026-06-15 11:21:00, tokens_remaining: 1973, call: scores, phase: playing
2026-06-15 11:21:05, tokens_remaining: 1972, call: scores, phase: playing
2026-06-15 11:21:07, tokens_remaining: 1971, call: events, phase: playing
2026-06-15 11:21:08, tokens_remaining: 1970, call: scores, phase: playing
2026-06-15 11:21:09, tokens_remaining: 1969, call: scores, phase: playing
2026-06-15 11:21:11, tokens_remaining: 1968, call: scores, phase: playing
2026-06-15 11:21:12, tokens_remaining: 1967, call: scores, phase: playing
2026-06-15 11:21:13, tokens_remaining: 1966, call: scores, phase: playing
2026-06-15 11:21:15, tokens_remaining: 1965, call: scores, phase: playing
2026-06-15 11:21:16, tokens_remaining: 1964, call: scores, phase: playing
2026-06-15 11:21:17, tokens_remaining: 1963, call: scores, phase: playing
2026-06-15 11:21:19, tokens_remaining: 1962, call: scores, phase: playing
2026-06-15 11:21:20, tokens_remaining: 1961, call: events, phase: playing
2026-06-15 11:21:21, tokens_remaining: 1960, call: scores, phase: playing
2026-06-15 11:21:23, tokens_remaining: 1959, call: scores, phase: playing
2026-06-15 11:21:25, tokens_remaining: 1958, call: scores, phase: playing
2026-06-15 11:21:27, tokens_remaining: 1957, call: scores, phase: playing
2026-06-15 11:21:28, tokens_remaining: 1956, call: scores, phase: playing
2026-06-15 11:21:29, tokens_remaining: 1955, call: scores, phase: playing
2026-06-15 11:21:30, tokens_remaining: 1954, call: scores, phase: playing
2026-06-15 11:21:32, tokens_remaining: 1953, call: scores, phase: playing
2026-06-15 11:21:33, tokens_remaining: 1952, call: scores, phase: playing
2026-06-15 11:21:34, tokens_remaining: 1951, call: events, phase: playing
2026-06-15 11:21:36, tokens_remaining: 1950, call: scores, phase: playing
2026-06-15 11:21:37, tokens_remaining: 1950, call: scores, phase: playing
2026-06-15 11:21:39, tokens_remaining: 1949, call: scores, phase: playing
2026-06-15 11:21:40, tokens_remaining: 1948, call: scores, phase: playing
2026-06-15 11:21:41, tokens_remaining: 1947, call: scores, phase: playing
2026-06-15 11:21:43, tokens_remaining: 1946, call: scores, phase: playing
2026-06-15 11:21:44, tokens_remaining: 1945, call: scores, phase: playing
2026-06-15 11:21:45, tokens_remaining: 1944, call: scores, phase: playing
2026-06-15 11:21:46, tokens_remaining: 1943, call: scores, phase: playing
2026-06-15 11:21:48, tokens_remaining: 1942, call: events, phase: playing
2026-06-15 11:21:51, tokens_remaining: 1941, call: scores, phase: playing
2026-06-15 11:21:52, tokens_remaining: 1940, call: scores, phase: playing
2026-06-15 11:21:53, tokens_remaining: 1939, call: scores, phase: playing
2026-06-15 11:21:55, tokens_remaining: 1938, call: scores, phase: playing
2026-06-15 11:21:56, tokens_remaining: 1937, call: scores, phase: playing
2026-06-15 11:21:57, tokens_remaining: 1936, call: scores, phase: playing
2026-06-15 11:22:01, tokens_remaining: 1935, call: scores, phase: playing
2026-06-15 11:22:02, tokens_remaining: 1935, call: scores, phase: playing
2026-06-15 11:22:03, tokens_remaining: 1934, call: scores, phase: playing
2026-06-15 11:22:05, tokens_remaining: 1933, call: events, phase: playing
2026-06-15 11:22:06, tokens_remaining: 1932, call: scores, phase: playing
2026-06-15 11:22:07, tokens_remaining: 1932, call: scores, phase: playing
2026-06-15 11:22:08, tokens_remaining: 1931, call: scores, phase: playing
2026-06-15 11:22:10, tokens_remaining: 1930, call: scores, phase: playing
2026-06-15 11:22:12, tokens_remaining: 1929, call: scores, phase: playing
2026-06-15 11:22:13, tokens_remaining: 1928, call: scores, phase: playing
2026-06-15 11:22:15, tokens_remaining: 1927, call: scores, phase: playing
2026-06-15 11:22:16, tokens_remaining: 1926, call: scores, phase: playing
2026-06-15 11:22:17, tokens_remaining: 1925, call: scores, phase: playing
2026-06-15 11:22:19, tokens_remaining: 1924, call: events, phase: playing
2026-06-15 11:22:20, tokens_remaining: 1923, call: scores, phase: playing
2026-06-15 11:22:21, tokens_remaining: 1922, call: scores, phase: playing
2026-06-15 11:22:24, tokens_remaining: 1921, call: scores, phase: playing
2026-06-15 11:22:25, tokens_remaining: 1920, call: scores, phase: playing
2026-06-15 11:22:26, tokens_remaining: 1919, call: scores, phase: playing
2026-06-15 11:22:27, tokens_remaining: 1918, call: scores, phase: playing
2026-06-15 11:22:28, tokens_remaining: 1918, call: scores, phase: playing
2026-06-15 11:22:30, tokens_remaining: 1917, call: scores, phase: playing
2026-06-15 11:22:31, tokens_remaining: 1916, call: scores, phase: playing
2026-06-15 11:22:33, tokens_remaining: 1915, call: events, phase: playing
2026-06-15 11:22:34, tokens_remaining: 1914, call: scores, phase: playing
2026-06-15 11:22:35, tokens_remaining: 1914, call: scores, phase: playing
2026-06-15 11:22:36, tokens_remaining: 1913, call: scores, phase: playing
2026-06-15 11:22:37, tokens_remaining: 1913, call: scores, phase: playing
2026-06-15 11:22:38, tokens_remaining: 1912, call: scores, phase: playing
2026-06-15 11:22:39, tokens_remaining: 1912, call: scores, phase: playing
2026-06-15 11:22:40, tokens_remaining: 1911, call: scores, phase: playing
2026-06-15 11:22:41, tokens_remaining: 1911, call: scores, phase: playing
2026-06-15 11:22:43, tokens_remaining: 1910, call: scores, phase: playing
2026-06-15 11:22:44, tokens_remaining: 1909, call: events, phase: playing
2026-06-15 11:22:46, tokens_remaining: 1908, call: scores, phase: playing
2026-06-15 11:22:47, tokens_remaining: 1907, call: scores, phase: playing
2026-06-15 11:22:48, tokens_remaining: 1906, call: scores, phase: playing
2026-06-15 11:22:49, tokens_remaining: 1906, call: scores, phase: playing
2026-06-15 11:22:51, tokens_remaining: 1905, call: scores, phase: playing
2026-06-15 11:22:52, tokens_remaining: 1904, call: scores, phase: playing
2026-06-15 11:22:53, tokens_remaining: 1903, call: scores, phase: playing
2026-06-15 11:22:54, tokens_remaining: 1903, call: scores, phase: playing
2026-06-15 11:22:55, tokens_remaining: 1902, call: scores, phase: playing
2026-06-15 11:22:57, tokens_remaining: 1901, call: events, phase: playing
2026-06-15 11:22:58, tokens_remaining: 1900, call: scores, phase: playing
2026-06-15 11:22:59, tokens_remaining: 1900, call: scores, phase: playing
2026-06-15 11:23:00, tokens_remaining: 1899, call: scores, phase: playing
2026-06-15 11:23:01, tokens_remaining: 1899, call: scores, phase: playing
2026-06-15 11:23:03, tokens_remaining: 1898, call: scores, phase: playing
2026-06-15 11:23:04, tokens_remaining: 1898, call: scores, phase: playing
2026-06-15 11:23:05, tokens_remaining: 1897, call: scores, phase: playing
2026-06-15 11:23:06, tokens_remaining: 1896, call: scores, phase: playing
2026-06-15 11:23:07, tokens_remaining: 1896, call: scores, phase: playing
2026-06-15 11:23:08, tokens_remaining: 1895, call: events, phase: playing
2026-06-15 11:23:11, tokens_remaining: 1894, call: scores, phase: playing
2026-06-15 11:23:12, tokens_remaining: 1894, call: scores, phase: playing
2026-06-15 11:23:14, tokens_remaining: 1893, call: scores, phase: playing
2026-06-15 11:23:16, tokens_remaining: 1892, call: scores, phase: playing
2026-06-15 11:23:19, tokens_remaining: 1891, call: scores, phase: playing
2026-06-15 11:23:20, tokens_remaining: 1890, call: scores, phase: playing
2026-06-15 11:23:21, tokens_remaining: 1889, call: scores, phase: playing
2026-06-15 11:23:23, tokens_remaining: 1889, call: scores, phase: playing
2026-06-15 11:23:24, tokens_remaining: 1888, call: scores, phase: playing
2026-06-15 11:23:26, tokens_remaining: 1887, call: events, phase: playing
2026-06-15 11:23:27, tokens_remaining: 1886, call: scores, phase: playing
2026-06-15 11:23:28, tokens_remaining: 1886, call: scores, phase: playing
2026-06-15 11:23:29, tokens_remaining: 1885, call: scores, phase: playing
2026-06-15 11:23:31, tokens_remaining: 1884, call: scores, phase: playing
2026-06-15 11:23:32, tokens_remaining: 1883, call: scores, phase: playing
2026-06-15 11:23:34, tokens_remaining: 1882, call: scores, phase: playing
2026-06-15 11:23:35, tokens_remaining: 1882, call: scores, phase: playing
2026-06-15 11:23:36, tokens_remaining: 1881, call: scores, phase: playing
2026-06-15 11:23:37, tokens_remaining: 1881, call: scores, phase: playing
2026-06-15 11:23:38, tokens_remaining: 1880, call: events, phase: playing
2026-06-15 11:23:39, tokens_remaining: 1879, call: scores, phase: playing
2026-06-15 11:23:40, tokens_remaining: 1879, call: scores, phase: playing
2026-06-15 11:23:42, tokens_remaining: 1878, call: scores, phase: playing
2026-06-15 11:23:43, tokens_remaining: 1878, call: scores, phase: playing
2026-06-15 11:23:44, tokens_remaining: 1877, call: scores, phase: playing
2026-06-15 11:23:45, tokens_remaining: 1877, call: scores, phase: playing
2026-06-15 11:23:46, tokens_remaining: 1876, call: scores, phase: playing
2026-06-15 11:23:47, tokens_remaining: 1876, call: scores, phase: playing
2026-06-15 11:23:48, tokens_remaining: 1875, call: scores, phase: playing
2026-06-15 11:23:50, tokens_remaining: 1874, call: events, phase: playing
2026-06-15 11:23:51, tokens_remaining: 1873, call: scores, phase: playing
2026-06-15 11:23:56, tokens_remaining: 1872, call: scores, phase: playing
2026-06-15 11:23:58, tokens_remaining: 1871, call: scores, phase: playing
2026-06-15 11:23:59, tokens_remaining: 1871, call: scores, phase: playing
2026-06-15 11:24:00, tokens_remaining: 1870, call: scores, phase: playing
2026-06-15 11:24:03, tokens_remaining: 1869, call: scores, phase: playing
2026-06-15 11:24:05, tokens_remaining: 1868, call: scores, phase: playing
2026-06-15 11:24:06, tokens_remaining: 1868, call: scores, phase: playing
2026-06-15 11:24:08, tokens_remaining: 1867, call: scores, phase: playing
2026-06-15 11:24:11, tokens_remaining: 1866, call: events, phase: playing
2026-06-15 11:24:12, tokens_remaining: 1865, call: scores, phase: playing
2026-06-15 11:24:13, tokens_remaining: 1865, call: scores, phase: playing
2026-06-15 11:24:15, tokens_remaining: 1864, call: scores, phase: playing
2026-06-15 11:24:16, tokens_remaining: 1864, call: scores, phase: playing
2026-06-15 11:24:17, tokens_remaining: 1863, call: scores, phase: playing
2026-06-15 11:24:18, tokens_remaining: 1863, call: scores, phase: playing
2026-06-15 11:24:19, tokens_remaining: 1862, call: scores, phase: playing
2026-06-15 11:24:21, tokens_remaining: 1861, call: scores, phase: playing
2026-06-15 11:24:22, tokens_remaining: 1861, call: scores, phase: playing
2026-06-15 11:24:23, tokens_remaining: 1860, call: events, phase: playing
2026-06-15 11:24:24, tokens_remaining: 1859, call: scores, phase: playing
2026-06-15 11:24:25, tokens_remaining: 1858, call: scores, phase: playing
2026-06-15 11:24:26, tokens_remaining: 1858, call: scores, phase: playing
2026-06-15 11:24:28, tokens_remaining: 1857, call: scores, phase: playing
2026-06-15 11:24:28, tokens_remaining: 1857, call: scores, phase: playing
2026-06-15 11:24:30, tokens_remaining: 1856, call: scores, phase: playing
2026-06-15 11:24:31, tokens_remaining: 1856, call: scores, phase: playing
2026-06-15 11:24:32, tokens_remaining: 1855, call: scores, phase: playing
2026-06-15 11:24:33, tokens_remaining: 1855, call: scores, phase: playing
2026-06-15 11:24:34, tokens_remaining: 1854, call: events, phase: playing
2026-06-15 11:24:36, tokens_remaining: 1853, call: scores, phase: playing
2026-06-15 11:24:37, tokens_remaining: 1853, call: scores, phase: playing
2026-06-15 11:24:38, tokens_remaining: 1852, call: scores, phase: playing
2026-06-15 11:24:39, tokens_remaining: 1852, call: scores, phase: playing
2026-06-15 11:24:41, tokens_remaining: 1851, call: scores, phase: playing
2026-06-15 11:24:42, tokens_remaining: 1851, call: scores, phase: playing
2026-06-15 11:24:43, tokens_remaining: 1850, call: scores, phase: playing
2026-06-15 11:24:44, tokens_remaining: 1850, call: scores, phase: playing
2026-06-15 11:24:45, tokens_remaining: 1849, call: scores, phase: playing
2026-06-15 11:24:46, tokens_remaining: 1848, call: events, phase: playing
2026-06-15 11:24:47, tokens_remaining: 1847, call: scores, phase: playing
2026-06-15 11:24:48, tokens_remaining: 1847, call: scores, phase: playing
2026-06-15 11:24:49, tokens_remaining: 1846, call: scores, phase: playing
2026-06-15 11:24:50, tokens_remaining: 1846, call: scores, phase: playing
2026-06-15 11:24:52, tokens_remaining: 1845, call: scores, phase: playing
2026-06-15 11:24:53, tokens_remaining: 1845, call: scores, phase: playing
2026-06-15 11:24:54, tokens_remaining: 1844, call: scores, phase: playing
2026-06-15 11:24:55, tokens_remaining: 1844, call: scores, phase: playing
2026-06-15 11:24:56, tokens_remaining: 1843, call: scores, phase: playing
2026-06-15 11:24:57, tokens_remaining: 1842, call: events, phase: playing
2026-06-15 11:24:58, tokens_remaining: 1841, call: scores, phase: playing
2026-06-15 11:24:59, tokens_remaining: 1841, call: scores, phase: playing
2026-06-15 11:25:00, tokens_remaining: 1840, call: scores, phase: playing
2026-06-15 11:25:01, tokens_remaining: 1840, call: scores, phase: playing
2026-06-15 11:25:03, tokens_remaining: 1839, call: scores, phase: playing
2026-06-15 11:25:04, tokens_remaining: 1839, call: scores, phase: playing
2026-06-15 11:25:05, tokens_remaining: 1838, call: scores, phase: playing
2026-06-15 11:25:06, tokens_remaining: 1838, call: scores, phase: playing
2026-06-15 11:25:07, tokens_remaining: 1837, call: scores, phase: playing
2026-06-15 11:25:08, tokens_remaining: 1836, call: events, phase: playing
2026-06-15 11:25:09, tokens_remaining: 1835, call: scores, phase: playing
2026-06-15 11:25:10, tokens_remaining: 1835, call: scores, phase: playing
2026-06-15 11:25:12, tokens_remaining: 1834, call: scores, phase: playing
2026-06-15 11:25:13, tokens_remaining: 1834, call: scores, phase: playing
2026-06-15 11:25:14, tokens_remaining: 1833, call: scores, phase: playing
2026-06-15 11:25:15, tokens_remaining: 1833, call: scores, phase: playing
2026-06-15 11:25:16, tokens_remaining: 1832, call: scores, phase: playing
2026-06-15 11:25:17, tokens_remaining: 1832, call: scores, phase: playing
2026-06-15 11:25:18, tokens_remaining: 1831, call: scores, phase: playing
2026-06-15 11:25:19, tokens_remaining: 1830, call: events, phase: playing
2026-06-15 11:25:20, tokens_remaining: 1829, call: scores, phase: playing
2026-06-15 11:25:21, tokens_remaining: 1829, call: scores, phase: playing
2026-06-15 11:25:23, tokens_remaining: 1828, call: scores, phase: playing
2026-06-15 11:25:24, tokens_remaining: 1828, call: scores, phase: playing
2026-06-15 11:25:25, tokens_remaining: 1827, call: scores, phase: playing
2026-06-15 11:25:26, tokens_remaining: 1827, call: scores, phase: playing
2026-06-15 11:25:27, tokens_remaining: 1826, call: scores, phase: playing
2026-06-15 11:25:28, tokens_remaining: 1826, call: scores, phase: playing
2026-06-15 11:25:29, tokens_remaining: 1825, call: scores, phase: playing
2026-06-15 11:25:30, tokens_remaining: 1824, call: events, phase: playing
2026-06-15 11:25:31, tokens_remaining: 1823, call: scores, phase: playing
2026-06-15 11:25:32, tokens_remaining: 1823, call: scores, phase: playing
2026-06-15 11:25:33, tokens_remaining: 1822, call: scores, phase: playing
2026-06-15 11:25:34, tokens_remaining: 1822, call: scores, phase: playing
2026-06-15 11:25:36, tokens_remaining: 1821, call: scores, phase: playing
2026-06-15 11:25:36, tokens_remaining: 1821, call: scores, phase: playing
2026-06-15 11:25:38, tokens_remaining: 1820, call: scores, phase: playing
2026-06-15 11:25:39, tokens_remaining: 1820, call: scores, phase: playing
2026-06-15 11:25:40, tokens_remaining: 1819, call: scores, phase: playing
2026-06-15 11:25:41, tokens_remaining: 1818, call: events, phase: playing
2026-06-15 11:25:42, tokens_remaining: 1817, call: scores, phase: playing
2026-06-15 11:25:43, tokens_remaining: 1817, call: scores, phase: playing
2026-06-15 11:25:44, tokens_remaining: 1816, call: scores, phase: playing
2026-06-15 11:25:45, tokens_remaining: 1816, call: scores, phase: playing
2026-06-15 11:25:47, tokens_remaining: 1815, call: scores, phase: playing
2026-06-15 11:25:47, tokens_remaining: 1815, call: scores, phase: playing
2026-06-15 11:25:49, tokens_remaining: 1814, call: scores, phase: playing
2026-06-15 11:25:50, tokens_remaining: 1814, call: scores, phase: playing
2026-06-15 11:25:51, tokens_remaining: 1813, call: scores, phase: playing
2026-06-15 11:25:52, tokens_remaining: 1812, call: events, phase: playing
2026-06-15 11:25:53, tokens_remaining: 1811, call: scores, phase: playing
2026-06-15 11:25:54, tokens_remaining: 1811, call: scores, phase: playing
2026-06-15 11:25:55, tokens_remaining: 1810, call: scores, phase: playing
2026-06-15 11:25:56, tokens_remaining: 1810, call: scores, phase: playing
2026-06-15 11:25:57, tokens_remaining: 1809, call: scores, phase: playing
2026-06-15 11:25:58, tokens_remaining: 1809, call: scores, phase: playing
2026-06-15 11:25:59, tokens_remaining: 1808, call: scores, phase: playing
2026-06-15 11:26:00, tokens_remaining: 1808, call: scores, phase: playing
2026-06-15 11:26:01, tokens_remaining: 1807, call: scores, phase: playing
2026-06-15 11:26:03, tokens_remaining: 1806, call: events, phase: playing
2026-06-15 11:26:04, tokens_remaining: 1805, call: scores, phase: playing
2026-06-15 11:26:05, tokens_remaining: 1805, call: scores, phase: playing
2026-06-15 11:26:06, tokens_remaining: 1804, call: scores, phase: playing
2026-06-15 11:26:07, tokens_remaining: 1804, call: scores, phase: playing
2026-06-15 11:26:08, tokens_remaining: 1803, call: scores, phase: playing
2026-06-15 11:26:09, tokens_remaining: 1803, call: scores, phase: playing
2026-06-15 11:26:10, tokens_remaining: 1802, call: scores, phase: playing
2026-06-15 11:26:11, tokens_remaining: 1802, call: scores, phase: playing
2026-06-15 11:26:12, tokens_remaining: 1801, call: scores, phase: playing
2026-06-15 11:26:13, tokens_remaining: 1800, call: events, phase: playing
2026-06-15 11:26:15, tokens_remaining: 1799, call: scores, phase: playing
2026-06-15 11:26:16, tokens_remaining: 1799, call: scores, phase: playing
2026-06-15 11:26:17, tokens_remaining: 1798, call: scores, phase: playing
2026-06-15 11:26:18, tokens_remaining: 1798, call: scores, phase: playing
2026-06-15 11:26:19, tokens_remaining: 1797, call: scores, phase: playing
2026-06-15 11:26:20, tokens_remaining: 1797, call: scores, phase: playing
2026-06-15 11:26:21, tokens_remaining: 1796, call: scores, phase: playing
2026-06-15 11:26:22, tokens_remaining: 1796, call: scores, phase: playing
2026-06-15 11:26:23, tokens_remaining: 1795, call: scores, phase: playing
2026-06-15 11:26:24, tokens_remaining: 1794, call: events, phase: playing
2026-06-15 11:26:25, tokens_remaining: 1793, call: scores, phase: playing
2026-06-15 11:26:26, tokens_remaining: 1793, call: scores, phase: playing
2026-06-15 11:26:27, tokens_remaining: 1792, call: scores, phase: playing
2026-06-15 11:26:28, tokens_remaining: 1792, call: scores, phase: playing
2026-06-15 11:26:30, tokens_remaining: 1791, call: scores, phase: playing
2026-06-15 11:26:30, tokens_remaining: 1791, call: scores, phase: playing
2026-06-15 11:26:32, tokens_remaining: 1790, call: scores, phase: playing
2026-06-15 11:26:33, tokens_remaining: 1790, call: scores, phase: playing
2026-06-15 11:26:34, tokens_remaining: 1789, call: scores, phase: playing
2026-06-15 11:26:35, tokens_remaining: 1788, call: events, phase: playing
2026-06-15 11:26:36, tokens_remaining: 1787, call: scores, phase: playing
2026-06-15 11:26:37, tokens_remaining: 1787, call: scores, phase: playing
2026-06-15 11:26:38, tokens_remaining: 1786, call: scores, phase: playing
2026-06-15 11:26:39, tokens_remaining: 1786, call: scores, phase: playing
2026-06-15 11:26:40, tokens_remaining: 1785, call: scores, phase: playing
2026-06-15 11:26:41, tokens_remaining: 1785, call: scores, phase: playing
2026-06-15 11:26:42, tokens_remaining: 1784, call: scores, phase: playing
2026-06-15 11:26:43, tokens_remaining: 1784, call: scores, phase: playing
2026-06-15 11:26:44, tokens_remaining: 1783, call: scores, phase: playing
2026-06-15 11:26:46, tokens_remaining: 1782, call: events, phase: playing
2026-06-15 11:26:47, tokens_remaining: 1781, call: scores, phase: playing
2026-06-15 11:26:48, tokens_remaining: 1781, call: scores, phase: playing
2026-06-15 11:26:49, tokens_remaining: 1780, call: scores, phase: playing
2026-06-15 11:26:50, tokens_remaining: 1780, call: scores, phase: playing
2026-06-15 11:26:51, tokens_remaining: 1779, call: scores, phase: playing
2026-06-15 11:26:52, tokens_remaining: 1779, call: scores, phase: playing
2026-06-15 11:26:53, tokens_remaining: 1778, call: scores, phase: playing
2026-06-15 11:26:54, tokens_remaining: 1778, call: scores, phase: playing
2026-06-15 11:26:55, tokens_remaining: 1777, call: scores, phase: playing
2026-06-15 11:26:56, tokens_remaining: 1776, call: events, phase: playing
2026-06-15 11:26:57, tokens_remaining: 1775, call: scores, phase: playing
2026-06-15 11:26:58, tokens_remaining: 1775, call: scores, phase: playing
2026-06-15 11:27:00, tokens_remaining: 1774, call: scores, phase: playing
2026-06-15 11:27:00, tokens_remaining: 1774, call: scores, phase: playing
2026-06-15 11:27:02, tokens_remaining: 1773, call: scores, phase: playing
2026-06-15 11:27:02, tokens_remaining: 1773, call: scores, phase: playing
2026-06-15 11:27:04, tokens_remaining: 1772, call: scores, phase: playing
2026-06-15 11:27:05, tokens_remaining: 1772, call: scores, phase: playing
2026-06-15 11:27:06, tokens_remaining: 1771, call: scores, phase: playing
2026-06-15 11:27:07, tokens_remaining: 1770, call: events, phase: playing
2026-06-15 11:27:08, tokens_remaining: 1769, call: scores, phase: playing
2026-06-15 11:27:09, tokens_remaining: 1769, call: scores, phase: playing
2026-06-15 11:27:10, tokens_remaining: 1768, call: scores, phase: playing
2026-06-15 11:27:11, tokens_remaining: 1768, call: scores, phase: playing
2026-06-15 11:27:12, tokens_remaining: 1767, call: scores, phase: playing
2026-06-15 11:27:13, tokens_remaining: 1767, call: scores, phase: playing
2026-06-15 11:27:14, tokens_remaining: 1766, call: scores, phase: playing
2026-06-15 11:27:15, tokens_remaining: 1766, call: scores, phase: playing
2026-06-15 11:27:16, tokens_remaining: 1765, call: scores, phase: playing
2026-06-15 11:27:18, tokens_remaining: 1764, call: events, phase: playing
2026-06-15 11:27:19, tokens_remaining: 1763, call: scores, phase: playing
2026-06-15 11:27:20, tokens_remaining: 1763, call: scores, phase: playing
2026-06-15 11:27:21, tokens_remaining: 1762, call: scores, phase: playing
2026-06-15 11:27:22, tokens_remaining: 1762, call: scores, phase: playing
2026-06-15 11:27:23, tokens_remaining: 1761, call: scores, phase: playing
2026-06-15 11:27:24, tokens_remaining: 1761, call: scores, phase: playing
2026-06-15 11:27:25, tokens_remaining: 1760, call: scores, phase: playing
2026-06-15 11:27:26, tokens_remaining: 1760, call: scores, phase: playing
2026-06-15 11:27:27, tokens_remaining: 1759, call: scores, phase: playing
2026-06-15 11:27:28, tokens_remaining: 1758, call: events, phase: playing
2026-06-15 11:27:29, tokens_remaining: 1757, call: scores, phase: playing
2026-06-15 11:27:30, tokens_remaining: 1757, call: scores, phase: playing
2026-06-15 11:27:31, tokens_remaining: 1756, call: scores, phase: playing
2026-06-15 11:27:32, tokens_remaining: 1756, call: scores, phase: playing
2026-06-15 11:27:33, tokens_remaining: 1755, call: scores, phase: playing
2026-06-15 11:27:34, tokens_remaining: 1755, call: scores, phase: playing
2026-06-15 11:27:35, tokens_remaining: 1754, call: scores, phase: playing
2026-06-15 11:27:36, tokens_remaining: 1754, call: scores, phase: playing
2026-06-15 11:27:37, tokens_remaining: 1753, call: scores, phase: playing
2026-06-15 11:27:39, tokens_remaining: 1752, call: events, phase: playing
2026-06-15 11:27:40, tokens_remaining: 1751, call: scores, phase: playing
2026-06-15 11:27:41, tokens_remaining: 1751, call: scores, phase: playing
2026-06-15 11:27:42, tokens_remaining: 1750, call: scores, phase: playing
2026-06-15 11:27:43, tokens_remaining: 1750, call: scores, phase: playing
2026-06-15 11:27:44, tokens_remaining: 1749, call: scores, phase: playing
2026-06-15 11:27:45, tokens_remaining: 1749, call: scores, phase: playing
2026-06-15 11:27:46, tokens_remaining: 1748, call: scores, phase: playing
2026-06-15 11:27:47, tokens_remaining: 1748, call: scores, phase: playing
2026-06-15 11:27:48, tokens_remaining: 1747, call: scores, phase: playing
2026-06-15 11:27:49, tokens_remaining: 1746, call: events, phase: playing
2026-06-15 11:27:50, tokens_remaining: 1745, call: scores, phase: playing
2026-06-15 11:27:51, tokens_remaining: 1745, call: scores, phase: playing
2026-06-15 11:27:52, tokens_remaining: 1744, call: scores, phase: playing
2026-06-15 11:27:53, tokens_remaining: 1744, call: scores, phase: playing
2026-06-15 11:27:54, tokens_remaining: 1743, call: scores, phase: playing
2026-06-15 11:27:55, tokens_remaining: 1743, call: scores, phase: playing
2026-06-15 11:27:56, tokens_remaining: 1742, call: scores, phase: playing
2026-06-15 11:27:57, tokens_remaining: 1742, call: scores, phase: playing
2026-06-15 11:27:58, tokens_remaining: 1741, call: scores, phase: playing
2026-06-15 11:28:00, tokens_remaining: 1740, call: events, phase: playing
2026-06-15 11:28:01, tokens_remaining: 1739, call: scores, phase: playing
2026-06-15 11:28:02, tokens_remaining: 1739, call: scores, phase: playing
2026-06-15 11:28:03, tokens_remaining: 1738, call: scores, phase: playing
2026-06-15 11:28:04, tokens_remaining: 1738, call: scores, phase: playing
2026-06-15 11:28:05, tokens_remaining: 1737, call: scores, phase: playing
2026-06-15 11:28:06, tokens_remaining: 1737, call: scores, phase: playing
2026-06-15 11:28:07, tokens_remaining: 1736, call: scores, phase: playing
2026-06-15 11:28:08, tokens_remaining: 1736, call: scores, phase: playing
2026-06-15 11:28:09, tokens_remaining: 1735, call: scores, phase: playing
2026-06-15 11:28:10, tokens_remaining: 1734, call: events, phase: playing
2026-06-15 11:28:11, tokens_remaining: 1733, call: scores, phase: playing
2026-06-15 11:28:12, tokens_remaining: 1733, call: scores, phase: playing
2026-06-15 11:28:13, tokens_remaining: 1732, call: scores, phase: playing
2026-06-15 11:28:14, tokens_remaining: 1732, call: scores, phase: playing
2026-06-15 11:28:15, tokens_remaining: 1731, call: scores, phase: playing
2026-06-15 11:28:16, tokens_remaining: 1731, call: scores, phase: playing
2026-06-15 11:28:17, tokens_remaining: 1730, call: scores, phase: playing
2026-06-15 11:28:18, tokens_remaining: 1730, call: scores, phase: playing
2026-06-15 11:28:19, tokens_remaining: 1729, call: scores, phase: playing
2026-06-15 11:28:20, tokens_remaining: 1728, call: events, phase: playing
2026-06-15 11:28:22, tokens_remaining: 1727, call: scores, phase: playing
2026-06-15 11:28:22, tokens_remaining: 1727, call: scores, phase: playing
2026-06-15 11:28:24, tokens_remaining: 1726, call: scores, phase: playing
2026-06-15 11:28:24, tokens_remaining: 1726, call: scores, phase: playing
2026-06-15 11:28:26, tokens_remaining: 1725, call: scores, phase: playing
2026-06-15 11:28:27, tokens_remaining: 1725, call: scores, phase: playing
2026-06-15 11:28:28, tokens_remaining: 1724, call: scores, phase: playing
2026-06-15 11:28:28, tokens_remaining: 1724, call: scores, phase: playing
2026-06-15 11:28:30, tokens_remaining: 1723, call: scores, phase: playing
2026-06-15 11:28:31, tokens_remaining: 1722, call: events, phase: playing
2026-06-15 11:28:32, tokens_remaining: 1721, call: scores, phase: playing
2026-06-15 11:28:33, tokens_remaining: 1721, call: scores, phase: playing
2026-06-15 11:28:34, tokens_remaining: 1720, call: scores, phase: playing
2026-06-15 11:28:35, tokens_remaining: 1720, call: scores, phase: playing
2026-06-15 11:28:36, tokens_remaining: 1719, call: scores, phase: playing
2026-06-15 11:28:37, tokens_remaining: 1719, call: scores, phase: playing
2026-06-15 11:28:38, tokens_remaining: 1718, call: scores, phase: playing
2026-06-15 11:28:39, tokens_remaining: 1718, call: scores, phase: playing
2026-06-15 11:28:40, tokens_remaining: 1717, call: scores, phase: playing
2026-06-15 11:28:41, tokens_remaining: 1716, call: events, phase: playing
2026-06-15 11:28:42, tokens_remaining: 1715, call: scores, phase: playing
2026-06-15 11:28:43, tokens_remaining: 1715, call: scores, phase: playing
2026-06-15 11:28:44, tokens_remaining: 1714, call: scores, phase: playing
2026-06-15 11:28:45, tokens_remaining: 1714, call: scores, phase: playing
2026-06-15 11:28:46, tokens_remaining: 1713, call: scores, phase: playing
2026-06-15 11:28:47, tokens_remaining: 1713, call: scores, phase: playing
2026-06-15 11:28:48, tokens_remaining: 1712, call: scores, phase: playing
2026-06-15 11:28:49, tokens_remaining: 1712, call: scores, phase: playing
2026-06-15 11:28:50, tokens_remaining: 1711, call: scores, phase: playing
2026-06-15 11:28:51, tokens_remaining: 1710, call: events, phase: playing
2026-06-15 11:28:53, tokens_remaining: 1709, call: scores, phase: playing
2026-06-15 11:28:53, tokens_remaining: 1709, call: scores, phase: playing
2026-06-15 11:28:55, tokens_remaining: 1708, call: scores, phase: playing
2026-06-15 11:28:55, tokens_remaining: 1708, call: scores, phase: playing
2026-06-15 11:28:57, tokens_remaining: 1707, call: scores, phase: playing
2026-06-15 11:28:57, tokens_remaining: 1707, call: scores, phase: playing
2026-06-15 11:28:59, tokens_remaining: 1706, call: scores, phase: playing
2026-06-15 11:28:59, tokens_remaining: 1706, call: scores, phase: playing
2026-06-15 11:29:01, tokens_remaining: 1705, call: scores, phase: playing
2026-06-15 11:29:02, tokens_remaining: 1704, call: events, phase: playing
2026-06-15 11:29:03, tokens_remaining: 1703, call: scores, phase: playing
2026-06-15 11:29:04, tokens_remaining: 1703, call: scores, phase: playing
2026-06-15 11:29:05, tokens_remaining: 1702, call: scores, phase: playing
2026-06-15 11:29:06, tokens_remaining: 1702, call: scores, phase: playing
2026-06-15 11:29:07, tokens_remaining: 1701, call: scores, phase: playing
2026-06-15 11:29:08, tokens_remaining: 1701, call: scores, phase: playing
2026-06-15 11:29:09, tokens_remaining: 1700, call: scores, phase: playing
2026-06-15 11:29:10, tokens_remaining: 1700, call: scores, phase: playing
2026-06-15 11:29:11, tokens_remaining: 1699, call: scores, phase: playing
2026-06-15 11:29:12, tokens_remaining: 1698, call: events, phase: playing
2026-06-15 11:29:13, tokens_remaining: 1697, call: scores, phase: playing
2026-06-15 11:29:14, tokens_remaining: 1697, call: scores, phase: playing
2026-06-15 11:29:15, tokens_remaining: 1696, call: scores, phase: playing
2026-06-15 11:29:16, tokens_remaining: 1696, call: scores, phase: playing
2026-06-15 11:29:17, tokens_remaining: 1695, call: scores, phase: playing
2026-06-15 11:29:18, tokens_remaining: 1695, call: scores, phase: playing
2026-06-15 11:29:19, tokens_remaining: 1694, call: scores, phase: playing
2026-06-15 11:29:20, tokens_remaining: 1694, call: scores, phase: playing
2026-06-15 11:29:21, tokens_remaining: 1693, call: scores, phase: playing
2026-06-15 11:29:23, tokens_remaining: 1692, call: events, phase: playing
2026-06-15 11:29:24, tokens_remaining: 1691, call: scores, phase: playing
2026-06-15 11:29:25, tokens_remaining: 1691, call: scores, phase: playing
2026-06-15 11:29:26, tokens_remaining: 1690, call: scores, phase: playing
2026-06-15 11:29:27, tokens_remaining: 1690, call: scores, phase: playing
2026-06-15 11:29:28, tokens_remaining: 1689, call: scores, phase: playing
2026-06-15 11:29:29, tokens_remaining: 1689, call: scores, phase: playing
2026-06-15 11:29:30, tokens_remaining: 1688, call: scores, phase: playing
2026-06-15 11:29:30, tokens_remaining: 1688, call: scores, phase: playing
2026-06-15 11:29:32, tokens_remaining: 1687, call: scores, phase: playing
2026-06-15 11:29:33, tokens_remaining: 1686, call: events, phase: playing
2026-06-15 11:29:34, tokens_remaining: 1685, call: scores, phase: playing
2026-06-15 11:29:35, tokens_remaining: 1685, call: scores, phase: playing
2026-06-15 11:29:36, tokens_remaining: 1684, call: scores, phase: playing
2026-06-15 11:29:37, tokens_remaining: 1684, call: scores, phase: playing
2026-06-15 11:29:38, tokens_remaining: 1683, call: scores, phase: playing
2026-06-15 11:29:39, tokens_remaining: 1683, call: scores, phase: playing
2026-06-15 11:29:40, tokens_remaining: 1682, call: scores, phase: playing
2026-06-15 11:29:41, tokens_remaining: 1682, call: scores, phase: playing
2026-06-15 11:29:42, tokens_remaining: 1681, call: scores, phase: playing
2026-06-15 11:29:43, tokens_remaining: 1680, call: events, phase: playing
2026-06-15 11:29:44, tokens_remaining: 1679, call: scores, phase: playing
2026-06-15 11:29:45, tokens_remaining: 1679, call: scores, phase: playing
2026-06-15 11:29:46, tokens_remaining: 1678, call: scores, phase: playing
2026-06-15 11:29:47, tokens_remaining: 1678, call: scores, phase: playing
2026-06-15 11:29:48, tokens_remaining: 1677, call: scores, phase: playing
2026-06-15 11:29:49, tokens_remaining: 1677, call: scores, phase: playing
2026-06-15 11:29:50, tokens_remaining: 1676, call: scores, phase: playing
2026-06-15 11:29:51, tokens_remaining: 1676, call: scores, phase: playing
2026-06-15 11:29:52, tokens_remaining: 1675, call: scores, phase: playing
2026-06-15 11:29:53, tokens_remaining: 1674, call: events, phase: playing
2026-06-15 11:29:54, tokens_remaining: 1673, call: scores, phase: playing
2026-06-15 11:29:55, tokens_remaining: 1673, call: scores, phase: playing
2026-06-15 11:29:56, tokens_remaining: 1672, call: scores, phase: playing
2026-06-15 11:29:57, tokens_remaining: 1672, call: scores, phase: playing
2026-06-15 11:29:58, tokens_remaining: 1671, call: scores, phase: playing
2026-06-15 11:29:59, tokens_remaining: 1671, call: scores, phase: playing
2026-06-15 11:30:00, tokens_remaining: 1670, call: scores, phase: playing
2026-06-15 11:30:01, tokens_remaining: 1670, call: scores, phase: playing
2026-06-15 11:30:02, tokens_remaining: 1669, call: scores, phase: playing
2026-06-15 11:30:03, tokens_remaining: 1668, call: events, phase: playing
2026-06-15 11:30:04, tokens_remaining: 1667, call: scores, phase: playing
2026-06-15 11:30:05, tokens_remaining: 1667, call: scores, phase: playing
2026-06-15 11:30:06, tokens_remaining: 1666, call: scores, phase: playing
2026-06-15 11:30:07, tokens_remaining: 1666, call: scores, phase: playing
2026-06-15 11:30:08, tokens_remaining: 1665, call: scores, phase: playing
2026-06-15 11:30:09, tokens_remaining: 1665, call: scores, phase: playing
2026-06-15 11:30:11, tokens_remaining: 1664, call: scores, phase: playing
2026-06-15 11:30:13, tokens_remaining: 1663, call: scores, phase: playing
2026-06-15 11:30:14, tokens_remaining: 1662, call: scores, phase: playing
2026-06-15 11:30:15, tokens_remaining: 1661, call: events, phase: playing
2026-06-15 11:30:17, tokens_remaining: 1660, call: scores, phase: playing
2026-06-15 11:30:18, tokens_remaining: 1660, call: scores, phase: playing
2026-06-15 11:30:19, tokens_remaining: 1659, call: scores, phase: playing
2026-06-15 11:30:20, tokens_remaining: 1659, call: scores, phase: playing
2026-06-15 11:30:21, tokens_remaining: 1658, call: scores, phase: playing
2026-06-15 11:30:22, tokens_remaining: 1658, call: scores, phase: playing
2026-06-15 11:30:23, tokens_remaining: 1657, call: scores, phase: playing
2026-06-15 11:30:24, tokens_remaining: 1657, call: scores, phase: playing
2026-06-15 11:30:25, tokens_remaining: 1656, call: scores, phase: playing
2026-06-15 11:30:26, tokens_remaining: 1655, call: events, phase: playing
2026-06-15 11:30:27, tokens_remaining: 1654, call: scores, phase: playing
2026-06-15 11:30:28, tokens_remaining: 1654, call: scores, phase: playing
2026-06-15 11:30:29, tokens_remaining: 1653, call: scores, phase: playing
2026-06-15 11:30:30, tokens_remaining: 1653, call: scores, phase: playing
2026-06-15 11:30:31, tokens_remaining: 1652, call: scores, phase: playing
2026-06-15 11:30:32, tokens_remaining: 1652, call: scores, phase: playing
2026-06-15 11:30:33, tokens_remaining: 1651, call: scores, phase: playing
2026-06-15 11:30:34, tokens_remaining: 1651, call: scores, phase: playing
2026-06-15 11:30:35, tokens_remaining: 1650, call: scores, phase: playing
2026-06-15 11:30:36, tokens_remaining: 1649, call: events, phase: playing
2026-06-15 11:30:37, tokens_remaining: 1648, call: scores, phase: playing
2026-06-15 11:30:38, tokens_remaining: 1648, call: scores, phase: playing
2026-06-15 11:30:39, tokens_remaining: 1647, call: scores, phase: playing
2026-06-15 11:30:40, tokens_remaining: 1647, call: scores, phase: playing
2026-06-15 11:30:41, tokens_remaining: 1646, call: scores, phase: playing
2026-06-15 11:30:42, tokens_remaining: 1646, call: scores, phase: playing
2026-06-15 11:30:43, tokens_remaining: 1645, call: scores, phase: playing
2026-06-15 11:30:44, tokens_remaining: 1645, call: scores, phase: playing
2026-06-15 11:30:45, tokens_remaining: 1644, call: scores, phase: playing
2026-06-15 11:30:46, tokens_remaining: 1643, call: events, phase: playing
2026-06-15 11:30:47, tokens_remaining: 1642, call: scores, phase: playing
2026-06-15 11:30:48, tokens_remaining: 1642, call: scores, phase: playing
2026-06-15 11:30:49, tokens_remaining: 1641, call: scores, phase: playing
2026-06-15 11:30:50, tokens_remaining: 1641, call: scores, phase: playing
2026-06-15 11:30:51, tokens_remaining: 1640, call: scores, phase: playing
2026-06-15 11:30:52, tokens_remaining: 1640, call: scores, phase: playing
2026-06-15 11:30:53, tokens_remaining: 1639, call: scores, phase: playing
2026-06-15 11:30:54, tokens_remaining: 1639, call: scores, phase: playing
2026-06-15 11:30:55, tokens_remaining: 1638, call: scores, phase: playing
2026-06-15 11:30:56, tokens_remaining: 1637, call: events, phase: playing
2026-06-15 11:30:57, tokens_remaining: 1636, call: scores, phase: playing
2026-06-15 11:30:58, tokens_remaining: 1636, call: scores, phase: playing
2026-06-15 11:30:59, tokens_remaining: 1635, call: scores, phase: playing
2026-06-15 11:31:00, tokens_remaining: 1635, call: scores, phase: playing
2026-06-15 11:31:01, tokens_remaining: 1634, call: scores, phase: playing
2026-06-15 11:31:02, tokens_remaining: 1634, call: scores, phase: playing
2026-06-15 11:31:03, tokens_remaining: 1633, call: scores, phase: playing
2026-06-15 11:31:04, tokens_remaining: 1633, call: scores, phase: playing
2026-06-15 11:31:05, tokens_remaining: 1632, call: scores, phase: playing
2026-06-15 11:31:06, tokens_remaining: 1631, call: events, phase: playing
2026-06-15 11:31:07, tokens_remaining: 1630, call: scores, phase: playing
2026-06-15 11:31:08, tokens_remaining: 1630, call: scores, phase: playing
2026-06-15 11:31:09, tokens_remaining: 1629, call: scores, phase: playing
2026-06-15 11:31:10, tokens_remaining: 1629, call: scores, phase: playing
2026-06-15 11:31:11, tokens_remaining: 1628, call: scores, phase: playing
2026-06-15 11:31:12, tokens_remaining: 1628, call: scores, phase: playing
2026-06-15 11:31:13, tokens_remaining: 1627, call: scores, phase: playing
2026-06-15 11:31:14, tokens_remaining: 1627, call: scores, phase: playing
2026-06-15 11:31:15, tokens_remaining: 1626, call: scores, phase: playing
2026-06-15 11:31:16, tokens_remaining: 1625, call: events, phase: playing
2026-06-15 11:31:17, tokens_remaining: 1624, call: scores, phase: playing
2026-06-15 11:31:18, tokens_remaining: 1624, call: scores, phase: playing
2026-06-15 11:31:19, tokens_remaining: 1623, call: scores, phase: playing
2026-06-15 11:31:20, tokens_remaining: 1623, call: scores, phase: playing
2026-06-15 11:31:21, tokens_remaining: 1622, call: scores, phase: playing
2026-06-15 11:31:22, tokens_remaining: 1622, call: scores, phase: playing
2026-06-15 11:31:23, tokens_remaining: 1621, call: scores, phase: playing
2026-06-15 11:31:24, tokens_remaining: 1621, call: scores, phase: playing
2026-06-15 11:31:25, tokens_remaining: 1620, call: scores, phase: playing
2026-06-15 11:31:26, tokens_remaining: 1619, call: events, phase: playing
2026-06-15 11:31:27, tokens_remaining: 1618, call: scores, phase: playing
2026-06-15 11:31:28, tokens_remaining: 1618, call: scores, phase: playing
2026-06-15 11:31:29, tokens_remaining: 1617, call: scores, phase: playing
2026-06-15 11:31:30, tokens_remaining: 1617, call: scores, phase: playing
2026-06-15 11:31:31, tokens_remaining: 1616, call: scores, phase: playing
2026-06-15 11:31:31, tokens_remaining: 1616, call: scores, phase: playing
2026-06-15 11:31:33, tokens_remaining: 1615, call: scores, phase: playing
2026-06-15 11:31:33, tokens_remaining: 1615, call: scores, phase: playing
2026-06-15 11:31:34, tokens_remaining: 1614, call: scores, phase: playing
2026-06-15 11:31:35, tokens_remaining: 1613, call: events, phase: playing
2026-06-15 11:31:37, tokens_remaining: 1612, call: scores, phase: playing
2026-06-15 11:31:37, tokens_remaining: 1612, call: scores, phase: playing
2026-06-15 11:31:39, tokens_remaining: 1611, call: scores, phase: playing
2026-06-15 11:31:39, tokens_remaining: 1611, call: scores, phase: playing
2026-06-15 11:31:40, tokens_remaining: 1610, call: scores, phase: playing
2026-06-15 11:31:41, tokens_remaining: 1610, call: scores, phase: playing
2026-06-15 11:31:42, tokens_remaining: 1609, call: scores, phase: playing
2026-06-15 11:31:44, tokens_remaining: 1608, call: scores, phase: playing
2026-06-15 11:31:45, tokens_remaining: 1608, call: scores, phase: playing
2026-06-15 11:31:49, tokens_remaining: 1607, call: events, phase: playing
2026-06-15 11:31:51, tokens_remaining: 1606, call: scores, phase: playing
2026-06-15 11:31:51, tokens_remaining: 1606, call: scores, phase: playing
2026-06-15 11:31:52, tokens_remaining: 1605, call: scores, phase: playing
2026-06-15 11:31:53, tokens_remaining: 1605, call: scores, phase: playing
2026-06-15 11:31:54, tokens_remaining: 1604, call: scores, phase: playing
2026-06-15 11:31:55, tokens_remaining: 1604, call: scores, phase: playing
2026-06-15 11:31:56, tokens_remaining: 1603, call: scores, phase: playing
2026-06-15 11:31:57, tokens_remaining: 1603, call: scores, phase: playing
2026-06-15 11:31:58, tokens_remaining: 1602, call: scores, phase: playing
2026-06-15 11:31:59, tokens_remaining: 1601, call: events, phase: playing
2026-06-15 11:32:00, tokens_remaining: 1600, call: scores, phase: playing
2026-06-15 11:32:01, tokens_remaining: 1600, call: scores, phase: playing
2026-06-15 11:32:02, tokens_remaining: 1599, call: scores, phase: playing
2026-06-15 11:32:03, tokens_remaining: 1599, call: scores, phase: playing
2026-06-15 11:32:04, tokens_remaining: 1598, call: scores, phase: playing
2026-06-15 11:32:05, tokens_remaining: 1598, call: scores, phase: playing
2026-06-15 11:32:06, tokens_remaining: 1597, call: scores, phase: playing
2026-06-15 11:32:07, tokens_remaining: 1597, call: scores, phase: playing
2026-06-15 11:32:08, tokens_remaining: 1596, call: scores, phase: playing
2026-06-15 11:32:09, tokens_remaining: 1595, call: events, phase: playing
2026-06-15 11:32:10, tokens_remaining: 1594, call: scores, phase: playing
2026-06-15 11:32:11, tokens_remaining: 1594, call: scores, phase: playing
2026-06-15 11:32:12, tokens_remaining: 1593, call: scores, phase: playing
2026-06-15 11:32:12, tokens_remaining: 1593, call: scores, phase: playing
2026-06-15 11:32:14, tokens_remaining: 1592, call: scores, phase: playing
2026-06-15 11:32:14, tokens_remaining: 1592, call: scores, phase: playing
2026-06-15 11:32:15, tokens_remaining: 1591, call: scores, phase: playing
2026-06-15 11:32:16, tokens_remaining: 1591, call: scores, phase: playing
2026-06-15 11:32:17, tokens_remaining: 1590, call: scores, phase: playing
2026-06-15 11:32:18, tokens_remaining: 1589, call: events, phase: playing
2026-06-15 11:32:19, tokens_remaining: 1588, call: scores, phase: playing
2026-06-15 11:32:20, tokens_remaining: 1588, call: scores, phase: playing
2026-06-15 11:32:21, tokens_remaining: 1587, call: scores, phase: playing
2026-06-15 11:32:22, tokens_remaining: 1587, call: scores, phase: playing
2026-06-15 11:32:23, tokens_remaining: 1586, call: scores, phase: playing
2026-06-15 11:32:24, tokens_remaining: 1586, call: scores, phase: playing
2026-06-15 11:32:25, tokens_remaining: 1585, call: scores, phase: playing
2026-06-15 11:32:26, tokens_remaining: 1585, call: scores, phase: playing
2026-06-15 11:32:27, tokens_remaining: 1584, call: scores, phase: playing
2026-06-15 11:32:28, tokens_remaining: 1583, call: events, phase: playing
2026-06-15 11:32:29, tokens_remaining: 1582, call: scores, phase: playing
2026-06-15 11:32:30, tokens_remaining: 1582, call: scores, phase: playing
2026-06-15 11:32:31, tokens_remaining: 1581, call: scores, phase: playing
2026-06-15 11:32:32, tokens_remaining: 1581, call: scores, phase: playing
2026-06-15 11:32:33, tokens_remaining: 1580, call: scores, phase: playing
2026-06-15 11:32:34, tokens_remaining: 1580, call: scores, phase: playing
2026-06-15 11:32:35, tokens_remaining: 1579, call: scores, phase: playing
2026-06-15 11:32:35, tokens_remaining: 1579, call: scores, phase: playing
2026-06-15 11:32:36, tokens_remaining: 1578, call: scores, phase: playing
2026-06-15 11:32:38, tokens_remaining: 1577, call: events, phase: playing
2026-06-15 11:32:39, tokens_remaining: 1576, call: scores, phase: playing
2026-06-15 11:32:39, tokens_remaining: 1576, call: scores, phase: playing
2026-06-15 11:32:41, tokens_remaining: 1575, call: scores, phase: playing
2026-06-15 11:32:41, tokens_remaining: 1575, call: scores, phase: playing
2026-06-15 11:32:42, tokens_remaining: 1574, call: scores, phase: playing
2026-06-15 11:32:43, tokens_remaining: 1574, call: scores, phase: playing
2026-06-15 11:32:44, tokens_remaining: 1573, call: scores, phase: playing
2026-06-15 11:32:45, tokens_remaining: 1573, call: scores, phase: playing
2026-06-15 11:32:46, tokens_remaining: 1572, call: scores, phase: playing
2026-06-15 11:32:47, tokens_remaining: 1571, call: events, phase: playing
2026-06-15 11:32:48, tokens_remaining: 1570, call: scores, phase: playing
2026-06-15 11:32:49, tokens_remaining: 1570, call: scores, phase: playing
2026-06-15 11:32:50, tokens_remaining: 1569, call: scores, phase: playing
2026-06-15 11:32:51, tokens_remaining: 1569, call: scores, phase: playing
2026-06-15 11:32:52, tokens_remaining: 1568, call: scores, phase: playing
2026-06-15 11:32:53, tokens_remaining: 1568, call: scores, phase: playing
2026-06-15 11:32:54, tokens_remaining: 1567, call: scores, phase: playing
2026-06-15 11:32:55, tokens_remaining: 1567, call: scores, phase: playing
2026-06-15 11:32:56, tokens_remaining: 1566, call: scores, phase: playing
2026-06-15 11:32:57, tokens_remaining: 1565, call: events, phase: playing
2026-06-15 11:32:58, tokens_remaining: 1564, call: scores, phase: playing
2026-06-15 11:32:59, tokens_remaining: 1564, call: scores, phase: playing
2026-06-15 11:33:00, tokens_remaining: 1563, call: scores, phase: playing
2026-06-15 11:33:00, tokens_remaining: 1563, call: scores, phase: playing
2026-06-15 11:33:01, tokens_remaining: 1562, call: scores, phase: playing
2026-06-15 11:33:02, tokens_remaining: 1562, call: scores, phase: playing
2026-06-15 11:33:03, tokens_remaining: 1561, call: scores, phase: playing
2026-06-15 11:33:04, tokens_remaining: 1561, call: scores, phase: playing
2026-06-15 11:33:05, tokens_remaining: 1560, call: scores, phase: playing
2026-06-15 11:33:06, tokens_remaining: 1559, call: events, phase: playing
2026-06-15 11:33:07, tokens_remaining: 1558, call: scores, phase: playing
2026-06-15 11:33:08, tokens_remaining: 1558, call: scores, phase: playing
2026-06-15 11:33:09, tokens_remaining: 1557, call: scores, phase: playing
2026-06-15 11:33:10, tokens_remaining: 1557, call: scores, phase: playing
2026-06-15 11:33:11, tokens_remaining: 1556, call: scores, phase: playing
2026-06-15 11:33:12, tokens_remaining: 1556, call: scores, phase: playing
2026-06-15 11:33:13, tokens_remaining: 1555, call: scores, phase: playing
2026-06-15 11:33:14, tokens_remaining: 1554, call: scores, phase: playing
2026-06-15 11:33:15, tokens_remaining: 1554, call: scores, phase: playing
2026-06-15 11:33:16, tokens_remaining: 1553, call: events, phase: playing
2026-06-15 11:33:17, tokens_remaining: 1552, call: scores, phase: playing
2026-06-15 11:33:18, tokens_remaining: 1552, call: scores, phase: playing
2026-06-15 11:33:19, tokens_remaining: 1551, call: scores, phase: playing
2026-06-15 11:33:20, tokens_remaining: 1551, call: scores, phase: playing
2026-06-15 11:33:21, tokens_remaining: 1550, call: scores, phase: playing
2026-06-15 11:33:22, tokens_remaining: 1550, call: scores, phase: playing
2026-06-15 11:33:23, tokens_remaining: 1549, call: scores, phase: playing
2026-06-15 11:33:24, tokens_remaining: 1549, call: scores, phase: playing
2026-06-15 11:33:25, tokens_remaining: 1548, call: scores, phase: playing
2026-06-15 11:33:26, tokens_remaining: 1547, call: events, phase: playing
2026-06-15 11:33:27, tokens_remaining: 1546, call: scores, phase: playing
2026-06-15 11:33:28, tokens_remaining: 1546, call: scores, phase: playing
2026-06-15 11:33:29, tokens_remaining: 1545, call: scores, phase: playing
2026-06-15 11:33:30, tokens_remaining: 1544, call: scores, phase: playing
2026-06-15 11:33:31, tokens_remaining: 1544, call: scores, phase: playing
2026-06-15 11:33:32, tokens_remaining: 1543, call: scores, phase: playing
2026-06-15 11:33:33, tokens_remaining: 1543, call: scores, phase: playing
2026-06-15 11:33:34, tokens_remaining: 1542, call: scores, phase: playing
2026-06-15 11:33:36, tokens_remaining: 1541, call: scores, phase: playing
2026-06-15 11:33:37, tokens_remaining: 1540, call: events, phase: playing
2026-06-15 11:33:38, tokens_remaining: 1539, call: scores, phase: playing
2026-06-15 11:33:39, tokens_remaining: 1539, call: scores, phase: playing
2026-06-15 11:33:40, tokens_remaining: 1538, call: scores, phase: playing
2026-06-15 11:33:40, tokens_remaining: 1538, call: scores, phase: playing
2026-06-15 11:33:41, tokens_remaining: 1537, call: scores, phase: playing
2026-06-15 11:33:42, tokens_remaining: 1537, call: scores, phase: playing
2026-06-15 11:33:43, tokens_remaining: 1536, call: scores, phase: playing
2026-06-15 11:33:44, tokens_remaining: 1536, call: scores, phase: playing
2026-06-15 11:33:45, tokens_remaining: 1535, call: scores, phase: playing
2026-06-15 11:33:46, tokens_remaining: 1534, call: events, phase: playing
2026-06-15 11:33:47, tokens_remaining: 1533, call: scores, phase: playing
2026-06-15 11:33:48, tokens_remaining: 1532, call: scores, phase: playing
2026-06-15 11:33:49, tokens_remaining: 1532, call: scores, phase: playing
2026-06-15 11:33:50, tokens_remaining: 1531, call: scores, phase: playing
2026-06-15 11:33:51, tokens_remaining: 1531, call: scores, phase: playing
2026-06-15 11:33:52, tokens_remaining: 1530, call: scores, phase: playing
2026-06-15 11:33:53, tokens_remaining: 1529, call: scores, phase: playing
2026-06-15 11:33:54, tokens_remaining: 1529, call: scores, phase: playing
2026-06-15 11:33:55, tokens_remaining: 1528, call: scores, phase: playing
2026-06-15 11:33:57, tokens_remaining: 1527, call: events, phase: playing
2026-06-15 11:33:58, tokens_remaining: 1526, call: scores, phase: playing
2026-06-15 11:33:58, tokens_remaining: 1526, call: scores, phase: playing
2026-06-15 11:33:59, tokens_remaining: 1525, call: scores, phase: playing
2026-06-15 11:34:00, tokens_remaining: 1525, call: scores, phase: playing
2026-06-15 11:34:02, tokens_remaining: 1524, call: scores, phase: playing
2026-06-15 11:34:03, tokens_remaining: 1524, call: scores, phase: playing
2026-06-15 11:34:04, tokens_remaining: 1523, call: scores, phase: playing
2026-06-15 11:34:07, tokens_remaining: 1522, call: scores, phase: playing
2026-06-15 11:34:08, tokens_remaining: 1522, call: scores, phase: playing
2026-06-15 11:34:09, tokens_remaining: 1521, call: events, phase: playing
2026-06-15 11:34:10, tokens_remaining: 1520, call: scores, phase: playing
2026-06-15 11:34:11, tokens_remaining: 1520, call: scores, phase: playing
2026-06-15 11:34:12, tokens_remaining: 1519, call: scores, phase: playing
2026-06-15 11:34:13, tokens_remaining: 1518, call: scores, phase: playing
2026-06-15 11:34:14, tokens_remaining: 1518, call: scores, phase: playing
2026-06-15 11:34:15, tokens_remaining: 1517, call: scores, phase: playing
2026-06-15 11:34:16, tokens_remaining: 1516, call: scores, phase: playing
2026-06-15 11:34:17, tokens_remaining: 1516, call: scores, phase: playing
2026-06-15 11:34:18, tokens_remaining: 1515, call: scores, phase: playing
2026-06-15 11:34:19, tokens_remaining: 1514, call: events, phase: playing
2026-06-15 11:34:20, tokens_remaining: 1513, call: scores, phase: playing
2026-06-15 11:34:21, tokens_remaining: 1513, call: scores, phase: playing
2026-06-15 11:34:22, tokens_remaining: 1512, call: scores, phase: playing
2026-06-15 11:34:23, tokens_remaining: 1512, call: scores, phase: playing
2026-06-15 11:34:24, tokens_remaining: 1511, call: scores, phase: playing
2026-06-15 11:34:25, tokens_remaining: 1511, call: scores, phase: playing
2026-06-15 11:34:26, tokens_remaining: 1510, call: scores, phase: playing
2026-06-15 11:34:26, tokens_remaining: 1510, call: scores, phase: playing
2026-06-15 11:34:28, tokens_remaining: 1509, call: scores, phase: playing
2026-06-15 11:34:29, tokens_remaining: 1508, call: events, phase: playing
2026-06-15 11:34:31, tokens_remaining: 1507, call: scores, phase: playing
2026-06-15 11:34:32, tokens_remaining: 1507, call: scores, phase: playing
2026-06-15 11:34:33, tokens_remaining: 1506, call: scores, phase: playing
2026-06-15 11:34:33, tokens_remaining: 1506, call: scores, phase: playing
2026-06-15 11:34:34, tokens_remaining: 1505, call: scores, phase: playing
2026-06-15 11:34:35, tokens_remaining: 1505, call: scores, phase: playing
2026-06-15 11:34:36, tokens_remaining: 1504, call: scores, phase: playing
2026-06-15 11:34:37, tokens_remaining: 1504, call: scores, phase: playing
2026-06-15 11:34:38, tokens_remaining: 1503, call: scores, phase: playing
2026-06-15 11:34:39, tokens_remaining: 1502, call: events, phase: playing
2026-06-15 11:34:40, tokens_remaining: 1501, call: scores, phase: playing
2026-06-15 11:34:41, tokens_remaining: 1500, call: scores, phase: playing
2026-06-15 11:34:42, tokens_remaining: 1500, call: scores, phase: playing
2026-06-15 11:34:43, tokens_remaining: 1499, call: scores, phase: playing
2026-06-15 11:34:44, tokens_remaining: 1499, call: scores, phase: playing
2026-06-15 11:34:45, tokens_remaining: 1498, call: scores, phase: playing
2026-06-15 11:34:46, tokens_remaining: 1498, call: scores, phase: playing
2026-06-15 11:34:47, tokens_remaining: 1497, call: scores, phase: playing
2026-06-15 11:34:48, tokens_remaining: 1497, call: scores, phase: playing
2026-06-15 11:34:49, tokens_remaining: 1496, call: events, phase: playing
2026-06-15 11:34:50, tokens_remaining: 1495, call: scores, phase: playing
2026-06-15 11:34:50, tokens_remaining: 1495, call: scores, phase: playing
2026-06-15 11:34:51, tokens_remaining: 1494, call: scores, phase: playing
2026-06-15 11:34:52, tokens_remaining: 1494, call: scores, phase: playing
2026-06-15 11:34:53, tokens_remaining: 1493, call: scores, phase: playing
2026-06-15 11:34:54, tokens_remaining: 1493, call: scores, phase: playing
2026-06-15 11:34:55, tokens_remaining: 1492, call: scores, phase: playing
2026-06-15 11:34:56, tokens_remaining: 1492, call: scores, phase: playing
2026-06-15 11:34:58, tokens_remaining: 1491, call: scores, phase: playing
2026-06-15 11:34:59, tokens_remaining: 1490, call: events, phase: playing
2026-06-15 11:35:00, tokens_remaining: 1489, call: scores, phase: playing
2026-06-15 11:35:01, tokens_remaining: 1489, call: scores, phase: playing
2026-06-15 11:35:02, tokens_remaining: 1488, call: scores, phase: playing
2026-06-15 11:35:02, tokens_remaining: 1488, call: scores, phase: playing
2026-06-15 11:35:04, tokens_remaining: 1487, call: scores, phase: playing
2026-06-15 11:35:05, tokens_remaining: 1486, call: scores, phase: playing
2026-06-15 11:35:06, tokens_remaining: 1486, call: scores, phase: playing
2026-06-15 11:35:07, tokens_remaining: 1485, call: scores, phase: playing
2026-06-15 11:35:08, tokens_remaining: 1485, call: scores, phase: playing
2026-06-15 11:35:09, tokens_remaining: 1484, call: events, phase: playing
2026-06-15 11:35:10, tokens_remaining: 1483, call: scores, phase: playing
2026-06-15 11:35:10, tokens_remaining: 1483, call: scores, phase: playing
2026-06-15 11:35:11, tokens_remaining: 1482, call: scores, phase: playing
2026-06-15 11:35:12, tokens_remaining: 1482, call: scores, phase: playing
2026-06-15 11:35:13, tokens_remaining: 1481, call: scores, phase: playing
2026-06-15 11:35:14, tokens_remaining: 1481, call: scores, phase: playing
2026-06-15 11:35:15, tokens_remaining: 1480, call: scores, phase: playing
2026-06-15 11:35:16, tokens_remaining: 1480, call: scores, phase: playing
2026-06-15 11:35:17, tokens_remaining: 1479, call: scores, phase: playing
2026-06-15 11:35:18, tokens_remaining: 1478, call: events, phase: playing
2026-06-15 11:35:19, tokens_remaining: 1477, call: scores, phase: playing
2026-06-15 11:35:20, tokens_remaining: 1477, call: scores, phase: playing
2026-06-15 11:35:21, tokens_remaining: 1476, call: scores, phase: playing
2026-06-15 11:35:23, tokens_remaining: 1475, call: scores, phase: playing
2026-06-15 11:35:24, tokens_remaining: 1475, call: scores, phase: playing
2026-06-15 11:35:25, tokens_remaining: 1474, call: scores, phase: playing
2026-06-15 11:35:26, tokens_remaining: 1474, call: scores, phase: playing
2026-06-15 11:35:27, tokens_remaining: 1473, call: scores, phase: playing
2026-06-15 11:35:28, tokens_remaining: 1473, call: scores, phase: playing
2026-06-15 11:35:29, tokens_remaining: 1472, call: events, phase: playing
2026-06-15 11:35:30, tokens_remaining: 1471, call: scores, phase: playing
2026-06-15 11:35:31, tokens_remaining: 1471, call: scores, phase: playing
2026-06-15 11:35:32, tokens_remaining: 1470, call: scores, phase: playing
2026-06-15 11:35:33, tokens_remaining: 1470, call: scores, phase: playing
2026-06-15 11:35:34, tokens_remaining: 1469, call: scores, phase: playing
2026-06-15 11:35:35, tokens_remaining: 1469, call: scores, phase: playing
2026-06-15 11:35:36, tokens_remaining: 1468, call: scores, phase: playing
2026-06-15 11:35:36, tokens_remaining: 1468, call: scores, phase: playing
2026-06-15 11:35:37, tokens_remaining: 1467, call: scores, phase: playing
2026-06-15 11:35:38, tokens_remaining: 1466, call: events, phase: playing
2026-06-15 11:35:40, tokens_remaining: 1465, call: scores, phase: playing
2026-06-15 11:35:40, tokens_remaining: 1465, call: scores, phase: playing
2026-06-15 11:35:41, tokens_remaining: 1464, call: scores, phase: playing
2026-06-15 11:35:42, tokens_remaining: 1464, call: scores, phase: playing
2026-06-15 11:35:43, tokens_remaining: 1463, call: scores, phase: playing
2026-06-15 11:35:44, tokens_remaining: 1463, call: scores, phase: playing
2026-06-15 11:35:45, tokens_remaining: 1462, call: scores, phase: playing
2026-06-15 11:35:46, tokens_remaining: 1462, call: scores, phase: playing
2026-06-15 11:35:47, tokens_remaining: 1461, call: scores, phase: playing
2026-06-15 11:35:49, tokens_remaining: 1460, call: events, phase: playing
2026-06-15 11:35:50, tokens_remaining: 1459, call: scores, phase: playing
2026-06-15 11:35:50, tokens_remaining: 1459, call: scores, phase: playing
2026-06-15 11:35:51, tokens_remaining: 1458, call: scores, phase: playing
2026-06-15 11:35:52, tokens_remaining: 1458, call: scores, phase: playing
2026-06-15 11:35:53, tokens_remaining: 1457, call: scores, phase: playing
2026-06-15 11:35:54, tokens_remaining: 1457, call: scores, phase: playing
2026-06-15 11:35:55, tokens_remaining: 1456, call: scores, phase: playing
2026-06-15 11:35:56, tokens_remaining: 1456, call: scores, phase: playing
2026-06-15 11:35:57, tokens_remaining: 1455, call: scores, phase: playing
2026-06-15 11:35:57, tokens_remaining: 1454, call: events, phase: playing
2026-06-15 11:35:58, tokens_remaining: 1453, call: scores, phase: playing
2026-06-15 11:35:59, tokens_remaining: 1453, call: scores, phase: playing
2026-06-15 11:36:00, tokens_remaining: 1452, call: scores, phase: playing
2026-06-15 11:36:01, tokens_remaining: 1452, call: scores, phase: playing
2026-06-15 11:36:02, tokens_remaining: 1451, call: scores, phase: playing
2026-06-15 11:36:03, tokens_remaining: 1451, call: scores, phase: playing
2026-06-15 11:36:04, tokens_remaining: 1450, call: scores, phase: playing
2026-06-15 11:36:05, tokens_remaining: 1450, call: scores, phase: playing
2026-06-15 11:36:07, tokens_remaining: 1449, call: scores, phase: playing
2026-06-15 11:36:08, tokens_remaining: 1448, call: events, phase: playing
2026-06-15 11:36:09, tokens_remaining: 1447, call: scores, phase: playing
2026-06-15 11:36:09, tokens_remaining: 1447, call: scores, phase: playing
2026-06-15 11:36:10, tokens_remaining: 1446, call: scores, phase: playing
2026-06-15 11:36:11, tokens_remaining: 1446, call: scores, phase: playing
2026-06-15 11:36:12, tokens_remaining: 1445, call: scores, phase: playing
2026-06-15 11:36:13, tokens_remaining: 1445, call: scores, phase: playing
2026-06-15 11:36:14, tokens_remaining: 1444, call: scores, phase: playing
2026-06-15 11:36:14, tokens_remaining: 1444, call: scores, phase: playing
2026-06-15 11:36:16, tokens_remaining: 1443, call: scores, phase: playing
2026-06-15 11:36:17, tokens_remaining: 1442, call: events, phase: playing
2026-06-15 11:36:18, tokens_remaining: 1441, call: scores, phase: playing
2026-06-15 11:36:18, tokens_remaining: 1441, call: scores, phase: playing
2026-06-15 11:36:19, tokens_remaining: 1440, call: scores, phase: playing
2026-06-15 11:36:20, tokens_remaining: 1440, call: scores, phase: playing
2026-06-15 11:36:21, tokens_remaining: 1439, call: scores, phase: playing
2026-06-15 11:36:22, tokens_remaining: 1439, call: scores, phase: playing
2026-06-15 11:36:23, tokens_remaining: 1438, call: scores, phase: playing
2026-06-15 11:36:23, tokens_remaining: 1438, call: scores, phase: playing
2026-06-15 11:36:24, tokens_remaining: 1437, call: scores, phase: playing
2026-06-15 11:36:25, tokens_remaining: 1436, call: events, phase: playing
2026-06-15 11:36:26, tokens_remaining: 1435, call: scores, phase: playing
2026-06-15 11:36:27, tokens_remaining: 1435, call: scores, phase: playing
2026-06-15 11:36:28, tokens_remaining: 1434, call: scores, phase: playing
2026-06-15 11:36:29, tokens_remaining: 1434, call: scores, phase: playing
2026-06-15 11:36:30, tokens_remaining: 1433, call: scores, phase: playing
2026-06-15 11:36:30, tokens_remaining: 1433, call: scores, phase: playing
2026-06-15 11:36:31, tokens_remaining: 1432, call: scores, phase: playing
2026-06-15 11:36:32, tokens_remaining: 1432, call: scores, phase: playing
2026-06-15 11:36:33, tokens_remaining: 1431, call: scores, phase: playing
2026-06-15 11:36:35, tokens_remaining: 1430, call: events, phase: playing
2026-06-15 11:36:36, tokens_remaining: 1429, call: scores, phase: playing
2026-06-15 11:36:38, tokens_remaining: 1429, call: scores, phase: playing
2026-06-15 11:36:39, tokens_remaining: 1428, call: scores, phase: playing
2026-06-15 11:36:40, tokens_remaining: 1428, call: scores, phase: playing
2026-06-15 11:36:41, tokens_remaining: 1427, call: scores, phase: playing
2026-06-15 11:36:41, tokens_remaining: 1427, call: scores, phase: playing
2026-06-15 11:36:42, tokens_remaining: 1426, call: scores, phase: playing
2026-06-15 11:36:43, tokens_remaining: 1426, call: scores, phase: playing
2026-06-15 11:36:44, tokens_remaining: 1425, call: scores, phase: playing
2026-06-15 11:36:45, tokens_remaining: 1424, call: events, phase: playing
2026-06-15 11:36:46, tokens_remaining: 1423, call: scores, phase: playing
2026-06-15 11:36:47, tokens_remaining: 1423, call: scores, phase: playing
2026-06-15 11:36:48, tokens_remaining: 1422, call: scores, phase: playing
2026-06-15 11:36:48, tokens_remaining: 1422, call: scores, phase: playing
2026-06-15 11:36:49, tokens_remaining: 1421, call: scores, phase: playing
2026-06-15 11:36:50, tokens_remaining: 1421, call: scores, phase: playing
2026-06-15 11:36:51, tokens_remaining: 1420, call: scores, phase: playing
2026-06-15 11:36:52, tokens_remaining: 1420, call: scores, phase: playing
