2026-06-14 19:36:29, tokens_remaining: 1195, call: events, phase: idle
2026-06-14 19:36:29, EVENT: SUBSTITUTION 56' Nilson Angulo [Côte d'Ivoire vs Ecuador]
2026-06-14 19:36:29, EVENT: SUBSTITUTION 56' Ange-Yoan Bonny [Côte d'Ivoire vs Ecuador]
2026-06-14 19:36:29, EVENT: SUBSTITUTION 56' Amad Diallo [Côte d'Ivoire vs Ecuador]
2026-06-14 19:36:29, EVENT: SUBSTITUTION 62' Jackson Porozo [Côte d'Ivoire vs Ecuador]
2026-06-14 19:36:29, EVENT: SUBSTITUTION 62' Angelo Preciado [Côte d'Ivoire vs Ecuador]
2026-06-14 19:36:29, EVENT: YELLOW_CARD 28' Seko Fofana [Côte d'Ivoire vs Ecuador]
2026-06-14 19:36:29, EVENT: YELLOW_CARD 39' Franck Kessié [Côte d'Ivoire vs Ecuador]
2026-06-14 19:36:29, EVENT: YELLOW_CARD 40' Guela Doué [Côte d'Ivoire vs Ecuador]
2026-06-14 19:36:29, STATE_CHANGE: Côte d'Ivoire vs Ecuador [— -> 2H]
2026-06-14 19:36:30, tokens_remaining: 1194, call: scores, phase: playing
2026-06-14 19:36:31, tokens_remaining: 1194, call: scores, phase: playing
2026-06-14 19:36:31, tokens_remaining: 1194, call: scores, phase: playing
2026-06-14 19:36:32, tokens_remaining: 1193, call: scores, phase: playing
2026-06-14 19:36:32, tokens_remaining: 1193, call: scores, phase: playing
2026-06-14 19:36:33, tokens_remaining: 1193, call: scores, phase: playing
2026-06-14 19:36:34, tokens_remaining: 1192, call: scores, phase: playing
2026-06-14 19:36:34, tokens_remaining: 1192, call: scores, phase: playing
2026-06-14 19:36:35, tokens_remaining: 1191, call: events, phase: playing
2026-06-14 19:36:36, tokens_remaining: 1190, call: scores, phase: playing
2026-06-14 19:36:36, tokens_remaining: 1190, call: scores, phase: playing
2026-06-14 19:36:36, tokens_remaining: 1190, call: scores, phase: playing
2026-06-14 19:36:37, tokens_remaining: 1189, call: scores, phase: playing
2026-06-14 19:36:38, tokens_remaining: 1189, call: scores, phase: playing
2026-06-14 19:36:38, tokens_remaining: 1189, call: scores, phase: playing
2026-06-14 19:36:39, tokens_remaining: 1188, call: scores, phase: playing
2026-06-14 19:36:39, tokens_remaining: 1188, call: scores, phase: playing
2026-06-14 19:36:40, tokens_remaining: 1188, call: scores, phase: playing
2026-06-14 19:36:41, tokens_remaining: 1187, call: events, phase: playing
2026-06-14 19:36:41, tokens_remaining: 1186, call: scores, phase: playing
2026-06-14 19:36:42, tokens_remaining: 1186, call: scores, phase: playing
2026-06-14 19:36:42, tokens_remaining: 1186, call: scores, phase: playing
2026-06-14 19:36:43, tokens_remaining: 1185, call: scores, phase: playing
2026-06-14 19:36:43, tokens_remaining: 1185, call: scores, phase: playing
2026-06-14 19:36:44, tokens_remaining: 1185, call: scores, phase: playing
2026-06-14 19:36:45, tokens_remaining: 1184, call: scores, phase: playing
2026-06-14 19:36:45, tokens_remaining: 1184, call: scores, phase: playing
2026-06-14 19:36:46, tokens_remaining: 1184, call: scores, phase: playing
2026-06-14 19:36:46, tokens_remaining: 1183, call: events, phase: playing
2026-06-14 19:36:47, tokens_remaining: 1182, call: scores, phase: playing
2026-06-14 19:36:47, tokens_remaining: 1182, call: scores, phase: playing
2026-06-14 19:36:48, tokens_remaining: 1182, call: scores, phase: playing
2026-06-14 19:36:49, tokens_remaining: 1181, call: scores, phase: playing
2026-06-14 19:36:49, tokens_remaining: 1181, call: scores, phase: playing
2026-06-14 19:36:50, tokens_remaining: 1181, call: scores, phase: playing
2026-06-14 19:36:50, tokens_remaining: 1180, call: scores, phase: playing
2026-06-14 19:36:51, tokens_remaining: 1180, call: scores, phase: playing
2026-06-14 19:36:51, tokens_remaining: 1180, call: scores, phase: playing
2026-06-14 19:36:52, tokens_remaining: 1179, call: events, phase: playing
2026-06-14 19:36:53, tokens_remaining: 1178, call: scores, phase: playing
2026-06-14 19:36:53, tokens_remaining: 1178, call: scores, phase: playing
2026-06-14 19:36:54, tokens_remaining: 1178, call: scores, phase: playing
2026-06-14 19:36:54, tokens_remaining: 1177, call: scores, phase: playing
2026-06-14 19:36:55, tokens_remaining: 1177, call: scores, phase: playing
2026-06-14 19:36:55, tokens_remaining: 1177, call: scores, phase: playing
2026-06-14 19:36:56, tokens_remaining: 1176, call: scores, phase: playing
2026-06-14 19:36:56, tokens_remaining: 1176, call: scores, phase: playing
2026-06-14 19:36:57, tokens_remaining: 1176, call: scores, phase: playing
2026-06-14 19:36:58, tokens_remaining: 1175, call: events, phase: playing
2026-06-14 19:36:58, tokens_remaining: 1174, call: scores, phase: playing
2026-06-14 19:36:59, tokens_remaining: 1174, call: scores, phase: playing
2026-06-14 19:36:59, tokens_remaining: 1174, call: scores, phase: playing
2026-06-14 19:37:00, tokens_remaining: 1173, call: scores, phase: playing
2026-06-14 19:37:00, tokens_remaining: 1173, call: scores, phase: playing
2026-06-14 19:37:01, tokens_remaining: 1173, call: scores, phase: playing
2026-06-14 19:37:02, tokens_remaining: 1172, call: scores, phase: playing
2026-06-14 19:37:02, tokens_remaining: 1172, call: scores, phase: playing
2026-06-14 19:37:02, tokens_remaining: 1172, call: scores, phase: playing
2026-06-14 19:37:03, tokens_remaining: 1171, call: events, phase: playing
2026-06-14 19:37:04, tokens_remaining: 1170, call: scores, phase: playing
2026-06-14 19:37:04, tokens_remaining: 1170, call: scores, phase: playing
2026-06-14 19:37:05, tokens_remaining: 1170, call: scores, phase: playing
2026-06-14 19:37:06, tokens_remaining: 1169, call: scores, phase: playing
2026-06-14 19:37:06, tokens_remaining: 1169, call: scores, phase: playing
2026-06-14 19:37:06, tokens_remaining: 1169, call: scores, phase: playing
2026-06-14 19:37:07, tokens_remaining: 1168, call: scores, phase: playing
2026-06-14 19:37:08, tokens_remaining: 1168, call: scores, phase: playing
2026-06-14 19:37:08, tokens_remaining: 1168, call: scores, phase: playing
2026-06-14 19:37:09, tokens_remaining: 1167, call: events, phase: playing
2026-06-14 19:37:09, tokens_remaining: 1166, call: scores, phase: playing
2026-06-14 19:37:10, tokens_remaining: 1166, call: scores, phase: playing
2026-06-14 19:37:10, tokens_remaining: 1166, call: scores, phase: playing
2026-06-14 19:37:11, tokens_remaining: 1165, call: scores, phase: playing
2026-06-14 19:37:12, tokens_remaining: 1165, call: scores, phase: playing
2026-06-14 19:37:12, tokens_remaining: 1165, call: scores, phase: playing
2026-06-14 19:37:13, tokens_remaining: 1164, call: scores, phase: playing
2026-06-14 19:37:13, tokens_remaining: 1164, call: scores, phase: playing
2026-06-14 19:37:14, tokens_remaining: 1164, call: scores, phase: playing
2026-06-14 19:37:14, tokens_remaining: 1163, call: events, phase: playing
2026-06-14 19:37:15, tokens_remaining: 1162, call: scores, phase: playing
2026-06-14 19:37:16, tokens_remaining: 1162, call: scores, phase: playing
2026-06-14 19:37:16, tokens_remaining: 1162, call: scores, phase: playing
2026-06-14 19:37:17, tokens_remaining: 1161, call: scores, phase: playing
2026-06-14 19:37:17, tokens_remaining: 1161, call: scores, phase: playing
2026-06-14 19:37:18, tokens_remaining: 1161, call: scores, phase: playing
2026-06-14 19:37:18, tokens_remaining: 1160, call: scores, phase: playing
2026-06-14 19:37:19, tokens_remaining: 1160, call: scores, phase: playing
2026-06-14 19:37:19, tokens_remaining: 1160, call: scores, phase: playing
2026-06-14 19:37:20, tokens_remaining: 1159, call: events, phase: playing
2026-06-14 19:37:21, tokens_remaining: 1158, call: scores, phase: playing
2026-06-14 19:37:21, tokens_remaining: 1158, call: scores, phase: playing
2026-06-14 19:37:22, tokens_remaining: 1158, call: scores, phase: playing
2026-06-14 19:37:22, tokens_remaining: 1157, call: scores, phase: playing
2026-06-14 19:37:23, tokens_remaining: 1157, call: scores, phase: playing
2026-06-14 19:37:23, tokens_remaining: 1157, call: scores, phase: playing
2026-06-14 19:37:24, tokens_remaining: 1156, call: scores, phase: playing
2026-06-14 19:37:24, tokens_remaining: 1156, call: scores, phase: playing
2026-06-14 19:37:25, tokens_remaining: 1156, call: scores, phase: playing
2026-06-14 19:37:25, tokens_remaining: 1155, call: events, phase: playing
2026-06-14 19:37:26, tokens_remaining: 1154, call: scores, phase: playing
2026-06-14 19:37:27, tokens_remaining: 1154, call: scores, phase: playing
2026-06-14 19:37:27, tokens_remaining: 1154, call: scores, phase: playing
2026-06-14 19:37:28, tokens_remaining: 1153, call: scores, phase: playing
2026-06-14 19:37:28, tokens_remaining: 1153, call: scores, phase: playing
2026-06-14 19:37:29, tokens_remaining: 1153, call: scores, phase: playing
2026-06-14 19:37:29, tokens_remaining: 1152, call: scores, phase: playing
2026-06-14 19:37:30, tokens_remaining: 1152, call: scores, phase: playing
2026-06-14 19:37:30, tokens_remaining: 1152, call: scores, phase: playing
2026-06-14 19:37:31, tokens_remaining: 1151, call: events, phase: playing
2026-06-14 19:37:32, tokens_remaining: 1150, call: scores, phase: playing
2026-06-14 19:37:32, tokens_remaining: 1150, call: scores, phase: playing
2026-06-14 19:37:32, tokens_remaining: 1150, call: scores, phase: playing
2026-06-14 19:37:33, tokens_remaining: 1149, call: scores, phase: playing
2026-06-14 19:37:34, tokens_remaining: 1149, call: scores, phase: playing
2026-06-14 19:37:34, tokens_remaining: 1149, call: scores, phase: playing
2026-06-14 19:37:35, tokens_remaining: 1148, call: scores, phase: playing
2026-06-14 19:37:35, tokens_remaining: 1148, call: scores, phase: playing
2026-06-14 19:37:36, tokens_remaining: 1148, call: scores, phase: playing
2026-06-14 19:37:36, tokens_remaining: 1147, call: events, phase: playing
2026-06-14 19:37:37, tokens_remaining: 1146, call: scores, phase: playing
2026-06-14 19:37:37, tokens_remaining: 1146, call: scores, phase: playing
2026-06-14 19:37:38, tokens_remaining: 1146, call: scores, phase: playing
2026-06-14 19:37:39, tokens_remaining: 1145, call: scores, phase: playing
2026-06-14 19:37:39, tokens_remaining: 1145, call: scores, phase: playing
2026-06-14 19:37:39, tokens_remaining: 1145, call: scores, phase: playing
2026-06-14 19:37:40, tokens_remaining: 1144, call: scores, phase: playing
2026-06-14 19:37:41, tokens_remaining: 1144, call: scores, phase: playing
2026-06-14 19:37:41, tokens_remaining: 1144, call: scores, phase: playing
2026-06-14 19:37:42, tokens_remaining: 1143, call: events, phase: playing
2026-06-14 19:37:42, tokens_remaining: 1142, call: scores, phase: playing
2026-06-14 19:37:43, tokens_remaining: 1142, call: scores, phase: playing
2026-06-14 19:37:43, tokens_remaining: 1142, call: scores, phase: playing
2026-06-14 19:37:44, tokens_remaining: 1141, call: scores, phase: playing
2026-06-14 19:37:44, tokens_remaining: 1141, call: scores, phase: playing
2026-06-14 19:37:45, tokens_remaining: 1141, call: scores, phase: playing
2026-06-14 19:37:45, tokens_remaining: 1140, call: scores, phase: playing
2026-06-14 19:37:46, tokens_remaining: 1140, call: scores, phase: playing
2026-06-14 19:37:46, tokens_remaining: 1140, call: scores, phase: playing
2026-06-14 19:37:47, tokens_remaining: 1139, call: events, phase: playing
2026-06-14 19:37:48, tokens_remaining: 1138, call: scores, phase: playing
2026-06-14 19:37:48, tokens_remaining: 1138, call: scores, phase: playing
2026-06-14 19:37:48, tokens_remaining: 1138, call: scores, phase: playing
2026-06-14 19:37:49, tokens_remaining: 1137, call: scores, phase: playing
2026-06-14 19:37:50, tokens_remaining: 1137, call: scores, phase: playing
2026-06-14 19:37:50, tokens_remaining: 1137, call: scores, phase: playing
2026-06-14 19:37:51, tokens_remaining: 1136, call: scores, phase: playing
2026-06-14 19:37:51, tokens_remaining: 1136, call: scores, phase: playing
2026-06-14 19:37:52, tokens_remaining: 1136, call: scores, phase: playing
2026-06-14 19:37:52, tokens_remaining: 1135, call: events, phase: playing
2026-06-14 19:37:53, tokens_remaining: 1134, call: scores, phase: playing
2026-06-14 19:37:53, tokens_remaining: 1134, call: scores, phase: playing
2026-06-14 19:37:54, tokens_remaining: 1134, call: scores, phase: playing
2026-06-14 19:37:55, tokens_remaining: 1133, call: scores, phase: playing
2026-06-14 19:37:55, tokens_remaining: 1133, call: scores, phase: playing
2026-06-14 19:37:55, tokens_remaining: 1133, call: scores, phase: playing
2026-06-14 19:37:56, tokens_remaining: 1132, call: scores, phase: playing
2026-06-14 19:37:56, tokens_remaining: 1132, call: scores, phase: playing
2026-06-14 19:37:57, tokens_remaining: 1132, call: scores, phase: playing
2026-06-14 19:37:58, tokens_remaining: 1131, call: events, phase: playing
2026-06-14 19:37:58, tokens_remaining: 1130, call: scores, phase: playing
2026-06-14 19:37:59, tokens_remaining: 1130, call: scores, phase: playing
2026-06-14 19:37:59, tokens_remaining: 1130, call: scores, phase: playing
2026-06-14 19:38:00, tokens_remaining: 1129, call: scores, phase: playing
2026-06-14 19:38:00, tokens_remaining: 1129, call: scores, phase: playing
2026-06-14 19:38:01, tokens_remaining: 1129, call: scores, phase: playing
2026-06-14 19:38:01, tokens_remaining: 1128, call: scores, phase: playing
2026-06-14 19:38:02, tokens_remaining: 1128, call: scores, phase: playing
2026-06-14 19:38:02, tokens_remaining: 1128, call: scores, phase: playing
2026-06-14 19:38:03, tokens_remaining: 1127, call: events, phase: playing
2026-06-14 19:38:03, tokens_remaining: 1126, call: scores, phase: playing
2026-06-14 19:38:04, tokens_remaining: 1126, call: scores, phase: playing
2026-06-14 19:38:04, tokens_remaining: 1126, call: scores, phase: playing
2026-06-14 19:38:05, tokens_remaining: 1125, call: scores, phase: playing
2026-06-14 19:38:05, tokens_remaining: 1125, call: scores, phase: playing
2026-06-14 19:38:06, tokens_remaining: 1125, call: scores, phase: playing
2026-06-14 19:38:06, tokens_remaining: 1124, call: scores, phase: playing
2026-06-14 19:38:07, tokens_remaining: 1124, call: scores, phase: playing
2026-06-14 19:38:07, tokens_remaining: 1124, call: scores, phase: playing
2026-06-14 19:38:08, tokens_remaining: 1123, call: events, phase: playing
2026-06-14 19:38:09, tokens_remaining: 1122, call: scores, phase: playing
2026-06-14 19:38:09, tokens_remaining: 1122, call: scores, phase: playing
2026-06-14 19:38:09, tokens_remaining: 1122, call: scores, phase: playing
2026-06-14 19:38:10, tokens_remaining: 1121, call: scores, phase: playing
2026-06-14 19:38:11, tokens_remaining: 1121, call: scores, phase: playing
2026-06-14 19:38:11, tokens_remaining: 1121, call: scores, phase: playing
2026-06-14 19:38:12, tokens_remaining: 1120, call: scores, phase: playing
2026-06-14 19:38:12, tokens_remaining: 1120, call: scores, phase: playing
2026-06-14 19:38:13, tokens_remaining: 1119, call: scores, phase: playing
2026-06-14 19:38:14, tokens_remaining: 1118, call: events, phase: playing
2026-06-14 19:38:14, tokens_remaining: 1117, call: scores, phase: playing
2026-06-14 19:38:15, tokens_remaining: 1117, call: scores, phase: playing
2026-06-14 19:38:15, tokens_remaining: 1117, call: scores, phase: playing
2026-06-14 19:38:16, tokens_remaining: 1116, call: scores, phase: playing
2026-06-14 19:38:16, tokens_remaining: 1116, call: scores, phase: playing
2026-06-14 19:38:17, tokens_remaining: 1116, call: scores, phase: playing
2026-06-14 19:38:17, tokens_remaining: 1115, call: scores, phase: playing
2026-06-14 19:38:18, tokens_remaining: 1115, call: scores, phase: playing
2026-06-14 19:38:18, tokens_remaining: 1115, call: scores, phase: playing
2026-06-14 19:38:19, tokens_remaining: 1114, call: events, phase: playing
2026-06-14 19:38:19, tokens_remaining: 1113, call: scores, phase: playing
2026-06-14 19:38:20, tokens_remaining: 1113, call: scores, phase: playing
2026-06-14 19:38:20, tokens_remaining: 1113, call: scores, phase: playing
2026-06-14 19:38:21, tokens_remaining: 1112, call: scores, phase: playing
2026-06-14 19:38:21, tokens_remaining: 1112, call: scores, phase: playing
2026-06-14 19:38:22, tokens_remaining: 1112, call: scores, phase: playing
2026-06-14 19:38:22, tokens_remaining: 1111, call: scores, phase: playing
2026-06-14 19:38:23, tokens_remaining: 1111, call: scores, phase: playing
2026-06-14 19:38:23, tokens_remaining: 1111, call: scores, phase: playing
2026-06-14 19:38:24, tokens_remaining: 1110, call: events, phase: playing
2026-06-14 19:38:25, tokens_remaining: 1109, call: scores, phase: playing
2026-06-14 19:38:25, tokens_remaining: 1109, call: scores, phase: playing
2026-06-14 19:38:25, tokens_remaining: 1109, call: scores, phase: playing
2026-06-14 19:38:26, tokens_remaining: 1108, call: scores, phase: playing
2026-06-14 19:38:26, tokens_remaining: 1108, call: scores, phase: playing
2026-06-14 19:38:27, tokens_remaining: 1108, call: scores, phase: playing
2026-06-14 19:38:28, tokens_remaining: 1107, call: scores, phase: playing
2026-06-14 19:38:28, tokens_remaining: 1107, call: scores, phase: playing
2026-06-14 19:38:28, tokens_remaining: 1107, call: scores, phase: playing
2026-06-14 19:38:29, tokens_remaining: 1106, call: events, phase: playing
2026-06-14 19:38:30, tokens_remaining: 1105, call: scores, phase: playing
2026-06-14 19:38:30, tokens_remaining: 1105, call: scores, phase: playing
2026-06-14 19:38:31, tokens_remaining: 1105, call: scores, phase: playing
2026-06-14 19:38:31, tokens_remaining: 1104, call: scores, phase: playing
2026-06-14 19:38:32, tokens_remaining: 1104, call: scores, phase: playing
2026-06-14 19:38:32, tokens_remaining: 1104, call: scores, phase: playing
2026-06-14 19:38:33, tokens_remaining: 1103, call: scores, phase: playing
2026-06-14 19:38:33, tokens_remaining: 1103, call: scores, phase: playing
2026-06-14 19:38:33, tokens_remaining: 1103, call: scores, phase: playing
2026-06-14 19:38:34, tokens_remaining: 1102, call: events, phase: playing
2026-06-14 19:38:35, tokens_remaining: 1101, call: scores, phase: playing
2026-06-14 19:38:35, tokens_remaining: 1101, call: scores, phase: playing
2026-06-14 19:38:36, tokens_remaining: 1101, call: scores, phase: playing
2026-06-14 19:38:36, tokens_remaining: 1100, call: scores, phase: playing
2026-06-14 19:38:37, tokens_remaining: 1100, call: scores, phase: playing
2026-06-14 19:38:37, tokens_remaining: 1100, call: scores, phase: playing
2026-06-14 19:38:38, tokens_remaining: 1099, call: scores, phase: playing
2026-06-14 19:38:38, tokens_remaining: 1099, call: scores, phase: playing
2026-06-14 19:38:38, tokens_remaining: 1099, call: scores, phase: playing
2026-06-14 19:38:39, tokens_remaining: 1098, call: events, phase: playing
2026-06-14 19:38:40, tokens_remaining: 1097, call: scores, phase: playing
2026-06-14 19:38:40, tokens_remaining: 1097, call: scores, phase: playing
2026-06-14 19:38:40, tokens_remaining: 1097, call: scores, phase: playing
2026-06-14 19:38:41, tokens_remaining: 1096, call: scores, phase: playing
2026-06-14 19:38:42, tokens_remaining: 1096, call: scores, phase: playing
2026-06-14 19:38:42, tokens_remaining: 1096, call: scores, phase: playing
2026-06-14 19:38:43, tokens_remaining: 1095, call: scores, phase: playing
2026-06-14 19:38:43, tokens_remaining: 1095, call: scores, phase: playing
2026-06-14 19:38:43, tokens_remaining: 1095, call: scores, phase: playing
2026-06-14 19:38:44, tokens_remaining: 1094, call: events, phase: playing
2026-06-14 19:38:45, tokens_remaining: 1093, call: scores, phase: playing
2026-06-14 19:38:45, tokens_remaining: 1093, call: scores, phase: playing
2026-06-14 19:38:45, tokens_remaining: 1093, call: scores, phase: playing
2026-06-14 19:38:46, tokens_remaining: 1092, call: scores, phase: playing
2026-06-14 19:38:46, tokens_remaining: 1092, call: scores, phase: playing
2026-06-14 19:38:47, tokens_remaining: 1092, call: scores, phase: playing
2026-06-14 19:38:47, tokens_remaining: 1091, call: scores, phase: playing
2026-06-14 19:38:48, tokens_remaining: 1091, call: scores, phase: playing
2026-06-14 19:38:48, tokens_remaining: 1091, call: scores, phase: playing
2026-06-14 19:38:49, tokens_remaining: 1090, call: events, phase: playing
2026-06-14 19:38:50, tokens_remaining: 1089, call: scores, phase: playing
2026-06-14 19:38:50, tokens_remaining: 1089, call: scores, phase: playing
2026-06-14 19:38:50, tokens_remaining: 1089, call: scores, phase: playing
2026-06-14 19:38:51, tokens_remaining: 1088, call: scores, phase: playing
2026-06-14 19:38:51, tokens_remaining: 1088, call: scores, phase: playing
2026-06-14 19:38:52, tokens_remaining: 1088, call: scores, phase: playing
2026-06-14 19:38:52, tokens_remaining: 1087, call: scores, phase: playing
2026-06-14 19:38:53, tokens_remaining: 1087, call: scores, phase: playing
2026-06-14 19:38:53, tokens_remaining: 1087, call: scores, phase: playing
2026-06-14 19:38:54, tokens_remaining: 1086, call: events, phase: playing
2026-06-14 19:38:54, tokens_remaining: 1085, call: scores, phase: playing
2026-06-14 19:38:55, tokens_remaining: 1085, call: scores, phase: playing
2026-06-14 19:38:55, tokens_remaining: 1085, call: scores, phase: playing
2026-06-14 19:38:56, tokens_remaining: 1084, call: scores, phase: playing
2026-06-14 19:38:56, tokens_remaining: 1084, call: scores, phase: playing
2026-06-14 19:38:56, tokens_remaining: 1084, call: scores, phase: playing
2026-06-14 19:38:57, tokens_remaining: 1083, call: scores, phase: playing
2026-06-14 19:38:57, tokens_remaining: 1083, call: scores, phase: playing
2026-06-14 19:38:58, tokens_remaining: 1083, call: scores, phase: playing
2026-06-14 19:38:59, tokens_remaining: 1082, call: events, phase: playing
2026-06-14 19:38:59, EVENT: YELLOW_CARD 73' Jackson Porozo [Côte d'Ivoire vs Ecuador]
2026-06-14 19:38:59, tokens_remaining: 1081, call: scores, phase: playing
2026-06-14 19:38:59, tokens_remaining: 1081, call: scores, phase: playing
2026-06-14 19:39:00, tokens_remaining: 1081, call: scores, phase: playing
2026-06-14 19:39:00, tokens_remaining: 1080, call: scores, phase: playing
2026-06-14 19:39:01, tokens_remaining: 1080, call: scores, phase: playing
2026-06-14 19:39:01, tokens_remaining: 1080, call: scores, phase: playing
2026-06-14 19:39:02, tokens_remaining: 1079, call: scores, phase: playing
2026-06-14 19:39:02, tokens_remaining: 1079, call: scores, phase: playing
2026-06-14 19:39:03, tokens_remaining: 1079, call: scores, phase: playing
2026-06-14 19:39:03, tokens_remaining: 1078, call: events, phase: playing
2026-06-14 19:39:04, tokens_remaining: 1077, call: scores, phase: playing
2026-06-14 19:39:04, tokens_remaining: 1077, call: scores, phase: playing
2026-06-14 19:39:05, tokens_remaining: 1077, call: scores, phase: playing
2026-06-14 19:39:05, tokens_remaining: 1076, call: scores, phase: playing
2026-06-14 19:39:06, tokens_remaining: 1076, call: scores, phase: playing
2026-06-14 19:39:06, tokens_remaining: 1076, call: scores, phase: playing
2026-06-14 19:39:07, tokens_remaining: 1075, call: scores, phase: playing
2026-06-14 19:39:07, tokens_remaining: 1075, call: scores, phase: playing
2026-06-14 19:39:07, tokens_remaining: 1075, call: scores, phase: playing
2026-06-14 19:39:08, tokens_remaining: 1074, call: events, phase: playing
2026-06-14 19:39:09, tokens_remaining: 1073, call: scores, phase: playing
2026-06-14 19:39:09, tokens_remaining: 1073, call: scores, phase: playing
2026-06-14 19:39:09, tokens_remaining: 1073, call: scores, phase: playing
2026-06-14 19:39:10, tokens_remaining: 1072, call: scores, phase: playing
2026-06-14 19:39:10, tokens_remaining: 1072, call: scores, phase: playing
2026-06-14 19:39:11, tokens_remaining: 1072, call: scores, phase: playing
2026-06-14 19:39:11, tokens_remaining: 1071, call: scores, phase: playing
2026-06-14 19:39:12, tokens_remaining: 1071, call: scores, phase: playing
2026-06-14 19:39:12, tokens_remaining: 1071, call: scores, phase: playing
2026-06-14 19:39:13, tokens_remaining: 1070, call: events, phase: playing
2026-06-14 19:39:13, tokens_remaining: 1069, call: scores, phase: playing
2026-06-14 19:39:14, tokens_remaining: 1069, call: scores, phase: playing
2026-06-14 19:39:14, tokens_remaining: 1069, call: scores, phase: playing
2026-06-14 19:39:15, tokens_remaining: 1068, call: scores, phase: playing
2026-06-14 19:39:15, tokens_remaining: 1068, call: scores, phase: playing
2026-06-14 19:39:15, tokens_remaining: 1068, call: scores, phase: playing
2026-06-14 19:39:16, tokens_remaining: 1067, call: scores, phase: playing
2026-06-14 19:39:16, tokens_remaining: 1067, call: scores, phase: playing
2026-06-14 19:39:17, tokens_remaining: 1067, call: scores, phase: playing
2026-06-14 19:39:17, tokens_remaining: 1066, call: events, phase: playing
2026-06-14 19:39:18, tokens_remaining: 1065, call: scores, phase: playing
2026-06-14 19:39:18, tokens_remaining: 1065, call: scores, phase: playing
2026-06-14 19:39:19, tokens_remaining: 1065, call: scores, phase: playing
2026-06-14 19:39:19, tokens_remaining: 1064, call: scores, phase: playing
2026-06-14 19:39:20, tokens_remaining: 1064, call: scores, phase: playing
2026-06-14 19:39:20, tokens_remaining: 1064, call: scores, phase: playing
2026-06-14 19:39:21, tokens_remaining: 1063, call: scores, phase: playing
2026-06-14 19:39:21, tokens_remaining: 1063, call: scores, phase: playing
2026-06-14 19:39:21, tokens_remaining: 1063, call: scores, phase: playing
2026-06-14 19:39:22, tokens_remaining: 1062, call: events, phase: playing
2026-06-14 19:39:23, tokens_remaining: 1061, call: scores, phase: playing
2026-06-14 19:39:23, tokens_remaining: 1061, call: scores, phase: playing
2026-06-14 19:39:23, tokens_remaining: 1061, call: scores, phase: playing
2026-06-14 19:39:24, tokens_remaining: 1060, call: scores, phase: playing
2026-06-14 19:39:24, tokens_remaining: 1060, call: scores, phase: playing
2026-06-14 19:39:25, tokens_remaining: 1060, call: scores, phase: playing
2026-06-14 19:39:25, tokens_remaining: 1059, call: scores, phase: playing
2026-06-14 19:39:26, tokens_remaining: 1059, call: scores, phase: playing
2026-06-14 19:39:26, tokens_remaining: 1059, call: scores, phase: playing
2026-06-14 19:39:27, tokens_remaining: 1058, call: events, phase: playing
2026-06-14 19:39:27, tokens_remaining: 1057, call: scores, phase: playing
2026-06-14 19:39:28, tokens_remaining: 1057, call: scores, phase: playing
2026-06-14 19:39:28, tokens_remaining: 1057, call: scores, phase: playing
2026-06-14 19:39:29, tokens_remaining: 1056, call: scores, phase: playing
2026-06-14 19:39:29, tokens_remaining: 1056, call: scores, phase: playing
2026-06-14 19:39:29, tokens_remaining: 1056, call: scores, phase: playing
2026-06-14 19:39:30, tokens_remaining: 1055, call: scores, phase: playing
2026-06-14 19:39:30, tokens_remaining: 1055, call: scores, phase: playing
2026-06-14 19:39:31, tokens_remaining: 1055, call: scores, phase: playing
2026-06-14 19:39:31, tokens_remaining: 1054, call: events, phase: playing
2026-06-14 19:39:32, tokens_remaining: 1053, call: scores, phase: playing
2026-06-14 19:39:32, tokens_remaining: 1053, call: scores, phase: playing
2026-06-14 19:39:33, tokens_remaining: 1053, call: scores, phase: playing
2026-06-14 19:39:33, tokens_remaining: 1052, call: scores, phase: playing
2026-06-14 19:39:34, tokens_remaining: 1052, call: scores, phase: playing
2026-06-14 19:39:34, tokens_remaining: 1052, call: scores, phase: playing
2026-06-14 19:39:35, tokens_remaining: 1051, call: scores, phase: playing
2026-06-14 19:39:35, tokens_remaining: 1051, call: scores, phase: playing
2026-06-14 19:39:35, tokens_remaining: 1051, call: scores, phase: playing
2026-06-14 19:39:36, tokens_remaining: 1050, call: events, phase: playing
2026-06-14 19:39:37, tokens_remaining: 1049, call: scores, phase: playing
2026-06-14 19:39:37, tokens_remaining: 1049, call: scores, phase: playing
2026-06-14 19:39:37, tokens_remaining: 1049, call: scores, phase: playing
2026-06-14 19:39:38, tokens_remaining: 1048, call: scores, phase: playing
2026-06-14 19:39:38, tokens_remaining: 1048, call: scores, phase: playing
2026-06-14 19:39:39, tokens_remaining: 1048, call: scores, phase: playing
2026-06-14 19:39:39, tokens_remaining: 1047, call: scores, phase: playing
2026-06-14 19:39:40, tokens_remaining: 1047, call: scores, phase: playing
2026-06-14 19:39:40, tokens_remaining: 1047, call: scores, phase: playing
2026-06-14 19:39:41, tokens_remaining: 1046, call: events, phase: playing
2026-06-14 19:39:41, tokens_remaining: 1045, call: scores, phase: playing
2026-06-14 19:39:41, tokens_remaining: 1045, call: scores, phase: playing
2026-06-14 19:39:42, tokens_remaining: 1045, call: scores, phase: playing
2026-06-14 19:39:42, tokens_remaining: 1044, call: scores, phase: playing
2026-06-14 19:39:43, tokens_remaining: 1044, call: scores, phase: playing
2026-06-14 19:39:43, tokens_remaining: 1044, call: scores, phase: playing
2026-06-14 19:39:44, tokens_remaining: 1043, call: scores, phase: playing
2026-06-14 19:39:44, tokens_remaining: 1043, call: scores, phase: playing
2026-06-14 19:39:44, tokens_remaining: 1043, call: scores, phase: playing
2026-06-14 19:39:45, tokens_remaining: 1042, call: events, phase: playing
2026-06-14 19:39:46, tokens_remaining: 1041, call: scores, phase: playing
2026-06-14 19:39:46, tokens_remaining: 1041, call: scores, phase: playing
2026-06-14 19:39:46, tokens_remaining: 1041, call: scores, phase: playing
2026-06-14 19:39:47, tokens_remaining: 1040, call: scores, phase: playing
2026-06-14 19:39:47, tokens_remaining: 1040, call: scores, phase: playing
2026-06-14 19:39:48, tokens_remaining: 1040, call: scores, phase: playing
2026-06-14 19:39:48, tokens_remaining: 1039, call: scores, phase: playing
2026-06-14 19:39:49, tokens_remaining: 1039, call: scores, phase: playing
2026-06-14 19:39:49, tokens_remaining: 1039, call: scores, phase: playing
2026-06-14 19:39:49, tokens_remaining: 1038, call: events, phase: playing
2026-06-14 19:39:50, tokens_remaining: 1037, call: scores, phase: playing
2026-06-14 19:39:50, tokens_remaining: 1037, call: scores, phase: playing
2026-06-14 19:39:51, tokens_remaining: 1037, call: scores, phase: playing
2026-06-14 19:39:51, tokens_remaining: 1036, call: scores, phase: playing
2026-06-14 19:39:52, tokens_remaining: 1036, call: scores, phase: playing
2026-06-14 19:39:52, tokens_remaining: 1036, call: scores, phase: playing
2026-06-14 19:39:53, tokens_remaining: 1035, call: scores, phase: playing
2026-06-14 19:39:53, tokens_remaining: 1035, call: scores, phase: playing
2026-06-14 19:39:53, tokens_remaining: 1035, call: scores, phase: playing
2026-06-14 19:39:54, tokens_remaining: 1034, call: events, phase: playing
2026-06-14 19:39:54, tokens_remaining: 1033, call: scores, phase: playing
2026-06-14 19:39:55, tokens_remaining: 1033, call: scores, phase: playing
2026-06-14 19:39:55, tokens_remaining: 1033, call: scores, phase: playing
2026-06-14 19:39:56, tokens_remaining: 1032, call: scores, phase: playing
2026-06-14 19:39:56, tokens_remaining: 1032, call: scores, phase: playing
2026-06-14 19:39:56, tokens_remaining: 1032, call: scores, phase: playing
2026-06-14 19:39:57, tokens_remaining: 1031, call: scores, phase: playing
2026-06-14 19:39:57, tokens_remaining: 1031, call: scores, phase: playing
2026-06-14 19:39:58, tokens_remaining: 1031, call: scores, phase: playing
2026-06-14 19:39:58, tokens_remaining: 1030, call: events, phase: playing
2026-06-14 19:39:59, tokens_remaining: 1029, call: scores, phase: playing
2026-06-14 19:39:59, tokens_remaining: 1029, call: scores, phase: playing
2026-06-14 19:40:00, tokens_remaining: 1029, call: scores, phase: playing
2026-06-14 19:40:00, tokens_remaining: 1028, call: scores, phase: playing
2026-06-14 19:40:00, tokens_remaining: 1028, call: scores, phase: playing
2026-06-14 19:40:01, tokens_remaining: 1028, call: scores, phase: playing
2026-06-14 19:40:01, tokens_remaining: 1028, call: scores, phase: playing
2026-06-14 19:40:02, tokens_remaining: 1027, call: scores, phase: playing
2026-06-14 19:40:02, tokens_remaining: 1027, call: scores, phase: playing
2026-06-14 19:40:03, tokens_remaining: 1026, call: events, phase: playing
2026-06-14 19:40:03, tokens_remaining: 1025, call: scores, phase: playing
2026-06-14 19:40:04, tokens_remaining: 1025, call: scores, phase: playing
2026-06-14 19:40:04, tokens_remaining: 1025, call: scores, phase: playing
2026-06-14 19:40:04, tokens_remaining: 1025, call: scores, phase: playing
2026-06-14 19:40:05, tokens_remaining: 1024, call: scores, phase: playing
2026-06-14 19:40:05, tokens_remaining: 1024, call: scores, phase: playing
2026-06-14 19:40:06, tokens_remaining: 1024, call: scores, phase: playing
2026-06-14 19:40:06, tokens_remaining: 1024, call: scores, phase: playing
2026-06-14 19:40:06, tokens_remaining: 1023, call: scores, phase: playing
2026-06-14 19:40:07, tokens_remaining: 1022, call: events, phase: playing
2026-06-14 19:40:07, tokens_remaining: 1023, call: scores, phase: playing
2026-06-14 19:40:08, tokens_remaining: 1021, call: scores, phase: playing
2026-06-14 19:40:08, tokens_remaining: 1021, call: scores, phase: playing
2026-06-14 19:40:09, tokens_remaining: 1021, call: scores, phase: playing
2026-06-14 19:40:09, tokens_remaining: 1020, call: scores, phase: playing
2026-06-14 19:40:10, tokens_remaining: 1020, call: scores, phase: playing
2026-06-14 19:40:10, tokens_remaining: 1020, call: scores, phase: playing
2026-06-14 19:40:10, tokens_remaining: 1020, call: scores, phase: playing
2026-06-14 19:40:11, tokens_remaining: 1019, call: scores, phase: playing
2026-06-14 19:40:11, tokens_remaining: 1018, call: events, phase: playing
2026-06-14 19:40:12, tokens_remaining: 1019, call: scores, phase: playing
2026-06-14 19:40:12, tokens_remaining: 1017, call: scores, phase: playing
2026-06-14 19:40:13, tokens_remaining: 1017, call: scores, phase: playing
2026-06-14 19:40:13, tokens_remaining: 1017, call: scores, phase: playing
2026-06-14 19:40:13, tokens_remaining: 1017, call: scores, phase: playing
2026-06-14 19:40:14, tokens_remaining: 1016, call: scores, phase: playing
2026-06-14 19:40:14, tokens_remaining: 1016, call: scores, phase: playing
2026-06-14 19:40:15, tokens_remaining: 1016, call: scores, phase: playing
2026-06-14 19:40:15, tokens_remaining: 1016, call: scores, phase: playing
2026-06-14 19:40:16, tokens_remaining: 1015, call: events, phase: playing
2026-06-14 19:40:16, tokens_remaining: 1014, call: scores, phase: playing
2026-06-14 19:40:16, tokens_remaining: 1014, call: scores, phase: playing
2026-06-14 19:40:17, tokens_remaining: 1014, call: scores, phase: playing
2026-06-14 19:40:17, tokens_remaining: 1014, call: scores, phase: playing
2026-06-14 19:40:18, tokens_remaining: 1013, call: scores, phase: playing
2026-06-14 19:40:18, tokens_remaining: 1013, call: scores, phase: playing
2026-06-14 19:40:18, tokens_remaining: 1013, call: scores, phase: playing
2026-06-14 19:40:19, tokens_remaining: 1013, call: scores, phase: playing
2026-06-14 19:40:19, tokens_remaining: 1012, call: scores, phase: playing
2026-06-14 19:40:20, tokens_remaining: 1011, call: events, phase: playing
2026-06-14 19:40:20, tokens_remaining: 1012, call: scores, phase: playing
2026-06-14 19:40:21, tokens_remaining: 1010, call: scores, phase: playing
2026-06-14 19:40:21, tokens_remaining: 1010, call: scores, phase: playing
2026-06-14 19:40:21, tokens_remaining: 1010, call: scores, phase: playing
2026-06-14 19:40:22, tokens_remaining: 1010, call: scores, phase: playing
2026-06-14 19:40:22, tokens_remaining: 1009, call: scores, phase: playing
2026-06-14 19:40:23, tokens_remaining: 1009, call: scores, phase: playing
2026-06-14 19:40:23, tokens_remaining: 1009, call: scores, phase: playing
2026-06-14 19:40:23, tokens_remaining: 1009, call: scores, phase: playing
2026-06-14 19:40:24, tokens_remaining: 1008, call: events, phase: playing
2026-06-14 19:40:24, tokens_remaining: 1007, call: scores, phase: playing
2026-06-14 19:40:25, tokens_remaining: 1007, call: scores, phase: playing
2026-06-14 19:40:25, tokens_remaining: 1007, call: scores, phase: playing
2026-06-14 19:40:25, tokens_remaining: 1007, call: scores, phase: playing
2026-06-14 19:40:26, tokens_remaining: 1006, call: scores, phase: playing
2026-06-14 19:40:26, tokens_remaining: 1006, call: scores, phase: playing
2026-06-14 19:40:26, tokens_remaining: 1006, call: scores, phase: playing
2026-06-14 19:40:27, tokens_remaining: 1006, call: scores, phase: playing
2026-06-14 19:40:27, tokens_remaining: 1005, call: scores, phase: playing
2026-06-14 19:40:28, tokens_remaining: 1004, call: events, phase: playing
2026-06-14 19:40:28, tokens_remaining: 1005, call: scores, phase: playing
2026-06-14 19:40:29, tokens_remaining: 1003, call: scores, phase: playing
2026-06-14 19:40:29, tokens_remaining: 1003, call: scores, phase: playing
2026-06-14 19:40:29, tokens_remaining: 1003, call: scores, phase: playing
2026-06-14 19:40:30, tokens_remaining: 1003, call: scores, phase: playing
2026-06-14 19:40:30, tokens_remaining: 1002, call: scores, phase: playing
2026-06-14 19:40:31, tokens_remaining: 1002, call: scores, phase: playing
2026-06-14 19:40:31, tokens_remaining: 1002, call: scores, phase: playing
2026-06-14 19:40:31, tokens_remaining: 1002, call: scores, phase: playing
2026-06-14 19:40:32, tokens_remaining: 1001, call: events, phase: playing
2026-06-14 19:40:32, tokens_remaining: 1000, call: scores, phase: playing
2026-06-14 19:40:33, tokens_remaining: 1000, call: scores, phase: playing
2026-06-14 19:40:33, tokens_remaining: 1000, call: scores, phase: playing
2026-06-14 19:40:33, tokens_remaining: 1000, call: scores, phase: playing
2026-06-14 19:40:34, tokens_remaining: 999, call: scores, phase: playing
2026-06-14 19:40:34, tokens_remaining: 999, call: scores, phase: playing
2026-06-14 19:40:35, tokens_remaining: 999, call: scores, phase: playing
2026-06-14 19:40:35, tokens_remaining: 999, call: scores, phase: playing
2026-06-14 19:40:35, tokens_remaining: 998, call: scores, phase: playing
2026-06-14 19:40:36, tokens_remaining: 997, call: events, phase: playing
2026-06-14 19:40:36, tokens_remaining: 998, call: scores, phase: playing
2026-06-14 19:40:37, tokens_remaining: 996, call: scores, phase: playing
2026-06-14 19:40:37, tokens_remaining: 996, call: scores, phase: playing
2026-06-14 19:40:38, tokens_remaining: 996, call: scores, phase: playing
2026-06-14 19:40:38, tokens_remaining: 996, call: scores, phase: playing
2026-06-14 19:40:38, tokens_remaining: 995, call: scores, phase: playing
2026-06-14 19:40:39, tokens_remaining: 995, call: scores, phase: playing
2026-06-14 19:40:39, tokens_remaining: 995, call: scores, phase: playing
2026-06-14 19:40:39, tokens_remaining: 995, call: scores, phase: playing
2026-06-14 19:40:40, tokens_remaining: 994, call: events, phase: playing
2026-06-14 19:40:40, tokens_remaining: 993, call: scores, phase: playing
2026-06-14 19:40:41, tokens_remaining: 993, call: scores, phase: playing
2026-06-14 19:40:41, tokens_remaining: 993, call: scores, phase: playing
2026-06-14 19:40:41, tokens_remaining: 993, call: scores, phase: playing
2026-06-14 19:40:42, tokens_remaining: 992, call: scores, phase: playing
2026-06-14 19:40:42, tokens_remaining: 992, call: scores, phase: playing
2026-06-14 19:40:43, tokens_remaining: 992, call: scores, phase: playing
2026-06-14 19:40:43, tokens_remaining: 992, call: scores, phase: playing
2026-06-14 19:40:43, tokens_remaining: 991, call: scores, phase: playing
2026-06-14 19:40:44, tokens_remaining: 990, call: events, phase: playing
2026-06-14 19:40:44, tokens_remaining: 991, call: scores, phase: playing
2026-06-14 19:40:45, tokens_remaining: 989, call: scores, phase: playing
2026-06-14 19:40:45, tokens_remaining: 989, call: scores, phase: playing
2026-06-14 19:40:45, tokens_remaining: 989, call: scores, phase: playing
2026-06-14 19:40:46, tokens_remaining: 989, call: scores, phase: playing
2026-06-14 19:40:46, tokens_remaining: 988, call: scores, phase: playing
2026-06-14 19:40:47, tokens_remaining: 988, call: scores, phase: playing
2026-06-14 19:40:47, tokens_remaining: 988, call: scores, phase: playing
2026-06-14 19:40:47, tokens_remaining: 988, call: scores, phase: playing
2026-06-14 19:40:48, tokens_remaining: 987, call: events, phase: playing
2026-06-14 19:40:48, tokens_remaining: 986, call: scores, phase: playing
2026-06-14 19:40:49, tokens_remaining: 986, call: scores, phase: playing
2026-06-14 19:40:49, tokens_remaining: 986, call: scores, phase: playing
2026-06-14 19:40:49, tokens_remaining: 986, call: scores, phase: playing
2026-06-14 19:40:50, tokens_remaining: 985, call: scores, phase: playing
2026-06-14 19:40:50, tokens_remaining: 985, call: scores, phase: playing
2026-06-14 19:40:50, tokens_remaining: 985, call: scores, phase: playing
2026-06-14 19:40:51, tokens_remaining: 985, call: scores, phase: playing
2026-06-14 19:40:51, tokens_remaining: 984, call: scores, phase: playing
2026-06-14 19:40:52, tokens_remaining: 983, call: events, phase: playing
2026-06-14 19:40:52, tokens_remaining: 984, call: scores, phase: playing
2026-06-14 19:40:53, tokens_remaining: 982, call: scores, phase: playing
2026-06-14 19:40:53, tokens_remaining: 982, call: scores, phase: playing
2026-06-14 19:40:53, tokens_remaining: 982, call: scores, phase: playing
2026-06-14 19:40:53, tokens_remaining: 982, call: scores, phase: playing
2026-06-14 19:40:54, tokens_remaining: 981, call: scores, phase: playing
2026-06-14 19:40:54, tokens_remaining: 981, call: scores, phase: playing
2026-06-14 19:40:55, tokens_remaining: 981, call: scores, phase: playing
2026-06-14 19:40:55, tokens_remaining: 981, call: scores, phase: playing
2026-06-14 19:40:55, tokens_remaining: 980, call: events, phase: playing
2026-06-14 19:40:56, tokens_remaining: 979, call: scores, phase: playing
2026-06-14 19:40:56, tokens_remaining: 979, call: scores, phase: playing
2026-06-14 19:40:57, tokens_remaining: 979, call: scores, phase: playing
2026-06-14 19:40:57, tokens_remaining: 979, call: scores, phase: playing
2026-06-14 19:40:57, tokens_remaining: 978, call: scores, phase: playing
2026-06-14 19:40:58, tokens_remaining: 978, call: scores, phase: playing
2026-06-14 19:40:58, tokens_remaining: 978, call: scores, phase: playing
2026-06-14 19:40:58, tokens_remaining: 978, call: scores, phase: playing
2026-06-14 19:40:59, tokens_remaining: 977, call: scores, phase: playing
2026-06-14 19:40:59, tokens_remaining: 976, call: events, phase: playing
2026-06-14 19:41:00, tokens_remaining: 977, call: scores, phase: playing
2026-06-14 19:41:00, tokens_remaining: 975, call: scores, phase: playing
2026-06-14 19:41:00, tokens_remaining: 975, call: scores, phase: playing
2026-06-14 19:41:01, tokens_remaining: 975, call: scores, phase: playing
2026-06-14 19:41:01, tokens_remaining: 975, call: scores, phase: playing
2026-06-14 19:41:02, tokens_remaining: 974, call: scores, phase: playing
2026-06-14 19:41:02, tokens_remaining: 974, call: scores, phase: playing
2026-06-14 19:41:02, tokens_remaining: 974, call: scores, phase: playing
2026-06-14 19:41:02, tokens_remaining: 974, call: scores, phase: playing
2026-06-14 19:41:03, tokens_remaining: 973, call: events, phase: playing
2026-06-14 19:41:04, tokens_remaining: 972, call: scores, phase: playing
2026-06-14 19:41:04, tokens_remaining: 972, call: scores, phase: playing
2026-06-14 19:41:04, tokens_remaining: 972, call: scores, phase: playing
2026-06-14 19:41:04, tokens_remaining: 972, call: scores, phase: playing
2026-06-14 19:41:05, tokens_remaining: 971, call: scores, phase: playing
2026-06-14 19:41:05, tokens_remaining: 971, call: scores, phase: playing
2026-06-14 19:41:05, tokens_remaining: 971, call: scores, phase: playing
2026-06-14 19:41:06, tokens_remaining: 971, call: scores, phase: playing
2026-06-14 19:41:06, tokens_remaining: 970, call: scores, phase: playing
2026-06-14 19:41:07, tokens_remaining: 969, call: events, phase: playing
2026-06-14 19:41:07, tokens_remaining: 970, call: scores, phase: playing
2026-06-14 19:41:08, tokens_remaining: 968, call: scores, phase: playing
2026-06-14 19:41:08, tokens_remaining: 968, call: scores, phase: playing
2026-06-14 19:41:08, tokens_remaining: 968, call: scores, phase: playing
2026-06-14 19:41:08, tokens_remaining: 968, call: scores, phase: playing
2026-06-14 19:41:09, tokens_remaining: 967, call: scores, phase: playing
2026-06-14 19:41:09, tokens_remaining: 967, call: scores, phase: playing
2026-06-14 19:41:10, tokens_remaining: 967, call: scores, phase: playing
2026-06-14 19:41:10, tokens_remaining: 967, call: scores, phase: playing
2026-06-14 19:41:10, tokens_remaining: 966, call: events, phase: playing
2026-06-14 19:41:11, tokens_remaining: 965, call: scores, phase: playing
2026-06-14 19:41:11, tokens_remaining: 965, call: scores, phase: playing
2026-06-14 19:41:12, tokens_remaining: 965, call: scores, phase: playing
2026-06-14 19:41:12, tokens_remaining: 965, call: scores, phase: playing
2026-06-14 19:41:12, tokens_remaining: 964, call: scores, phase: playing
2026-06-14 19:41:13, tokens_remaining: 964, call: scores, phase: playing
2026-06-14 19:41:13, tokens_remaining: 964, call: scores, phase: playing
2026-06-14 19:41:13, tokens_remaining: 964, call: scores, phase: playing
2026-06-14 19:41:14, tokens_remaining: 963, call: scores, phase: playing
2026-06-14 19:41:14, tokens_remaining: 962, call: events, phase: playing
2026-06-14 19:41:15, tokens_remaining: 963, call: scores, phase: playing
2026-06-14 19:41:15, tokens_remaining: 961, call: scores, phase: playing
2026-06-14 19:41:15, tokens_remaining: 961, call: scores, phase: playing
2026-06-14 19:41:16, tokens_remaining: 961, call: scores, phase: playing
2026-06-14 19:41:16, tokens_remaining: 961, call: scores, phase: playing
2026-06-14 19:41:16, tokens_remaining: 960, call: scores, phase: playing
2026-06-14 19:41:17, tokens_remaining: 960, call: scores, phase: playing
2026-06-14 19:41:17, tokens_remaining: 960, call: scores, phase: playing
2026-06-14 19:41:17, tokens_remaining: 960, call: scores, phase: playing
2026-06-14 19:41:18, tokens_remaining: 959, call: events, phase: playing
2026-06-14 19:41:18, tokens_remaining: 958, call: scores, phase: playing
2026-06-14 19:41:19, tokens_remaining: 958, call: scores, phase: playing
2026-06-14 19:41:19, tokens_remaining: 958, call: scores, phase: playing
2026-06-14 19:41:19, tokens_remaining: 958, call: scores, phase: playing
2026-06-14 19:41:20, tokens_remaining: 957, call: scores, phase: playing
2026-06-14 19:41:20, tokens_remaining: 957, call: scores, phase: playing
2026-06-14 19:41:20, tokens_remaining: 957, call: scores, phase: playing
2026-06-14 19:41:21, tokens_remaining: 957, call: scores, phase: playing
2026-06-14 19:41:21, tokens_remaining: 956, call: scores, phase: playing
2026-06-14 19:41:22, tokens_remaining: 955, call: events, phase: playing
2026-06-14 19:41:22, tokens_remaining: 956, call: scores, phase: playing
2026-06-14 19:41:23, tokens_remaining: 954, call: scores, phase: playing
2026-06-14 19:41:23, tokens_remaining: 954, call: scores, phase: playing
2026-06-14 19:41:23, tokens_remaining: 954, call: scores, phase: playing
2026-06-14 19:41:23, tokens_remaining: 954, call: scores, phase: playing
2026-06-14 19:41:24, tokens_remaining: 953, call: scores, phase: playing
2026-06-14 19:41:24, tokens_remaining: 953, call: scores, phase: playing
2026-06-14 19:41:24, tokens_remaining: 953, call: scores, phase: playing
2026-06-14 19:41:25, tokens_remaining: 953, call: scores, phase: playing
2026-06-14 19:41:25, tokens_remaining: 952, call: events, phase: playing
2026-06-14 19:41:26, tokens_remaining: 951, call: scores, phase: playing
2026-06-14 19:41:26, tokens_remaining: 951, call: scores, phase: playing
2026-06-14 19:41:26, tokens_remaining: 951, call: scores, phase: playing
2026-06-14 19:41:26, tokens_remaining: 951, call: scores, phase: playing
2026-06-14 19:41:27, tokens_remaining: 950, call: scores, phase: playing
2026-06-14 19:41:27, tokens_remaining: 950, call: scores, phase: playing
2026-06-14 19:41:28, tokens_remaining: 950, call: scores, phase: playing
2026-06-14 19:41:28, tokens_remaining: 950, call: scores, phase: playing
2026-06-14 19:41:28, tokens_remaining: 949, call: scores, phase: playing
2026-06-14 19:41:29, tokens_remaining: 948, call: events, phase: playing
2026-06-14 19:41:29, tokens_remaining: 949, call: scores, phase: playing
2026-06-14 19:41:30, tokens_remaining: 947, call: scores, phase: playing
2026-06-14 19:41:30, tokens_remaining: 947, call: scores, phase: playing
2026-06-14 19:41:30, tokens_remaining: 947, call: scores, phase: playing
2026-06-14 19:41:30, tokens_remaining: 947, call: scores, phase: playing
2026-06-14 19:41:31, tokens_remaining: 946, call: scores, phase: playing
2026-06-14 19:41:31, tokens_remaining: 946, call: scores, phase: playing
2026-06-14 19:41:31, tokens_remaining: 946, call: scores, phase: playing
2026-06-14 19:41:32, tokens_remaining: 946, call: scores, phase: playing
2026-06-14 19:41:32, tokens_remaining: 945, call: events, phase: playing
2026-06-14 19:41:33, tokens_remaining: 944, call: scores, phase: playing
2026-06-14 19:41:33, tokens_remaining: 944, call: scores, phase: playing
2026-06-14 19:41:33, tokens_remaining: 944, call: scores, phase: playing
2026-06-14 19:41:34, tokens_remaining: 944, call: scores, phase: playing
2026-06-14 19:41:34, tokens_remaining: 943, call: scores, phase: playing
2026-06-14 19:41:34, tokens_remaining: 943, call: scores, phase: playing
2026-06-14 19:41:35, tokens_remaining: 943, call: scores, phase: playing
2026-06-14 19:41:35, tokens_remaining: 943, call: scores, phase: playing
2026-06-14 19:41:35, tokens_remaining: 942, call: scores, phase: playing
2026-06-14 19:41:36, tokens_remaining: 941, call: events, phase: playing
2026-06-14 19:41:36, tokens_remaining: 942, call: scores, phase: playing
2026-06-14 19:41:37, tokens_remaining: 940, call: scores, phase: playing
2026-06-14 19:41:37, tokens_remaining: 940, call: scores, phase: playing
2026-06-14 19:41:37, tokens_remaining: 940, call: scores, phase: playing
2026-06-14 19:41:37, tokens_remaining: 940, call: scores, phase: playing
2026-06-14 19:41:38, tokens_remaining: 939, call: scores, phase: playing
2026-06-14 19:41:38, tokens_remaining: 939, call: scores, phase: playing
2026-06-14 19:41:38, tokens_remaining: 939, call: scores, phase: playing
2026-06-14 19:41:39, tokens_remaining: 939, call: scores, phase: playing
2026-06-14 19:41:39, tokens_remaining: 938, call: events, phase: playing
2026-06-14 19:41:40, tokens_remaining: 937, call: scores, phase: playing
2026-06-14 19:41:40, tokens_remaining: 937, call: scores, phase: playing
2026-06-14 19:41:40, tokens_remaining: 937, call: scores, phase: playing
2026-06-14 19:41:41, tokens_remaining: 937, call: scores, phase: playing
2026-06-14 19:41:41, tokens_remaining: 936, call: scores, phase: playing
2026-06-14 19:41:41, tokens_remaining: 936, call: scores, phase: playing
2026-06-14 19:41:42, tokens_remaining: 936, call: scores, phase: playing
2026-06-14 19:41:42, tokens_remaining: 936, call: scores, phase: playing
2026-06-14 19:41:42, tokens_remaining: 935, call: scores, phase: playing
2026-06-14 19:41:43, tokens_remaining: 934, call: events, phase: playing
2026-06-14 19:41:43, tokens_remaining: 935, call: scores, phase: playing
2026-06-14 19:41:44, tokens_remaining: 933, call: scores, phase: playing
2026-06-14 19:41:44, tokens_remaining: 933, call: scores, phase: playing
2026-06-14 19:41:44, tokens_remaining: 933, call: scores, phase: playing
2026-06-14 19:41:44, tokens_remaining: 933, call: scores, phase: playing
2026-06-14 19:41:45, tokens_remaining: 933, call: scores, phase: playing
2026-06-14 19:41:45, tokens_remaining: 932, call: scores, phase: playing
2026-06-14 19:41:45, tokens_remaining: 932, call: scores, phase: playing
2026-06-14 19:41:46, tokens_remaining: 932, call: scores, phase: playing
2026-06-14 19:41:46, tokens_remaining: 931, call: events, phase: playing
2026-06-14 19:41:47, tokens_remaining: 930, call: scores, phase: playing
2026-06-14 19:41:47, tokens_remaining: 930, call: scores, phase: playing
2026-06-14 19:41:47, tokens_remaining: 930, call: scores, phase: playing
2026-06-14 19:41:47, tokens_remaining: 930, call: scores, phase: playing
2026-06-14 19:41:48, tokens_remaining: 929, call: scores, phase: playing
2026-06-14 19:41:48, tokens_remaining: 929, call: scores, phase: playing
2026-06-14 19:41:48, tokens_remaining: 929, call: scores, phase: playing
2026-06-14 19:41:49, tokens_remaining: 929, call: scores, phase: playing
2026-06-14 19:41:49, tokens_remaining: 928, call: scores, phase: playing
2026-06-14 19:41:50, tokens_remaining: 927, call: events, phase: playing
2026-06-14 19:41:50, tokens_remaining: 928, call: scores, phase: playing
2026-06-14 19:41:50, tokens_remaining: 926, call: scores, phase: playing
2026-06-14 19:41:51, tokens_remaining: 926, call: scores, phase: playing
2026-06-14 19:41:51, tokens_remaining: 926, call: scores, phase: playing
2026-06-14 19:41:51, tokens_remaining: 926, call: scores, phase: playing
2026-06-14 19:41:51, tokens_remaining: 926, call: scores, phase: playing
2026-06-14 19:41:52, tokens_remaining: 925, call: scores, phase: playing
2026-06-14 19:41:52, tokens_remaining: 925, call: scores, phase: playing
2026-06-14 19:41:52, tokens_remaining: 925, call: scores, phase: playing
2026-06-14 19:41:53, tokens_remaining: 924, call: events, phase: playing
2026-06-14 19:41:53, tokens_remaining: 923, call: scores, phase: playing
2026-06-14 19:41:54, tokens_remaining: 923, call: scores, phase: playing
2026-06-14 19:41:54, tokens_remaining: 923, call: scores, phase: playing
2026-06-14 19:41:54, tokens_remaining: 923, call: scores, phase: playing
2026-06-14 19:41:54, tokens_remaining: 923, call: scores, phase: playing
2026-06-14 19:41:55, tokens_remaining: 922, call: scores, phase: playing
2026-06-14 19:41:55, tokens_remaining: 922, call: scores, phase: playing
2026-06-14 19:41:55, tokens_remaining: 922, call: scores, phase: playing
2026-06-14 19:41:56, tokens_remaining: 922, call: scores, phase: playing
2026-06-14 19:41:56, tokens_remaining: 921, call: events, phase: playing
2026-06-14 19:41:57, tokens_remaining: 920, call: scores, phase: playing
2026-06-14 19:41:57, tokens_remaining: 920, call: scores, phase: playing
2026-06-14 19:41:57, tokens_remaining: 920, call: scores, phase: playing
2026-06-14 19:41:57, tokens_remaining: 920, call: scores, phase: playing
2026-06-14 19:41:58, tokens_remaining: 920, call: scores, phase: playing
2026-06-14 19:41:58, tokens_remaining: 919, call: scores, phase: playing
2026-06-14 19:41:58, tokens_remaining: 919, call: scores, phase: playing
2026-06-14 19:41:59, tokens_remaining: 919, call: scores, phase: playing
2026-06-14 19:41:59, tokens_remaining: 919, call: scores, phase: playing
2026-06-14 19:41:59, tokens_remaining: 918, call: events, phase: playing
2026-06-14 19:42:00, tokens_remaining: 917, call: scores, phase: playing
2026-06-14 19:42:00, tokens_remaining: 917, call: scores, phase: playing
2026-06-14 19:42:00, tokens_remaining: 917, call: scores, phase: playing
2026-06-14 19:42:01, tokens_remaining: 917, call: scores, phase: playing
2026-06-14 19:42:01, tokens_remaining: 917, call: scores, phase: playing
2026-06-14 19:42:01, tokens_remaining: 916, call: scores, phase: playing
2026-06-14 19:42:02, tokens_remaining: 916, call: scores, phase: playing
2026-06-14 19:42:02, tokens_remaining: 916, call: scores, phase: playing
2026-06-14 19:42:02, tokens_remaining: 916, call: scores, phase: playing
2026-06-14 19:42:03, tokens_remaining: 915, call: events, phase: playing
2026-06-14 19:42:03, tokens_remaining: 914, call: scores, phase: playing
2026-06-14 19:42:03, tokens_remaining: 914, call: scores, phase: playing
2026-06-14 19:42:03, tokens_remaining: 914, call: scores, phase: playing
2026-06-14 19:42:04, tokens_remaining: 914, call: scores, phase: playing
2026-06-14 19:42:04, tokens_remaining: 914, call: scores, phase: playing
2026-06-14 19:42:04, tokens_remaining: 913, call: scores, phase: playing
2026-06-14 19:42:05, tokens_remaining: 913, call: scores, phase: playing
2026-06-14 19:42:05, tokens_remaining: 913, call: scores, phase: playing
2026-06-14 19:42:05, tokens_remaining: 913, call: scores, phase: playing
2026-06-14 19:42:06, tokens_remaining: 912, call: events, phase: playing
2026-06-14 19:42:06, tokens_remaining: 911, call: scores, phase: playing
2026-06-14 19:42:06, tokens_remaining: 911, call: scores, phase: playing
2026-06-14 19:42:07, tokens_remaining: 911, call: scores, phase: playing
2026-06-14 19:42:07, tokens_remaining: 911, call: scores, phase: playing
2026-06-14 19:42:07, tokens_remaining: 911, call: scores, phase: playing
2026-06-14 19:42:08, tokens_remaining: 910, call: scores, phase: playing
2026-06-14 19:42:08, tokens_remaining: 910, call: scores, phase: playing
2026-06-14 19:42:08, tokens_remaining: 910, call: scores, phase: playing
2026-06-14 19:42:08, tokens_remaining: 910, call: scores, phase: playing
2026-06-14 19:42:09, tokens_remaining: 909, call: events, phase: playing
2026-06-14 19:42:09, tokens_remaining: 908, call: scores, phase: playing
2026-06-14 19:42:09, tokens_remaining: 908, call: scores, phase: playing
2026-06-14 19:42:10, tokens_remaining: 908, call: scores, phase: playing
2026-06-14 19:42:10, tokens_remaining: 908, call: scores, phase: playing
2026-06-14 19:42:10, tokens_remaining: 908, call: scores, phase: playing
2026-06-14 19:42:11, tokens_remaining: 907, call: scores, phase: playing
2026-06-14 19:42:11, tokens_remaining: 907, call: scores, phase: playing
2026-06-14 19:42:11, tokens_remaining: 907, call: scores, phase: playing
2026-06-14 19:42:11, tokens_remaining: 907, call: scores, phase: playing
2026-06-14 19:42:12, tokens_remaining: 906, call: events, phase: playing
2026-06-14 19:42:12, tokens_remaining: 905, call: scores, phase: playing
2026-06-14 19:42:12, tokens_remaining: 905, call: scores, phase: playing
2026-06-14 19:42:13, tokens_remaining: 905, call: scores, phase: playing
2026-06-14 19:42:13, tokens_remaining: 905, call: scores, phase: playing
2026-06-14 19:42:13, tokens_remaining: 905, call: scores, phase: playing
2026-06-14 19:42:14, tokens_remaining: 904, call: scores, phase: playing
2026-06-14 19:42:14, tokens_remaining: 904, call: scores, phase: playing
2026-06-14 19:42:14, tokens_remaining: 904, call: scores, phase: playing
2026-06-14 19:42:14, tokens_remaining: 904, call: scores, phase: playing
2026-06-14 19:42:15, tokens_remaining: 903, call: events, phase: playing
2026-06-14 19:42:15, tokens_remaining: 902, call: scores, phase: playing
2026-06-14 19:42:15, tokens_remaining: 902, call: scores, phase: playing
2026-06-14 19:42:16, tokens_remaining: 902, call: scores, phase: playing
2026-06-14 19:42:16, tokens_remaining: 902, call: scores, phase: playing
2026-06-14 19:42:16, tokens_remaining: 902, call: scores, phase: playing
2026-06-14 19:42:17, tokens_remaining: 901, call: scores, phase: playing
2026-06-14 19:42:17, tokens_remaining: 901, call: scores, phase: playing
2026-06-14 19:42:17, tokens_remaining: 901, call: scores, phase: playing
2026-06-14 19:42:17, tokens_remaining: 901, call: scores, phase: playing
2026-06-14 19:42:18, tokens_remaining: 900, call: events, phase: playing
2026-06-14 19:42:18, tokens_remaining: 899, call: scores, phase: playing
2026-06-14 19:42:18, tokens_remaining: 899, call: scores, phase: playing
2026-06-14 19:42:19, tokens_remaining: 899, call: scores, phase: playing
2026-06-14 19:42:19, tokens_remaining: 899, call: scores, phase: playing
2026-06-14 19:42:19, tokens_remaining: 899, call: scores, phase: playing
2026-06-14 19:42:20, tokens_remaining: 898, call: scores, phase: playing
2026-06-14 19:42:20, tokens_remaining: 898, call: scores, phase: playing
2026-06-14 19:42:20, tokens_remaining: 898, call: scores, phase: playing
2026-06-14 19:42:20, tokens_remaining: 898, call: scores, phase: playing
2026-06-14 19:42:21, tokens_remaining: 897, call: events, phase: playing
2026-06-14 19:42:21, tokens_remaining: 896, call: scores, phase: playing
2026-06-14 19:42:21, tokens_remaining: 896, call: scores, phase: playing
2026-06-14 19:42:22, tokens_remaining: 896, call: scores, phase: playing
2026-06-14 19:42:22, tokens_remaining: 896, call: scores, phase: playing
2026-06-14 19:42:22, tokens_remaining: 896, call: scores, phase: playing
2026-06-14 19:42:22, tokens_remaining: 895, call: scores, phase: playing
2026-06-14 19:42:23, tokens_remaining: 895, call: scores, phase: playing
2026-06-14 19:42:23, tokens_remaining: 895, call: scores, phase: playing
2026-06-14 19:42:23, tokens_remaining: 895, call: scores, phase: playing
2026-06-14 19:42:24, tokens_remaining: 894, call: events, phase: playing
2026-06-14 19:42:24, tokens_remaining: 893, call: scores, phase: playing
2026-06-14 19:42:24, tokens_remaining: 893, call: scores, phase: playing
2026-06-14 19:42:24, tokens_remaining: 893, call: scores, phase: playing
2026-06-14 19:42:25, tokens_remaining: 893, call: scores, phase: playing
2026-06-14 19:42:25, tokens_remaining: 893, call: scores, phase: playing
2026-06-14 19:42:25, tokens_remaining: 892, call: scores, phase: playing
2026-06-14 19:42:25, tokens_remaining: 892, call: scores, phase: playing
2026-06-14 19:42:26, tokens_remaining: 892, call: scores, phase: playing
2026-06-14 19:42:26, tokens_remaining: 892, call: scores, phase: playing
2026-06-14 19:42:26, tokens_remaining: 891, call: events, phase: playing
2026-06-14 19:42:27, tokens_remaining: 890, call: scores, phase: playing
2026-06-14 19:42:27, tokens_remaining: 890, call: scores, phase: playing
2026-06-14 19:42:27, tokens_remaining: 890, call: scores, phase: playing
2026-06-14 19:42:27, tokens_remaining: 890, call: scores, phase: playing
2026-06-14 19:42:28, tokens_remaining: 890, call: scores, phase: playing
2026-06-14 19:42:28, tokens_remaining: 889, call: scores, phase: playing
2026-06-14 19:42:28, tokens_remaining: 889, call: scores, phase: playing
2026-06-14 19:42:28, tokens_remaining: 889, call: scores, phase: playing
2026-06-14 19:42:29, tokens_remaining: 889, call: scores, phase: playing
2026-06-14 19:42:29, tokens_remaining: 888, call: events, phase: playing
2026-06-14 19:42:29, EVENT: SUBSTITUTION 77' Christ Inao Oulaï [Côte d'Ivoire vs Ecuador]
2026-06-14 19:42:30, tokens_remaining: 887, call: scores, phase: playing
2026-06-14 19:42:30, tokens_remaining: 887, call: scores, phase: playing
2026-06-14 19:42:30, tokens_remaining: 887, call: scores, phase: playing
2026-06-14 19:42:30, tokens_remaining: 887, call: scores, phase: playing
2026-06-14 19:42:30, tokens_remaining: 887, call: scores, phase: playing
2026-06-14 19:42:31, tokens_remaining: 886, call: scores, phase: playing
2026-06-14 19:42:31, tokens_remaining: 886, call: scores, phase: playing
2026-06-14 19:42:31, tokens_remaining: 886, call: scores, phase: playing
2026-06-14 19:42:32, tokens_remaining: 886, call: scores, phase: playing
2026-06-14 19:42:32, tokens_remaining: 885, call: events, phase: playing
2026-06-14 19:42:32, tokens_remaining: 884, call: scores, phase: playing
2026-06-14 19:42:33, tokens_remaining: 884, call: scores, phase: playing
2026-06-14 19:42:33, tokens_remaining: 884, call: scores, phase: playing
2026-06-14 19:42:33, tokens_remaining: 884, call: scores, phase: playing
2026-06-14 19:42:33, tokens_remaining: 884, call: scores, phase: playing
2026-06-14 19:42:34, tokens_remaining: 883, call: scores, phase: playing
2026-06-14 19:42:34, tokens_remaining: 883, call: scores, phase: playing
2026-06-14 19:42:34, tokens_remaining: 883, call: scores, phase: playing
2026-06-14 19:42:34, tokens_remaining: 883, call: scores, phase: playing
2026-06-14 19:42:35, tokens_remaining: 882, call: events, phase: playing
2026-06-14 19:42:35, tokens_remaining: 881, call: scores, phase: playing
2026-06-14 19:42:36, tokens_remaining: 881, call: scores, phase: playing
2026-06-14 19:42:36, tokens_remaining: 881, call: scores, phase: playing
2026-06-14 19:42:36, tokens_remaining: 881, call: scores, phase: playing
2026-06-14 19:42:36, tokens_remaining: 881, call: scores, phase: playing
2026-06-14 19:42:37, tokens_remaining: 880, call: scores, phase: playing
2026-06-14 19:42:37, tokens_remaining: 880, call: scores, phase: playing
2026-06-14 19:42:37, tokens_remaining: 880, call: scores, phase: playing
2026-06-14 19:42:37, tokens_remaining: 880, call: scores, phase: playing
2026-06-14 19:42:38, tokens_remaining: 879, call: events, phase: playing
2026-06-14 19:42:38, tokens_remaining: 878, call: scores, phase: playing
2026-06-14 19:42:38, tokens_remaining: 878, call: scores, phase: playing
2026-06-14 19:42:39, tokens_remaining: 878, call: scores, phase: playing
2026-06-14 19:42:39, tokens_remaining: 878, call: scores, phase: playing
2026-06-14 19:42:39, tokens_remaining: 878, call: scores, phase: playing
2026-06-14 19:42:39, tokens_remaining: 877, call: scores, phase: playing
2026-06-14 19:42:40, tokens_remaining: 877, call: scores, phase: playing
2026-06-14 19:42:40, tokens_remaining: 877, call: scores, phase: playing
2026-06-14 19:42:40, tokens_remaining: 877, call: scores, phase: playing
2026-06-14 19:42:40, tokens_remaining: 876, call: events, phase: playing
2026-06-14 19:42:41, tokens_remaining: 875, call: scores, phase: playing
2026-06-14 19:42:41, tokens_remaining: 875, call: scores, phase: playing
2026-06-14 19:42:41, tokens_remaining: 875, call: scores, phase: playing
2026-06-14 19:42:41, tokens_remaining: 875, call: scores, phase: playing
2026-06-14 19:42:42, tokens_remaining: 875, call: scores, phase: playing
2026-06-14 19:42:42, tokens_remaining: 875, call: scores, phase: playing
2026-06-14 19:42:42, tokens_remaining: 874, call: scores, phase: playing
2026-06-14 19:42:42, tokens_remaining: 874, call: scores, phase: playing
2026-06-14 19:42:43, tokens_remaining: 874, call: scores, phase: playing
2026-06-14 19:42:43, tokens_remaining: 873, call: events, phase: playing
2026-06-14 19:42:44, tokens_remaining: 872, call: scores, phase: playing
2026-06-14 19:42:44, tokens_remaining: 872, call: scores, phase: playing
2026-06-14 19:42:44, tokens_remaining: 872, call: scores, phase: playing
2026-06-14 19:42:44, tokens_remaining: 872, call: scores, phase: playing
2026-06-14 19:42:44, tokens_remaining: 872, call: scores, phase: playing
2026-06-14 19:42:44, tokens_remaining: 872, call: scores, phase: playing
2026-06-14 19:42:45, tokens_remaining: 871, call: scores, phase: playing
2026-06-14 19:42:45, tokens_remaining: 871, call: scores, phase: playing
2026-06-14 19:42:45, tokens_remaining: 871, call: scores, phase: playing
2026-06-14 19:42:46, tokens_remaining: 870, call: events, phase: playing
2026-06-14 19:42:46, tokens_remaining: 869, call: scores, phase: playing
2026-06-14 19:42:46, tokens_remaining: 869, call: scores, phase: playing
2026-06-14 19:42:47, tokens_remaining: 869, call: scores, phase: playing
2026-06-14 19:42:47, tokens_remaining: 869, call: scores, phase: playing
2026-06-14 19:42:47, tokens_remaining: 869, call: scores, phase: playing
2026-06-14 19:42:47, tokens_remaining: 869, call: scores, phase: playing
2026-06-14 19:42:48, tokens_remaining: 868, call: scores, phase: playing
2026-06-14 19:42:48, tokens_remaining: 868, call: scores, phase: playing
2026-06-14 19:42:48, tokens_remaining: 868, call: scores, phase: playing
2026-06-14 19:42:49, tokens_remaining: 867, call: events, phase: playing
2026-06-14 19:42:49, tokens_remaining: 866, call: scores, phase: playing
2026-06-14 19:42:49, tokens_remaining: 866, call: scores, phase: playing
2026-06-14 19:42:49, tokens_remaining: 866, call: scores, phase: playing
2026-06-14 19:42:50, tokens_remaining: 866, call: scores, phase: playing
2026-06-14 19:42:50, tokens_remaining: 866, call: scores, phase: playing
2026-06-14 19:42:50, tokens_remaining: 866, call: scores, phase: playing
2026-06-14 19:42:50, tokens_remaining: 865, call: scores, phase: playing
2026-06-14 19:42:51, tokens_remaining: 865, call: scores, phase: playing
2026-06-14 19:42:51, tokens_remaining: 865, call: scores, phase: playing
2026-06-14 19:42:51, tokens_remaining: 864, call: events, phase: playing
2026-06-14 19:42:51, EVENT: SUBSTITUTION 77' Ibrahim Sangaré [Côte d'Ivoire vs Ecuador]
2026-06-14 19:42:52, tokens_remaining: 863, call: scores, phase: playing
2026-06-14 19:42:52, tokens_remaining: 863, call: scores, phase: playing
2026-06-14 19:42:52, tokens_remaining: 863, call: scores, phase: playing
2026-06-14 19:42:52, tokens_remaining: 863, call: scores, phase: playing
2026-06-14 19:42:52, tokens_remaining: 863, call: scores, phase: playing
2026-06-14 19:42:53, tokens_remaining: 863, call: scores, phase: playing
2026-06-14 19:42:53, tokens_remaining: 862, call: scores, phase: playing
2026-06-14 19:42:53, tokens_remaining: 862, call: scores, phase: playing
2026-06-14 19:42:53, tokens_remaining: 862, call: scores, phase: playing
2026-06-14 19:42:54, tokens_remaining: 861, call: events, phase: playing
2026-06-14 19:42:54, tokens_remaining: 860, call: scores, phase: playing
2026-06-14 19:42:55, tokens_remaining: 860, call: scores, phase: playing
2026-06-14 19:42:55, tokens_remaining: 860, call: scores, phase: playing
2026-06-14 19:42:55, tokens_remaining: 860, call: scores, phase: playing
2026-06-14 19:42:55, tokens_remaining: 860, call: scores, phase: playing
2026-06-14 19:42:55, tokens_remaining: 860, call: scores, phase: playing
2026-06-14 19:42:56, tokens_remaining: 858, call: scores, phase: playing
2026-06-14 19:42:56, tokens_remaining: 858, call: scores, phase: playing
2026-06-14 19:42:56, tokens_remaining: 858, call: scores, phase: playing
2026-06-14 19:42:56, tokens_remaining: 858, call: events, phase: playing
2026-06-14 19:42:56, tokens_remaining: 858, call: scores, phase: playing
2026-06-14 19:42:57, tokens_remaining: 858, call: scores, phase: playing
2026-06-14 19:42:57, tokens_remaining: 857, call: scores, phase: playing
2026-06-14 19:42:57, tokens_remaining: 857, call: scores, phase: playing
2026-06-14 19:42:57, tokens_remaining: 857, call: scores, phase: playing
2026-06-14 19:42:58, tokens_remaining: 857, call: scores, phase: playing
2026-06-14 19:42:58, tokens_remaining: 857, call: scores, phase: playing
2026-06-14 19:42:58, tokens_remaining: 857, call: scores, phase: playing
2026-06-14 19:42:58, tokens_remaining: 856, call: scores, phase: playing
2026-06-14 19:42:59, tokens_remaining: 855, call: events, phase: playing
2026-06-14 19:42:59, tokens_remaining: 856, call: scores, phase: playing
2026-06-14 19:42:59, tokens_remaining: 856, call: scores, phase: playing
2026-06-14 19:42:59, tokens_remaining: 856, call: scores, phase: playing
2026-06-14 19:43:00, tokens_remaining: 854, call: scores, phase: playing
2026-06-14 19:43:00, tokens_remaining: 854, call: scores, phase: playing
2026-06-14 19:43:00, tokens_remaining: 854, call: scores, phase: playing
2026-06-14 19:43:00, tokens_remaining: 854, call: scores, phase: playing
2026-06-14 19:43:01, tokens_remaining: 854, call: scores, phase: playing
2026-06-14 19:43:01, tokens_remaining: 854, call: scores, phase: playing
2026-06-14 19:43:01, tokens_remaining: 853, call: events, phase: playing
2026-06-14 19:43:02, tokens_remaining: 852, call: scores, phase: playing
2026-06-14 19:43:02, tokens_remaining: 852, call: scores, phase: playing
2026-06-14 19:43:02, tokens_remaining: 852, call: scores, phase: playing
2026-06-14 19:43:02, tokens_remaining: 852, call: scores, phase: playing
2026-06-14 19:43:02, tokens_remaining: 852, call: scores, phase: playing
2026-06-14 19:43:02, tokens_remaining: 852, call: scores, phase: playing
2026-06-14 19:43:03, tokens_remaining: 851, call: scores, phase: playing
2026-06-14 19:43:03, tokens_remaining: 851, call: scores, phase: playing
2026-06-14 19:43:03, tokens_remaining: 851, call: scores, phase: playing
2026-06-14 19:43:04, tokens_remaining: 850, call: events, phase: playing
2026-06-14 19:43:04, tokens_remaining: 849, call: scores, phase: playing
2026-06-14 19:43:04, tokens_remaining: 849, call: scores, phase: playing
2026-06-14 19:43:04, tokens_remaining: 849, call: scores, phase: playing
2026-06-14 19:43:05, tokens_remaining: 849, call: scores, phase: playing
2026-06-14 19:43:05, tokens_remaining: 849, call: scores, phase: playing
2026-06-14 19:43:05, tokens_remaining: 849, call: scores, phase: playing
2026-06-14 19:43:05, tokens_remaining: 848, call: scores, phase: playing
2026-06-14 19:43:06, tokens_remaining: 848, call: scores, phase: playing
2026-06-14 19:43:06, tokens_remaining: 848, call: scores, phase: playing
2026-06-14 19:43:06, tokens_remaining: 847, call: events, phase: playing
2026-06-14 19:43:06, EVENT: SUBSTITUTION 78' Kevin Rodríguez [Côte d'Ivoire vs Ecuador]
2026-06-14 19:43:06, tokens_remaining: 848, call: scores, phase: playing
2026-06-14 19:43:07, tokens_remaining: 846, call: scores, phase: playing
2026-06-14 19:43:07, tokens_remaining: 846, call: scores, phase: playing
2026-06-14 19:43:07, tokens_remaining: 846, call: scores, phase: playing
2026-06-14 19:43:07, tokens_remaining: 846, call: scores, phase: playing
2026-06-14 19:43:08, tokens_remaining: 846, call: scores, phase: playing
2026-06-14 19:43:08, tokens_remaining: 846, call: scores, phase: playing
2026-06-14 19:43:08, tokens_remaining: 845, call: scores, phase: playing
2026-06-14 19:43:08, tokens_remaining: 845, call: scores, phase: playing
2026-06-14 19:43:09, tokens_remaining: 844, call: events, phase: playing
2026-06-14 19:43:09, tokens_remaining: 845, call: scores, phase: playing
2026-06-14 19:43:09, tokens_remaining: 843, call: scores, phase: playing
2026-06-14 19:43:10, tokens_remaining: 843, call: scores, phase: playing
2026-06-14 19:43:10, tokens_remaining: 843, call: scores, phase: playing
2026-06-14 19:43:10, tokens_remaining: 843, call: scores, phase: playing
2026-06-14 19:43:10, tokens_remaining: 843, call: scores, phase: playing
2026-06-14 19:43:10, tokens_remaining: 843, call: scores, phase: playing
2026-06-14 19:43:10, tokens_remaining: 843, call: scores, phase: playing
2026-06-14 19:43:11, tokens_remaining: 841, call: scores, phase: playing
2026-06-14 19:43:11, tokens_remaining: 841, call: events, phase: playing
2026-06-14 19:43:11, tokens_remaining: 841, call: scores, phase: playing
2026-06-14 19:43:11, tokens_remaining: 841, call: scores, phase: playing
2026-06-14 19:43:11, tokens_remaining: 841, call: scores, phase: playing
2026-06-14 19:43:12, tokens_remaining: 841, call: scores, phase: playing
2026-06-14 19:43:12, tokens_remaining: 840, call: scores, phase: playing
2026-06-14 19:43:12, tokens_remaining: 840, call: scores, phase: playing
2026-06-14 19:43:12, tokens_remaining: 840, call: scores, phase: playing
2026-06-14 19:43:13, tokens_remaining: 840, call: scores, phase: playing
2026-06-14 19:43:13, tokens_remaining: 840, call: scores, phase: playing
2026-06-14 19:43:13, tokens_remaining: 839, call: events, phase: playing
2026-06-14 19:43:13, tokens_remaining: 838, call: scores, phase: playing
2026-06-14 19:43:14, tokens_remaining: 838, call: scores, phase: playing
2026-06-14 19:43:14, tokens_remaining: 838, call: scores, phase: playing
2026-06-14 19:43:14, tokens_remaining: 838, call: scores, phase: playing
2026-06-14 19:43:14, tokens_remaining: 838, call: scores, phase: playing
2026-06-14 19:43:14, tokens_remaining: 838, call: scores, phase: playing
2026-06-14 19:43:14, tokens_remaining: 838, call: scores, phase: playing
2026-06-14 19:43:15, tokens_remaining: 837, call: scores, phase: playing
2026-06-14 19:43:15, tokens_remaining: 837, call: scores, phase: playing
2026-06-14 19:43:15, tokens_remaining: 836, call: events, phase: playing
2026-06-14 19:43:16, tokens_remaining: 837, call: scores, phase: playing
2026-06-14 19:43:16, tokens_remaining: 837, call: scores, phase: playing
2026-06-14 19:43:16, tokens_remaining: 835, call: scores, phase: playing
2026-06-14 19:43:16, tokens_remaining: 835, call: scores, phase: playing
2026-06-14 19:43:17, tokens_remaining: 835, call: scores, phase: playing
2026-06-14 19:43:17, tokens_remaining: 835, call: scores, phase: playing
2026-06-14 19:43:17, tokens_remaining: 835, call: scores, phase: playing
2026-06-14 19:43:17, tokens_remaining: 835, call: scores, phase: playing
2026-06-14 19:43:17, tokens_remaining: 835, call: scores, phase: playing
2026-06-14 19:43:18, tokens_remaining: 834, call: events, phase: playing
2026-06-14 19:43:18, tokens_remaining: 833, call: scores, phase: playing
2026-06-14 19:43:18, tokens_remaining: 833, call: scores, phase: playing
2026-06-14 19:43:18, tokens_remaining: 833, call: scores, phase: playing
2026-06-14 19:43:18, tokens_remaining: 833, call: scores, phase: playing
2026-06-14 19:43:19, tokens_remaining: 833, call: scores, phase: playing
2026-06-14 19:43:19, tokens_remaining: 833, call: scores, phase: playing
2026-06-14 19:43:19, tokens_remaining: 832, call: scores, phase: playing
2026-06-14 19:43:19, tokens_remaining: 832, call: scores, phase: playing
2026-06-14 19:43:20, tokens_remaining: 832, call: scores, phase: playing
2026-06-14 19:43:20, tokens_remaining: 831, call: events, phase: playing
2026-06-14 19:43:20, tokens_remaining: 832, call: scores, phase: playing
2026-06-14 19:43:21, tokens_remaining: 830, call: scores, phase: playing
2026-06-14 19:43:21, tokens_remaining: 830, call: scores, phase: playing
2026-06-14 19:43:21, tokens_remaining: 830, call: scores, phase: playing
2026-06-14 19:43:21, tokens_remaining: 830, call: scores, phase: playing
2026-06-14 19:43:21, tokens_remaining: 830, call: scores, phase: playing
2026-06-14 19:43:21, tokens_remaining: 830, call: scores, phase: playing
2026-06-14 19:43:21, tokens_remaining: 830, call: scores, phase: playing
2026-06-14 19:43:22, tokens_remaining: 829, call: scores, phase: playing
2026-06-14 19:43:22, tokens_remaining: 828, call: events, phase: playing
2026-06-14 19:43:22, tokens_remaining: 829, call: scores, phase: playing
2026-06-14 19:43:23, tokens_remaining: 829, call: scores, phase: playing
2026-06-14 19:43:23, tokens_remaining: 829, call: scores, phase: playing
2026-06-14 19:43:23, tokens_remaining: 827, call: scores, phase: playing
2026-06-14 19:43:23, tokens_remaining: 827, call: scores, phase: playing
2026-06-14 19:43:23, tokens_remaining: 827, call: scores, phase: playing
2026-06-14 19:43:24, tokens_remaining: 827, call: scores, phase: playing
2026-06-14 19:43:24, tokens_remaining: 827, call: scores, phase: playing
2026-06-14 19:43:24, tokens_remaining: 827, call: scores, phase: playing
2026-06-14 19:43:24, tokens_remaining: 826, call: events, phase: playing
2026-06-14 19:43:25, tokens_remaining: 825, call: scores, phase: playing
2026-06-14 19:43:25, tokens_remaining: 825, call: scores, phase: playing
2026-06-14 19:43:25, tokens_remaining: 825, call: scores, phase: playing
2026-06-14 19:43:25, tokens_remaining: 825, call: scores, phase: playing
2026-06-14 19:43:25, tokens_remaining: 825, call: scores, phase: playing
2026-06-14 19:43:25, tokens_remaining: 825, call: scores, phase: playing
2026-06-14 19:43:26, tokens_remaining: 825, call: scores, phase: playing
2026-06-14 19:43:26, tokens_remaining: 824, call: scores, phase: playing
2026-06-14 19:43:26, tokens_remaining: 824, call: scores, phase: playing
2026-06-14 19:43:27, tokens_remaining: 823, call: events, phase: playing
2026-06-14 19:43:27, tokens_remaining: 824, call: scores, phase: playing
2026-06-14 19:43:27, tokens_remaining: 824, call: scores, phase: playing
2026-06-14 19:43:27, tokens_remaining: 822, call: scores, phase: playing
2026-06-14 19:43:28, tokens_remaining: 822, call: scores, phase: playing
2026-06-14 19:43:28, tokens_remaining: 822, call: scores, phase: playing
2026-06-14 19:43:28, tokens_remaining: 822, call: scores, phase: playing
2026-06-14 19:43:28, tokens_remaining: 822, call: scores, phase: playing
2026-06-14 19:43:28, tokens_remaining: 822, call: scores, phase: playing
2026-06-14 19:43:28, tokens_remaining: 822, call: scores, phase: playing
2026-06-14 19:43:29, tokens_remaining: 821, call: events, phase: playing
2026-06-14 19:43:29, tokens_remaining: 820, call: scores, phase: playing
2026-06-14 19:43:29, tokens_remaining: 820, call: scores, phase: playing
2026-06-14 19:43:29, tokens_remaining: 820, call: scores, phase: playing
2026-06-14 19:43:29, tokens_remaining: 820, call: scores, phase: playing
2026-06-14 19:43:30, tokens_remaining: 820, call: scores, phase: playing
2026-06-14 19:43:30, tokens_remaining: 820, call: scores, phase: playing
2026-06-14 19:43:30, tokens_remaining: 820, call: scores, phase: playing
2026-06-14 19:43:30, tokens_remaining: 819, call: scores, phase: playing
2026-06-14 19:43:31, tokens_remaining: 819, call: scores, phase: playing
2026-06-14 19:43:31, tokens_remaining: 818, call: events, phase: playing
2026-06-14 19:43:31, tokens_remaining: 819, call: scores, phase: playing
2026-06-14 19:43:31, tokens_remaining: 819, call: scores, phase: playing
2026-06-14 19:43:32, tokens_remaining: 817, call: scores, phase: playing
2026-06-14 19:43:32, tokens_remaining: 817, call: scores, phase: playing
2026-06-14 19:43:32, tokens_remaining: 817, call: scores, phase: playing
2026-06-14 19:43:32, tokens_remaining: 817, call: scores, phase: playing
2026-06-14 19:43:32, tokens_remaining: 817, call: scores, phase: playing
2026-06-14 19:43:32, tokens_remaining: 817, call: scores, phase: playing
2026-06-14 19:43:32, tokens_remaining: 817, call: scores, phase: playing
2026-06-14 19:43:33, tokens_remaining: 816, call: events, phase: playing
2026-06-14 19:43:33, tokens_remaining: 815, call: scores, phase: playing
2026-06-14 19:43:33, tokens_remaining: 815, call: scores, phase: playing
2026-06-14 19:43:34, tokens_remaining: 815, call: scores, phase: playing
2026-06-14 19:43:34, tokens_remaining: 815, call: scores, phase: playing
2026-06-14 19:43:34, tokens_remaining: 815, call: scores, phase: playing
2026-06-14 19:43:34, tokens_remaining: 815, call: scores, phase: playing
2026-06-14 19:43:34, tokens_remaining: 815, call: scores, phase: playing
2026-06-14 19:43:35, tokens_remaining: 814, call: scores, phase: playing
2026-06-14 19:43:35, tokens_remaining: 814, call: scores, phase: playing
2026-06-14 19:43:35, tokens_remaining: 813, call: events, phase: playing
2026-06-14 19:43:35, tokens_remaining: 814, call: scores, phase: playing
2026-06-14 19:43:35, tokens_remaining: 814, call: scores, phase: playing
2026-06-14 19:43:36, tokens_remaining: 812, call: scores, phase: playing
2026-06-14 19:43:36, tokens_remaining: 812, call: scores, phase: playing
2026-06-14 19:43:36, tokens_remaining: 812, call: scores, phase: playing
2026-06-14 19:43:36, tokens_remaining: 812, call: scores, phase: playing
2026-06-14 19:43:36, tokens_remaining: 812, call: scores, phase: playing
2026-06-14 19:43:37, tokens_remaining: 812, call: scores, phase: playing
2026-06-14 19:43:37, tokens_remaining: 812, call: scores, phase: playing
2026-06-14 19:43:37, tokens_remaining: 811, call: events, phase: playing
2026-06-14 19:43:38, tokens_remaining: 810, call: scores, phase: playing
2026-06-14 19:43:38, tokens_remaining: 810, call: scores, phase: playing
2026-06-14 19:43:38, tokens_remaining: 810, call: scores, phase: playing
2026-06-14 19:43:38, tokens_remaining: 810, call: scores, phase: playing
2026-06-14 19:43:38, tokens_remaining: 810, call: scores, phase: playing
2026-06-14 19:43:38, tokens_remaining: 810, call: scores, phase: playing
2026-06-14 19:43:39, tokens_remaining: 810, call: scores, phase: playing
2026-06-14 19:43:39, tokens_remaining: 809, call: scores, phase: playing
2026-06-14 19:43:39, tokens_remaining: 809, call: scores, phase: playing
2026-06-14 19:43:40, tokens_remaining: 808, call: events, phase: playing
2026-06-14 19:43:40, tokens_remaining: 809, call: scores, phase: playing
2026-06-14 19:43:40, tokens_remaining: 809, call: scores, phase: playing
2026-06-14 19:43:40, tokens_remaining: 807, call: scores, phase: playing
2026-06-14 19:43:40, tokens_remaining: 807, call: scores, phase: playing
2026-06-14 19:43:40, tokens_remaining: 807, call: scores, phase: playing
2026-06-14 19:43:41, tokens_remaining: 807, call: scores, phase: playing
2026-06-14 19:43:41, tokens_remaining: 807, call: scores, phase: playing
2026-06-14 19:43:41, tokens_remaining: 807, call: scores, phase: playing
2026-06-14 19:43:41, tokens_remaining: 807, call: scores, phase: playing
2026-06-14 19:43:41, tokens_remaining: 806, call: events, phase: playing
2026-06-14 19:43:42, tokens_remaining: 805, call: scores, phase: playing
2026-06-14 19:43:42, tokens_remaining: 805, call: scores, phase: playing
2026-06-14 19:43:42, tokens_remaining: 805, call: scores, phase: playing
2026-06-14 19:43:42, tokens_remaining: 805, call: scores, phase: playing
2026-06-14 19:43:42, tokens_remaining: 805, call: scores, phase: playing
2026-06-14 19:43:43, tokens_remaining: 805, call: scores, phase: playing
2026-06-14 19:43:43, tokens_remaining: 805, call: scores, phase: playing
2026-06-14 19:43:43, tokens_remaining: 804, call: scores, phase: playing
2026-06-14 19:43:43, tokens_remaining: 804, call: scores, phase: playing
2026-06-14 19:43:44, tokens_remaining: 803, call: events, phase: playing
2026-06-14 19:43:44, tokens_remaining: 804, call: scores, phase: playing
2026-06-14 19:43:44, tokens_remaining: 804, call: scores, phase: playing
2026-06-14 19:43:44, tokens_remaining: 802, call: scores, phase: playing
2026-06-14 19:43:45, tokens_remaining: 802, call: scores, phase: playing
2026-06-14 19:43:45, tokens_remaining: 802, call: scores, phase: playing
2026-06-14 19:43:45, tokens_remaining: 802, call: scores, phase: playing
2026-06-14 19:43:45, tokens_remaining: 802, call: scores, phase: playing
2026-06-14 19:43:45, tokens_remaining: 802, call: scores, phase: playing
2026-06-14 19:43:45, tokens_remaining: 802, call: scores, phase: playing
2026-06-14 19:43:46, tokens_remaining: 801, call: events, phase: playing
2026-06-14 19:43:46, tokens_remaining: 800, call: scores, phase: playing
2026-06-14 19:43:46, tokens_remaining: 800, call: scores, phase: playing
2026-06-14 19:43:46, tokens_remaining: 800, call: scores, phase: playing
2026-06-14 19:43:47, tokens_remaining: 800, call: scores, phase: playing
2026-06-14 19:43:47, tokens_remaining: 800, call: scores, phase: playing
2026-06-14 19:43:47, tokens_remaining: 800, call: scores, phase: playing
2026-06-14 19:43:47, tokens_remaining: 800, call: scores, phase: playing
2026-06-14 19:43:47, tokens_remaining: 799, call: scores, phase: playing
2026-06-14 19:43:48, tokens_remaining: 799, call: scores, phase: playing
2026-06-14 19:43:48, tokens_remaining: 798, call: events, phase: playing
2026-06-14 19:43:48, tokens_remaining: 799, call: scores, phase: playing
2026-06-14 19:43:48, tokens_remaining: 799, call: scores, phase: playing
2026-06-14 19:43:49, tokens_remaining: 797, call: scores, phase: playing
2026-06-14 19:43:49, tokens_remaining: 797, call: scores, phase: playing
2026-06-14 19:43:49, tokens_remaining: 797, call: scores, phase: playing
2026-06-14 19:43:49, tokens_remaining: 797, call: scores, phase: playing
2026-06-14 19:43:49, tokens_remaining: 797, call: scores, phase: playing
2026-06-14 19:43:49, tokens_remaining: 797, call: scores, phase: playing
2026-06-14 19:43:50, tokens_remaining: 797, call: scores, phase: playing
2026-06-14 19:43:50, tokens_remaining: 796, call: events, phase: playing
2026-06-14 19:43:51, tokens_remaining: 795, call: scores, phase: playing
2026-06-14 19:43:51, tokens_remaining: 795, call: scores, phase: playing
2026-06-14 19:43:51, tokens_remaining: 795, call: scores, phase: playing
2026-06-14 19:43:51, tokens_remaining: 795, call: scores, phase: playing
2026-06-14 19:43:51, tokens_remaining: 795, call: scores, phase: playing
2026-06-14 19:43:51, tokens_remaining: 795, call: scores, phase: playing
2026-06-14 19:43:51, tokens_remaining: 795, call: scores, phase: playing
2026-06-14 19:43:52, tokens_remaining: 794, call: scores, phase: playing
2026-06-14 19:43:52, tokens_remaining: 794, call: scores, phase: playing
2026-06-14 19:43:52, tokens_remaining: 793, call: events, phase: playing
2026-06-14 19:43:53, tokens_remaining: 794, call: scores, phase: playing
2026-06-14 19:43:53, tokens_remaining: 794, call: scores, phase: playing
2026-06-14 19:43:53, tokens_remaining: 792, call: scores, phase: playing
2026-06-14 19:43:53, tokens_remaining: 792, call: scores, phase: playing
2026-06-14 19:43:53, tokens_remaining: 792, call: scores, phase: playing
2026-06-14 19:43:54, tokens_remaining: 792, call: scores, phase: playing
2026-06-14 19:43:54, tokens_remaining: 792, call: scores, phase: playing
2026-06-14 19:43:54, tokens_remaining: 792, call: scores, phase: playing
2026-06-14 19:43:54, tokens_remaining: 792, call: scores, phase: playing
2026-06-14 19:43:54, tokens_remaining: 791, call: events, phase: playing
2026-06-14 19:43:55, tokens_remaining: 790, call: scores, phase: playing
2026-06-14 19:43:55, tokens_remaining: 790, call: scores, phase: playing
2026-06-14 19:43:55, tokens_remaining: 790, call: scores, phase: playing
2026-06-14 19:43:55, tokens_remaining: 790, call: scores, phase: playing
2026-06-14 19:43:55, tokens_remaining: 790, call: scores, phase: playing
2026-06-14 19:43:56, tokens_remaining: 790, call: scores, phase: playing
2026-06-14 19:43:56, tokens_remaining: 790, call: scores, phase: playing
2026-06-14 19:43:56, tokens_remaining: 789, call: scores, phase: playing
2026-06-14 19:43:56, tokens_remaining: 789, call: scores, phase: playing
2026-06-14 19:43:57, tokens_remaining: 788, call: events, phase: playing
2026-06-14 19:43:57, tokens_remaining: 789, call: scores, phase: playing
2026-06-14 19:43:57, tokens_remaining: 789, call: scores, phase: playing
2026-06-14 19:43:57, tokens_remaining: 787, call: scores, phase: playing
2026-06-14 19:43:58, tokens_remaining: 787, call: scores, phase: playing
2026-06-14 19:43:58, tokens_remaining: 787, call: scores, phase: playing
2026-06-14 19:43:58, tokens_remaining: 787, call: scores, phase: playing
2026-06-14 19:43:58, tokens_remaining: 787, call: scores, phase: playing
2026-06-14 19:43:58, tokens_remaining: 787, call: scores, phase: playing
2026-06-14 19:43:58, tokens_remaining: 787, call: scores, phase: playing
2026-06-14 19:43:59, tokens_remaining: 786, call: events, phase: playing
2026-06-14 19:43:59, tokens_remaining: 785, call: scores, phase: playing
2026-06-14 19:43:59, tokens_remaining: 785, call: scores, phase: playing
2026-06-14 19:44:00, tokens_remaining: 785, call: scores, phase: playing
2026-06-14 19:44:00, tokens_remaining: 785, call: scores, phase: playing
2026-06-14 19:44:00, tokens_remaining: 785, call: scores, phase: playing
2026-06-14 19:44:00, tokens_remaining: 785, call: scores, phase: playing
2026-06-14 19:44:00, tokens_remaining: 785, call: scores, phase: playing
2026-06-14 19:44:01, tokens_remaining: 784, call: scores, phase: playing
2026-06-14 19:44:01, tokens_remaining: 784, call: scores, phase: playing
2026-06-14 19:44:01, tokens_remaining: 783, call: events, phase: playing
2026-06-14 19:44:01, tokens_remaining: 784, call: scores, phase: playing
2026-06-14 19:44:01, tokens_remaining: 784, call: scores, phase: playing
2026-06-14 19:44:02, tokens_remaining: 782, call: scores, phase: playing
2026-06-14 19:44:02, tokens_remaining: 782, call: scores, phase: playing
2026-06-14 19:44:02, tokens_remaining: 782, call: scores, phase: playing
2026-06-14 19:44:02, tokens_remaining: 782, call: scores, phase: playing
2026-06-14 19:44:02, tokens_remaining: 782, call: scores, phase: playing
2026-06-14 19:44:03, tokens_remaining: 782, call: scores, phase: playing
2026-06-14 19:44:03, tokens_remaining: 782, call: scores, phase: playing
2026-06-14 19:44:03, tokens_remaining: 781, call: events, phase: playing
2026-06-14 19:44:04, tokens_remaining: 780, call: scores, phase: playing
2026-06-14 19:44:04, tokens_remaining: 780, call: scores, phase: playing
2026-06-14 19:44:04, tokens_remaining: 780, call: scores, phase: playing
2026-06-14 19:44:04, tokens_remaining: 780, call: scores, phase: playing
2026-06-14 19:44:04, tokens_remaining: 780, call: scores, phase: playing
2026-06-14 19:44:04, tokens_remaining: 780, call: scores, phase: playing
2026-06-14 19:44:04, tokens_remaining: 780, call: scores, phase: playing
2026-06-14 19:44:05, tokens_remaining: 779, call: scores, phase: playing
2026-06-14 19:44:05, tokens_remaining: 779, call: scores, phase: playing
2026-06-14 19:44:05, tokens_remaining: 778, call: events, phase: playing
2026-06-14 19:44:06, tokens_remaining: 779, call: scores, phase: playing
2026-06-14 19:44:06, tokens_remaining: 779, call: scores, phase: playing
2026-06-14 19:44:06, tokens_remaining: 777, call: scores, phase: playing
2026-06-14 19:44:06, tokens_remaining: 777, call: scores, phase: playing
2026-06-14 19:44:06, tokens_remaining: 777, call: scores, phase: playing
2026-06-14 19:44:07, tokens_remaining: 777, call: scores, phase: playing
2026-06-14 19:44:07, tokens_remaining: 777, call: scores, phase: playing
2026-06-14 19:44:07, tokens_remaining: 777, call: scores, phase: playing
2026-06-14 19:44:07, tokens_remaining: 777, call: scores, phase: playing
2026-06-14 19:44:07, tokens_remaining: 776, call: events, phase: playing
2026-06-14 19:44:08, tokens_remaining: 775, call: scores, phase: playing
2026-06-14 19:44:08, tokens_remaining: 775, call: scores, phase: playing
2026-06-14 19:44:08, tokens_remaining: 775, call: scores, phase: playing
2026-06-14 19:44:08, tokens_remaining: 775, call: scores, phase: playing
2026-06-14 19:44:08, tokens_remaining: 775, call: scores, phase: playing
2026-06-14 19:44:09, tokens_remaining: 775, call: scores, phase: playing
2026-06-14 19:44:09, tokens_remaining: 775, call: scores, phase: playing
2026-06-14 19:44:09, tokens_remaining: 774, call: scores, phase: playing
2026-06-14 19:44:09, tokens_remaining: 774, call: scores, phase: playing
2026-06-14 19:44:10, tokens_remaining: 773, call: events, phase: playing
2026-06-14 19:44:10, tokens_remaining: 774, call: scores, phase: playing
2026-06-14 19:44:10, tokens_remaining: 774, call: scores, phase: playing
2026-06-14 19:44:11, tokens_remaining: 772, call: scores, phase: playing
2026-06-14 19:44:11, tokens_remaining: 772, call: scores, phase: playing
2026-06-14 19:44:11, tokens_remaining: 772, call: scores, phase: playing
2026-06-14 19:44:11, tokens_remaining: 772, call: scores, phase: playing
2026-06-14 19:44:11, tokens_remaining: 772, call: scores, phase: playing
2026-06-14 19:44:11, tokens_remaining: 772, call: scores, phase: playing
2026-06-14 19:44:11, tokens_remaining: 772, call: scores, phase: playing
2026-06-14 19:44:12, tokens_remaining: 771, call: events, phase: playing
2026-06-14 19:44:12, tokens_remaining: 770, call: scores, phase: playing
2026-06-14 19:44:12, tokens_remaining: 770, call: scores, phase: playing
2026-06-14 19:44:13, tokens_remaining: 770, call: scores, phase: playing
2026-06-14 19:44:13, tokens_remaining: 770, call: scores, phase: playing
2026-06-14 19:44:13, tokens_remaining: 770, call: scores, phase: playing
2026-06-14 19:44:13, tokens_remaining: 770, call: scores, phase: playing
2026-06-14 19:44:13, tokens_remaining: 770, call: scores, phase: playing
2026-06-14 19:44:14, tokens_remaining: 769, call: scores, phase: playing
2026-06-14 19:44:14, tokens_remaining: 769, call: scores, phase: playing
2026-06-14 19:44:14, tokens_remaining: 768, call: events, phase: playing
2026-06-14 19:44:14, tokens_remaining: 769, call: scores, phase: playing
2026-06-14 19:44:14, tokens_remaining: 769, call: scores, phase: playing
2026-06-14 19:44:15, tokens_remaining: 767, call: scores, phase: playing
2026-06-14 19:44:15, tokens_remaining: 767, call: scores, phase: playing
2026-06-14 19:44:15, tokens_remaining: 767, call: scores, phase: playing
2026-06-14 19:44:15, tokens_remaining: 767, call: scores, phase: playing
2026-06-14 19:44:15, tokens_remaining: 767, call: scores, phase: playing
2026-06-14 19:44:16, tokens_remaining: 767, call: scores, phase: playing
2026-06-14 19:44:16, tokens_remaining: 767, call: scores, phase: playing
2026-06-14 19:44:16, tokens_remaining: 766, call: events, phase: playing
2026-06-14 19:44:17, tokens_remaining: 765, call: scores, phase: playing
2026-06-14 19:44:17, tokens_remaining: 765, call: scores, phase: playing
2026-06-14 19:44:17, tokens_remaining: 765, call: scores, phase: playing
2026-06-14 19:44:17, tokens_remaining: 765, call: scores, phase: playing
2026-06-14 19:44:17, tokens_remaining: 765, call: scores, phase: playing
2026-06-14 19:44:17, tokens_remaining: 765, call: scores, phase: playing
2026-06-14 19:44:17, tokens_remaining: 765, call: scores, phase: playing
2026-06-14 19:44:18, tokens_remaining: 764, call: scores, phase: playing
2026-06-14 19:44:18, tokens_remaining: 764, call: scores, phase: playing
2026-06-14 19:44:18, tokens_remaining: 763, call: events, phase: playing
2026-06-14 19:44:19, tokens_remaining: 764, call: scores, phase: playing
2026-06-14 19:44:19, tokens_remaining: 764, call: scores, phase: playing
2026-06-14 19:44:19, tokens_remaining: 762, call: scores, phase: playing
2026-06-14 19:44:19, tokens_remaining: 762, call: scores, phase: playing
2026-06-14 19:44:19, tokens_remaining: 762, call: scores, phase: playing
2026-06-14 19:44:20, tokens_remaining: 762, call: scores, phase: playing
2026-06-14 19:44:20, tokens_remaining: 762, call: scores, phase: playing
2026-06-14 19:44:20, tokens_remaining: 762, call: scores, phase: playing
2026-06-14 19:44:20, tokens_remaining: 762, call: scores, phase: playing
2026-06-14 19:44:21, tokens_remaining: 761, call: events, phase: playing
2026-06-14 19:44:21, tokens_remaining: 760, call: scores, phase: playing
2026-06-14 19:44:21, tokens_remaining: 760, call: scores, phase: playing
2026-06-14 19:44:21, tokens_remaining: 760, call: scores, phase: playing
2026-06-14 19:44:21, tokens_remaining: 760, call: scores, phase: playing
2026-06-14 19:44:22, tokens_remaining: 760, call: scores, phase: playing
2026-06-14 19:44:22, tokens_remaining: 760, call: scores, phase: playing
2026-06-14 19:44:22, tokens_remaining: 760, call: scores, phase: playing
2026-06-14 19:44:22, tokens_remaining: 759, call: scores, phase: playing
2026-06-14 19:44:22, tokens_remaining: 759, call: scores, phase: playing
2026-06-14 19:44:23, tokens_remaining: 758, call: events, phase: playing
2026-06-14 19:44:23, tokens_remaining: 759, call: scores, phase: playing
2026-06-14 19:44:23, tokens_remaining: 759, call: scores, phase: playing
2026-06-14 19:44:23, tokens_remaining: 757, call: scores, phase: playing
2026-06-14 19:44:24, tokens_remaining: 757, call: scores, phase: playing
2026-06-14 19:44:24, tokens_remaining: 757, call: scores, phase: playing
2026-06-14 19:44:24, tokens_remaining: 757, call: scores, phase: playing
2026-06-14 19:44:24, tokens_remaining: 757, call: scores, phase: playing
2026-06-14 19:44:24, tokens_remaining: 757, call: scores, phase: playing
2026-06-14 19:44:24, tokens_remaining: 757, call: scores, phase: playing
2026-06-14 19:44:25, tokens_remaining: 756, call: events, phase: playing
2026-06-14 19:44:25, tokens_remaining: 755, call: scores, phase: playing
2026-06-14 19:44:25, tokens_remaining: 755, call: scores, phase: playing
2026-06-14 19:44:25, tokens_remaining: 755, call: scores, phase: playing
2026-06-14 19:44:26, tokens_remaining: 755, call: scores, phase: playing
2026-06-14 19:44:26, tokens_remaining: 755, call: scores, phase: playing
2026-06-14 19:44:26, tokens_remaining: 755, call: scores, phase: playing
2026-06-14 19:44:26, tokens_remaining: 755, call: scores, phase: playing
2026-06-14 19:44:26, tokens_remaining: 754, call: scores, phase: playing
2026-06-14 19:44:27, tokens_remaining: 754, call: scores, phase: playing
2026-06-14 19:44:27, tokens_remaining: 753, call: events, phase: playing
2026-06-14 19:44:27, tokens_remaining: 754, call: scores, phase: playing
2026-06-14 19:44:27, tokens_remaining: 754, call: scores, phase: playing
2026-06-14 19:44:28, tokens_remaining: 752, call: scores, phase: playing
2026-06-14 19:44:28, tokens_remaining: 752, call: scores, phase: playing
2026-06-14 19:44:28, tokens_remaining: 752, call: scores, phase: playing
2026-06-14 19:44:28, tokens_remaining: 752, call: scores, phase: playing
2026-06-14 19:44:28, tokens_remaining: 752, call: scores, phase: playing
2026-06-14 19:44:28, tokens_remaining: 752, call: scores, phase: playing
2026-06-14 19:44:29, tokens_remaining: 752, call: scores, phase: playing
2026-06-14 19:44:29, tokens_remaining: 751, call: events, phase: playing
2026-06-14 19:44:29, tokens_remaining: 750, call: scores, phase: playing
2026-06-14 19:44:30, tokens_remaining: 750, call: scores, phase: playing
2026-06-14 19:44:30, tokens_remaining: 750, call: scores, phase: playing
2026-06-14 19:44:30, tokens_remaining: 750, call: scores, phase: playing
2026-06-14 19:44:30, tokens_remaining: 750, call: scores, phase: playing
2026-06-14 19:44:30, tokens_remaining: 750, call: scores, phase: playing
2026-06-14 19:44:30, tokens_remaining: 750, call: scores, phase: playing
2026-06-14 19:44:31, tokens_remaining: 749, call: scores, phase: playing
2026-06-14 19:44:31, tokens_remaining: 749, call: scores, phase: playing
2026-06-14 19:44:31, tokens_remaining: 748, call: events, phase: playing
2026-06-14 19:44:32, tokens_remaining: 749, call: scores, phase: playing
2026-06-14 19:44:32, tokens_remaining: 749, call: scores, phase: playing
2026-06-14 19:44:32, tokens_remaining: 747, call: scores, phase: playing
2026-06-14 19:44:32, tokens_remaining: 747, call: scores, phase: playing
2026-06-14 19:44:32, tokens_remaining: 747, call: scores, phase: playing
2026-06-14 19:44:32, tokens_remaining: 747, call: scores, phase: playing
2026-06-14 19:44:33, tokens_remaining: 747, call: scores, phase: playing
2026-06-14 19:44:33, tokens_remaining: 747, call: scores, phase: playing
2026-06-14 19:44:33, tokens_remaining: 747, call: scores, phase: playing
2026-06-14 19:44:33, tokens_remaining: 746, call: events, phase: playing
2026-06-14 19:44:34, tokens_remaining: 745, call: scores, phase: playing
2026-06-14 19:44:34, tokens_remaining: 745, call: scores, phase: playing
2026-06-14 19:44:34, tokens_remaining: 745, call: scores, phase: playing
2026-06-14 19:44:34, tokens_remaining: 745, call: scores, phase: playing
2026-06-14 19:44:34, tokens_remaining: 745, call: scores, phase: playing
2026-06-14 19:44:35, tokens_remaining: 745, call: scores, phase: playing
2026-06-14 19:44:35, tokens_remaining: 745, call: scores, phase: playing
