2026-06-16 15:39:24, tokens_remaining: 992, call: events, phase: idle
2026-06-16 15:39:24, EVENT: GOAL 66' Kylian Mbappé (1-0) [France vs Senegal]
2026-06-16 15:39:24, EVENT: EVENT_10 60' Kylian Mbappé [France vs Senegal]
2026-06-16 15:39:24, STATE_CHANGE: France vs Senegal [— -> 2H]
2026-06-16 15:39:26, tokens_remaining: 991, call: scores, phase: playing
2026-06-16 15:39:26, tokens_remaining: 991, call: scores, phase: playing
2026-06-16 15:39:26, tokens_remaining: 991, call: scores, phase: playing
2026-06-16 15:39:27, tokens_remaining: 990, call: scores, phase: playing
2026-06-16 15:39:27, tokens_remaining: 990, call: scores, phase: playing
2026-06-16 15:39:28, tokens_remaining: 990, call: scores, phase: playing
2026-06-16 15:39:28, tokens_remaining: 989, call: scores, phase: playing
2026-06-16 15:39:28, tokens_remaining: 989, call: scores, phase: playing
2026-06-16 15:39:29, tokens_remaining: 988, call: events, phase: playing
2026-06-16 15:39:30, tokens_remaining: 987, call: scores, phase: playing
2026-06-16 15:39:30, tokens_remaining: 987, call: scores, phase: playing
2026-06-16 15:39:30, tokens_remaining: 987, call: scores, phase: playing
2026-06-16 15:39:31, tokens_remaining: 987, call: scores, phase: playing
2026-06-16 15:39:31, tokens_remaining: 986, call: scores, phase: playing
2026-06-16 15:39:32, tokens_remaining: 986, call: scores, phase: playing
2026-06-16 15:39:32, tokens_remaining: 986, call: scores, phase: playing
2026-06-16 15:39:32, tokens_remaining: 986, call: scores, phase: playing
2026-06-16 15:39:33, tokens_remaining: 985, call: scores, phase: playing
2026-06-16 15:39:33, tokens_remaining: 984, call: events, phase: playing
2026-06-16 15:39:34, tokens_remaining: 985, call: scores, phase: playing
2026-06-16 15:39:34, tokens_remaining: 983, call: scores, phase: playing
2026-06-16 15:39:35, tokens_remaining: 983, call: scores, phase: playing
2026-06-16 15:39:35, tokens_remaining: 983, call: scores, phase: playing
2026-06-16 15:39:35, tokens_remaining: 983, call: scores, phase: playing
2026-06-16 15:39:36, tokens_remaining: 982, call: scores, phase: playing
2026-06-16 15:39:36, tokens_remaining: 982, call: scores, phase: playing
2026-06-16 15:39:36, tokens_remaining: 982, call: scores, phase: playing
2026-06-16 15:39:37, tokens_remaining: 982, call: scores, phase: playing
2026-06-16 15:39:37, tokens_remaining: 981, call: events, phase: playing
2026-06-16 15:39:38, tokens_remaining: 980, call: scores, phase: playing
2026-06-16 15:39:38, tokens_remaining: 980, call: scores, phase: playing
2026-06-16 15:39:39, tokens_remaining: 980, call: scores, phase: playing
2026-06-16 15:39:39, tokens_remaining: 980, call: scores, phase: playing
2026-06-16 15:39:39, tokens_remaining: 979, call: scores, phase: playing
2026-06-16 15:39:40, tokens_remaining: 979, call: scores, phase: playing
2026-06-16 15:39:40, tokens_remaining: 979, call: scores, phase: playing
2026-06-16 15:39:40, tokens_remaining: 979, call: scores, phase: playing
2026-06-16 15:39:41, tokens_remaining: 978, call: scores, phase: playing
2026-06-16 15:39:42, tokens_remaining: 977, call: events, phase: playing
2026-06-16 15:39:42, tokens_remaining: 978, call: scores, phase: playing
2026-06-16 15:39:42, tokens_remaining: 976, call: scores, phase: playing
2026-06-16 15:39:43, tokens_remaining: 976, call: scores, phase: playing
2026-06-16 15:39:43, tokens_remaining: 976, call: scores, phase: playing
2026-06-16 15:39:43, tokens_remaining: 976, call: scores, phase: playing
2026-06-16 15:39:44, tokens_remaining: 975, call: scores, phase: playing
2026-06-16 15:39:44, tokens_remaining: 975, call: scores, phase: playing
2026-06-16 15:39:45, tokens_remaining: 975, call: scores, phase: playing
2026-06-16 15:39:45, tokens_remaining: 975, call: scores, phase: playing
2026-06-16 15:39:45, tokens_remaining: 974, call: events, phase: playing
2026-06-16 15:39:46, tokens_remaining: 973, call: scores, phase: playing
2026-06-16 15:39:46, tokens_remaining: 973, call: scores, phase: playing
2026-06-16 15:39:47, tokens_remaining: 973, call: scores, phase: playing
2026-06-16 15:39:47, tokens_remaining: 973, call: scores, phase: playing
2026-06-16 15:39:47, tokens_remaining: 972, call: scores, phase: playing
2026-06-16 15:39:48, tokens_remaining: 972, call: scores, phase: playing
2026-06-16 15:39:48, tokens_remaining: 972, call: scores, phase: playing
2026-06-16 15:39:48, tokens_remaining: 972, call: scores, phase: playing
2026-06-16 15:39:49, tokens_remaining: 971, call: scores, phase: playing
2026-06-16 15:39:50, tokens_remaining: 970, call: events, phase: playing
2026-06-16 15:39:50, tokens_remaining: 971, call: scores, phase: playing
2026-06-16 15:39:50, tokens_remaining: 969, call: scores, phase: playing
2026-06-16 15:39:51, tokens_remaining: 969, call: scores, phase: playing
2026-06-16 15:39:51, tokens_remaining: 969, call: scores, phase: playing
2026-06-16 15:39:51, tokens_remaining: 969, call: scores, phase: playing
2026-06-16 15:39:52, tokens_remaining: 968, call: scores, phase: playing
2026-06-16 15:39:52, tokens_remaining: 968, call: scores, phase: playing
2026-06-16 15:39:52, tokens_remaining: 968, call: scores, phase: playing
2026-06-16 15:39:53, tokens_remaining: 968, call: scores, phase: playing
2026-06-16 15:39:53, tokens_remaining: 967, call: events, phase: playing
2026-06-16 15:39:54, tokens_remaining: 966, call: scores, phase: playing
2026-06-16 15:39:54, tokens_remaining: 966, call: scores, phase: playing
2026-06-16 15:39:54, tokens_remaining: 966, call: scores, phase: playing
2026-06-16 15:39:55, tokens_remaining: 966, call: scores, phase: playing
2026-06-16 15:39:56, tokens_remaining: 965, call: scores, phase: playing
2026-06-16 15:39:57, tokens_remaining: 964, call: scores, phase: playing
2026-06-16 15:39:57, tokens_remaining: 964, call: scores, phase: playing
2026-06-16 15:39:57, tokens_remaining: 964, call: scores, phase: playing
2026-06-16 15:39:57, tokens_remaining: 964, call: scores, phase: playing
2026-06-16 15:39:58, tokens_remaining: 963, call: events, phase: playing
2026-06-16 15:39:58, EVENT: SUBSTITUTION 75' Ibrahim Mbaye [France vs Senegal]
2026-06-16 15:39:58, EVENT: SUBSTITUTION 76' Habib Diarra [France vs Senegal]
2026-06-16 15:39:59, tokens_remaining: 962, call: scores, phase: playing
2026-06-16 15:39:59, tokens_remaining: 962, call: scores, phase: playing
2026-06-16 15:39:59, tokens_remaining: 962, call: scores, phase: playing
2026-06-16 15:40:00, tokens_remaining: 962, call: scores, phase: playing
2026-06-16 15:40:00, tokens_remaining: 961, call: scores, phase: playing
2026-06-16 15:40:00, tokens_remaining: 961, call: scores, phase: playing
2026-06-16 15:40:01, tokens_remaining: 961, call: scores, phase: playing
2026-06-16 15:40:01, tokens_remaining: 961, call: scores, phase: playing
2026-06-16 15:40:01, tokens_remaining: 960, call: scores, phase: playing
2026-06-16 15:40:02, tokens_remaining: 959, call: events, phase: playing
2026-06-16 15:40:02, tokens_remaining: 960, call: scores, phase: playing
2026-06-16 15:40:03, tokens_remaining: 958, call: scores, phase: playing
2026-06-16 15:40:03, tokens_remaining: 958, call: scores, phase: playing
2026-06-16 15:40:04, tokens_remaining: 958, call: scores, phase: playing
2026-06-16 15:40:04, tokens_remaining: 958, call: scores, phase: playing
2026-06-16 15:40:04, tokens_remaining: 957, call: scores, phase: playing
2026-06-16 15:40:05, tokens_remaining: 957, call: scores, phase: playing
2026-06-16 15:40:05, tokens_remaining: 957, call: scores, phase: playing
2026-06-16 15:40:05, tokens_remaining: 957, call: scores, phase: playing
2026-06-16 15:40:06, tokens_remaining: 956, call: events, phase: playing
2026-06-16 15:40:06, tokens_remaining: 955, call: scores, phase: playing
2026-06-16 15:40:07, tokens_remaining: 955, call: scores, phase: playing
2026-06-16 15:40:07, tokens_remaining: 955, call: scores, phase: playing
2026-06-16 15:40:07, tokens_remaining: 955, call: scores, phase: playing
2026-06-16 15:40:08, tokens_remaining: 954, call: scores, phase: playing
2026-06-16 15:40:08, tokens_remaining: 954, call: scores, phase: playing
2026-06-16 15:40:09, tokens_remaining: 954, call: scores, phase: playing
2026-06-16 15:40:09, tokens_remaining: 954, call: scores, phase: playing
2026-06-16 15:40:09, tokens_remaining: 953, call: scores, phase: playing
2026-06-16 15:40:10, tokens_remaining: 952, call: events, phase: playing
2026-06-16 15:40:10, tokens_remaining: 953, call: scores, phase: playing
2026-06-16 15:40:11, tokens_remaining: 951, call: scores, phase: playing
2026-06-16 15:40:11, tokens_remaining: 951, call: scores, phase: playing
2026-06-16 15:40:11, tokens_remaining: 951, call: scores, phase: playing
2026-06-16 15:40:12, tokens_remaining: 951, call: scores, phase: playing
2026-06-16 15:40:12, tokens_remaining: 950, call: scores, phase: playing
2026-06-16 15:40:13, tokens_remaining: 950, call: scores, phase: playing
2026-06-16 15:40:13, tokens_remaining: 950, call: scores, phase: playing
2026-06-16 15:40:13, tokens_remaining: 950, call: scores, phase: playing
2026-06-16 15:40:14, tokens_remaining: 949, call: events, phase: playing
2026-06-16 15:40:14, tokens_remaining: 948, call: scores, phase: playing
2026-06-16 15:40:15, tokens_remaining: 948, call: scores, phase: playing
2026-06-16 15:40:15, tokens_remaining: 948, call: scores, phase: playing
2026-06-16 15:40:15, tokens_remaining: 948, call: scores, phase: playing
2026-06-16 15:40:16, tokens_remaining: 947, call: scores, phase: playing
2026-06-16 15:40:16, tokens_remaining: 947, call: scores, phase: playing
2026-06-16 15:40:16, tokens_remaining: 947, call: scores, phase: playing
2026-06-16 15:40:17, tokens_remaining: 947, call: scores, phase: playing
2026-06-16 15:40:17, tokens_remaining: 946, call: scores, phase: playing
2026-06-16 15:40:18, tokens_remaining: 945, call: events, phase: playing
2026-06-16 15:40:18, tokens_remaining: 946, call: scores, phase: playing
2026-06-16 15:40:18, tokens_remaining: 944, call: scores, phase: playing
2026-06-16 15:40:19, tokens_remaining: 944, call: scores, phase: playing
2026-06-16 15:40:19, tokens_remaining: 944, call: scores, phase: playing
2026-06-16 15:40:19, tokens_remaining: 944, call: scores, phase: playing
2026-06-16 15:40:20, tokens_remaining: 943, call: scores, phase: playing
2026-06-16 15:40:20, tokens_remaining: 943, call: scores, phase: playing
2026-06-16 15:40:20, tokens_remaining: 943, call: scores, phase: playing
2026-06-16 15:40:21, tokens_remaining: 943, call: scores, phase: playing
2026-06-16 15:40:21, tokens_remaining: 942, call: events, phase: playing
2026-06-16 15:40:22, tokens_remaining: 941, call: scores, phase: playing
2026-06-16 15:40:22, tokens_remaining: 941, call: scores, phase: playing
2026-06-16 15:40:22, tokens_remaining: 941, call: scores, phase: playing
2026-06-16 15:40:23, tokens_remaining: 941, call: scores, phase: playing
2026-06-16 15:40:23, tokens_remaining: 940, call: scores, phase: playing
2026-06-16 15:40:23, tokens_remaining: 940, call: scores, phase: playing
2026-06-16 15:40:24, tokens_remaining: 940, call: scores, phase: playing
2026-06-16 15:40:24, tokens_remaining: 940, call: scores, phase: playing
2026-06-16 15:40:25, tokens_remaining: 939, call: scores, phase: playing
2026-06-16 15:40:25, tokens_remaining: 938, call: events, phase: playing
2026-06-16 15:40:25, tokens_remaining: 939, call: scores, phase: playing
2026-06-16 15:40:26, tokens_remaining: 937, call: scores, phase: playing
2026-06-16 15:40:26, tokens_remaining: 937, call: scores, phase: playing
2026-06-16 15:40:27, tokens_remaining: 937, call: scores, phase: playing
2026-06-16 15:40:27, tokens_remaining: 937, call: scores, phase: playing
2026-06-16 15:40:27, tokens_remaining: 936, call: scores, phase: playing
2026-06-16 15:40:28, tokens_remaining: 936, call: scores, phase: playing
2026-06-16 15:40:28, tokens_remaining: 936, call: scores, phase: playing
2026-06-16 15:40:28, tokens_remaining: 936, call: scores, phase: playing
2026-06-16 15:40:29, tokens_remaining: 935, call: events, phase: playing
2026-06-16 15:40:29, tokens_remaining: 934, call: scores, phase: playing
2026-06-16 15:40:30, tokens_remaining: 934, call: scores, phase: playing
2026-06-16 15:40:30, tokens_remaining: 934, call: scores, phase: playing
2026-06-16 15:40:30, tokens_remaining: 934, call: scores, phase: playing
2026-06-16 15:40:31, tokens_remaining: 933, call: scores, phase: playing
2026-06-16 15:40:31, tokens_remaining: 933, call: scores, phase: playing
2026-06-16 15:40:31, tokens_remaining: 933, call: scores, phase: playing
2026-06-16 15:40:31, tokens_remaining: 933, call: scores, phase: playing
2026-06-16 15:40:32, tokens_remaining: 932, call: scores, phase: playing
2026-06-16 15:40:33, tokens_remaining: 931, call: events, phase: playing
2026-06-16 15:40:33, tokens_remaining: 932, call: scores, phase: playing
2026-06-16 15:40:33, tokens_remaining: 930, call: scores, phase: playing
2026-06-16 15:40:34, tokens_remaining: 930, call: scores, phase: playing
2026-06-16 15:40:34, tokens_remaining: 930, call: scores, phase: playing
2026-06-16 15:40:34, tokens_remaining: 930, call: scores, phase: playing
2026-06-16 15:40:35, tokens_remaining: 929, call: scores, phase: playing
2026-06-16 15:40:35, tokens_remaining: 929, call: scores, phase: playing
2026-06-16 15:40:35, tokens_remaining: 929, call: scores, phase: playing
2026-06-16 15:40:35, tokens_remaining: 929, call: scores, phase: playing
2026-06-16 15:40:36, tokens_remaining: 928, call: events, phase: playing
2026-06-16 15:40:37, tokens_remaining: 927, call: scores, phase: playing
2026-06-16 15:40:37, tokens_remaining: 927, call: scores, phase: playing
2026-06-16 15:40:37, tokens_remaining: 927, call: scores, phase: playing
2026-06-16 15:40:37, tokens_remaining: 927, call: scores, phase: playing
2026-06-16 15:40:38, tokens_remaining: 926, call: scores, phase: playing
2026-06-16 15:40:38, tokens_remaining: 926, call: scores, phase: playing
2026-06-16 15:40:38, tokens_remaining: 926, call: scores, phase: playing
2026-06-16 15:40:39, tokens_remaining: 926, call: scores, phase: playing
2026-06-16 15:40:39, tokens_remaining: 925, call: scores, phase: playing
2026-06-16 15:40:40, tokens_remaining: 924, call: events, phase: playing
2026-06-16 15:40:40, tokens_remaining: 925, call: scores, phase: playing
2026-06-16 15:40:41, tokens_remaining: 923, call: scores, phase: playing
2026-06-16 15:40:41, tokens_remaining: 923, call: scores, phase: playing
2026-06-16 15:40:41, tokens_remaining: 923, call: scores, phase: playing
2026-06-16 15:40:41, tokens_remaining: 923, call: scores, phase: playing
2026-06-16 15:40:42, tokens_remaining: 922, call: scores, phase: playing
2026-06-16 15:40:42, tokens_remaining: 922, call: scores, phase: playing
2026-06-16 15:40:42, tokens_remaining: 922, call: scores, phase: playing
2026-06-16 15:40:43, tokens_remaining: 922, call: scores, phase: playing
2026-06-16 15:40:43, tokens_remaining: 921, call: events, phase: playing
2026-06-16 15:40:44, tokens_remaining: 920, call: scores, phase: playing
2026-06-16 15:40:44, tokens_remaining: 920, call: scores, phase: playing
2026-06-16 15:40:44, tokens_remaining: 920, call: scores, phase: playing
2026-06-16 15:40:44, tokens_remaining: 920, call: scores, phase: playing
2026-06-16 15:40:45, tokens_remaining: 919, call: scores, phase: playing
2026-06-16 15:40:45, tokens_remaining: 919, call: scores, phase: playing
2026-06-16 15:40:46, tokens_remaining: 919, call: scores, phase: playing
2026-06-16 15:40:46, tokens_remaining: 919, call: scores, phase: playing
2026-06-16 15:40:46, tokens_remaining: 918, call: scores, phase: playing
2026-06-16 15:40:47, tokens_remaining: 917, call: events, phase: playing
2026-06-16 15:40:47, tokens_remaining: 918, call: scores, phase: playing
2026-06-16 15:40:48, tokens_remaining: 916, call: scores, phase: playing
2026-06-16 15:40:48, tokens_remaining: 916, call: scores, phase: playing
2026-06-16 15:40:48, tokens_remaining: 916, call: scores, phase: playing
2026-06-16 15:40:48, tokens_remaining: 916, call: scores, phase: playing
2026-06-16 15:40:49, tokens_remaining: 915, call: scores, phase: playing
2026-06-16 15:40:49, tokens_remaining: 915, call: scores, phase: playing
2026-06-16 15:40:49, tokens_remaining: 915, call: scores, phase: playing
2026-06-16 15:40:50, tokens_remaining: 915, call: scores, phase: playing
2026-06-16 15:40:50, tokens_remaining: 914, call: events, phase: playing
2026-06-16 15:40:51, tokens_remaining: 913, call: scores, phase: playing
2026-06-16 15:40:51, tokens_remaining: 913, call: scores, phase: playing
2026-06-16 15:40:51, tokens_remaining: 913, call: scores, phase: playing
2026-06-16 15:40:52, tokens_remaining: 913, call: scores, phase: playing
2026-06-16 15:40:52, tokens_remaining: 912, call: scores, phase: playing
2026-06-16 15:40:52, tokens_remaining: 912, call: scores, phase: playing
2026-06-16 15:40:53, tokens_remaining: 912, call: scores, phase: playing
2026-06-16 15:40:53, tokens_remaining: 912, call: scores, phase: playing
2026-06-16 15:40:53, tokens_remaining: 911, call: scores, phase: playing
2026-06-16 15:40:54, tokens_remaining: 910, call: events, phase: playing
2026-06-16 15:40:54, tokens_remaining: 911, call: scores, phase: playing
2026-06-16 15:40:55, tokens_remaining: 909, call: scores, phase: playing
2026-06-16 15:40:55, tokens_remaining: 909, call: scores, phase: playing
2026-06-16 15:40:55, tokens_remaining: 909, call: scores, phase: playing
2026-06-16 15:40:55, tokens_remaining: 909, call: scores, phase: playing
2026-06-16 15:40:56, tokens_remaining: 908, call: scores, phase: playing
2026-06-16 15:40:56, tokens_remaining: 908, call: scores, phase: playing
2026-06-16 15:40:56, tokens_remaining: 908, call: scores, phase: playing
2026-06-16 15:40:57, tokens_remaining: 908, call: scores, phase: playing
2026-06-16 15:40:57, tokens_remaining: 907, call: events, phase: playing
2026-06-16 15:40:58, tokens_remaining: 906, call: scores, phase: playing
2026-06-16 15:40:58, tokens_remaining: 906, call: scores, phase: playing
2026-06-16 15:40:58, tokens_remaining: 906, call: scores, phase: playing
2026-06-16 15:40:58, tokens_remaining: 906, call: scores, phase: playing
2026-06-16 15:40:59, tokens_remaining: 905, call: scores, phase: playing
2026-06-16 15:40:59, tokens_remaining: 905, call: scores, phase: playing
2026-06-16 15:40:59, tokens_remaining: 905, call: scores, phase: playing
2026-06-16 15:41:00, tokens_remaining: 905, call: scores, phase: playing
2026-06-16 15:41:00, tokens_remaining: 905, call: scores, phase: playing
2026-06-16 15:41:00, tokens_remaining: 904, call: events, phase: playing
2026-06-16 15:41:01, tokens_remaining: 903, call: scores, phase: playing
2026-06-16 15:41:01, tokens_remaining: 903, call: scores, phase: playing
2026-06-16 15:41:01, tokens_remaining: 903, call: scores, phase: playing
2026-06-16 15:41:02, tokens_remaining: 903, call: scores, phase: playing
2026-06-16 15:41:02, tokens_remaining: 903, call: scores, phase: playing
2026-06-16 15:41:02, tokens_remaining: 902, call: scores, phase: playing
2026-06-16 15:41:03, tokens_remaining: 902, call: scores, phase: playing
2026-06-16 15:41:03, tokens_remaining: 902, call: scores, phase: playing
2026-06-16 15:41:03, tokens_remaining: 902, call: scores, phase: playing
2026-06-16 15:41:04, tokens_remaining: 901, call: events, phase: playing
2026-06-16 15:41:04, tokens_remaining: 900, call: scores, phase: playing
2026-06-16 15:41:04, tokens_remaining: 900, call: scores, phase: playing
2026-06-16 15:41:05, tokens_remaining: 900, call: scores, phase: playing
2026-06-16 15:41:05, tokens_remaining: 900, call: scores, phase: playing
2026-06-16 15:41:05, tokens_remaining: 900, call: scores, phase: playing
2026-06-16 15:41:06, tokens_remaining: 899, call: scores, phase: playing
2026-06-16 15:41:06, tokens_remaining: 899, call: scores, phase: playing
2026-06-16 15:41:06, tokens_remaining: 899, call: scores, phase: playing
2026-06-16 15:41:06, tokens_remaining: 899, call: scores, phase: playing
2026-06-16 15:41:07, tokens_remaining: 898, call: events, phase: playing
2026-06-16 15:41:07, tokens_remaining: 897, call: scores, phase: playing
2026-06-16 15:41:08, tokens_remaining: 897, call: scores, phase: playing
2026-06-16 15:41:08, tokens_remaining: 897, call: scores, phase: playing
2026-06-16 15:41:08, tokens_remaining: 897, call: scores, phase: playing
2026-06-16 15:41:08, tokens_remaining: 897, call: scores, phase: playing
2026-06-16 15:41:09, tokens_remaining: 896, call: scores, phase: playing
2026-06-16 15:41:09, tokens_remaining: 896, call: scores, phase: playing
2026-06-16 15:41:09, tokens_remaining: 896, call: scores, phase: playing
2026-06-16 15:41:10, tokens_remaining: 896, call: scores, phase: playing
2026-06-16 15:41:10, tokens_remaining: 895, call: events, phase: playing
2026-06-16 15:41:11, tokens_remaining: 894, call: scores, phase: playing
2026-06-16 15:41:11, tokens_remaining: 894, call: scores, phase: playing
2026-06-16 15:41:11, tokens_remaining: 894, call: scores, phase: playing
2026-06-16 15:41:11, tokens_remaining: 894, call: scores, phase: playing
2026-06-16 15:41:12, tokens_remaining: 894, call: scores, phase: playing
2026-06-16 15:41:12, tokens_remaining: 893, call: scores, phase: playing
2026-06-16 15:41:12, tokens_remaining: 893, call: scores, phase: playing
2026-06-16 15:41:13, tokens_remaining: 893, call: scores, phase: playing
2026-06-16 15:41:13, tokens_remaining: 893, call: scores, phase: playing
2026-06-16 15:41:13, tokens_remaining: 892, call: events, phase: playing
2026-06-16 15:41:14, tokens_remaining: 891, call: scores, phase: playing
2026-06-16 15:41:14, tokens_remaining: 891, call: scores, phase: playing
2026-06-16 15:41:14, tokens_remaining: 891, call: scores, phase: playing
2026-06-16 15:41:15, tokens_remaining: 891, call: scores, phase: playing
2026-06-16 15:41:15, tokens_remaining: 891, call: scores, phase: playing
2026-06-16 15:41:15, tokens_remaining: 890, call: scores, phase: playing
2026-06-16 15:41:15, tokens_remaining: 890, call: scores, phase: playing
2026-06-16 15:41:16, tokens_remaining: 890, call: scores, phase: playing
2026-06-16 15:41:16, tokens_remaining: 890, call: scores, phase: playing
2026-06-16 15:41:16, tokens_remaining: 889, call: events, phase: playing
2026-06-16 15:41:17, tokens_remaining: 888, call: scores, phase: playing
2026-06-16 15:41:17, tokens_remaining: 888, call: scores, phase: playing
2026-06-16 15:41:17, tokens_remaining: 888, call: scores, phase: playing
2026-06-16 15:41:18, tokens_remaining: 888, call: scores, phase: playing
2026-06-16 15:41:18, tokens_remaining: 888, call: scores, phase: playing
2026-06-16 15:41:18, tokens_remaining: 887, call: scores, phase: playing
2026-06-16 15:41:19, tokens_remaining: 887, call: scores, phase: playing
2026-06-16 15:41:19, tokens_remaining: 887, call: scores, phase: playing
2026-06-16 15:41:19, tokens_remaining: 887, call: scores, phase: playing
2026-06-16 15:41:20, tokens_remaining: 886, call: events, phase: playing
2026-06-16 15:41:20, tokens_remaining: 885, call: scores, phase: playing
2026-06-16 15:41:20, tokens_remaining: 885, call: scores, phase: playing
2026-06-16 15:41:20, tokens_remaining: 885, call: scores, phase: playing
2026-06-16 15:41:21, tokens_remaining: 885, call: scores, phase: playing
2026-06-16 15:41:21, tokens_remaining: 885, call: scores, phase: playing
2026-06-16 15:41:21, tokens_remaining: 884, call: scores, phase: playing
2026-06-16 15:41:22, tokens_remaining: 884, call: scores, phase: playing
2026-06-16 15:41:22, tokens_remaining: 884, call: scores, phase: playing
2026-06-16 15:41:22, tokens_remaining: 884, call: scores, phase: playing
2026-06-16 15:41:23, tokens_remaining: 883, call: events, phase: playing
2026-06-16 15:41:23, tokens_remaining: 882, call: scores, phase: playing
2026-06-16 15:41:23, tokens_remaining: 882, call: scores, phase: playing
2026-06-16 15:41:24, tokens_remaining: 882, call: scores, phase: playing
2026-06-16 15:41:24, tokens_remaining: 882, call: scores, phase: playing
2026-06-16 15:41:24, tokens_remaining: 882, call: scores, phase: playing
2026-06-16 15:41:25, tokens_remaining: 881, call: scores, phase: playing
2026-06-16 15:41:25, tokens_remaining: 881, call: scores, phase: playing
2026-06-16 15:41:25, tokens_remaining: 881, call: scores, phase: playing
2026-06-16 15:41:25, tokens_remaining: 881, call: scores, phase: playing
2026-06-16 15:41:26, tokens_remaining: 880, call: events, phase: playing
2026-06-16 15:41:26, tokens_remaining: 879, call: scores, phase: playing
2026-06-16 15:41:26, tokens_remaining: 879, call: scores, phase: playing
2026-06-16 15:41:27, tokens_remaining: 879, call: scores, phase: playing
2026-06-16 15:41:27, tokens_remaining: 879, call: scores, phase: playing
2026-06-16 15:41:27, tokens_remaining: 879, call: scores, phase: playing
2026-06-16 15:41:28, tokens_remaining: 878, call: scores, phase: playing
2026-06-16 15:41:28, tokens_remaining: 878, call: scores, phase: playing
2026-06-16 15:41:28, tokens_remaining: 878, call: scores, phase: playing
2026-06-16 15:41:28, tokens_remaining: 878, call: scores, phase: playing
2026-06-16 15:41:29, tokens_remaining: 877, call: events, phase: playing
2026-06-16 15:41:29, tokens_remaining: 876, call: scores, phase: playing
2026-06-16 15:41:29, tokens_remaining: 876, call: scores, phase: playing
2026-06-16 15:41:30, tokens_remaining: 876, call: scores, phase: playing
2026-06-16 15:41:30, tokens_remaining: 876, call: scores, phase: playing
2026-06-16 15:41:30, tokens_remaining: 876, call: scores, phase: playing
2026-06-16 15:41:31, tokens_remaining: 875, call: scores, phase: playing
2026-06-16 15:41:31, tokens_remaining: 875, call: scores, phase: playing
2026-06-16 15:41:31, tokens_remaining: 875, call: scores, phase: playing
2026-06-16 15:41:31, tokens_remaining: 875, call: scores, phase: playing
2026-06-16 15:41:32, tokens_remaining: 874, call: events, phase: playing
2026-06-16 15:41:32, tokens_remaining: 873, call: scores, phase: playing
2026-06-16 15:41:32, tokens_remaining: 873, call: scores, phase: playing
2026-06-16 15:41:33, tokens_remaining: 873, call: scores, phase: playing
2026-06-16 15:41:33, tokens_remaining: 873, call: scores, phase: playing
2026-06-16 15:41:33, tokens_remaining: 873, call: scores, phase: playing
2026-06-16 15:41:34, tokens_remaining: 872, call: scores, phase: playing
2026-06-16 15:41:34, tokens_remaining: 872, call: scores, phase: playing
2026-06-16 15:41:34, tokens_remaining: 872, call: scores, phase: playing
2026-06-16 15:41:34, tokens_remaining: 872, call: scores, phase: playing
2026-06-16 15:41:35, tokens_remaining: 871, call: events, phase: playing
2026-06-16 15:41:35, tokens_remaining: 870, call: scores, phase: playing
2026-06-16 15:41:35, tokens_remaining: 870, call: scores, phase: playing
2026-06-16 15:41:36, tokens_remaining: 870, call: scores, phase: playing
2026-06-16 15:41:36, tokens_remaining: 870, call: scores, phase: playing
2026-06-16 15:41:36, tokens_remaining: 870, call: scores, phase: playing
2026-06-16 15:41:37, tokens_remaining: 869, call: scores, phase: playing
2026-06-16 15:41:37, tokens_remaining: 869, call: scores, phase: playing
2026-06-16 15:41:37, tokens_remaining: 869, call: scores, phase: playing
2026-06-16 15:41:37, tokens_remaining: 869, call: scores, phase: playing
2026-06-16 15:41:38, tokens_remaining: 868, call: events, phase: playing
2026-06-16 15:41:38, tokens_remaining: 867, call: scores, phase: playing
2026-06-16 15:41:38, tokens_remaining: 867, call: scores, phase: playing
2026-06-16 15:41:39, tokens_remaining: 867, call: scores, phase: playing
2026-06-16 15:41:39, tokens_remaining: 867, call: scores, phase: playing
2026-06-16 15:41:39, tokens_remaining: 867, call: scores, phase: playing
2026-06-16 15:41:39, tokens_remaining: 866, call: scores, phase: playing
2026-06-16 15:41:40, tokens_remaining: 866, call: scores, phase: playing
2026-06-16 15:41:40, tokens_remaining: 866, call: scores, phase: playing
2026-06-16 15:41:40, tokens_remaining: 866, call: scores, phase: playing
2026-06-16 15:41:41, tokens_remaining: 865, call: events, phase: playing
2026-06-16 15:41:41, tokens_remaining: 864, call: scores, phase: playing
2026-06-16 15:41:41, tokens_remaining: 864, call: scores, phase: playing
2026-06-16 15:41:41, tokens_remaining: 864, call: scores, phase: playing
2026-06-16 15:41:42, tokens_remaining: 864, call: scores, phase: playing
2026-06-16 15:41:42, tokens_remaining: 864, call: scores, phase: playing
2026-06-16 15:41:42, tokens_remaining: 863, call: scores, phase: playing
2026-06-16 15:41:43, tokens_remaining: 863, call: scores, phase: playing
2026-06-16 15:41:43, tokens_remaining: 863, call: scores, phase: playing
2026-06-16 15:41:43, tokens_remaining: 863, call: scores, phase: playing
2026-06-16 15:41:43, tokens_remaining: 862, call: events, phase: playing
2026-06-16 15:41:44, tokens_remaining: 861, call: scores, phase: playing
2026-06-16 15:41:44, tokens_remaining: 861, call: scores, phase: playing
2026-06-16 15:41:44, tokens_remaining: 861, call: scores, phase: playing
2026-06-16 15:41:45, tokens_remaining: 861, call: scores, phase: playing
2026-06-16 15:41:45, tokens_remaining: 861, call: scores, phase: playing
2026-06-16 15:41:45, tokens_remaining: 860, call: scores, phase: playing
2026-06-16 15:41:45, tokens_remaining: 860, call: scores, phase: playing
2026-06-16 15:41:46, tokens_remaining: 860, call: scores, phase: playing
2026-06-16 15:41:46, tokens_remaining: 860, call: scores, phase: playing
2026-06-16 15:41:46, tokens_remaining: 859, call: events, phase: playing
2026-06-16 15:41:47, tokens_remaining: 858, call: scores, phase: playing
2026-06-16 15:41:47, tokens_remaining: 858, call: scores, phase: playing
2026-06-16 15:41:47, tokens_remaining: 858, call: scores, phase: playing
2026-06-16 15:41:47, tokens_remaining: 858, call: scores, phase: playing
2026-06-16 15:41:48, tokens_remaining: 858, call: scores, phase: playing
2026-06-16 15:41:48, tokens_remaining: 857, call: scores, phase: playing
2026-06-16 15:41:48, tokens_remaining: 857, call: scores, phase: playing
2026-06-16 15:41:49, tokens_remaining: 857, call: scores, phase: playing
2026-06-16 15:41:49, tokens_remaining: 857, call: scores, phase: playing
2026-06-16 15:41:49, tokens_remaining: 856, call: events, phase: playing
2026-06-16 15:41:50, tokens_remaining: 855, call: scores, phase: playing
2026-06-16 15:41:50, tokens_remaining: 855, call: scores, phase: playing
2026-06-16 15:41:50, tokens_remaining: 855, call: scores, phase: playing
2026-06-16 15:41:50, tokens_remaining: 855, call: scores, phase: playing
2026-06-16 15:41:50, tokens_remaining: 855, call: scores, phase: playing
2026-06-16 15:41:51, tokens_remaining: 855, call: scores, phase: playing
2026-06-16 15:41:51, tokens_remaining: 854, call: scores, phase: playing
2026-06-16 15:41:51, tokens_remaining: 854, call: scores, phase: playing
2026-06-16 15:41:51, tokens_remaining: 854, call: scores, phase: playing
2026-06-16 15:41:52, tokens_remaining: 853, call: events, phase: playing
2026-06-16 15:41:52, tokens_remaining: 852, call: scores, phase: playing
2026-06-16 15:41:53, tokens_remaining: 852, call: scores, phase: playing
2026-06-16 15:41:53, tokens_remaining: 852, call: scores, phase: playing
2026-06-16 15:41:53, tokens_remaining: 852, call: scores, phase: playing
2026-06-16 15:41:53, tokens_remaining: 852, call: scores, phase: playing
2026-06-16 15:41:53, tokens_remaining: 852, call: scores, phase: playing
2026-06-16 15:41:54, tokens_remaining: 851, call: scores, phase: playing
2026-06-16 15:41:54, tokens_remaining: 851, call: scores, phase: playing
2026-06-16 15:41:54, tokens_remaining: 851, call: scores, phase: playing
2026-06-16 15:41:55, tokens_remaining: 850, call: events, phase: playing
2026-06-16 15:41:55, tokens_remaining: 849, call: scores, phase: playing
2026-06-16 15:41:55, tokens_remaining: 849, call: scores, phase: playing
2026-06-16 15:41:55, tokens_remaining: 849, call: scores, phase: playing
2026-06-16 15:41:56, tokens_remaining: 849, call: scores, phase: playing
2026-06-16 15:41:56, tokens_remaining: 849, call: scores, phase: playing
2026-06-16 15:41:56, tokens_remaining: 849, call: scores, phase: playing
2026-06-16 15:41:57, tokens_remaining: 848, call: scores, phase: playing
2026-06-16 15:41:57, tokens_remaining: 848, call: scores, phase: playing
2026-06-16 15:41:57, tokens_remaining: 848, call: scores, phase: playing
2026-06-16 15:41:57, tokens_remaining: 847, call: events, phase: playing
2026-06-16 15:41:58, tokens_remaining: 846, call: scores, phase: playing
2026-06-16 15:41:58, tokens_remaining: 846, call: scores, phase: playing
2026-06-16 15:41:58, tokens_remaining: 846, call: scores, phase: playing
2026-06-16 15:41:58, tokens_remaining: 846, call: scores, phase: playing
2026-06-16 15:41:59, tokens_remaining: 846, call: scores, phase: playing
2026-06-16 15:41:59, tokens_remaining: 846, call: scores, phase: playing
2026-06-16 15:41:59, tokens_remaining: 845, call: scores, phase: playing
2026-06-16 15:41:59, tokens_remaining: 845, call: scores, phase: playing
2026-06-16 15:42:00, tokens_remaining: 845, call: scores, phase: playing
2026-06-16 15:42:00, tokens_remaining: 844, call: events, phase: playing
2026-06-16 15:42:01, tokens_remaining: 843, call: scores, phase: playing
2026-06-16 15:42:01, tokens_remaining: 843, call: scores, phase: playing
2026-06-16 15:42:01, tokens_remaining: 843, call: scores, phase: playing
2026-06-16 15:42:01, tokens_remaining: 843, call: scores, phase: playing
2026-06-16 15:42:01, tokens_remaining: 843, call: scores, phase: playing
2026-06-16 15:42:01, tokens_remaining: 843, call: scores, phase: playing
2026-06-16 15:42:02, tokens_remaining: 842, call: scores, phase: playing
2026-06-16 15:42:02, tokens_remaining: 842, call: scores, phase: playing
2026-06-16 15:42:02, tokens_remaining: 842, call: scores, phase: playing
2026-06-16 15:42:03, tokens_remaining: 841, call: events, phase: playing
2026-06-16 15:42:03, tokens_remaining: 840, call: scores, phase: playing
2026-06-16 15:42:03, tokens_remaining: 840, call: scores, phase: playing
2026-06-16 15:42:04, tokens_remaining: 840, call: scores, phase: playing
2026-06-16 15:42:04, tokens_remaining: 840, call: scores, phase: playing
2026-06-16 15:42:04, tokens_remaining: 840, call: scores, phase: playing
2026-06-16 15:42:04, tokens_remaining: 840, call: scores, phase: playing
2026-06-16 15:42:05, tokens_remaining: 839, call: scores, phase: playing
2026-06-16 15:42:05, tokens_remaining: 839, call: scores, phase: playing
2026-06-16 15:42:05, tokens_remaining: 839, call: scores, phase: playing
2026-06-16 15:42:05, tokens_remaining: 838, call: events, phase: playing
2026-06-16 15:42:06, tokens_remaining: 837, call: scores, phase: playing
2026-06-16 15:42:06, tokens_remaining: 837, call: scores, phase: playing
2026-06-16 15:42:06, tokens_remaining: 837, call: scores, phase: playing
2026-06-16 15:42:06, tokens_remaining: 837, call: scores, phase: playing
2026-06-16 15:42:07, tokens_remaining: 837, call: scores, phase: playing
2026-06-16 15:42:07, tokens_remaining: 837, call: scores, phase: playing
2026-06-16 15:42:07, tokens_remaining: 836, call: scores, phase: playing
2026-06-16 15:42:07, tokens_remaining: 836, call: scores, phase: playing
2026-06-16 15:42:08, tokens_remaining: 836, call: scores, phase: playing
2026-06-16 15:42:08, tokens_remaining: 835, call: events, phase: playing
2026-06-16 15:42:08, tokens_remaining: 834, call: scores, phase: playing
2026-06-16 15:42:09, tokens_remaining: 834, call: scores, phase: playing
2026-06-16 15:42:09, tokens_remaining: 834, call: scores, phase: playing
2026-06-16 15:42:09, tokens_remaining: 834, call: scores, phase: playing
2026-06-16 15:42:09, tokens_remaining: 834, call: scores, phase: playing
2026-06-16 15:42:09, tokens_remaining: 834, call: scores, phase: playing
2026-06-16 15:42:10, tokens_remaining: 833, call: scores, phase: playing
2026-06-16 15:42:10, tokens_remaining: 833, call: scores, phase: playing
2026-06-16 15:42:10, tokens_remaining: 833, call: scores, phase: playing
2026-06-16 15:42:11, tokens_remaining: 832, call: events, phase: playing
2026-06-16 15:42:11, tokens_remaining: 831, call: scores, phase: playing
2026-06-16 15:42:11, tokens_remaining: 831, call: scores, phase: playing
2026-06-16 15:42:11, tokens_remaining: 831, call: scores, phase: playing
2026-06-16 15:42:12, tokens_remaining: 831, call: scores, phase: playing
2026-06-16 15:42:12, tokens_remaining: 831, call: scores, phase: playing
2026-06-16 15:42:12, tokens_remaining: 831, call: scores, phase: playing
2026-06-16 15:42:12, tokens_remaining: 830, call: scores, phase: playing
2026-06-16 15:42:13, tokens_remaining: 830, call: scores, phase: playing
2026-06-16 15:42:13, tokens_remaining: 830, call: scores, phase: playing
2026-06-16 15:42:13, tokens_remaining: 829, call: events, phase: playing
2026-06-16 15:42:13, tokens_remaining: 830, call: scores, phase: playing
2026-06-16 15:42:14, tokens_remaining: 828, call: scores, phase: playing
2026-06-16 15:42:14, tokens_remaining: 828, call: scores, phase: playing
2026-06-16 15:42:14, tokens_remaining: 828, call: scores, phase: playing
2026-06-16 15:42:14, tokens_remaining: 828, call: scores, phase: playing
2026-06-16 15:42:14, tokens_remaining: 828, call: scores, phase: playing
2026-06-16 15:42:15, tokens_remaining: 828, call: scores, phase: playing
2026-06-16 15:42:15, tokens_remaining: 827, call: scores, phase: playing
2026-06-16 15:42:15, tokens_remaining: 827, call: scores, phase: playing
2026-06-16 15:42:16, tokens_remaining: 826, call: events, phase: playing
2026-06-16 15:42:16, tokens_remaining: 827, call: scores, phase: playing
2026-06-16 15:42:16, tokens_remaining: 827, call: scores, phase: playing
2026-06-16 15:42:16, tokens_remaining: 825, call: scores, phase: playing
2026-06-16 15:42:17, tokens_remaining: 825, call: scores, phase: playing
2026-06-16 15:42:17, tokens_remaining: 825, call: scores, phase: playing
2026-06-16 15:42:17, tokens_remaining: 825, call: scores, phase: playing
2026-06-16 15:42:17, tokens_remaining: 825, call: scores, phase: playing
2026-06-16 15:42:17, tokens_remaining: 825, call: scores, phase: playing
2026-06-16 15:42:18, tokens_remaining: 824, call: scores, phase: playing
2026-06-16 15:42:18, tokens_remaining: 823, call: events, phase: playing
2026-06-16 15:42:18, tokens_remaining: 824, call: scores, phase: playing
2026-06-16 15:42:19, tokens_remaining: 824, call: scores, phase: playing
2026-06-16 15:42:19, tokens_remaining: 822, call: scores, phase: playing
2026-06-16 15:42:19, tokens_remaining: 822, call: scores, phase: playing
2026-06-16 15:42:19, tokens_remaining: 822, call: scores, phase: playing
2026-06-16 15:42:20, tokens_remaining: 822, call: scores, phase: playing
2026-06-16 15:42:20, tokens_remaining: 822, call: scores, phase: playing
2026-06-16 15:42:20, tokens_remaining: 822, call: scores, phase: playing
2026-06-16 15:42:20, tokens_remaining: 821, call: scores, phase: playing
2026-06-16 15:42:21, tokens_remaining: 820, call: events, phase: playing
2026-06-16 15:42:21, tokens_remaining: 821, call: scores, phase: playing
2026-06-16 15:42:21, tokens_remaining: 821, call: scores, phase: playing
2026-06-16 15:42:21, tokens_remaining: 821, call: scores, phase: playing
2026-06-16 15:42:22, tokens_remaining: 819, call: scores, phase: playing
2026-06-16 15:42:22, tokens_remaining: 819, call: scores, phase: playing
2026-06-16 15:42:22, tokens_remaining: 819, call: scores, phase: playing
2026-06-16 15:42:22, tokens_remaining: 819, call: scores, phase: playing
2026-06-16 15:42:22, tokens_remaining: 819, call: scores, phase: playing
2026-06-16 15:42:23, tokens_remaining: 819, call: scores, phase: playing
2026-06-16 15:42:23, tokens_remaining: 818, call: events, phase: playing
2026-06-16 15:42:23, tokens_remaining: 817, call: scores, phase: playing
2026-06-16 15:42:24, tokens_remaining: 817, call: scores, phase: playing
2026-06-16 15:42:24, tokens_remaining: 817, call: scores, phase: playing
2026-06-16 15:42:24, tokens_remaining: 817, call: scores, phase: playing
2026-06-16 15:42:24, tokens_remaining: 817, call: scores, phase: playing
2026-06-16 15:42:24, tokens_remaining: 817, call: scores, phase: playing
2026-06-16 15:42:25, tokens_remaining: 816, call: scores, phase: playing
2026-06-16 15:42:25, tokens_remaining: 816, call: scores, phase: playing
2026-06-16 15:42:25, tokens_remaining: 816, call: scores, phase: playing
2026-06-16 15:42:26, tokens_remaining: 815, call: events, phase: playing
2026-06-16 15:42:26, tokens_remaining: 816, call: scores, phase: playing
2026-06-16 15:42:26, tokens_remaining: 814, call: scores, phase: playing
2026-06-16 15:42:26, tokens_remaining: 814, call: scores, phase: playing
2026-06-16 15:42:26, tokens_remaining: 814, call: scores, phase: playing
2026-06-16 15:42:27, tokens_remaining: 814, call: scores, phase: playing
2026-06-16 15:42:27, tokens_remaining: 814, call: scores, phase: playing
2026-06-16 15:42:27, tokens_remaining: 813, call: scores, phase: playing
2026-06-16 15:42:28, tokens_remaining: 813, call: scores, phase: playing
2026-06-16 15:42:28, tokens_remaining: 813, call: scores, phase: playing
2026-06-16 15:42:28, tokens_remaining: 812, call: events, phase: playing
2026-06-16 15:42:28, tokens_remaining: 813, call: scores, phase: playing
2026-06-16 15:42:29, tokens_remaining: 811, call: scores, phase: playing
2026-06-16 15:42:29, tokens_remaining: 811, call: scores, phase: playing
2026-06-16 15:42:29, tokens_remaining: 811, call: scores, phase: playing
2026-06-16 15:42:29, tokens_remaining: 811, call: scores, phase: playing
2026-06-16 15:42:29, tokens_remaining: 811, call: scores, phase: playing
2026-06-16 15:42:30, tokens_remaining: 811, call: scores, phase: playing
2026-06-16 15:42:30, tokens_remaining: 811, call: scores, phase: playing
2026-06-16 15:42:30, tokens_remaining: 810, call: scores, phase: playing
2026-06-16 15:42:31, tokens_remaining: 809, call: events, phase: playing
2026-06-16 15:42:31, tokens_remaining: 810, call: scores, phase: playing
2026-06-16 15:42:31, tokens_remaining: 810, call: scores, phase: playing
2026-06-16 15:42:31, tokens_remaining: 810, call: scores, phase: playing
2026-06-16 15:42:31, tokens_remaining: 808, call: scores, phase: playing
2026-06-16 15:42:32, tokens_remaining: 808, call: scores, phase: playing
2026-06-16 15:42:32, tokens_remaining: 808, call: scores, phase: playing
2026-06-16 15:42:32, tokens_remaining: 808, call: scores, phase: playing
2026-06-16 15:42:32, tokens_remaining: 808, call: scores, phase: playing
2026-06-16 15:42:32, tokens_remaining: 808, call: scores, phase: playing
2026-06-16 15:42:33, tokens_remaining: 807, call: events, phase: playing
2026-06-16 15:42:33, tokens_remaining: 806, call: scores, phase: playing
2026-06-16 15:42:33, tokens_remaining: 806, call: scores, phase: playing
2026-06-16 15:42:33, tokens_remaining: 806, call: scores, phase: playing
2026-06-16 15:42:34, tokens_remaining: 806, call: scores, phase: playing
2026-06-16 15:42:34, tokens_remaining: 806, call: scores, phase: playing
2026-06-16 15:42:34, tokens_remaining: 806, call: scores, phase: playing
2026-06-16 15:42:34, tokens_remaining: 806, call: scores, phase: playing
2026-06-16 15:42:34, tokens_remaining: 805, call: scores, phase: playing
2026-06-16 15:42:35, tokens_remaining: 805, call: scores, phase: playing
2026-06-16 15:42:35, tokens_remaining: 804, call: events, phase: playing
2026-06-16 15:42:35, tokens_remaining: 805, call: scores, phase: playing
2026-06-16 15:42:35, tokens_remaining: 805, call: scores, phase: playing
2026-06-16 15:42:36, tokens_remaining: 803, call: scores, phase: playing
2026-06-16 15:42:36, tokens_remaining: 803, call: scores, phase: playing
2026-06-16 15:42:36, tokens_remaining: 803, call: scores, phase: playing
2026-06-16 15:42:36, tokens_remaining: 803, call: scores, phase: playing
2026-06-16 15:42:36, tokens_remaining: 803, call: scores, phase: playing
2026-06-16 15:42:37, tokens_remaining: 803, call: scores, phase: playing
2026-06-16 15:42:37, tokens_remaining: 803, call: scores, phase: playing
2026-06-16 15:42:37, tokens_remaining: 802, call: events, phase: playing
2026-06-16 15:42:38, tokens_remaining: 801, call: scores, phase: playing
2026-06-16 15:42:38, tokens_remaining: 801, call: scores, phase: playing
2026-06-16 15:42:38, tokens_remaining: 801, call: scores, phase: playing
2026-06-16 15:42:38, tokens_remaining: 801, call: scores, phase: playing
2026-06-16 15:42:38, tokens_remaining: 801, call: scores, phase: playing
2026-06-16 15:42:38, tokens_remaining: 801, call: scores, phase: playing
2026-06-16 15:42:38, tokens_remaining: 801, call: scores, phase: playing
2026-06-16 15:42:39, tokens_remaining: 800, call: scores, phase: playing
2026-06-16 15:42:39, tokens_remaining: 800, call: scores, phase: playing
2026-06-16 15:42:39, tokens_remaining: 799, call: events, phase: playing
2026-06-16 15:42:40, tokens_remaining: 800, call: scores, phase: playing
2026-06-16 15:42:40, tokens_remaining: 800, call: scores, phase: playing
2026-06-16 15:42:40, tokens_remaining: 798, call: scores, phase: playing
2026-06-16 15:42:40, tokens_remaining: 798, call: scores, phase: playing
2026-06-16 15:42:40, tokens_remaining: 798, call: scores, phase: playing
2026-06-16 15:42:41, tokens_remaining: 798, call: scores, phase: playing
2026-06-16 15:42:41, tokens_remaining: 798, call: scores, phase: playing
2026-06-16 15:42:41, tokens_remaining: 798, call: scores, phase: playing
2026-06-16 15:42:41, tokens_remaining: 798, call: scores, phase: playing
2026-06-16 15:42:41, tokens_remaining: 797, call: events, phase: playing
2026-06-16 15:42:42, tokens_remaining: 796, call: scores, phase: playing
2026-06-16 15:42:42, tokens_remaining: 796, call: scores, phase: playing
2026-06-16 15:42:42, tokens_remaining: 796, call: scores, phase: playing
2026-06-16 15:42:42, tokens_remaining: 796, call: scores, phase: playing
2026-06-16 15:42:42, tokens_remaining: 796, call: scores, phase: playing
2026-06-16 15:42:43, tokens_remaining: 796, call: scores, phase: playing
2026-06-16 15:42:43, tokens_remaining: 796, call: scores, phase: playing
2026-06-16 15:42:43, tokens_remaining: 795, call: scores, phase: playing
2026-06-16 15:42:43, tokens_remaining: 795, call: scores, phase: playing
2026-06-16 15:42:44, tokens_remaining: 794, call: events, phase: playing
2026-06-16 15:42:44, tokens_remaining: 795, call: scores, phase: playing
2026-06-16 15:42:44, tokens_remaining: 795, call: scores, phase: playing
2026-06-16 15:42:44, tokens_remaining: 793, call: scores, phase: playing
2026-06-16 15:42:44, tokens_remaining: 793, call: scores, phase: playing
2026-06-16 15:42:45, tokens_remaining: 793, call: scores, phase: playing
2026-06-16 15:42:45, tokens_remaining: 793, call: scores, phase: playing
2026-06-16 15:42:45, tokens_remaining: 793, call: scores, phase: playing
2026-06-16 15:42:45, tokens_remaining: 793, call: scores, phase: playing
2026-06-16 15:42:45, tokens_remaining: 793, call: scores, phase: playing
2026-06-16 15:42:46, tokens_remaining: 792, call: events, phase: playing
2026-06-16 15:42:46, tokens_remaining: 791, call: scores, phase: playing
2026-06-16 15:42:46, tokens_remaining: 791, call: scores, phase: playing
2026-06-16 15:42:47, tokens_remaining: 791, call: scores, phase: playing
2026-06-16 15:42:47, tokens_remaining: 791, call: scores, phase: playing
2026-06-16 15:42:47, tokens_remaining: 791, call: scores, phase: playing
2026-06-16 15:42:47, tokens_remaining: 791, call: scores, phase: playing
2026-06-16 15:42:47, tokens_remaining: 791, call: scores, phase: playing
2026-06-16 15:42:48, tokens_remaining: 790, call: scores, phase: playing
2026-06-16 15:42:48, tokens_remaining: 790, call: scores, phase: playing
2026-06-16 15:42:48, tokens_remaining: 789, call: events, phase: playing
2026-06-16 15:42:48, tokens_remaining: 790, call: scores, phase: playing
2026-06-16 15:42:48, tokens_remaining: 790, call: scores, phase: playing
2026-06-16 15:42:49, tokens_remaining: 788, call: scores, phase: playing
2026-06-16 15:42:49, tokens_remaining: 788, call: scores, phase: playing
2026-06-16 15:42:49, tokens_remaining: 788, call: scores, phase: playing
2026-06-16 15:42:49, tokens_remaining: 788, call: scores, phase: playing
2026-06-16 15:42:50, tokens_remaining: 788, call: scores, phase: playing
2026-06-16 15:42:50, tokens_remaining: 788, call: scores, phase: playing
2026-06-16 15:42:50, tokens_remaining: 787, call: scores, phase: playing
2026-06-16 15:42:51, tokens_remaining: 786, call: events, phase: playing
2026-06-16 15:42:51, tokens_remaining: 787, call: scores, phase: playing
2026-06-16 15:42:51, tokens_remaining: 787, call: scores, phase: playing
2026-06-16 15:42:51, tokens_remaining: 787, call: scores, phase: playing
2026-06-16 15:42:51, tokens_remaining: 785, call: scores, phase: playing
2026-06-16 15:42:52, tokens_remaining: 785, call: scores, phase: playing
2026-06-16 15:42:52, tokens_remaining: 785, call: scores, phase: playing
2026-06-16 15:42:52, tokens_remaining: 785, call: scores, phase: playing
2026-06-16 15:42:52, tokens_remaining: 785, call: scores, phase: playing
2026-06-16 15:42:52, tokens_remaining: 785, call: scores, phase: playing
2026-06-16 15:42:53, tokens_remaining: 784, call: events, phase: playing
2026-06-16 15:42:53, tokens_remaining: 783, call: scores, phase: playing
2026-06-16 15:42:53, tokens_remaining: 783, call: scores, phase: playing
2026-06-16 15:42:53, tokens_remaining: 783, call: scores, phase: playing
2026-06-16 15:42:53, tokens_remaining: 783, call: scores, phase: playing
2026-06-16 15:42:54, tokens_remaining: 783, call: scores, phase: playing
2026-06-16 15:42:54, tokens_remaining: 783, call: scores, phase: playing
2026-06-16 15:42:54, tokens_remaining: 783, call: scores, phase: playing
2026-06-16 15:42:54, tokens_remaining: 782, call: scores, phase: playing
2026-06-16 15:42:54, tokens_remaining: 782, call: scores, phase: playing
2026-06-16 15:42:55, tokens_remaining: 781, call: events, phase: playing
2026-06-16 15:42:55, tokens_remaining: 782, call: scores, phase: playing
2026-06-16 15:42:55, tokens_remaining: 782, call: scores, phase: playing
2026-06-16 15:42:56, tokens_remaining: 780, call: scores, phase: playing
2026-06-16 15:42:56, tokens_remaining: 780, call: scores, phase: playing
2026-06-16 15:42:56, tokens_remaining: 780, call: scores, phase: playing
2026-06-16 15:42:56, tokens_remaining: 780, call: scores, phase: playing
2026-06-16 15:42:56, tokens_remaining: 780, call: scores, phase: playing
2026-06-16 15:42:56, tokens_remaining: 780, call: scores, phase: playing
2026-06-16 15:42:56, tokens_remaining: 780, call: scores, phase: playing
2026-06-16 15:42:57, tokens_remaining: 779, call: events, phase: playing
2026-06-16 15:42:57, tokens_remaining: 778, call: scores, phase: playing
2026-06-16 15:42:57, tokens_remaining: 778, call: scores, phase: playing
2026-06-16 15:42:58, tokens_remaining: 778, call: scores, phase: playing
2026-06-16 15:42:58, tokens_remaining: 778, call: scores, phase: playing
2026-06-16 15:42:58, tokens_remaining: 778, call: scores, phase: playing
2026-06-16 15:42:58, tokens_remaining: 778, call: scores, phase: playing
2026-06-16 15:42:58, tokens_remaining: 778, call: scores, phase: playing
2026-06-16 15:42:59, tokens_remaining: 777, call: scores, phase: playing
2026-06-16 15:42:59, tokens_remaining: 777, call: scores, phase: playing
2026-06-16 15:42:59, tokens_remaining: 776, call: events, phase: playing
2026-06-16 15:42:59, tokens_remaining: 777, call: scores, phase: playing
2026-06-16 15:42:59, tokens_remaining: 777, call: scores, phase: playing
2026-06-16 15:43:00, tokens_remaining: 775, call: scores, phase: playing
2026-06-16 15:43:00, tokens_remaining: 775, call: scores, phase: playing
2026-06-16 15:43:00, tokens_remaining: 775, call: scores, phase: playing
2026-06-16 15:43:00, tokens_remaining: 775, call: scores, phase: playing
2026-06-16 15:43:00, tokens_remaining: 775, call: scores, phase: playing
2026-06-16 15:43:01, tokens_remaining: 775, call: scores, phase: playing
2026-06-16 15:43:01, tokens_remaining: 775, call: scores, phase: playing
2026-06-16 15:43:01, tokens_remaining: 774, call: events, phase: playing
2026-06-16 15:43:02, tokens_remaining: 773, call: scores, phase: playing
2026-06-16 15:43:02, tokens_remaining: 773, call: scores, phase: playing
2026-06-16 15:43:02, tokens_remaining: 773, call: scores, phase: playing
2026-06-16 15:43:02, tokens_remaining: 773, call: scores, phase: playing
2026-06-16 15:43:02, tokens_remaining: 773, call: scores, phase: playing
2026-06-16 15:43:02, tokens_remaining: 773, call: scores, phase: playing
2026-06-16 15:43:02, tokens_remaining: 773, call: scores, phase: playing
2026-06-16 15:43:03, tokens_remaining: 772, call: scores, phase: playing
2026-06-16 15:43:03, tokens_remaining: 772, call: scores, phase: playing
2026-06-16 15:43:04, tokens_remaining: 771, call: events, phase: playing
2026-06-16 15:43:04, tokens_remaining: 772, call: scores, phase: playing
2026-06-16 15:43:04, tokens_remaining: 772, call: scores, phase: playing
2026-06-16 15:43:04, tokens_remaining: 770, call: scores, phase: playing
2026-06-16 15:43:04, tokens_remaining: 770, call: scores, phase: playing
2026-06-16 15:43:05, tokens_remaining: 770, call: scores, phase: playing
2026-06-16 15:43:05, tokens_remaining: 770, call: scores, phase: playing
2026-06-16 15:43:05, tokens_remaining: 770, call: scores, phase: playing
2026-06-16 15:43:05, tokens_remaining: 770, call: scores, phase: playing
2026-06-16 15:43:05, tokens_remaining: 770, call: scores, phase: playing
2026-06-16 15:43:06, tokens_remaining: 769, call: events, phase: playing
2026-06-16 15:43:06, tokens_remaining: 768, call: scores, phase: playing
2026-06-16 15:43:06, tokens_remaining: 768, call: scores, phase: playing
2026-06-16 15:43:06, tokens_remaining: 768, call: scores, phase: playing
2026-06-16 15:43:06, tokens_remaining: 768, call: scores, phase: playing
2026-06-16 15:43:06, tokens_remaining: 768, call: scores, phase: playing
2026-06-16 15:43:07, tokens_remaining: 768, call: scores, phase: playing
2026-06-16 15:43:07, tokens_remaining: 768, call: scores, phase: playing
2026-06-16 15:43:07, tokens_remaining: 767, call: scores, phase: playing
2026-06-16 15:43:07, tokens_remaining: 767, call: scores, phase: playing
2026-06-16 15:43:08, tokens_remaining: 766, call: events, phase: playing
2026-06-16 15:43:08, tokens_remaining: 767, call: scores, phase: playing
2026-06-16 15:43:08, tokens_remaining: 767, call: scores, phase: playing
2026-06-16 15:43:08, tokens_remaining: 765, call: scores, phase: playing
2026-06-16 15:43:09, tokens_remaining: 765, call: scores, phase: playing
2026-06-16 15:43:09, tokens_remaining: 765, call: scores, phase: playing
2026-06-16 15:43:09, tokens_remaining: 765, call: scores, phase: playing
2026-06-16 15:43:09, tokens_remaining: 765, call: scores, phase: playing
2026-06-16 15:43:09, tokens_remaining: 765, call: scores, phase: playing
2026-06-16 15:43:09, tokens_remaining: 765, call: scores, phase: playing
2026-06-16 15:43:10, tokens_remaining: 764, call: events, phase: playing
2026-06-16 15:43:10, tokens_remaining: 763, call: scores, phase: playing
2026-06-16 15:43:10, tokens_remaining: 763, call: scores, phase: playing
2026-06-16 15:43:10, tokens_remaining: 763, call: scores, phase: playing
2026-06-16 15:43:11, tokens_remaining: 763, call: scores, phase: playing
2026-06-16 15:43:11, tokens_remaining: 763, call: scores, phase: playing
2026-06-16 15:43:11, tokens_remaining: 763, call: scores, phase: playing
2026-06-16 15:43:11, tokens_remaining: 763, call: scores, phase: playing
2026-06-16 15:43:11, tokens_remaining: 762, call: scores, phase: playing
2026-06-16 15:43:12, tokens_remaining: 762, call: scores, phase: playing
2026-06-16 15:43:12, tokens_remaining: 761, call: events, phase: playing
2026-06-16 15:43:12, tokens_remaining: 762, call: scores, phase: playing
2026-06-16 15:43:12, tokens_remaining: 762, call: scores, phase: playing
2026-06-16 15:43:13, tokens_remaining: 760, call: scores, phase: playing
2026-06-16 15:43:13, tokens_remaining: 760, call: scores, phase: playing
2026-06-16 15:43:13, tokens_remaining: 760, call: scores, phase: playing
2026-06-16 15:43:13, tokens_remaining: 760, call: scores, phase: playing
2026-06-16 15:43:13, tokens_remaining: 760, call: scores, phase: playing
2026-06-16 15:43:13, tokens_remaining: 760, call: scores, phase: playing
2026-06-16 15:43:14, tokens_remaining: 760, call: scores, phase: playing
2026-06-16 15:43:14, tokens_remaining: 759, call: events, phase: playing
2026-06-16 15:43:14, tokens_remaining: 758, call: scores, phase: playing
2026-06-16 15:43:15, tokens_remaining: 758, call: scores, phase: playing
2026-06-16 15:43:15, tokens_remaining: 758, call: scores, phase: playing
2026-06-16 15:43:15, tokens_remaining: 758, call: scores, phase: playing
2026-06-16 15:43:15, tokens_remaining: 758, call: scores, phase: playing
2026-06-16 15:43:15, tokens_remaining: 758, call: scores, phase: playing
2026-06-16 15:43:15, tokens_remaining: 758, call: scores, phase: playing
2026-06-16 15:43:15, tokens_remaining: 758, call: scores, phase: playing
2026-06-16 15:43:16, tokens_remaining: 757, call: scores, phase: playing
2026-06-16 15:43:16, tokens_remaining: 756, call: events, phase: playing
2026-06-16 15:43:16, tokens_remaining: 757, call: scores, phase: playing
2026-06-16 15:43:17, tokens_remaining: 757, call: scores, phase: playing
2026-06-16 15:43:17, tokens_remaining: 757, call: scores, phase: playing
2026-06-16 15:43:17, tokens_remaining: 755, call: scores, phase: playing
2026-06-16 15:43:17, tokens_remaining: 755, call: scores, phase: playing
2026-06-16 15:43:17, tokens_remaining: 755, call: scores, phase: playing
2026-06-16 15:43:18, tokens_remaining: 755, call: scores, phase: playing
2026-06-16 15:43:18, tokens_remaining: 755, call: scores, phase: playing
2026-06-16 15:43:18, tokens_remaining: 755, call: scores, phase: playing
2026-06-16 15:43:18, tokens_remaining: 754, call: events, phase: playing
2026-06-16 15:43:19, tokens_remaining: 753, call: scores, phase: playing
2026-06-16 15:43:19, tokens_remaining: 753, call: scores, phase: playing
2026-06-16 15:43:19, tokens_remaining: 753, call: scores, phase: playing
2026-06-16 15:43:19, tokens_remaining: 753, call: scores, phase: playing
2026-06-16 15:43:19, tokens_remaining: 753, call: scores, phase: playing
2026-06-16 15:43:19, tokens_remaining: 753, call: scores, phase: playing
2026-06-16 15:43:20, tokens_remaining: 753, call: scores, phase: playing
2026-06-16 15:43:20, tokens_remaining: 752, call: scores, phase: playing
2026-06-16 15:43:20, tokens_remaining: 752, call: scores, phase: playing
2026-06-16 15:43:21, tokens_remaining: 751, call: events, phase: playing
2026-06-16 15:43:21, tokens_remaining: 752, call: scores, phase: playing
2026-06-16 15:43:21, tokens_remaining: 752, call: scores, phase: playing
2026-06-16 15:43:21, tokens_remaining: 750, call: scores, phase: playing
2026-06-16 15:43:21, tokens_remaining: 750, call: scores, phase: playing
2026-06-16 15:43:22, tokens_remaining: 750, call: scores, phase: playing
2026-06-16 15:43:22, tokens_remaining: 750, call: scores, phase: playing
2026-06-16 15:43:22, tokens_remaining: 750, call: scores, phase: playing
2026-06-16 15:43:22, tokens_remaining: 750, call: scores, phase: playing
2026-06-16 15:43:22, tokens_remaining: 750, call: scores, phase: playing
2026-06-16 15:43:23, tokens_remaining: 749, call: events, phase: playing
2026-06-16 15:43:23, tokens_remaining: 748, call: scores, phase: playing
2026-06-16 15:43:23, tokens_remaining: 748, call: scores, phase: playing
2026-06-16 15:43:23, tokens_remaining: 748, call: scores, phase: playing
2026-06-16 15:43:24, tokens_remaining: 748, call: scores, phase: playing
2026-06-16 15:43:24, tokens_remaining: 748, call: scores, phase: playing
2026-06-16 15:43:24, tokens_remaining: 748, call: scores, phase: playing
2026-06-16 15:43:24, tokens_remaining: 748, call: scores, phase: playing
2026-06-16 15:43:24, tokens_remaining: 747, call: scores, phase: playing
2026-06-16 15:43:25, tokens_remaining: 747, call: scores, phase: playing
2026-06-16 15:43:25, tokens_remaining: 746, call: events, phase: playing
2026-06-16 15:43:25, tokens_remaining: 747, call: scores, phase: playing
2026-06-16 15:43:25, tokens_remaining: 747, call: scores, phase: playing
2026-06-16 15:43:26, tokens_remaining: 745, call: scores, phase: playing
2026-06-16 15:43:26, tokens_remaining: 745, call: scores, phase: playing
2026-06-16 15:43:26, tokens_remaining: 745, call: scores, phase: playing
2026-06-16 15:43:26, tokens_remaining: 745, call: scores, phase: playing
2026-06-16 15:43:26, tokens_remaining: 745, call: scores, phase: playing
2026-06-16 15:43:26, tokens_remaining: 745, call: scores, phase: playing
2026-06-16 15:43:26, tokens_remaining: 745, call: scores, phase: playing
2026-06-16 15:43:27, tokens_remaining: 744, call: events, phase: playing
2026-06-16 15:43:28, tokens_remaining: 743, call: scores, phase: playing
2026-06-16 15:43:28, tokens_remaining: 743, call: scores, phase: playing
2026-06-16 15:43:28, tokens_remaining: 743, call: scores, phase: playing
2026-06-16 15:43:28, tokens_remaining: 743, call: scores, phase: playing
2026-06-16 15:43:28, tokens_remaining: 743, call: scores, phase: playing
2026-06-16 15:43:29, tokens_remaining: 743, call: scores, phase: playing
2026-06-16 15:43:29, tokens_remaining: 743, call: scores, phase: playing
2026-06-16 15:43:29, tokens_remaining: 742, call: scores, phase: playing
2026-06-16 15:43:29, tokens_remaining: 742, call: scores, phase: playing
2026-06-16 15:43:30, tokens_remaining: 741, call: events, phase: playing
2026-06-16 15:43:30, tokens_remaining: 742, call: scores, phase: playing
2026-06-16 15:43:30, tokens_remaining: 742, call: scores, phase: playing
2026-06-16 15:43:30, tokens_remaining: 740, call: scores, phase: playing
2026-06-16 15:43:31, tokens_remaining: 740, call: scores, phase: playing
2026-06-16 15:43:31, tokens_remaining: 740, call: scores, phase: playing
2026-06-16 15:43:31, tokens_remaining: 740, call: scores, phase: playing
2026-06-16 15:43:31, tokens_remaining: 740, call: scores, phase: playing
2026-06-16 15:43:31, tokens_remaining: 740, call: scores, phase: playing
2026-06-16 15:43:31, tokens_remaining: 740, call: scores, phase: playing
2026-06-16 15:43:32, tokens_remaining: 739, call: events, phase: playing
2026-06-16 15:43:32, tokens_remaining: 738, call: scores, phase: playing
2026-06-16 15:43:32, tokens_remaining: 738, call: scores, phase: playing
2026-06-16 15:43:32, tokens_remaining: 738, call: scores, phase: playing
2026-06-16 15:43:32, tokens_remaining: 738, call: scores, phase: playing
2026-06-16 15:43:33, tokens_remaining: 738, call: scores, phase: playing
2026-06-16 15:43:33, tokens_remaining: 738, call: scores, phase: playing
2026-06-16 15:43:33, tokens_remaining: 738, call: scores, phase: playing
2026-06-16 15:43:33, tokens_remaining: 738, call: scores, phase: playing
2026-06-16 15:43:33, tokens_remaining: 737, call: scores, phase: playing
2026-06-16 15:43:34, tokens_remaining: 736, call: events, phase: playing
2026-06-16 15:43:34, tokens_remaining: 737, call: scores, phase: playing
2026-06-16 15:43:34, tokens_remaining: 737, call: scores, phase: playing
2026-06-16 15:43:34, tokens_remaining: 737, call: scores, phase: playing
2026-06-16 15:43:35, tokens_remaining: 735, call: scores, phase: playing
2026-06-16 15:43:35, tokens_remaining: 735, call: scores, phase: playing
2026-06-16 15:43:35, tokens_remaining: 735, call: scores, phase: playing
2026-06-16 15:43:35, tokens_remaining: 735, call: scores, phase: playing
2026-06-16 15:43:35, tokens_remaining: 735, call: scores, phase: playing
2026-06-16 15:43:35, tokens_remaining: 735, call: scores, phase: playing
2026-06-16 15:43:36, tokens_remaining: 734, call: events, phase: playing
2026-06-16 15:43:36, tokens_remaining: 733, call: scores, phase: playing
2026-06-16 15:43:36, tokens_remaining: 733, call: scores, phase: playing
2026-06-16 15:43:37, tokens_remaining: 733, call: scores, phase: playing
2026-06-16 15:43:37, tokens_remaining: 733, call: scores, phase: playing
2026-06-16 15:43:37, tokens_remaining: 733, call: scores, phase: playing
2026-06-16 15:43:37, tokens_remaining: 733, call: scores, phase: playing
2026-06-16 15:43:37, tokens_remaining: 733, call: scores, phase: playing
2026-06-16 15:43:38, tokens_remaining: 732, call: scores, phase: playing
2026-06-16 15:43:38, tokens_remaining: 732, call: scores, phase: playing
2026-06-16 15:43:38, tokens_remaining: 731, call: events, phase: playing
2026-06-16 15:43:38, tokens_remaining: 732, call: scores, phase: playing
2026-06-16 15:43:38, tokens_remaining: 732, call: scores, phase: playing
2026-06-16 15:43:39, tokens_remaining: 730, call: scores, phase: playing
2026-06-16 15:43:39, tokens_remaining: 730, call: scores, phase: playing
2026-06-16 15:43:39, tokens_remaining: 730, call: scores, phase: playing
2026-06-16 15:43:39, tokens_remaining: 730, call: scores, phase: playing
2026-06-16 15:43:39, tokens_remaining: 730, call: scores, phase: playing
2026-06-16 15:43:40, tokens_remaining: 730, call: scores, phase: playing
2026-06-16 15:43:40, tokens_remaining: 730, call: scores, phase: playing
2026-06-16 15:43:40, tokens_remaining: 729, call: events, phase: playing
2026-06-16 15:43:41, tokens_remaining: 728, call: scores, phase: playing
2026-06-16 15:43:41, tokens_remaining: 728, call: scores, phase: playing
2026-06-16 15:43:41, tokens_remaining: 728, call: scores, phase: playing
2026-06-16 15:43:41, tokens_remaining: 728, call: scores, phase: playing
2026-06-16 15:43:41, tokens_remaining: 728, call: scores, phase: playing
2026-06-16 15:43:41, tokens_remaining: 728, call: scores, phase: playing
2026-06-16 15:43:42, tokens_remaining: 728, call: scores, phase: playing
2026-06-16 15:43:42, tokens_remaining: 727, call: scores, phase: playing
2026-06-16 15:43:42, tokens_remaining: 727, call: scores, phase: playing
2026-06-16 15:43:43, tokens_remaining: 726, call: events, phase: playing
2026-06-16 15:43:43, tokens_remaining: 727, call: scores, phase: playing
2026-06-16 15:43:43, tokens_remaining: 727, call: scores, phase: playing
2026-06-16 15:43:43, tokens_remaining: 725, call: scores, phase: playing
2026-06-16 15:43:43, tokens_remaining: 725, call: scores, phase: playing
2026-06-16 15:43:43, tokens_remaining: 725, call: scores, phase: playing
2026-06-16 15:43:44, tokens_remaining: 725, call: scores, phase: playing
2026-06-16 15:43:44, tokens_remaining: 725, call: scores, phase: playing
2026-06-16 15:43:44, tokens_remaining: 725, call: scores, phase: playing
2026-06-16 15:43:44, tokens_remaining: 725, call: scores, phase: playing
2026-06-16 15:43:44, tokens_remaining: 724, call: events, phase: playing
2026-06-16 15:43:45, tokens_remaining: 723, call: scores, phase: playing
2026-06-16 15:43:45, tokens_remaining: 723, call: scores, phase: playing
2026-06-16 15:43:45, tokens_remaining: 723, call: scores, phase: playing
2026-06-16 15:43:45, tokens_remaining: 723, call: scores, phase: playing
2026-06-16 15:43:46, tokens_remaining: 723, call: scores, phase: playing
2026-06-16 15:43:46, tokens_remaining: 723, call: scores, phase: playing
2026-06-16 15:43:46, tokens_remaining: 722, call: scores, phase: playing
2026-06-16 15:43:46, tokens_remaining: 722, call: scores, phase: playing
2026-06-16 15:43:46, tokens_remaining: 722, call: scores, phase: playing
2026-06-16 15:43:47, tokens_remaining: 721, call: events, phase: playing
2026-06-16 15:43:47, tokens_remaining: 722, call: scores, phase: playing
2026-06-16 15:43:47, tokens_remaining: 720, call: scores, phase: playing
2026-06-16 15:43:48, tokens_remaining: 720, call: scores, phase: playing
2026-06-16 15:43:48, tokens_remaining: 720, call: scores, phase: playing
2026-06-16 15:43:48, tokens_remaining: 720, call: scores, phase: playing
2026-06-16 15:43:48, tokens_remaining: 720, call: scores, phase: playing
2026-06-16 15:43:48, tokens_remaining: 720, call: scores, phase: playing
2026-06-16 15:43:48, tokens_remaining: 720, call: scores, phase: playing
2026-06-16 15:43:49, tokens_remaining: 719, call: scores, phase: playing
2026-06-16 15:43:49, tokens_remaining: 718, call: events, phase: playing
2026-06-16 15:43:49, tokens_remaining: 719, call: scores, phase: playing
2026-06-16 15:43:49, tokens_remaining: 719, call: scores, phase: playing
2026-06-16 15:43:50, tokens_remaining: 719, call: scores, phase: playing
2026-06-16 15:43:50, tokens_remaining: 717, call: scores, phase: playing
2026-06-16 15:43:50, tokens_remaining: 717, call: scores, phase: playing
2026-06-16 15:43:50, tokens_remaining: 717, call: scores, phase: playing
2026-06-16 15:43:50, tokens_remaining: 717, call: scores, phase: playing
2026-06-16 15:43:51, tokens_remaining: 717, call: scores, phase: playing
2026-06-16 15:43:51, tokens_remaining: 717, call: scores, phase: playing
2026-06-16 15:43:51, tokens_remaining: 716, call: events, phase: playing
2026-06-16 15:43:52, tokens_remaining: 715, call: scores, phase: playing
2026-06-16 15:43:52, tokens_remaining: 715, call: scores, phase: playing
2026-06-16 15:43:52, tokens_remaining: 715, call: scores, phase: playing
2026-06-16 15:43:52, tokens_remaining: 715, call: scores, phase: playing
2026-06-16 15:43:52, tokens_remaining: 715, call: scores, phase: playing
2026-06-16 15:43:52, tokens_remaining: 715, call: scores, phase: playing
2026-06-16 15:43:52, tokens_remaining: 715, call: scores, phase: playing
2026-06-16 15:43:53, tokens_remaining: 714, call: scores, phase: playing
2026-06-16 15:43:53, tokens_remaining: 714, call: scores, phase: playing
2026-06-16 15:43:53, tokens_remaining: 713, call: events, phase: playing
2026-06-16 15:43:54, tokens_remaining: 714, call: scores, phase: playing
2026-06-16 15:43:54, tokens_remaining: 714, call: scores, phase: playing
2026-06-16 15:43:54, tokens_remaining: 714, call: scores, phase: playing
2026-06-16 15:43:54, tokens_remaining: 712, call: scores, phase: playing
2026-06-16 15:43:54, tokens_remaining: 712, call: scores, phase: playing
2026-06-16 15:43:54, tokens_remaining: 712, call: scores, phase: playing
2026-06-16 15:43:55, tokens_remaining: 712, call: scores, phase: playing
2026-06-16 15:43:55, tokens_remaining: 712, call: scores, phase: playing
2026-06-16 15:43:55, tokens_remaining: 712, call: scores, phase: playing
2026-06-16 15:43:55, tokens_remaining: 711, call: events, phase: playing
2026-06-16 15:43:56, tokens_remaining: 710, call: scores, phase: playing
2026-06-16 15:43:56, tokens_remaining: 710, call: scores, phase: playing
2026-06-16 15:43:56, tokens_remaining: 710, call: scores, phase: playing
2026-06-16 15:43:56, tokens_remaining: 710, call: scores, phase: playing
2026-06-16 15:43:56, tokens_remaining: 710, call: scores, phase: playing
2026-06-16 15:43:57, tokens_remaining: 710, call: scores, phase: playing
2026-06-16 15:43:57, tokens_remaining: 710, call: scores, phase: playing
2026-06-16 15:43:57, tokens_remaining: 709, call: scores, phase: playing
2026-06-16 15:43:57, tokens_remaining: 709, call: scores, phase: playing
2026-06-16 15:43:58, tokens_remaining: 708, call: events, phase: playing
2026-06-16 15:43:58, tokens_remaining: 709, call: scores, phase: playing
2026-06-16 15:43:58, tokens_remaining: 709, call: scores, phase: playing
2026-06-16 15:43:58, tokens_remaining: 707, call: scores, phase: playing
2026-06-16 15:43:58, tokens_remaining: 707, call: scores, phase: playing
2026-06-16 15:43:59, tokens_remaining: 707, call: scores, phase: playing
2026-06-16 15:43:59, tokens_remaining: 707, call: scores, phase: playing
2026-06-16 15:43:59, tokens_remaining: 707, call: scores, phase: playing
2026-06-16 15:43:59, tokens_remaining: 707, call: scores, phase: playing
2026-06-16 15:43:59, tokens_remaining: 707, call: scores, phase: playing
2026-06-16 15:44:00, tokens_remaining: 706, call: events, phase: playing
2026-06-16 15:44:00, tokens_remaining: 705, call: scores, phase: playing
2026-06-16 15:44:00, tokens_remaining: 705, call: scores, phase: playing
2026-06-16 15:44:00, tokens_remaining: 705, call: scores, phase: playing
2026-06-16 15:44:01, tokens_remaining: 705, call: scores, phase: playing
2026-06-16 15:44:03, tokens_remaining: 2499, call: scores, phase: playing
2026-06-16 15:44:03, tokens_remaining: 2499, call: scores, phase: playing
2026-06-16 15:44:04, tokens_remaining: 2498, call: scores, phase: playing
2026-06-16 15:44:05, tokens_remaining: 2498, call: scores, phase: playing
2026-06-16 15:44:06, tokens_remaining: 2497, call: scores, phase: playing
2026-06-16 15:44:07, tokens_remaining: 2496, call: events, phase: playing
2026-06-16 15:44:08, tokens_remaining: 2495, call: scores, phase: playing
2026-06-16 15:44:09, tokens_remaining: 2495, call: scores, phase: playing
2026-06-16 15:44:10, tokens_remaining: 2494, call: scores, phase: playing
2026-06-16 15:44:11, tokens_remaining: 2494, call: scores, phase: playing
2026-06-16 15:44:12, tokens_remaining: 2493, call: scores, phase: playing
2026-06-16 15:44:13, tokens_remaining: 2493, call: scores, phase: playing
2026-06-16 15:44:14, tokens_remaining: 2492, call: scores, phase: playing
2026-06-16 15:44:14, tokens_remaining: 2492, call: scores, phase: playing
2026-06-16 15:44:15, tokens_remaining: 2491, call: scores, phase: playing
2026-06-16 15:44:16, tokens_remaining: 2490, call: events, phase: playing
2026-06-16 15:44:17, tokens_remaining: 2489, call: scores, phase: playing
2026-06-16 15:44:18, tokens_remaining: 2489, call: scores, phase: playing
2026-06-16 15:44:19, tokens_remaining: 2488, call: scores, phase: playing
2026-06-16 15:44:20, tokens_remaining: 2488, call: scores, phase: playing
2026-06-16 15:44:21, tokens_remaining: 2487, call: scores, phase: playing
2026-06-16 15:44:22, tokens_remaining: 2487, call: scores, phase: playing
2026-06-16 15:44:23, tokens_remaining: 2486, call: scores, phase: playing
2026-06-16 15:44:23, tokens_remaining: 2486, call: scores, phase: playing
2026-06-16 15:44:25, tokens_remaining: 2485, call: scores, phase: playing
2026-06-16 15:44:26, tokens_remaining: 2484, call: events, phase: playing
2026-06-16 15:44:26, EVENT: SUBSTITUTION 80' Bradley Barcola [France vs Senegal]
2026-06-16 15:44:27, tokens_remaining: 2483, call: scores, phase: playing
2026-06-16 15:44:27, tokens_remaining: 2483, call: scores, phase: playing
2026-06-16 15:44:28, tokens_remaining: 2482, call: scores, phase: playing
2026-06-16 15:44:29, tokens_remaining: 2482, call: scores, phase: playing
2026-06-16 15:44:30, tokens_remaining: 2481, call: scores, phase: playing
2026-06-16 15:44:31, tokens_remaining: 2481, call: scores, phase: playing
2026-06-16 15:44:32, tokens_remaining: 2480, call: scores, phase: playing
2026-06-16 15:44:33, tokens_remaining: 2480, call: scores, phase: playing
2026-06-16 15:44:34, tokens_remaining: 2479, call: scores, phase: playing
2026-06-16 15:44:35, tokens_remaining: 2478, call: events, phase: playing
2026-06-16 15:44:36, tokens_remaining: 2477, call: scores, phase: playing
2026-06-16 15:44:37, tokens_remaining: 2477, call: scores, phase: playing
2026-06-16 15:44:38, tokens_remaining: 2476, call: scores, phase: playing
2026-06-16 15:44:38, tokens_remaining: 2476, call: scores, phase: playing
2026-06-16 15:44:39, tokens_remaining: 2475, call: scores, phase: playing
2026-06-16 15:44:40, tokens_remaining: 2475, call: scores, phase: playing
2026-06-16 15:44:41, tokens_remaining: 2474, call: scores, phase: playing
2026-06-16 15:44:42, tokens_remaining: 2474, call: scores, phase: playing
2026-06-16 15:44:43, tokens_remaining: 2473, call: scores, phase: playing
2026-06-16 15:44:44, tokens_remaining: 2472, call: events, phase: playing
2026-06-16 15:44:45, tokens_remaining: 2471, call: scores, phase: playing
2026-06-16 15:44:46, tokens_remaining: 2471, call: scores, phase: playing
2026-06-16 15:44:47, tokens_remaining: 2470, call: scores, phase: playing
2026-06-16 15:44:47, tokens_remaining: 2470, call: scores, phase: playing
2026-06-16 15:44:48, tokens_remaining: 2469, call: scores, phase: playing
2026-06-16 15:44:49, tokens_remaining: 2469, call: scores, phase: playing
2026-06-16 15:44:50, tokens_remaining: 2468, call: scores, phase: playing
2026-06-16 15:44:51, tokens_remaining: 2468, call: scores, phase: playing
2026-06-16 15:44:52, tokens_remaining: 2467, call: scores, phase: playing
2026-06-16 15:44:53, tokens_remaining: 2466, call: events, phase: playing
2026-06-16 15:44:54, tokens_remaining: 2465, call: scores, phase: playing
2026-06-16 15:44:55, tokens_remaining: 2465, call: scores, phase: playing
2026-06-16 15:44:56, tokens_remaining: 2464, call: scores, phase: playing
2026-06-16 15:44:57, tokens_remaining: 2464, call: scores, phase: playing
2026-06-16 15:44:58, tokens_remaining: 2463, call: scores, phase: playing
2026-06-16 15:44:58, tokens_remaining: 2463, call: scores, phase: playing
2026-06-16 15:44:59, tokens_remaining: 2462, call: scores, phase: playing
2026-06-16 15:45:00, tokens_remaining: 2462, call: scores, phase: playing
2026-06-16 15:45:01, tokens_remaining: 2461, call: scores, phase: playing
2026-06-16 15:45:02, tokens_remaining: 2460, call: events, phase: playing
2026-06-16 15:45:03, tokens_remaining: 2459, call: scores, phase: playing
2026-06-16 15:45:04, tokens_remaining: 2459, call: scores, phase: playing
2026-06-16 15:45:05, tokens_remaining: 2458, call: scores, phase: playing
2026-06-16 15:45:06, tokens_remaining: 2458, call: scores, phase: playing
2026-06-16 15:45:07, tokens_remaining: 2457, call: scores, phase: playing
2026-06-16 15:45:08, tokens_remaining: 2457, call: scores, phase: playing
2026-06-16 15:45:09, tokens_remaining: 2456, call: scores, phase: playing
2026-06-16 15:45:09, tokens_remaining: 2456, call: scores, phase: playing
2026-06-16 15:45:10, tokens_remaining: 2455, call: scores, phase: playing
2026-06-16 15:45:11, tokens_remaining: 2454, call: events, phase: playing
2026-06-16 15:45:12, tokens_remaining: 2453, call: scores, phase: playing
2026-06-16 15:45:13, tokens_remaining: 2453, call: scores, phase: playing
2026-06-16 15:45:14, tokens_remaining: 2452, call: scores, phase: playing
2026-06-16 15:45:15, tokens_remaining: 2452, call: scores, phase: playing
2026-06-16 15:45:16, tokens_remaining: 2451, call: scores, phase: playing
2026-06-16 15:45:17, tokens_remaining: 2451, call: scores, phase: playing
2026-06-16 15:45:18, tokens_remaining: 2450, call: scores, phase: playing
2026-06-16 15:45:19, tokens_remaining: 2450, call: scores, phase: playing
2026-06-16 15:45:20, tokens_remaining: 2449, call: scores, phase: playing
2026-06-16 15:45:21, tokens_remaining: 2448, call: events, phase: playing
2026-06-16 15:45:22, tokens_remaining: 2447, call: scores, phase: playing
2026-06-16 15:45:22, tokens_remaining: 2447, call: scores, phase: playing
2026-06-16 15:45:23, tokens_remaining: 2446, call: scores, phase: playing
2026-06-16 15:45:24, tokens_remaining: 2446, call: scores, phase: playing
2026-06-16 15:45:25, tokens_remaining: 2445, call: scores, phase: playing
2026-06-16 15:45:26, tokens_remaining: 2445, call: scores, phase: playing
2026-06-16 15:45:27, tokens_remaining: 2444, call: scores, phase: playing
2026-06-16 15:45:28, tokens_remaining: 2444, call: scores, phase: playing
2026-06-16 15:45:29, tokens_remaining: 2443, call: scores, phase: playing
2026-06-16 15:45:30, tokens_remaining: 2442, call: events, phase: playing
2026-06-16 15:45:31, tokens_remaining: 2441, call: scores, phase: playing
2026-06-16 15:45:31, tokens_remaining: 2441, call: scores, phase: playing
2026-06-16 15:45:32, tokens_remaining: 2440, call: scores, phase: playing
2026-06-16 15:45:33, tokens_remaining: 2440, call: scores, phase: playing
2026-06-16 15:45:34, tokens_remaining: 2439, call: scores, phase: playing
2026-06-16 15:45:35, tokens_remaining: 2439, call: scores, phase: playing
2026-06-16 15:45:36, tokens_remaining: 2438, call: scores, phase: playing
2026-06-16 15:45:37, tokens_remaining: 2438, call: scores, phase: playing
2026-06-16 15:45:38, tokens_remaining: 2437, call: scores, phase: playing
2026-06-16 15:45:39, tokens_remaining: 2436, call: events, phase: playing
2026-06-16 15:45:40, tokens_remaining: 2435, call: scores, phase: playing
2026-06-16 15:45:41, tokens_remaining: 2435, call: scores, phase: playing
2026-06-16 15:45:42, tokens_remaining: 2434, call: scores, phase: playing
2026-06-16 15:45:43, tokens_remaining: 2434, call: scores, phase: playing
2026-06-16 15:45:44, tokens_remaining: 2433, call: scores, phase: playing
2026-06-16 15:45:44, tokens_remaining: 2433, call: scores, phase: playing
2026-06-16 15:45:45, tokens_remaining: 2432, call: scores, phase: playing
2026-06-16 15:45:46, tokens_remaining: 2432, call: scores, phase: playing
2026-06-16 15:45:47, tokens_remaining: 2431, call: scores, phase: playing
2026-06-16 15:45:48, tokens_remaining: 2430, call: events, phase: playing
2026-06-16 15:45:49, tokens_remaining: 2429, call: scores, phase: playing
2026-06-16 15:45:50, tokens_remaining: 2429, call: scores, phase: playing
2026-06-16 15:45:51, tokens_remaining: 2428, call: scores, phase: playing
2026-06-16 15:45:52, tokens_remaining: 2428, call: scores, phase: playing
2026-06-16 15:45:53, tokens_remaining: 2427, call: scores, phase: playing
2026-06-16 15:45:53, tokens_remaining: 2427, call: scores, phase: playing
2026-06-16 15:45:54, tokens_remaining: 2426, call: scores, phase: playing
2026-06-16 15:45:55, tokens_remaining: 2426, call: scores, phase: playing
2026-06-16 15:45:56, tokens_remaining: 2425, call: scores, phase: playing
2026-06-16 15:45:57, tokens_remaining: 2424, call: events, phase: playing
2026-06-16 15:45:58, tokens_remaining: 2423, call: scores, phase: playing
2026-06-16 15:45:59, tokens_remaining: 2423, call: scores, phase: playing
2026-06-16 15:46:00, tokens_remaining: 2422, call: scores, phase: playing
2026-06-16 15:46:01, tokens_remaining: 2422, call: scores, phase: playing
2026-06-16 15:46:02, tokens_remaining: 2421, call: scores, phase: playing
2026-06-16 15:46:02, tokens_remaining: 2421, call: scores, phase: playing
2026-06-16 15:46:03, tokens_remaining: 2420, call: scores, phase: playing
2026-06-16 15:46:04, tokens_remaining: 2420, call: scores, phase: playing
2026-06-16 15:46:05, tokens_remaining: 2419, call: scores, phase: playing
2026-06-16 15:46:06, tokens_remaining: 2418, call: events, phase: playing
2026-06-16 15:46:07, tokens_remaining: 2417, call: scores, phase: playing
2026-06-16 15:46:08, tokens_remaining: 2417, call: scores, phase: playing
2026-06-16 15:46:09, tokens_remaining: 2416, call: scores, phase: playing
2026-06-16 15:46:10, tokens_remaining: 2416, call: scores, phase: playing
2026-06-16 15:46:11, tokens_remaining: 2415, call: scores, phase: playing
2026-06-16 15:46:11, tokens_remaining: 2415, call: scores, phase: playing
2026-06-16 15:46:12, tokens_remaining: 2414, call: scores, phase: playing
2026-06-16 15:46:13, tokens_remaining: 2414, call: scores, phase: playing
2026-06-16 15:46:14, tokens_remaining: 2413, call: scores, phase: playing
2026-06-16 15:46:15, tokens_remaining: 2412, call: events, phase: playing
2026-06-16 15:46:16, tokens_remaining: 2411, call: scores, phase: playing
2026-06-16 15:46:17, tokens_remaining: 2411, call: scores, phase: playing
2026-06-16 15:46:18, tokens_remaining: 2410, call: scores, phase: playing
2026-06-16 15:46:18, GOAL: France (France 2-0 Senegal)
2026-06-16 15:46:19, tokens_remaining: 2410, call: scores, phase: playing
2026-06-16 15:46:20, tokens_remaining: 2409, call: scores, phase: playing
2026-06-16 15:46:21, tokens_remaining: 2409, call: scores, phase: playing
2026-06-16 15:46:22, tokens_remaining: 2408, call: scores, phase: playing
2026-06-16 15:46:22, tokens_remaining: 2408, call: scores, phase: playing
2026-06-16 15:46:23, tokens_remaining: 2407, call: scores, phase: playing
2026-06-16 15:46:24, tokens_remaining: 2406, call: events, phase: playing
2026-06-16 15:46:24, EVENT: GOAL 82' Bradley Barcola (2-0) [France vs Senegal]
2026-06-16 15:46:25, tokens_remaining: 2405, call: scores, phase: playing
2026-06-16 15:46:26, tokens_remaining: 2405, call: scores, phase: playing
2026-06-16 15:46:27, tokens_remaining: 2404, call: scores, phase: playing
2026-06-16 15:46:28, tokens_remaining: 2404, call: scores, phase: playing
2026-06-16 15:46:29, tokens_remaining: 2403, call: scores, phase: playing
2026-06-16 15:46:30, tokens_remaining: 2403, call: scores, phase: playing
2026-06-16 15:46:31, tokens_remaining: 2402, call: scores, phase: playing
2026-06-16 15:46:31, tokens_remaining: 2402, call: scores, phase: playing
2026-06-16 15:46:32, tokens_remaining: 2401, call: scores, phase: playing
2026-06-16 15:46:33, tokens_remaining: 2400, call: events, phase: playing
2026-06-16 15:46:34, tokens_remaining: 2399, call: scores, phase: playing
2026-06-16 15:46:35, tokens_remaining: 2399, call: scores, phase: playing
2026-06-16 15:46:36, tokens_remaining: 2398, call: scores, phase: playing
2026-06-16 15:46:37, tokens_remaining: 2398, call: scores, phase: playing
2026-06-16 15:46:38, tokens_remaining: 2397, call: scores, phase: playing
2026-06-16 15:46:39, tokens_remaining: 2397, call: scores, phase: playing
2026-06-16 15:46:40, tokens_remaining: 2396, call: scores, phase: playing
2026-06-16 15:46:40, tokens_remaining: 2396, call: scores, phase: playing
2026-06-16 15:46:41, tokens_remaining: 2395, call: scores, phase: playing
2026-06-16 15:46:43, tokens_remaining: 2394, call: events, phase: playing
2026-06-16 15:46:43, tokens_remaining: 2393, call: scores, phase: playing
2026-06-16 15:46:44, tokens_remaining: 2393, call: scores, phase: playing
2026-06-16 15:46:45, tokens_remaining: 2392, call: scores, phase: playing
2026-06-16 15:46:46, tokens_remaining: 2392, call: scores, phase: playing
2026-06-16 15:46:47, tokens_remaining: 2391, call: scores, phase: playing
2026-06-16 15:46:48, tokens_remaining: 2391, call: scores, phase: playing
2026-06-16 15:46:49, tokens_remaining: 2390, call: scores, phase: playing
2026-06-16 15:46:49, tokens_remaining: 2390, call: scores, phase: playing
2026-06-16 15:46:50, tokens_remaining: 2389, call: scores, phase: playing
2026-06-16 15:46:51, tokens_remaining: 2388, call: events, phase: playing
2026-06-16 15:46:53, tokens_remaining: 2387, call: scores, phase: playing
2026-06-16 15:46:53, tokens_remaining: 2387, call: scores, phase: playing
2026-06-16 15:46:54, tokens_remaining: 2386, call: scores, phase: playing
2026-06-16 15:46:55, tokens_remaining: 2386, call: scores, phase: playing
2026-06-16 15:46:56, tokens_remaining: 2385, call: scores, phase: playing
2026-06-16 15:46:57, tokens_remaining: 2385, call: scores, phase: playing
2026-06-16 15:46:58, tokens_remaining: 2384, call: scores, phase: playing
2026-06-16 15:46:59, tokens_remaining: 2384, call: scores, phase: playing
2026-06-16 15:47:00, tokens_remaining: 2383, call: scores, phase: playing
2026-06-16 15:47:01, tokens_remaining: 2382, call: events, phase: playing
2026-06-16 15:47:02, tokens_remaining: 2381, call: scores, phase: playing
2026-06-16 15:47:02, tokens_remaining: 2381, call: scores, phase: playing
2026-06-16 15:47:03, tokens_remaining: 2380, call: scores, phase: playing
2026-06-16 15:47:04, tokens_remaining: 2380, call: scores, phase: playing
2026-06-16 15:47:05, tokens_remaining: 2379, call: scores, phase: playing
2026-06-16 15:47:06, tokens_remaining: 2379, call: scores, phase: playing
2026-06-16 15:47:07, tokens_remaining: 2378, call: scores, phase: playing
2026-06-16 15:47:08, tokens_remaining: 2378, call: scores, phase: playing
2026-06-16 15:47:09, tokens_remaining: 2377, call: scores, phase: playing
2026-06-16 15:47:10, tokens_remaining: 2376, call: events, phase: playing
2026-06-16 15:47:11, tokens_remaining: 2375, call: scores, phase: playing
2026-06-16 15:47:12, tokens_remaining: 2375, call: scores, phase: playing
2026-06-16 15:47:13, tokens_remaining: 2374, call: scores, phase: playing
2026-06-16 15:47:13, tokens_remaining: 2374, call: scores, phase: playing
2026-06-16 15:47:14, tokens_remaining: 2373, call: scores, phase: playing
2026-06-16 15:47:15, tokens_remaining: 2373, call: scores, phase: playing
2026-06-16 15:47:16, tokens_remaining: 2372, call: scores, phase: playing
2026-06-16 15:47:17, tokens_remaining: 2372, call: scores, phase: playing
2026-06-16 15:47:18, tokens_remaining: 2371, call: scores, phase: playing
2026-06-16 15:47:19, tokens_remaining: 2370, call: events, phase: playing
2026-06-16 15:47:20, tokens_remaining: 2369, call: scores, phase: playing
2026-06-16 15:47:21, tokens_remaining: 2369, call: scores, phase: playing
2026-06-16 15:47:22, tokens_remaining: 2368, call: scores, phase: playing
2026-06-16 15:47:22, tokens_remaining: 2368, call: scores, phase: playing
2026-06-16 15:47:23, tokens_remaining: 2367, call: scores, phase: playing
2026-06-16 15:47:24, tokens_remaining: 2367, call: scores, phase: playing
2026-06-16 15:47:25, tokens_remaining: 2366, call: scores, phase: playing
2026-06-16 15:47:26, tokens_remaining: 2366, call: scores, phase: playing
2026-06-16 15:47:27, tokens_remaining: 2365, call: scores, phase: playing
2026-06-16 15:47:28, tokens_remaining: 2364, call: events, phase: playing
2026-06-16 15:47:29, tokens_remaining: 2363, call: scores, phase: playing
2026-06-16 15:47:30, tokens_remaining: 2363, call: scores, phase: playing
2026-06-16 15:47:31, tokens_remaining: 2362, call: scores, phase: playing
2026-06-16 15:47:32, tokens_remaining: 2362, call: scores, phase: playing
2026-06-16 15:47:33, tokens_remaining: 2361, call: scores, phase: playing
2026-06-16 15:47:33, tokens_remaining: 2361, call: scores, phase: playing
2026-06-16 15:47:34, tokens_remaining: 2360, call: scores, phase: playing
2026-06-16 15:47:35, tokens_remaining: 2360, call: scores, phase: playing
2026-06-16 15:47:36, tokens_remaining: 2359, call: scores, phase: playing
2026-06-16 15:47:37, tokens_remaining: 2358, call: events, phase: playing
2026-06-16 15:47:38, tokens_remaining: 2357, call: scores, phase: playing
2026-06-16 15:47:39, tokens_remaining: 2357, call: scores, phase: playing
2026-06-16 15:47:40, tokens_remaining: 2356, call: scores, phase: playing
2026-06-16 15:47:41, tokens_remaining: 2356, call: scores, phase: playing
2026-06-16 15:47:42, tokens_remaining: 2355, call: scores, phase: playing
2026-06-16 15:47:42, tokens_remaining: 2355, call: scores, phase: playing
2026-06-16 15:47:43, tokens_remaining: 2354, call: scores, phase: playing
2026-06-16 15:47:44, tokens_remaining: 2354, call: scores, phase: playing
2026-06-16 15:47:45, tokens_remaining: 2353, call: scores, phase: playing
2026-06-16 15:47:46, tokens_remaining: 2352, call: events, phase: playing
2026-06-16 15:47:47, tokens_remaining: 2351, call: scores, phase: playing
2026-06-16 15:47:48, tokens_remaining: 2351, call: scores, phase: playing
2026-06-16 15:47:49, tokens_remaining: 2350, call: scores, phase: playing
2026-06-16 15:47:50, tokens_remaining: 2350, call: scores, phase: playing
2026-06-16 15:47:51, tokens_remaining: 2349, call: scores, phase: playing
2026-06-16 15:47:51, tokens_remaining: 2349, call: scores, phase: playing
2026-06-16 15:47:53, tokens_remaining: 2348, call: scores, phase: playing
2026-06-16 15:47:53, tokens_remaining: 2348, call: scores, phase: playing
2026-06-16 15:47:54, tokens_remaining: 2347, call: scores, phase: playing
2026-06-16 15:47:55, tokens_remaining: 2346, call: events, phase: playing
2026-06-16 15:47:56, tokens_remaining: 2345, call: scores, phase: playing
2026-06-16 15:47:57, tokens_remaining: 2345, call: scores, phase: playing
2026-06-16 15:47:58, tokens_remaining: 2344, call: scores, phase: playing
2026-06-16 15:47:59, tokens_remaining: 2344, call: scores, phase: playing
2026-06-16 15:48:00, tokens_remaining: 2343, call: scores, phase: playing
2026-06-16 15:48:01, tokens_remaining: 2343, call: scores, phase: playing
2026-06-16 15:48:02, tokens_remaining: 2342, call: scores, phase: playing
2026-06-16 15:48:02, tokens_remaining: 2342, call: scores, phase: playing
2026-06-16 15:48:03, tokens_remaining: 2341, call: scores, phase: playing
2026-06-16 15:48:04, tokens_remaining: 2340, call: events, phase: playing
2026-06-16 15:48:04, EVENT: SUBSTITUTION 83' Bamba Dieng [France vs Senegal]
2026-06-16 15:48:05, tokens_remaining: 2339, call: scores, phase: playing
2026-06-16 15:48:06, tokens_remaining: 2339, call: scores, phase: playing
2026-06-16 15:48:07, tokens_remaining: 2338, call: scores, phase: playing
2026-06-16 15:48:08, tokens_remaining: 2338, call: scores, phase: playing
2026-06-16 15:48:09, tokens_remaining: 2337, call: scores, phase: playing
2026-06-16 15:48:10, tokens_remaining: 2337, call: scores, phase: playing
2026-06-16 15:48:11, tokens_remaining: 2336, call: scores, phase: playing
2026-06-16 15:48:11, tokens_remaining: 2336, call: scores, phase: playing
2026-06-16 15:48:12, tokens_remaining: 2335, call: scores, phase: playing
2026-06-16 15:48:13, tokens_remaining: 2334, call: events, phase: playing
2026-06-16 15:48:14, tokens_remaining: 2333, call: scores, phase: playing
2026-06-16 15:48:15, tokens_remaining: 2333, call: scores, phase: playing
2026-06-16 15:48:16, tokens_remaining: 2332, call: scores, phase: playing
2026-06-16 15:48:17, tokens_remaining: 2332, call: scores, phase: playing
2026-06-16 15:48:18, tokens_remaining: 2331, call: scores, phase: playing
2026-06-16 15:48:19, tokens_remaining: 2331, call: scores, phase: playing
2026-06-16 15:48:20, tokens_remaining: 2330, call: scores, phase: playing
2026-06-16 15:48:21, tokens_remaining: 2330, call: scores, phase: playing
2026-06-16 15:48:22, tokens_remaining: 2329, call: scores, phase: playing
2026-06-16 15:48:23, tokens_remaining: 2328, call: events, phase: playing
2026-06-16 15:48:23, EVENT: SUBSTITUTION 83' Iliman Ndiaye [France vs Senegal]
2026-06-16 15:48:24, tokens_remaining: 2327, call: scores, phase: playing
2026-06-16 15:48:24, tokens_remaining: 2327, call: scores, phase: playing
2026-06-16 15:48:25, tokens_remaining: 2326, call: scores, phase: playing
2026-06-16 15:48:26, tokens_remaining: 2326, call: scores, phase: playing
2026-06-16 15:48:27, tokens_remaining: 2325, call: scores, phase: playing
2026-06-16 15:48:28, tokens_remaining: 2325, call: scores, phase: playing
2026-06-16 15:48:29, tokens_remaining: 2324, call: scores, phase: playing
2026-06-16 15:48:30, tokens_remaining: 2324, call: scores, phase: playing
2026-06-16 15:48:31, tokens_remaining: 2323, call: scores, phase: playing
2026-06-16 15:48:32, tokens_remaining: 2322, call: events, phase: playing
2026-06-16 15:48:33, tokens_remaining: 2321, call: scores, phase: playing
2026-06-16 15:48:34, tokens_remaining: 2321, call: scores, phase: playing
2026-06-16 15:48:35, tokens_remaining: 2320, call: scores, phase: playing
2026-06-16 15:48:35, tokens_remaining: 2320, call: scores, phase: playing
2026-06-16 15:48:36, tokens_remaining: 2319, call: scores, phase: playing
2026-06-16 15:48:37, tokens_remaining: 2319, call: scores, phase: playing
2026-06-16 15:48:38, tokens_remaining: 2318, call: scores, phase: playing
2026-06-16 15:48:39, tokens_remaining: 2318, call: scores, phase: playing
2026-06-16 15:48:40, tokens_remaining: 2317, call: scores, phase: playing
2026-06-16 15:48:41, tokens_remaining: 2316, call: events, phase: playing
2026-06-16 15:48:42, tokens_remaining: 2315, call: scores, phase: playing
2026-06-16 15:48:43, tokens_remaining: 2315, call: scores, phase: playing
2026-06-16 15:48:44, tokens_remaining: 2314, call: scores, phase: playing
2026-06-16 15:48:44, tokens_remaining: 2314, call: scores, phase: playing
2026-06-16 15:48:45, tokens_remaining: 2313, call: scores, phase: playing
2026-06-16 15:48:46, tokens_remaining: 2313, call: scores, phase: playing
2026-06-16 15:48:47, tokens_remaining: 2312, call: scores, phase: playing
2026-06-16 15:48:48, tokens_remaining: 2312, call: scores, phase: playing
2026-06-16 15:48:49, tokens_remaining: 2311, call: scores, phase: playing
2026-06-16 15:48:50, tokens_remaining: 2310, call: events, phase: playing
2026-06-16 15:48:51, tokens_remaining: 2309, call: scores, phase: playing
2026-06-16 15:48:52, tokens_remaining: 2309, call: scores, phase: playing
2026-06-16 15:48:53, tokens_remaining: 2308, call: scores, phase: playing
2026-06-16 15:48:53, tokens_remaining: 2308, call: scores, phase: playing
2026-06-16 15:48:55, tokens_remaining: 2307, call: scores, phase: playing
2026-06-16 15:48:55, tokens_remaining: 2307, call: scores, phase: playing
2026-06-16 15:48:56, tokens_remaining: 2306, call: scores, phase: playing
2026-06-16 15:48:57, tokens_remaining: 2306, call: scores, phase: playing
2026-06-16 15:48:58, tokens_remaining: 2305, call: scores, phase: playing
2026-06-16 15:48:59, tokens_remaining: 2304, call: events, phase: playing
2026-06-16 15:49:00, tokens_remaining: 2303, call: scores, phase: playing
2026-06-16 15:49:01, tokens_remaining: 2303, call: scores, phase: playing
2026-06-16 15:49:02, tokens_remaining: 2302, call: scores, phase: playing
2026-06-16 15:49:03, tokens_remaining: 2302, call: scores, phase: playing
2026-06-16 15:49:04, tokens_remaining: 2301, call: scores, phase: playing
2026-06-16 15:49:04, tokens_remaining: 2301, call: scores, phase: playing
2026-06-16 15:49:05, tokens_remaining: 2300, call: scores, phase: playing
2026-06-16 15:49:06, tokens_remaining: 2300, call: scores, phase: playing
2026-06-16 15:49:07, tokens_remaining: 2299, call: scores, phase: playing
2026-06-16 15:49:08, tokens_remaining: 2298, call: events, phase: playing
2026-06-16 15:49:09, tokens_remaining: 2297, call: scores, phase: playing
2026-06-16 15:49:10, tokens_remaining: 2297, call: scores, phase: playing
2026-06-16 15:49:11, tokens_remaining: 2296, call: scores, phase: playing
2026-06-16 15:49:12, tokens_remaining: 2296, call: scores, phase: playing
2026-06-16 15:49:13, tokens_remaining: 2295, call: scores, phase: playing
2026-06-16 15:49:13, tokens_remaining: 2295, call: scores, phase: playing
2026-06-16 15:49:14, tokens_remaining: 2294, call: scores, phase: playing
2026-06-16 15:49:15, tokens_remaining: 2294, call: scores, phase: playing
2026-06-16 15:49:16, tokens_remaining: 2293, call: scores, phase: playing
2026-06-16 15:49:17, tokens_remaining: 2292, call: events, phase: playing
2026-06-16 15:49:18, tokens_remaining: 2291, call: scores, phase: playing
2026-06-16 15:49:19, tokens_remaining: 2291, call: scores, phase: playing
2026-06-16 15:49:20, tokens_remaining: 2290, call: scores, phase: playing
2026-06-16 15:49:21, tokens_remaining: 2290, call: scores, phase: playing
2026-06-16 15:49:22, tokens_remaining: 2289, call: scores, phase: playing
2026-06-16 15:49:23, tokens_remaining: 2289, call: scores, phase: playing
2026-06-16 15:49:24, tokens_remaining: 2288, call: scores, phase: playing
2026-06-16 15:49:24, tokens_remaining: 2288, call: scores, phase: playing
2026-06-16 15:49:25, tokens_remaining: 2287, call: scores, phase: playing
2026-06-16 15:49:26, tokens_remaining: 2286, call: events, phase: playing
2026-06-16 15:49:27, tokens_remaining: 2285, call: scores, phase: playing
2026-06-16 15:49:28, tokens_remaining: 2285, call: scores, phase: playing
2026-06-16 15:49:29, tokens_remaining: 2284, call: scores, phase: playing
2026-06-16 15:49:30, tokens_remaining: 2284, call: scores, phase: playing
2026-06-16 15:49:31, tokens_remaining: 2283, call: scores, phase: playing
2026-06-16 15:49:32, tokens_remaining: 2283, call: scores, phase: playing
2026-06-16 15:49:33, tokens_remaining: 2282, call: scores, phase: playing
2026-06-16 15:49:33, tokens_remaining: 2282, call: scores, phase: playing
2026-06-16 15:49:34, tokens_remaining: 2281, call: scores, phase: playing
2026-06-16 15:49:35, tokens_remaining: 2280, call: events, phase: playing
2026-06-16 15:49:36, tokens_remaining: 2279, call: scores, phase: playing
2026-06-16 15:49:37, tokens_remaining: 2279, call: scores, phase: playing
2026-06-16 15:49:38, tokens_remaining: 2278, call: scores, phase: playing
2026-06-16 15:49:39, tokens_remaining: 2278, call: scores, phase: playing
2026-06-16 15:49:40, tokens_remaining: 2277, call: scores, phase: playing
2026-06-16 15:49:41, tokens_remaining: 2277, call: scores, phase: playing
2026-06-16 15:49:42, tokens_remaining: 2276, call: scores, phase: playing
2026-06-16 15:49:43, tokens_remaining: 2276, call: scores, phase: playing
2026-06-16 15:49:44, tokens_remaining: 2275, call: scores, phase: playing
2026-06-16 15:49:45, tokens_remaining: 2274, call: events, phase: playing
2026-06-16 15:49:46, tokens_remaining: 2273, call: scores, phase: playing
2026-06-16 15:49:46, tokens_remaining: 2273, call: scores, phase: playing
2026-06-16 15:49:47, tokens_remaining: 2272, call: scores, phase: playing
2026-06-16 15:49:48, tokens_remaining: 2272, call: scores, phase: playing
2026-06-16 15:49:49, tokens_remaining: 2271, call: scores, phase: playing
2026-06-16 15:49:50, tokens_remaining: 2271, call: scores, phase: playing
2026-06-16 15:49:51, tokens_remaining: 2270, call: scores, phase: playing
2026-06-16 15:49:52, tokens_remaining: 2270, call: scores, phase: playing
2026-06-16 15:49:53, tokens_remaining: 2269, call: scores, phase: playing
2026-06-16 15:49:54, tokens_remaining: 2268, call: events, phase: playing
2026-06-16 15:49:55, tokens_remaining: 2267, call: scores, phase: playing
2026-06-16 15:49:56, tokens_remaining: 2267, call: scores, phase: playing
2026-06-16 15:49:57, tokens_remaining: 2266, call: scores, phase: playing
2026-06-16 15:49:57, tokens_remaining: 2266, call: scores, phase: playing
2026-06-16 15:49:58, tokens_remaining: 2265, call: scores, phase: playing
2026-06-16 15:49:59, tokens_remaining: 2265, call: scores, phase: playing
2026-06-16 15:50:00, tokens_remaining: 2264, call: scores, phase: playing
2026-06-16 15:50:01, tokens_remaining: 2264, call: scores, phase: playing
2026-06-16 15:50:02, tokens_remaining: 2263, call: scores, phase: playing
2026-06-16 15:50:03, tokens_remaining: 2262, call: events, phase: playing
2026-06-16 15:50:04, tokens_remaining: 2261, call: scores, phase: playing
2026-06-16 15:50:05, tokens_remaining: 2261, call: scores, phase: playing
2026-06-16 15:50:06, tokens_remaining: 2260, call: scores, phase: playing
2026-06-16 15:50:06, tokens_remaining: 2260, call: scores, phase: playing
2026-06-16 15:50:07, tokens_remaining: 2259, call: scores, phase: playing
2026-06-16 15:50:08, tokens_remaining: 2259, call: scores, phase: playing
2026-06-16 15:50:09, tokens_remaining: 2258, call: scores, phase: playing
2026-06-16 15:50:10, tokens_remaining: 2258, call: scores, phase: playing
2026-06-16 15:50:11, tokens_remaining: 2257, call: scores, phase: playing
2026-06-16 15:50:12, tokens_remaining: 2256, call: events, phase: playing
2026-06-16 15:50:13, tokens_remaining: 2255, call: scores, phase: playing
2026-06-16 15:50:14, tokens_remaining: 2255, call: scores, phase: playing
2026-06-16 15:50:15, tokens_remaining: 2254, call: scores, phase: playing
2026-06-16 15:50:15, tokens_remaining: 2254, call: scores, phase: playing
2026-06-16 15:50:16, tokens_remaining: 2253, call: scores, phase: playing
2026-06-16 15:50:17, tokens_remaining: 2253, call: scores, phase: playing
2026-06-16 15:50:18, tokens_remaining: 2252, call: scores, phase: playing
2026-06-16 15:50:19, tokens_remaining: 2252, call: scores, phase: playing
2026-06-16 15:50:20, tokens_remaining: 2251, call: scores, phase: playing
2026-06-16 15:50:21, tokens_remaining: 2250, call: events, phase: playing
2026-06-16 15:50:22, tokens_remaining: 2249, call: scores, phase: playing
2026-06-16 15:50:23, tokens_remaining: 2249, call: scores, phase: playing
2026-06-16 15:50:24, tokens_remaining: 2248, call: scores, phase: playing
2026-06-16 15:50:25, tokens_remaining: 2248, call: scores, phase: playing
2026-06-16 15:50:26, tokens_remaining: 2247, call: scores, phase: playing
2026-06-16 15:50:26, tokens_remaining: 2247, call: scores, phase: playing
2026-06-16 15:50:27, tokens_remaining: 2246, call: scores, phase: playing
2026-06-16 15:50:28, tokens_remaining: 2246, call: scores, phase: playing
2026-06-16 15:50:29, tokens_remaining: 2245, call: scores, phase: playing
2026-06-16 15:50:30, tokens_remaining: 2244, call: events, phase: playing
2026-06-16 15:50:31, tokens_remaining: 2243, call: scores, phase: playing
2026-06-16 15:50:32, tokens_remaining: 2243, call: scores, phase: playing
2026-06-16 15:50:33, tokens_remaining: 2242, call: scores, phase: playing
2026-06-16 15:50:34, tokens_remaining: 2242, call: scores, phase: playing
