2026-06-18 18:00:30, tokens_remaining: 645, call: scores, phase: break
2026-06-18 18:01:16, tokens_remaining: 644, call: scores, phase: break
2026-06-18 18:02:01, tokens_remaining: 643, call: scores, phase: break
2026-06-18 18:02:47, tokens_remaining: 642, call: events, phase: break
2026-06-18 18:03:32, tokens_remaining: 641, call: scores, phase: break
2026-06-18 18:04:18, tokens_remaining: 640, call: scores, phase: break
2026-06-18 18:05:03, tokens_remaining: 639, call: scores, phase: break
2026-06-18 18:05:48, tokens_remaining: 638, call: scores, phase: break
2026-06-18 18:06:34, tokens_remaining: 637, call: scores, phase: break
2026-06-18 18:07:19, tokens_remaining: 636, call: scores, phase: break
2026-06-18 18:07:19, STATE_CHANGE: Canada vs Qatar [HT -> 2H]
2026-06-18 18:07:20, tokens_remaining: 636, call: scores, phase: playing
2026-06-18 18:07:20, tokens_remaining: 636, call: scores, phase: playing
2026-06-18 18:07:21, tokens_remaining: 635, call: scores, phase: playing
2026-06-18 18:07:22, tokens_remaining: 634, call: events, phase: playing
2026-06-18 18:07:22, EVENT: SUBSTITUTION 46' Ahmed Fathi [Canada vs Qatar]
2026-06-18 18:07:22, tokens_remaining: 633, call: scores, phase: playing
2026-06-18 18:07:22, tokens_remaining: 633, call: scores, phase: playing
2026-06-18 18:07:23, tokens_remaining: 633, call: scores, phase: playing
2026-06-18 18:07:23, tokens_remaining: 633, call: scores, phase: playing
2026-06-18 18:07:23, tokens_remaining: 633, call: scores, phase: playing
2026-06-18 18:07:23, tokens_remaining: 632, call: scores, phase: playing
2026-06-18 18:07:24, tokens_remaining: 632, call: scores, phase: playing
2026-06-18 18:07:24, tokens_remaining: 632, call: scores, phase: playing
2026-06-18 18:07:24, tokens_remaining: 632, call: scores, phase: playing
2026-06-18 18:07:25, tokens_remaining: 631, call: events, phase: playing
2026-06-18 18:07:25, tokens_remaining: 630, call: scores, phase: playing
2026-06-18 18:07:25, tokens_remaining: 630, call: scores, phase: playing
2026-06-18 18:07:25, tokens_remaining: 630, call: scores, phase: playing
2026-06-18 18:07:26, tokens_remaining: 630, call: scores, phase: playing
2026-06-18 18:07:26, tokens_remaining: 630, call: scores, phase: playing
2026-06-18 18:07:26, tokens_remaining: 629, call: scores, phase: playing
2026-06-18 18:07:26, tokens_remaining: 629, call: scores, phase: playing
2026-06-18 18:07:27, tokens_remaining: 629, call: scores, phase: playing
2026-06-18 18:07:27, tokens_remaining: 629, call: scores, phase: playing
2026-06-18 18:07:27, tokens_remaining: 628, call: events, phase: playing
2026-06-18 18:07:28, tokens_remaining: 627, call: scores, phase: playing
2026-06-18 18:07:28, tokens_remaining: 627, call: scores, phase: playing
2026-06-18 18:07:28, tokens_remaining: 627, call: scores, phase: playing
2026-06-18 18:07:28, tokens_remaining: 627, call: scores, phase: playing
2026-06-18 18:07:29, tokens_remaining: 627, call: scores, phase: playing
2026-06-18 18:07:29, tokens_remaining: 627, call: scores, phase: playing
2026-06-18 18:07:29, tokens_remaining: 626, call: scores, phase: playing
2026-06-18 18:07:29, tokens_remaining: 626, call: scores, phase: playing
2026-06-18 18:07:30, tokens_remaining: 626, call: scores, phase: playing
2026-06-18 18:07:30, tokens_remaining: 625, call: events, phase: playing
2026-06-18 18:07:31, tokens_remaining: 624, call: scores, phase: playing
2026-06-18 18:07:31, tokens_remaining: 624, call: scores, phase: playing
2026-06-18 18:07:31, tokens_remaining: 624, call: scores, phase: playing
2026-06-18 18:07:31, tokens_remaining: 624, call: scores, phase: playing
2026-06-18 18:07:31, tokens_remaining: 624, call: scores, phase: playing
2026-06-18 18:07:32, tokens_remaining: 624, call: scores, phase: playing
2026-06-18 18:07:32, tokens_remaining: 623, call: scores, phase: playing
2026-06-18 18:07:32, tokens_remaining: 623, call: scores, phase: playing
2026-06-18 18:07:33, tokens_remaining: 623, call: scores, phase: playing
2026-06-18 18:07:33, tokens_remaining: 622, call: events, phase: playing
2026-06-18 18:07:34, tokens_remaining: 621, call: scores, phase: playing
2026-06-18 18:07:34, tokens_remaining: 621, call: scores, phase: playing
2026-06-18 18:07:34, tokens_remaining: 621, call: scores, phase: playing
2026-06-18 18:07:34, tokens_remaining: 621, call: scores, phase: playing
2026-06-18 18:07:34, tokens_remaining: 621, call: scores, phase: playing
2026-06-18 18:07:35, tokens_remaining: 620, call: scores, phase: playing
2026-06-18 18:07:35, tokens_remaining: 620, call: scores, phase: playing
2026-06-18 18:07:35, tokens_remaining: 620, call: scores, phase: playing
2026-06-18 18:07:35, tokens_remaining: 620, call: scores, phase: playing
2026-06-18 18:07:36, tokens_remaining: 619, call: events, phase: playing
2026-06-18 18:07:36, tokens_remaining: 618, call: scores, phase: playing
2026-06-18 18:07:37, tokens_remaining: 618, call: scores, phase: playing
2026-06-18 18:07:37, tokens_remaining: 618, call: scores, phase: playing
2026-06-18 18:07:37, tokens_remaining: 618, call: scores, phase: playing
2026-06-18 18:07:37, tokens_remaining: 618, call: scores, phase: playing
2026-06-18 18:07:37, tokens_remaining: 618, call: scores, phase: playing
2026-06-18 18:07:38, tokens_remaining: 617, call: scores, phase: playing
2026-06-18 18:07:38, tokens_remaining: 617, call: scores, phase: playing
2026-06-18 18:07:38, tokens_remaining: 617, call: scores, phase: playing
2026-06-18 18:07:39, tokens_remaining: 616, call: events, phase: playing
2026-06-18 18:07:39, tokens_remaining: 615, call: scores, phase: playing
2026-06-18 18:07:39, tokens_remaining: 615, call: scores, phase: playing
2026-06-18 18:07:39, tokens_remaining: 615, call: scores, phase: playing
2026-06-18 18:07:40, tokens_remaining: 615, call: scores, phase: playing
2026-06-18 18:07:40, tokens_remaining: 615, call: scores, phase: playing
2026-06-18 18:07:40, tokens_remaining: 615, call: scores, phase: playing
2026-06-18 18:07:40, tokens_remaining: 614, call: scores, phase: playing
2026-06-18 18:07:40, tokens_remaining: 614, call: scores, phase: playing
2026-06-18 18:07:41, tokens_remaining: 614, call: scores, phase: playing
2026-06-18 18:07:41, tokens_remaining: 613, call: events, phase: playing
2026-06-18 18:07:42, tokens_remaining: 612, call: scores, phase: playing
2026-06-18 18:07:42, tokens_remaining: 612, call: scores, phase: playing
2026-06-18 18:07:42, tokens_remaining: 612, call: scores, phase: playing
2026-06-18 18:07:42, tokens_remaining: 612, call: scores, phase: playing
2026-06-18 18:07:42, tokens_remaining: 612, call: scores, phase: playing
2026-06-18 18:07:42, tokens_remaining: 612, call: scores, phase: playing
2026-06-18 18:07:43, tokens_remaining: 611, call: scores, phase: playing
2026-06-18 18:07:43, tokens_remaining: 611, call: scores, phase: playing
2026-06-18 18:07:43, tokens_remaining: 611, call: scores, phase: playing
2026-06-18 18:07:44, tokens_remaining: 610, call: events, phase: playing
2026-06-18 18:07:44, tokens_remaining: 609, call: scores, phase: playing
2026-06-18 18:07:44, tokens_remaining: 609, call: scores, phase: playing
2026-06-18 18:07:45, tokens_remaining: 609, call: scores, phase: playing
2026-06-18 18:07:45, tokens_remaining: 609, call: scores, phase: playing
2026-06-18 18:07:45, tokens_remaining: 609, call: scores, phase: playing
2026-06-18 18:07:45, tokens_remaining: 609, call: scores, phase: playing
2026-06-18 18:07:45, tokens_remaining: 608, call: scores, phase: playing
2026-06-18 18:07:46, tokens_remaining: 608, call: scores, phase: playing
2026-06-18 18:07:46, tokens_remaining: 608, call: scores, phase: playing
2026-06-18 18:07:46, tokens_remaining: 607, call: events, phase: playing
2026-06-18 18:07:47, tokens_remaining: 606, call: scores, phase: playing
2026-06-18 18:07:47, tokens_remaining: 606, call: scores, phase: playing
2026-06-18 18:07:47, tokens_remaining: 606, call: scores, phase: playing
2026-06-18 18:07:47, tokens_remaining: 606, call: scores, phase: playing
2026-06-18 18:07:47, tokens_remaining: 606, call: scores, phase: playing
2026-06-18 18:07:48, tokens_remaining: 606, call: scores, phase: playing
2026-06-18 18:07:48, tokens_remaining: 605, call: scores, phase: playing
2026-06-18 18:07:48, tokens_remaining: 605, call: scores, phase: playing
2026-06-18 18:07:48, tokens_remaining: 605, call: scores, phase: playing
2026-06-18 18:07:49, tokens_remaining: 604, call: events, phase: playing
2026-06-18 18:07:49, EVENT: SUBSTITUTION 46' Mohamed Al-Mannai [Canada vs Qatar]
2026-06-18 18:07:49, tokens_remaining: 603, call: scores, phase: playing
2026-06-18 18:07:49, tokens_remaining: 603, call: scores, phase: playing
2026-06-18 18:07:50, tokens_remaining: 603, call: scores, phase: playing
2026-06-18 18:07:50, tokens_remaining: 603, call: scores, phase: playing
2026-06-18 18:07:50, tokens_remaining: 603, call: scores, phase: playing
2026-06-18 18:07:50, tokens_remaining: 603, call: scores, phase: playing
2026-06-18 18:07:51, tokens_remaining: 602, call: scores, phase: playing
2026-06-18 18:07:51, tokens_remaining: 602, call: scores, phase: playing
2026-06-18 18:07:51, tokens_remaining: 602, call: scores, phase: playing
2026-06-18 18:07:51, tokens_remaining: 601, call: events, phase: playing
2026-06-18 18:07:52, tokens_remaining: 602, call: scores, phase: playing
2026-06-18 18:07:52, tokens_remaining: 600, call: scores, phase: playing
2026-06-18 18:07:52, tokens_remaining: 600, call: scores, phase: playing
2026-06-18 18:07:52, tokens_remaining: 600, call: scores, phase: playing
2026-06-18 18:07:52, tokens_remaining: 600, call: scores, phase: playing
2026-06-18 18:07:53, tokens_remaining: 600, call: scores, phase: playing
2026-06-18 18:07:53, tokens_remaining: 600, call: scores, phase: playing
2026-06-18 18:07:53, tokens_remaining: 600, call: scores, phase: playing
2026-06-18 18:07:53, tokens_remaining: 599, call: scores, phase: playing
2026-06-18 18:07:54, tokens_remaining: 598, call: events, phase: playing
2026-06-18 18:07:54, tokens_remaining: 599, call: scores, phase: playing
2026-06-18 18:07:54, tokens_remaining: 599, call: scores, phase: playing
2026-06-18 18:07:54, tokens_remaining: 599, call: scores, phase: playing
2026-06-18 18:07:55, tokens_remaining: 597, call: scores, phase: playing
2026-06-18 18:07:55, tokens_remaining: 597, call: scores, phase: playing
2026-06-18 18:07:55, tokens_remaining: 597, call: scores, phase: playing
2026-06-18 18:07:55, tokens_remaining: 597, call: scores, phase: playing
2026-06-18 18:07:55, tokens_remaining: 597, call: scores, phase: playing
2026-06-18 18:07:56, tokens_remaining: 597, call: scores, phase: playing
2026-06-18 18:07:56, tokens_remaining: 596, call: events, phase: playing
2026-06-18 18:07:56, tokens_remaining: 595, call: scores, phase: playing
2026-06-18 18:07:56, tokens_remaining: 595, call: scores, phase: playing
2026-06-18 18:07:57, tokens_remaining: 595, call: scores, phase: playing
2026-06-18 18:07:57, tokens_remaining: 595, call: scores, phase: playing
2026-06-18 18:07:57, tokens_remaining: 595, call: scores, phase: playing
2026-06-18 18:07:57, tokens_remaining: 595, call: scores, phase: playing
2026-06-18 18:07:57, tokens_remaining: 595, call: scores, phase: playing
2026-06-18 18:07:58, tokens_remaining: 594, call: scores, phase: playing
2026-06-18 18:07:58, tokens_remaining: 594, call: scores, phase: playing
2026-06-18 18:07:58, tokens_remaining: 593, call: events, phase: playing
2026-06-18 18:07:58, tokens_remaining: 594, call: scores, phase: playing
2026-06-18 18:07:59, tokens_remaining: 594, call: scores, phase: playing
2026-06-18 18:07:59, tokens_remaining: 592, call: scores, phase: playing
2026-06-18 18:07:59, tokens_remaining: 592, call: scores, phase: playing
2026-06-18 18:07:59, tokens_remaining: 592, call: scores, phase: playing
2026-06-18 18:07:59, tokens_remaining: 592, call: scores, phase: playing
2026-06-18 18:08:00, tokens_remaining: 592, call: scores, phase: playing
2026-06-18 18:08:00, tokens_remaining: 592, call: scores, phase: playing
2026-06-18 18:08:00, tokens_remaining: 592, call: scores, phase: playing
2026-06-18 18:08:00, tokens_remaining: 591, call: events, phase: playing
2026-06-18 18:08:01, tokens_remaining: 590, call: scores, phase: playing
2026-06-18 18:08:01, tokens_remaining: 590, call: scores, phase: playing
2026-06-18 18:08:01, tokens_remaining: 590, call: scores, phase: playing
2026-06-18 18:08:01, tokens_remaining: 590, call: scores, phase: playing
2026-06-18 18:08:01, tokens_remaining: 590, call: scores, phase: playing
2026-06-18 18:08:02, tokens_remaining: 590, call: scores, phase: playing
2026-06-18 18:08:02, tokens_remaining: 590, call: scores, phase: playing
2026-06-18 18:08:02, tokens_remaining: 589, call: scores, phase: playing
2026-06-18 18:08:02, tokens_remaining: 589, call: scores, phase: playing
2026-06-18 18:08:03, tokens_remaining: 588, call: events, phase: playing
2026-06-18 18:08:03, tokens_remaining: 589, call: scores, phase: playing
2026-06-18 18:08:03, tokens_remaining: 589, call: scores, phase: playing
2026-06-18 18:08:03, tokens_remaining: 587, call: scores, phase: playing
2026-06-18 18:08:04, tokens_remaining: 587, call: scores, phase: playing
2026-06-18 18:08:04, tokens_remaining: 587, call: scores, phase: playing
2026-06-18 18:08:04, tokens_remaining: 587, call: scores, phase: playing
2026-06-18 18:08:04, tokens_remaining: 587, call: scores, phase: playing
2026-06-18 18:08:04, tokens_remaining: 587, call: scores, phase: playing
2026-06-18 18:08:04, tokens_remaining: 587, call: scores, phase: playing
2026-06-18 18:08:05, tokens_remaining: 586, call: events, phase: playing
2026-06-18 18:08:05, tokens_remaining: 585, call: scores, phase: playing
2026-06-18 18:08:05, tokens_remaining: 585, call: scores, phase: playing
2026-06-18 18:08:05, tokens_remaining: 585, call: scores, phase: playing
2026-06-18 18:08:06, tokens_remaining: 585, call: scores, phase: playing
2026-06-18 18:08:06, tokens_remaining: 585, call: scores, phase: playing
2026-06-18 18:08:06, tokens_remaining: 585, call: scores, phase: playing
2026-06-18 18:08:06, tokens_remaining: 585, call: scores, phase: playing
2026-06-18 18:08:06, tokens_remaining: 584, call: scores, phase: playing
2026-06-18 18:08:07, tokens_remaining: 584, call: scores, phase: playing
2026-06-18 18:08:07, tokens_remaining: 583, call: events, phase: playing
2026-06-18 18:08:07, tokens_remaining: 584, call: scores, phase: playing
2026-06-18 18:08:07, tokens_remaining: 584, call: scores, phase: playing
2026-06-18 18:08:08, tokens_remaining: 582, call: scores, phase: playing
2026-06-18 18:08:08, tokens_remaining: 582, call: scores, phase: playing
2026-06-18 18:08:08, tokens_remaining: 582, call: scores, phase: playing
2026-06-18 18:08:08, tokens_remaining: 582, call: scores, phase: playing
2026-06-18 18:08:08, tokens_remaining: 582, call: scores, phase: playing
2026-06-18 18:08:08, tokens_remaining: 582, call: scores, phase: playing
2026-06-18 18:08:09, tokens_remaining: 582, call: scores, phase: playing
2026-06-18 18:08:09, tokens_remaining: 581, call: events, phase: playing
2026-06-18 18:08:09, EVENT: SUBSTITUTION 46' Mohamed Al-Mannai [Canada vs Qatar]
2026-06-18 18:08:10, tokens_remaining: 580, call: scores, phase: playing
2026-06-18 18:08:10, tokens_remaining: 580, call: scores, phase: playing
2026-06-18 18:08:10, tokens_remaining: 580, call: scores, phase: playing
2026-06-18 18:08:10, tokens_remaining: 580, call: scores, phase: playing
2026-06-18 18:08:10, tokens_remaining: 580, call: scores, phase: playing
2026-06-18 18:08:10, tokens_remaining: 580, call: scores, phase: playing
2026-06-18 18:08:10, tokens_remaining: 580, call: scores, phase: playing
2026-06-18 18:08:11, tokens_remaining: 579, call: scores, phase: playing
2026-06-18 18:08:11, tokens_remaining: 579, call: scores, phase: playing
2026-06-18 18:08:11, tokens_remaining: 578, call: events, phase: playing
2026-06-18 18:08:12, tokens_remaining: 579, call: scores, phase: playing
2026-06-18 18:08:12, tokens_remaining: 579, call: scores, phase: playing
2026-06-18 18:08:12, tokens_remaining: 577, call: scores, phase: playing
2026-06-18 18:08:12, tokens_remaining: 577, call: scores, phase: playing
2026-06-18 18:08:12, tokens_remaining: 577, call: scores, phase: playing
2026-06-18 18:08:13, tokens_remaining: 577, call: scores, phase: playing
2026-06-18 18:08:13, tokens_remaining: 577, call: scores, phase: playing
2026-06-18 18:08:13, tokens_remaining: 577, call: scores, phase: playing
2026-06-18 18:08:13, tokens_remaining: 577, call: scores, phase: playing
2026-06-18 18:08:14, tokens_remaining: 576, call: events, phase: playing
2026-06-18 18:08:14, tokens_remaining: 575, call: scores, phase: playing
2026-06-18 18:08:14, tokens_remaining: 575, call: scores, phase: playing
2026-06-18 18:08:14, tokens_remaining: 575, call: scores, phase: playing
2026-06-18 18:08:14, tokens_remaining: 575, call: scores, phase: playing
2026-06-18 18:08:15, tokens_remaining: 575, call: scores, phase: playing
2026-06-18 18:08:15, tokens_remaining: 575, call: scores, phase: playing
2026-06-18 18:08:15, tokens_remaining: 575, call: scores, phase: playing
2026-06-18 18:08:15, tokens_remaining: 574, call: scores, phase: playing
2026-06-18 18:08:15, tokens_remaining: 574, call: scores, phase: playing
2026-06-18 18:08:16, tokens_remaining: 573, call: events, phase: playing
2026-06-18 18:08:16, tokens_remaining: 574, call: scores, phase: playing
2026-06-18 18:08:16, tokens_remaining: 574, call: scores, phase: playing
2026-06-18 18:08:17, tokens_remaining: 572, call: scores, phase: playing
2026-06-18 18:08:17, tokens_remaining: 572, call: scores, phase: playing
2026-06-18 18:08:17, tokens_remaining: 572, call: scores, phase: playing
2026-06-18 18:08:17, tokens_remaining: 572, call: scores, phase: playing
2026-06-18 18:08:17, tokens_remaining: 572, call: scores, phase: playing
2026-06-18 18:08:17, tokens_remaining: 572, call: scores, phase: playing
2026-06-18 18:08:17, tokens_remaining: 572, call: scores, phase: playing
2026-06-18 18:08:18, tokens_remaining: 571, call: events, phase: playing
2026-06-18 18:08:18, tokens_remaining: 570, call: scores, phase: playing
2026-06-18 18:08:18, tokens_remaining: 570, call: scores, phase: playing
2026-06-18 18:08:19, tokens_remaining: 570, call: scores, phase: playing
2026-06-18 18:08:19, tokens_remaining: 570, call: scores, phase: playing
2026-06-18 18:08:19, tokens_remaining: 570, call: scores, phase: playing
2026-06-18 18:08:19, tokens_remaining: 570, call: scores, phase: playing
2026-06-18 18:08:19, tokens_remaining: 570, call: scores, phase: playing
2026-06-18 18:08:20, tokens_remaining: 569, call: scores, phase: playing
2026-06-18 18:08:20, tokens_remaining: 569, call: scores, phase: playing
2026-06-18 18:08:20, tokens_remaining: 568, call: events, phase: playing
2026-06-18 18:08:20, tokens_remaining: 569, call: scores, phase: playing
2026-06-18 18:08:21, tokens_remaining: 569, call: scores, phase: playing
2026-06-18 18:08:21, tokens_remaining: 567, call: scores, phase: playing
2026-06-18 18:08:21, tokens_remaining: 567, call: scores, phase: playing
2026-06-18 18:08:21, tokens_remaining: 567, call: scores, phase: playing
2026-06-18 18:08:21, tokens_remaining: 567, call: scores, phase: playing
2026-06-18 18:08:22, tokens_remaining: 567, call: scores, phase: playing
2026-06-18 18:08:22, tokens_remaining: 567, call: scores, phase: playing
2026-06-18 18:08:22, tokens_remaining: 567, call: scores, phase: playing
2026-06-18 18:08:22, tokens_remaining: 566, call: events, phase: playing
2026-06-18 18:08:23, tokens_remaining: 565, call: scores, phase: playing
2026-06-18 18:08:23, tokens_remaining: 565, call: scores, phase: playing
2026-06-18 18:08:23, tokens_remaining: 565, call: scores, phase: playing
2026-06-18 18:08:23, tokens_remaining: 565, call: scores, phase: playing
2026-06-18 18:08:23, tokens_remaining: 565, call: scores, phase: playing
2026-06-18 18:08:23, tokens_remaining: 565, call: scores, phase: playing
2026-06-18 18:08:24, tokens_remaining: 565, call: scores, phase: playing
2026-06-18 18:08:24, tokens_remaining: 564, call: scores, phase: playing
2026-06-18 18:08:24, tokens_remaining: 564, call: scores, phase: playing
2026-06-18 18:08:25, tokens_remaining: 563, call: events, phase: playing
2026-06-18 18:08:25, tokens_remaining: 564, call: scores, phase: playing
2026-06-18 18:08:25, tokens_remaining: 564, call: scores, phase: playing
2026-06-18 18:08:25, tokens_remaining: 562, call: scores, phase: playing
2026-06-18 18:08:25, tokens_remaining: 562, call: scores, phase: playing
2026-06-18 18:08:26, tokens_remaining: 562, call: scores, phase: playing
2026-06-18 18:08:26, tokens_remaining: 562, call: scores, phase: playing
2026-06-18 18:08:26, tokens_remaining: 562, call: scores, phase: playing
2026-06-18 18:08:26, tokens_remaining: 562, call: scores, phase: playing
2026-06-18 18:08:26, tokens_remaining: 562, call: scores, phase: playing
2026-06-18 18:08:27, tokens_remaining: 561, call: events, phase: playing
2026-06-18 18:08:27, tokens_remaining: 560, call: scores, phase: playing
2026-06-18 18:08:27, tokens_remaining: 560, call: scores, phase: playing
2026-06-18 18:08:27, tokens_remaining: 560, call: scores, phase: playing
2026-06-18 18:08:27, tokens_remaining: 560, call: scores, phase: playing
2026-06-18 18:08:28, tokens_remaining: 560, call: scores, phase: playing
2026-06-18 18:08:28, tokens_remaining: 560, call: scores, phase: playing
2026-06-18 18:08:28, tokens_remaining: 560, call: scores, phase: playing
2026-06-18 18:08:28, tokens_remaining: 559, call: scores, phase: playing
2026-06-18 18:08:28, tokens_remaining: 559, call: scores, phase: playing
2026-06-18 18:08:29, tokens_remaining: 558, call: events, phase: playing
2026-06-18 18:08:29, tokens_remaining: 559, call: scores, phase: playing
2026-06-18 18:08:29, tokens_remaining: 559, call: scores, phase: playing
2026-06-18 18:08:30, tokens_remaining: 557, call: scores, phase: playing
2026-06-18 18:08:30, tokens_remaining: 557, call: scores, phase: playing
2026-06-18 18:08:30, tokens_remaining: 557, call: scores, phase: playing
2026-06-18 18:08:30, tokens_remaining: 557, call: scores, phase: playing
2026-06-18 18:08:30, tokens_remaining: 557, call: scores, phase: playing
2026-06-18 18:08:30, tokens_remaining: 557, call: scores, phase: playing
2026-06-18 18:08:30, tokens_remaining: 557, call: scores, phase: playing
2026-06-18 18:08:31, tokens_remaining: 556, call: events, phase: playing
2026-06-18 18:08:31, tokens_remaining: 555, call: scores, phase: playing
2026-06-18 18:08:31, tokens_remaining: 555, call: scores, phase: playing
2026-06-18 18:08:31, tokens_remaining: 555, call: scores, phase: playing
2026-06-18 18:08:32, tokens_remaining: 555, call: scores, phase: playing
2026-06-18 18:08:32, tokens_remaining: 555, call: scores, phase: playing
2026-06-18 18:08:32, tokens_remaining: 555, call: scores, phase: playing
2026-06-18 18:08:32, tokens_remaining: 555, call: scores, phase: playing
2026-06-18 18:08:33, tokens_remaining: 554, call: scores, phase: playing
2026-06-18 18:08:33, tokens_remaining: 554, call: scores, phase: playing
2026-06-18 18:08:33, tokens_remaining: 553, call: events, phase: playing
2026-06-18 18:08:33, tokens_remaining: 554, call: scores, phase: playing
2026-06-18 18:08:33, tokens_remaining: 554, call: scores, phase: playing
2026-06-18 18:08:34, tokens_remaining: 552, call: scores, phase: playing
2026-06-18 18:08:34, tokens_remaining: 552, call: scores, phase: playing
2026-06-18 18:08:34, tokens_remaining: 552, call: scores, phase: playing
2026-06-18 18:08:34, tokens_remaining: 552, call: scores, phase: playing
2026-06-18 18:08:34, tokens_remaining: 552, call: scores, phase: playing
2026-06-18 18:08:35, tokens_remaining: 552, call: scores, phase: playing
2026-06-18 18:08:35, tokens_remaining: 552, call: scores, phase: playing
2026-06-18 18:08:35, tokens_remaining: 551, call: events, phase: playing
2026-06-18 18:08:36, tokens_remaining: 550, call: scores, phase: playing
2026-06-18 18:08:36, tokens_remaining: 550, call: scores, phase: playing
2026-06-18 18:08:36, tokens_remaining: 550, call: scores, phase: playing
2026-06-18 18:08:36, tokens_remaining: 550, call: scores, phase: playing
2026-06-18 18:08:36, tokens_remaining: 550, call: scores, phase: playing
2026-06-18 18:08:36, tokens_remaining: 550, call: scores, phase: playing
2026-06-18 18:08:36, tokens_remaining: 550, call: scores, phase: playing
2026-06-18 18:08:37, tokens_remaining: 549, call: scores, phase: playing
2026-06-18 18:08:37, tokens_remaining: 549, call: scores, phase: playing
2026-06-18 18:08:37, tokens_remaining: 548, call: events, phase: playing
2026-06-18 18:08:38, tokens_remaining: 549, call: scores, phase: playing
2026-06-18 18:08:38, tokens_remaining: 549, call: scores, phase: playing
2026-06-18 18:08:38, tokens_remaining: 547, call: scores, phase: playing
2026-06-18 18:08:38, tokens_remaining: 547, call: scores, phase: playing
2026-06-18 18:08:38, tokens_remaining: 547, call: scores, phase: playing
2026-06-18 18:08:39, tokens_remaining: 547, call: scores, phase: playing
2026-06-18 18:08:39, tokens_remaining: 547, call: scores, phase: playing
2026-06-18 18:08:39, tokens_remaining: 547, call: scores, phase: playing
2026-06-18 18:08:39, tokens_remaining: 547, call: scores, phase: playing
2026-06-18 18:08:39, tokens_remaining: 546, call: events, phase: playing
2026-06-18 18:08:40, tokens_remaining: 545, call: scores, phase: playing
2026-06-18 18:08:40, tokens_remaining: 545, call: scores, phase: playing
2026-06-18 18:08:40, tokens_remaining: 545, call: scores, phase: playing
2026-06-18 18:08:40, tokens_remaining: 545, call: scores, phase: playing
2026-06-18 18:08:40, tokens_remaining: 545, call: scores, phase: playing
2026-06-18 18:08:41, tokens_remaining: 545, call: scores, phase: playing
2026-06-18 18:08:41, tokens_remaining: 545, call: scores, phase: playing
2026-06-18 18:08:41, tokens_remaining: 544, call: scores, phase: playing
2026-06-18 18:08:41, tokens_remaining: 544, call: scores, phase: playing
2026-06-18 18:08:42, tokens_remaining: 543, call: events, phase: playing
2026-06-18 18:08:42, tokens_remaining: 544, call: scores, phase: playing
2026-06-18 18:08:42, tokens_remaining: 544, call: scores, phase: playing
2026-06-18 18:08:42, tokens_remaining: 542, call: scores, phase: playing
2026-06-18 18:08:43, tokens_remaining: 542, call: scores, phase: playing
2026-06-18 18:08:43, tokens_remaining: 542, call: scores, phase: playing
2026-06-18 18:08:43, tokens_remaining: 542, call: scores, phase: playing
2026-06-18 18:08:43, tokens_remaining: 542, call: scores, phase: playing
2026-06-18 18:08:43, tokens_remaining: 542, call: scores, phase: playing
2026-06-18 18:08:43, tokens_remaining: 542, call: scores, phase: playing
2026-06-18 18:08:44, tokens_remaining: 541, call: events, phase: playing
2026-06-18 18:08:44, tokens_remaining: 540, call: scores, phase: playing
2026-06-18 18:08:44, tokens_remaining: 540, call: scores, phase: playing
2026-06-18 18:08:44, tokens_remaining: 540, call: scores, phase: playing
2026-06-18 18:08:45, tokens_remaining: 540, call: scores, phase: playing
2026-06-18 18:08:45, tokens_remaining: 540, call: scores, phase: playing
2026-06-18 18:08:45, tokens_remaining: 540, call: scores, phase: playing
2026-06-18 18:08:45, tokens_remaining: 540, call: scores, phase: playing
2026-06-18 18:08:45, tokens_remaining: 539, call: scores, phase: playing
2026-06-18 18:08:45, tokens_remaining: 539, call: scores, phase: playing
2026-06-18 18:08:46, tokens_remaining: 538, call: events, phase: playing
2026-06-18 18:08:46, tokens_remaining: 539, call: scores, phase: playing
2026-06-18 18:08:46, tokens_remaining: 539, call: scores, phase: playing
2026-06-18 18:08:47, tokens_remaining: 537, call: scores, phase: playing
2026-06-18 18:08:47, tokens_remaining: 537, call: scores, phase: playing
2026-06-18 18:08:47, tokens_remaining: 537, call: scores, phase: playing
2026-06-18 18:08:47, tokens_remaining: 537, call: scores, phase: playing
2026-06-18 18:08:47, tokens_remaining: 537, call: scores, phase: playing
2026-06-18 18:08:47, tokens_remaining: 537, call: scores, phase: playing
2026-06-18 18:08:48, tokens_remaining: 537, call: scores, phase: playing
2026-06-18 18:08:48, tokens_remaining: 536, call: events, phase: playing
2026-06-18 18:08:48, tokens_remaining: 535, call: scores, phase: playing
2026-06-18 18:08:49, tokens_remaining: 535, call: scores, phase: playing
2026-06-18 18:08:49, tokens_remaining: 535, call: scores, phase: playing
2026-06-18 18:08:49, tokens_remaining: 535, call: scores, phase: playing
2026-06-18 18:08:49, tokens_remaining: 535, call: scores, phase: playing
2026-06-18 18:08:49, tokens_remaining: 535, call: scores, phase: playing
2026-06-18 18:08:49, tokens_remaining: 535, call: scores, phase: playing
2026-06-18 18:08:49, tokens_remaining: 535, call: scores, phase: playing
2026-06-18 18:08:50, tokens_remaining: 534, call: scores, phase: playing
2026-06-18 18:08:50, tokens_remaining: 533, call: events, phase: playing
2026-06-18 18:08:50, tokens_remaining: 534, call: scores, phase: playing
2026-06-18 18:08:51, tokens_remaining: 534, call: scores, phase: playing
2026-06-18 18:08:51, tokens_remaining: 534, call: scores, phase: playing
2026-06-18 18:08:51, tokens_remaining: 532, call: scores, phase: playing
2026-06-18 18:08:51, tokens_remaining: 532, call: scores, phase: playing
2026-06-18 18:08:51, tokens_remaining: 532, call: scores, phase: playing
2026-06-18 18:08:51, tokens_remaining: 532, call: scores, phase: playing
2026-06-18 18:08:52, tokens_remaining: 532, call: scores, phase: playing
2026-06-18 18:08:52, tokens_remaining: 532, call: scores, phase: playing
2026-06-18 18:08:52, tokens_remaining: 531, call: events, phase: playing
2026-06-18 18:08:53, tokens_remaining: 530, call: scores, phase: playing
2026-06-18 18:08:53, tokens_remaining: 530, call: scores, phase: playing
2026-06-18 18:08:53, tokens_remaining: 530, call: scores, phase: playing
2026-06-18 18:08:53, tokens_remaining: 530, call: scores, phase: playing
2026-06-18 18:08:53, tokens_remaining: 530, call: scores, phase: playing
2026-06-18 18:08:53, tokens_remaining: 530, call: scores, phase: playing
2026-06-18 18:08:54, tokens_remaining: 530, call: scores, phase: playing
2026-06-18 18:08:54, tokens_remaining: 529, call: scores, phase: playing
2026-06-18 18:08:54, tokens_remaining: 529, call: scores, phase: playing
2026-06-18 18:08:55, tokens_remaining: 528, call: events, phase: playing
2026-06-18 18:08:55, tokens_remaining: 529, call: scores, phase: playing
2026-06-18 18:08:55, tokens_remaining: 529, call: scores, phase: playing
2026-06-18 18:08:55, tokens_remaining: 527, call: scores, phase: playing
2026-06-18 18:08:55, tokens_remaining: 527, call: scores, phase: playing
2026-06-18 18:08:56, tokens_remaining: 527, call: scores, phase: playing
2026-06-18 18:08:56, tokens_remaining: 527, call: scores, phase: playing
2026-06-18 18:08:56, tokens_remaining: 527, call: scores, phase: playing
2026-06-18 18:08:56, tokens_remaining: 527, call: scores, phase: playing
2026-06-18 18:08:56, tokens_remaining: 527, call: scores, phase: playing
2026-06-18 18:08:57, tokens_remaining: 526, call: events, phase: playing
2026-06-18 18:08:57, tokens_remaining: 525, call: scores, phase: playing
2026-06-18 18:08:57, tokens_remaining: 525, call: scores, phase: playing
2026-06-18 18:08:57, tokens_remaining: 525, call: scores, phase: playing
2026-06-18 18:08:57, tokens_remaining: 525, call: scores, phase: playing
2026-06-18 18:08:58, tokens_remaining: 525, call: scores, phase: playing
2026-06-18 18:08:58, tokens_remaining: 525, call: scores, phase: playing
2026-06-18 18:08:58, tokens_remaining: 525, call: scores, phase: playing
2026-06-18 18:08:58, tokens_remaining: 524, call: scores, phase: playing
2026-06-18 18:08:58, tokens_remaining: 524, call: scores, phase: playing
2026-06-18 18:08:59, tokens_remaining: 523, call: events, phase: playing
2026-06-18 18:08:59, tokens_remaining: 524, call: scores, phase: playing
2026-06-18 18:08:59, tokens_remaining: 524, call: scores, phase: playing
2026-06-18 18:08:59, tokens_remaining: 522, call: scores, phase: playing
2026-06-18 18:09:00, tokens_remaining: 522, call: scores, phase: playing
2026-06-18 18:09:00, tokens_remaining: 522, call: scores, phase: playing
2026-06-18 18:09:00, tokens_remaining: 522, call: scores, phase: playing
2026-06-18 18:09:00, tokens_remaining: 522, call: scores, phase: playing
2026-06-18 18:09:00, tokens_remaining: 522, call: scores, phase: playing
2026-06-18 18:09:00, tokens_remaining: 522, call: scores, phase: playing
2026-06-18 18:09:01, tokens_remaining: 521, call: events, phase: playing
2026-06-18 18:09:01, tokens_remaining: 520, call: scores, phase: playing
2026-06-18 18:09:01, tokens_remaining: 520, call: scores, phase: playing
2026-06-18 18:09:02, tokens_remaining: 520, call: scores, phase: playing
2026-06-18 18:09:02, tokens_remaining: 520, call: scores, phase: playing
2026-06-18 18:09:02, tokens_remaining: 520, call: scores, phase: playing
2026-06-18 18:09:02, tokens_remaining: 520, call: scores, phase: playing
2026-06-18 18:09:02, tokens_remaining: 520, call: scores, phase: playing
2026-06-18 18:09:02, tokens_remaining: 2499, call: scores, phase: playing
2026-06-18 18:09:03, tokens_remaining: 2499, call: scores, phase: playing
2026-06-18 18:09:04, tokens_remaining: 2498, call: events, phase: playing
2026-06-18 18:09:05, tokens_remaining: 2497, call: scores, phase: playing
2026-06-18 18:09:06, tokens_remaining: 2497, call: scores, phase: playing
2026-06-18 18:09:07, tokens_remaining: 2496, call: scores, phase: playing
2026-06-18 18:09:09, tokens_remaining: 2495, call: scores, phase: playing
2026-06-18 18:09:10, tokens_remaining: 2494, call: scores, phase: playing
2026-06-18 18:09:11, tokens_remaining: 2493, call: scores, phase: playing
2026-06-18 18:09:13, tokens_remaining: 2492, call: scores, phase: playing
2026-06-18 18:09:14, tokens_remaining: 2491, call: scores, phase: playing
2026-06-18 18:09:16, tokens_remaining: 2490, call: scores, phase: playing
2026-06-18 18:09:17, tokens_remaining: 2489, call: events, phase: playing
2026-06-18 18:09:18, tokens_remaining: 2488, call: scores, phase: playing
2026-06-18 18:09:20, tokens_remaining: 2487, call: scores, phase: playing
2026-06-18 18:09:21, tokens_remaining: 2486, call: scores, phase: playing
2026-06-18 18:09:23, tokens_remaining: 2485, call: scores, phase: playing
2026-06-18 18:09:24, tokens_remaining: 2484, call: scores, phase: playing
2026-06-18 18:09:26, tokens_remaining: 2483, call: scores, phase: playing
2026-06-18 18:09:27, tokens_remaining: 2482, call: scores, phase: playing
2026-06-18 18:09:29, tokens_remaining: 2481, call: scores, phase: playing
2026-06-18 18:09:30, tokens_remaining: 2480, call: scores, phase: playing
2026-06-18 18:09:32, tokens_remaining: 2479, call: events, phase: playing
2026-06-18 18:09:33, tokens_remaining: 2478, call: scores, phase: playing
2026-06-18 18:09:35, tokens_remaining: 2477, call: scores, phase: playing
2026-06-18 18:09:36, tokens_remaining: 2476, call: scores, phase: playing
2026-06-18 18:09:38, tokens_remaining: 2475, call: scores, phase: playing
2026-06-18 18:09:39, tokens_remaining: 2474, call: scores, phase: playing
2026-06-18 18:09:40, tokens_remaining: 2473, call: scores, phase: playing
2026-06-18 18:09:42, tokens_remaining: 2472, call: scores, phase: playing
2026-06-18 18:09:43, tokens_remaining: 2471, call: scores, phase: playing
2026-06-18 18:09:45, tokens_remaining: 2470, call: scores, phase: playing
2026-06-18 18:09:46, tokens_remaining: 2469, call: events, phase: playing
2026-06-18 18:09:48, tokens_remaining: 2468, call: scores, phase: playing
2026-06-18 18:09:49, tokens_remaining: 2467, call: scores, phase: playing
2026-06-18 18:09:51, tokens_remaining: 2466, call: scores, phase: playing
2026-06-18 18:09:52, tokens_remaining: 2465, call: scores, phase: playing
2026-06-18 18:09:54, tokens_remaining: 2464, call: scores, phase: playing
2026-06-18 18:09:55, tokens_remaining: 2463, call: scores, phase: playing
2026-06-18 18:09:56, tokens_remaining: 2462, call: scores, phase: playing
2026-06-18 18:09:58, tokens_remaining: 2461, call: scores, phase: playing
2026-06-18 18:09:59, tokens_remaining: 2460, call: scores, phase: playing
2026-06-18 18:10:01, tokens_remaining: 2459, call: events, phase: playing
2026-06-18 18:10:02, tokens_remaining: 2458, call: scores, phase: playing
2026-06-18 18:10:04, tokens_remaining: 2457, call: scores, phase: playing
2026-06-18 18:10:05, tokens_remaining: 2456, call: scores, phase: playing
2026-06-18 18:10:07, tokens_remaining: 2455, call: scores, phase: playing
2026-06-18 18:10:08, tokens_remaining: 2454, call: scores, phase: playing
2026-06-18 18:10:10, tokens_remaining: 2453, call: scores, phase: playing
2026-06-18 18:10:11, tokens_remaining: 2452, call: scores, phase: playing
2026-06-18 18:10:13, tokens_remaining: 2451, call: scores, phase: playing
2026-06-18 18:10:14, tokens_remaining: 2450, call: scores, phase: playing
2026-06-18 18:10:16, tokens_remaining: 2449, call: events, phase: playing
2026-06-18 18:10:17, tokens_remaining: 2448, call: scores, phase: playing
2026-06-18 18:10:19, tokens_remaining: 2447, call: scores, phase: playing
2026-06-18 18:10:20, tokens_remaining: 2446, call: scores, phase: playing
2026-06-18 18:10:21, tokens_remaining: 2445, call: scores, phase: playing
2026-06-18 18:10:23, tokens_remaining: 2444, call: scores, phase: playing
2026-06-18 18:10:24, tokens_remaining: 2443, call: scores, phase: playing
2026-06-18 18:10:26, tokens_remaining: 2442, call: scores, phase: playing
2026-06-18 18:10:27, tokens_remaining: 2441, call: scores, phase: playing
2026-06-18 18:10:29, tokens_remaining: 2440, call: scores, phase: playing
2026-06-18 18:10:30, tokens_remaining: 2439, call: events, phase: playing
2026-06-18 18:10:32, tokens_remaining: 2438, call: scores, phase: playing
2026-06-18 18:10:33, tokens_remaining: 2437, call: scores, phase: playing
2026-06-18 18:10:35, tokens_remaining: 2436, call: scores, phase: playing
2026-06-18 18:10:36, tokens_remaining: 2435, call: scores, phase: playing
2026-06-18 18:10:37, tokens_remaining: 2434, call: scores, phase: playing
2026-06-18 18:10:39, tokens_remaining: 2433, call: scores, phase: playing
2026-06-18 18:10:40, tokens_remaining: 2432, call: scores, phase: playing
2026-06-18 18:10:42, tokens_remaining: 2431, call: scores, phase: playing
2026-06-18 18:10:43, tokens_remaining: 2430, call: scores, phase: playing
2026-06-18 18:10:45, tokens_remaining: 2429, call: events, phase: playing
2026-06-18 18:10:46, tokens_remaining: 2428, call: scores, phase: playing
2026-06-18 18:10:48, tokens_remaining: 2427, call: scores, phase: playing
2026-06-18 18:10:49, tokens_remaining: 2426, call: scores, phase: playing
2026-06-18 18:10:51, tokens_remaining: 2425, call: scores, phase: playing
2026-06-18 18:10:52, tokens_remaining: 2424, call: scores, phase: playing
2026-06-18 18:10:53, tokens_remaining: 2423, call: scores, phase: playing
2026-06-18 18:10:55, tokens_remaining: 2422, call: scores, phase: playing
2026-06-18 18:10:56, tokens_remaining: 2421, call: scores, phase: playing
2026-06-18 18:10:58, tokens_remaining: 2420, call: scores, phase: playing
2026-06-18 18:10:59, tokens_remaining: 2419, call: events, phase: playing
2026-06-18 18:11:01, tokens_remaining: 2418, call: scores, phase: playing
2026-06-18 18:11:02, tokens_remaining: 2417, call: scores, phase: playing
2026-06-18 18:11:04, tokens_remaining: 2416, call: scores, phase: playing
2026-06-18 18:11:05, tokens_remaining: 2415, call: scores, phase: playing
2026-06-18 18:11:07, tokens_remaining: 2414, call: scores, phase: playing
2026-06-18 18:11:08, tokens_remaining: 2413, call: scores, phase: playing
2026-06-18 18:11:09, tokens_remaining: 2412, call: scores, phase: playing
2026-06-18 18:11:11, tokens_remaining: 2411, call: scores, phase: playing
2026-06-18 18:11:12, tokens_remaining: 2410, call: scores, phase: playing
2026-06-18 18:11:14, tokens_remaining: 2409, call: events, phase: playing
2026-06-18 18:11:15, tokens_remaining: 2408, call: scores, phase: playing
2026-06-18 18:11:17, tokens_remaining: 2407, call: scores, phase: playing
2026-06-18 18:11:18, tokens_remaining: 2406, call: scores, phase: playing
2026-06-18 18:11:20, tokens_remaining: 2405, call: scores, phase: playing
2026-06-18 18:11:21, tokens_remaining: 2404, call: scores, phase: playing
2026-06-18 18:11:22, tokens_remaining: 2403, call: scores, phase: playing
2026-06-18 18:11:24, tokens_remaining: 2402, call: scores, phase: playing
2026-06-18 18:11:25, tokens_remaining: 2401, call: scores, phase: playing
2026-06-18 18:11:27, tokens_remaining: 2400, call: scores, phase: playing
2026-06-18 18:11:28, tokens_remaining: 2399, call: events, phase: playing
2026-06-18 18:11:30, tokens_remaining: 2398, call: scores, phase: playing
2026-06-18 18:11:31, tokens_remaining: 2397, call: scores, phase: playing
2026-06-18 18:11:33, tokens_remaining: 2396, call: scores, phase: playing
2026-06-18 18:11:34, tokens_remaining: 2395, call: scores, phase: playing
2026-06-18 18:11:36, tokens_remaining: 2394, call: scores, phase: playing
2026-06-18 18:11:37, tokens_remaining: 2393, call: scores, phase: playing
2026-06-18 18:11:38, tokens_remaining: 2392, call: scores, phase: playing
2026-06-18 18:11:40, tokens_remaining: 2391, call: scores, phase: playing
2026-06-18 18:11:41, tokens_remaining: 2390, call: scores, phase: playing
2026-06-18 18:11:43, tokens_remaining: 2389, call: events, phase: playing
2026-06-18 18:11:44, tokens_remaining: 2388, call: scores, phase: playing
2026-06-18 18:11:46, tokens_remaining: 2387, call: scores, phase: playing
2026-06-18 18:11:47, tokens_remaining: 2386, call: scores, phase: playing
2026-06-18 18:11:49, tokens_remaining: 2385, call: scores, phase: playing
2026-06-18 18:11:50, tokens_remaining: 2384, call: scores, phase: playing
2026-06-18 18:11:52, tokens_remaining: 2383, call: scores, phase: playing
2026-06-18 18:11:53, tokens_remaining: 2382, call: scores, phase: playing
2026-06-18 18:11:54, tokens_remaining: 2381, call: scores, phase: playing
2026-06-18 18:11:56, tokens_remaining: 2380, call: scores, phase: playing
2026-06-18 18:11:57, tokens_remaining: 2379, call: events, phase: playing
2026-06-18 18:11:59, tokens_remaining: 2378, call: scores, phase: playing
2026-06-18 18:12:00, tokens_remaining: 2377, call: scores, phase: playing
2026-06-18 18:12:02, tokens_remaining: 2376, call: scores, phase: playing
2026-06-18 18:12:03, tokens_remaining: 2375, call: scores, phase: playing
2026-06-18 18:12:05, tokens_remaining: 2374, call: scores, phase: playing
2026-06-18 18:12:06, tokens_remaining: 2373, call: scores, phase: playing
2026-06-18 18:12:08, tokens_remaining: 2372, call: scores, phase: playing
2026-06-18 18:12:09, tokens_remaining: 2371, call: scores, phase: playing
2026-06-18 18:12:10, tokens_remaining: 2370, call: scores, phase: playing
2026-06-18 18:12:12, tokens_remaining: 2369, call: events, phase: playing
2026-06-18 18:12:13, tokens_remaining: 2368, call: scores, phase: playing
2026-06-18 18:12:15, tokens_remaining: 2367, call: scores, phase: playing
2026-06-18 18:12:16, tokens_remaining: 2366, call: scores, phase: playing
2026-06-18 18:12:18, tokens_remaining: 2365, call: scores, phase: playing
2026-06-18 18:12:19, tokens_remaining: 2364, call: scores, phase: playing
2026-06-18 18:12:21, tokens_remaining: 2363, call: scores, phase: playing
2026-06-18 18:12:22, tokens_remaining: 2362, call: scores, phase: playing
2026-06-18 18:12:24, tokens_remaining: 2361, call: scores, phase: playing
2026-06-18 18:12:25, tokens_remaining: 2360, call: scores, phase: playing
2026-06-18 18:12:26, tokens_remaining: 2359, call: events, phase: playing
2026-06-18 18:12:26, EVENT: EVENT_10 50'   [Canada vs Qatar]
2026-06-18 18:12:28, tokens_remaining: 2358, call: scores, phase: playing
2026-06-18 18:12:29, tokens_remaining: 2357, call: scores, phase: playing
2026-06-18 18:12:31, tokens_remaining: 2356, call: scores, phase: playing
2026-06-18 18:12:32, tokens_remaining: 2355, call: scores, phase: playing
2026-06-18 18:12:34, tokens_remaining: 2354, call: scores, phase: playing
2026-06-18 18:12:35, tokens_remaining: 2353, call: scores, phase: playing
2026-06-18 18:12:36, tokens_remaining: 2352, call: scores, phase: playing
2026-06-18 18:12:38, tokens_remaining: 2351, call: scores, phase: playing
2026-06-18 18:12:39, tokens_remaining: 2350, call: scores, phase: playing
2026-06-18 18:12:41, tokens_remaining: 2349, call: events, phase: playing
2026-06-18 18:12:42, tokens_remaining: 2348, call: scores, phase: playing
2026-06-18 18:12:44, tokens_remaining: 2347, call: scores, phase: playing
2026-06-18 18:12:45, tokens_remaining: 2346, call: scores, phase: playing
2026-06-18 18:12:47, tokens_remaining: 2345, call: scores, phase: playing
2026-06-18 18:12:48, tokens_remaining: 2344, call: scores, phase: playing
2026-06-18 18:12:50, tokens_remaining: 2343, call: scores, phase: playing
2026-06-18 18:12:51, tokens_remaining: 2342, call: scores, phase: playing
2026-06-18 18:12:52, tokens_remaining: 2341, call: scores, phase: playing
2026-06-18 18:12:54, tokens_remaining: 2340, call: scores, phase: playing
2026-06-18 18:12:55, tokens_remaining: 2339, call: events, phase: playing
2026-06-18 18:12:57, tokens_remaining: 2338, call: scores, phase: playing
2026-06-18 18:12:58, tokens_remaining: 2337, call: scores, phase: playing
2026-06-18 18:13:00, tokens_remaining: 2336, call: scores, phase: playing
2026-06-18 18:13:01, tokens_remaining: 2335, call: scores, phase: playing
2026-06-18 18:13:03, tokens_remaining: 2334, call: scores, phase: playing
2026-06-18 18:13:04, tokens_remaining: 2333, call: scores, phase: playing
2026-06-18 18:13:05, tokens_remaining: 2332, call: scores, phase: playing
2026-06-18 18:13:07, tokens_remaining: 2331, call: scores, phase: playing
2026-06-18 18:13:08, tokens_remaining: 2330, call: scores, phase: playing
2026-06-18 18:13:10, tokens_remaining: 2329, call: events, phase: playing
2026-06-18 18:13:11, tokens_remaining: 2328, call: scores, phase: playing
2026-06-18 18:13:13, tokens_remaining: 2327, call: scores, phase: playing
2026-06-18 18:13:14, tokens_remaining: 2326, call: scores, phase: playing
2026-06-18 18:13:16, tokens_remaining: 2325, call: scores, phase: playing
2026-06-18 18:13:17, tokens_remaining: 2324, call: scores, phase: playing
2026-06-18 18:13:19, tokens_remaining: 2323, call: scores, phase: playing
2026-06-18 18:13:20, tokens_remaining: 2322, call: scores, phase: playing
2026-06-18 18:13:21, tokens_remaining: 2321, call: scores, phase: playing
2026-06-18 18:13:23, tokens_remaining: 2320, call: scores, phase: playing
2026-06-18 18:13:24, tokens_remaining: 2319, call: events, phase: playing
2026-06-18 18:13:26, tokens_remaining: 2318, call: scores, phase: playing
2026-06-18 18:13:29, tokens_remaining: 2317, call: scores, phase: playing
2026-06-18 18:13:30, tokens_remaining: 2316, call: scores, phase: playing
2026-06-18 18:13:32, tokens_remaining: 2315, call: scores, phase: playing
2026-06-18 18:13:33, tokens_remaining: 2314, call: scores, phase: playing
2026-06-18 18:13:35, tokens_remaining: 2313, call: scores, phase: playing
2026-06-18 18:13:36, tokens_remaining: 2312, call: scores, phase: playing
2026-06-18 18:13:38, tokens_remaining: 2311, call: scores, phase: playing
2026-06-18 18:13:39, tokens_remaining: 2310, call: scores, phase: playing
2026-06-18 18:13:40, tokens_remaining: 2309, call: events, phase: playing
2026-06-18 18:13:42, tokens_remaining: 2308, call: scores, phase: playing
2026-06-18 18:13:43, tokens_remaining: 2307, call: scores, phase: playing
2026-06-18 18:13:45, tokens_remaining: 2306, call: scores, phase: playing
2026-06-18 18:13:46, tokens_remaining: 2305, call: scores, phase: playing
2026-06-18 18:13:48, tokens_remaining: 2304, call: scores, phase: playing
2026-06-18 18:13:49, tokens_remaining: 2303, call: scores, phase: playing
2026-06-18 18:13:50, tokens_remaining: 2302, call: scores, phase: playing
2026-06-18 18:13:52, tokens_remaining: 2301, call: scores, phase: playing
2026-06-18 18:13:53, tokens_remaining: 2300, call: scores, phase: playing
2026-06-18 18:13:55, tokens_remaining: 2299, call: events, phase: playing
2026-06-18 18:13:56, tokens_remaining: 2298, call: scores, phase: playing
2026-06-18 18:13:58, tokens_remaining: 2297, call: scores, phase: playing
2026-06-18 18:13:59, tokens_remaining: 2296, call: scores, phase: playing
2026-06-18 18:14:01, tokens_remaining: 2295, call: scores, phase: playing
2026-06-18 18:14:02, tokens_remaining: 2294, call: scores, phase: playing
2026-06-18 18:14:03, tokens_remaining: 2293, call: scores, phase: playing
2026-06-18 18:14:05, tokens_remaining: 2292, call: scores, phase: playing
2026-06-18 18:14:06, tokens_remaining: 2291, call: scores, phase: playing
2026-06-18 18:14:08, tokens_remaining: 2290, call: scores, phase: playing
2026-06-18 18:14:09, tokens_remaining: 2289, call: events, phase: playing
2026-06-18 18:14:11, tokens_remaining: 2288, call: scores, phase: playing
2026-06-18 18:14:12, tokens_remaining: 2287, call: scores, phase: playing
2026-06-18 18:14:14, tokens_remaining: 2286, call: scores, phase: playing
2026-06-18 18:14:15, tokens_remaining: 2285, call: scores, phase: playing
2026-06-18 18:14:16, tokens_remaining: 2284, call: scores, phase: playing
2026-06-18 18:14:18, tokens_remaining: 2283, call: scores, phase: playing
2026-06-18 18:14:19, tokens_remaining: 2282, call: scores, phase: playing
2026-06-18 18:14:21, tokens_remaining: 2281, call: scores, phase: playing
2026-06-18 18:14:22, tokens_remaining: 2280, call: scores, phase: playing
2026-06-18 18:14:24, tokens_remaining: 2279, call: events, phase: playing
2026-06-18 18:14:24, EVENT: YELLOW_CARD 52' Assim Madibo [Canada vs Qatar]
2026-06-18 18:14:25, tokens_remaining: 2278, call: scores, phase: playing
2026-06-18 18:14:27, tokens_remaining: 2277, call: scores, phase: playing
2026-06-18 18:14:28, tokens_remaining: 2276, call: scores, phase: playing
2026-06-18 18:14:29, tokens_remaining: 2275, call: scores, phase: playing
2026-06-18 18:14:31, tokens_remaining: 2274, call: scores, phase: playing
2026-06-18 18:14:32, tokens_remaining: 2273, call: scores, phase: playing
2026-06-18 18:14:34, tokens_remaining: 2272, call: scores, phase: playing
2026-06-18 18:14:35, tokens_remaining: 2271, call: scores, phase: playing
2026-06-18 18:14:37, tokens_remaining: 2270, call: scores, phase: playing
2026-06-18 18:14:38, tokens_remaining: 2269, call: events, phase: playing
2026-06-18 18:14:39, tokens_remaining: 2268, call: scores, phase: playing
2026-06-18 18:14:41, tokens_remaining: 2267, call: scores, phase: playing
2026-06-18 18:14:42, tokens_remaining: 2266, call: scores, phase: playing
2026-06-18 18:14:44, tokens_remaining: 2265, call: scores, phase: playing
2026-06-18 18:14:45, tokens_remaining: 2264, call: scores, phase: playing
2026-06-18 18:14:47, tokens_remaining: 2263, call: scores, phase: playing
2026-06-18 18:14:48, tokens_remaining: 2262, call: scores, phase: playing
2026-06-18 18:14:49, tokens_remaining: 2261, call: scores, phase: playing
2026-06-18 18:14:51, tokens_remaining: 2260, call: scores, phase: playing
2026-06-18 18:14:52, tokens_remaining: 2259, call: events, phase: playing
2026-06-18 18:14:54, tokens_remaining: 2258, call: scores, phase: playing
2026-06-18 18:14:55, tokens_remaining: 2257, call: scores, phase: playing
2026-06-18 18:14:57, tokens_remaining: 2256, call: scores, phase: playing
2026-06-18 18:14:58, tokens_remaining: 2255, call: scores, phase: playing
2026-06-18 18:15:00, tokens_remaining: 2254, call: scores, phase: playing
2026-06-18 18:15:01, tokens_remaining: 2253, call: scores, phase: playing
2026-06-18 18:15:02, tokens_remaining: 2252, call: scores, phase: playing
2026-06-18 18:15:04, tokens_remaining: 2251, call: scores, phase: playing
2026-06-18 18:15:05, tokens_remaining: 2250, call: scores, phase: playing
2026-06-18 18:15:07, tokens_remaining: 2249, call: events, phase: playing
2026-06-18 18:15:08, tokens_remaining: 2248, call: scores, phase: playing
2026-06-18 18:15:10, tokens_remaining: 2247, call: scores, phase: playing
2026-06-18 18:15:11, tokens_remaining: 2246, call: scores, phase: playing
2026-06-18 18:15:13, tokens_remaining: 2245, call: scores, phase: playing
2026-06-18 18:15:14, tokens_remaining: 2244, call: scores, phase: playing
2026-06-18 18:15:15, tokens_remaining: 2243, call: scores, phase: playing
2026-06-18 18:15:17, tokens_remaining: 2242, call: scores, phase: playing
2026-06-18 18:15:18, tokens_remaining: 2241, call: scores, phase: playing
2026-06-18 18:15:20, tokens_remaining: 2240, call: scores, phase: playing
2026-06-18 18:15:21, tokens_remaining: 2239, call: events, phase: playing
2026-06-18 18:15:21, EVENT: EVENT_10 53'   [Canada vs Qatar]
2026-06-18 18:15:22, tokens_remaining: 2238, call: scores, phase: playing
2026-06-18 18:15:24, tokens_remaining: 2237, call: scores, phase: playing
2026-06-18 18:15:25, tokens_remaining: 2236, call: scores, phase: playing
2026-06-18 18:15:27, tokens_remaining: 2235, call: scores, phase: playing
2026-06-18 18:15:28, tokens_remaining: 2234, call: scores, phase: playing
2026-06-18 18:15:30, tokens_remaining: 2233, call: scores, phase: playing
2026-06-18 18:15:31, tokens_remaining: 2232, call: scores, phase: playing
2026-06-18 18:15:32, tokens_remaining: 2231, call: scores, phase: playing
2026-06-18 18:15:34, tokens_remaining: 2230, call: scores, phase: playing
2026-06-18 18:15:35, tokens_remaining: 2229, call: events, phase: playing
2026-06-18 18:15:37, tokens_remaining: 2228, call: scores, phase: playing
2026-06-18 18:15:38, tokens_remaining: 2227, call: scores, phase: playing
2026-06-18 18:15:40, tokens_remaining: 2226, call: scores, phase: playing
2026-06-18 18:15:41, tokens_remaining: 2225, call: scores, phase: playing
2026-06-18 18:15:42, tokens_remaining: 2224, call: scores, phase: playing
2026-06-18 18:15:44, tokens_remaining: 2223, call: scores, phase: playing
2026-06-18 18:15:45, tokens_remaining: 2222, call: scores, phase: playing
2026-06-18 18:15:47, tokens_remaining: 2221, call: scores, phase: playing
2026-06-18 18:15:48, tokens_remaining: 2220, call: scores, phase: playing
2026-06-18 18:15:50, tokens_remaining: 2219, call: events, phase: playing
2026-06-18 18:15:51, tokens_remaining: 2218, call: scores, phase: playing
2026-06-18 18:15:52, tokens_remaining: 2217, call: scores, phase: playing
2026-06-18 18:15:54, tokens_remaining: 2216, call: scores, phase: playing
2026-06-18 18:15:55, tokens_remaining: 2215, call: scores, phase: playing
2026-06-18 18:15:57, tokens_remaining: 2214, call: scores, phase: playing
2026-06-18 18:15:58, tokens_remaining: 2213, call: scores, phase: playing
2026-06-18 18:16:00, tokens_remaining: 2212, call: scores, phase: playing
2026-06-18 18:16:01, tokens_remaining: 2211, call: scores, phase: playing
2026-06-18 18:16:02, tokens_remaining: 2210, call: scores, phase: playing
2026-06-18 18:16:04, tokens_remaining: 2209, call: events, phase: playing
2026-06-18 18:16:05, tokens_remaining: 2208, call: scores, phase: playing
2026-06-18 18:16:07, tokens_remaining: 2207, call: scores, phase: playing
2026-06-18 18:16:08, tokens_remaining: 2206, call: scores, phase: playing
2026-06-18 18:16:10, tokens_remaining: 2205, call: scores, phase: playing
2026-06-18 18:16:11, tokens_remaining: 2204, call: scores, phase: playing
2026-06-18 18:16:12, tokens_remaining: 2203, call: scores, phase: playing
2026-06-18 18:16:14, tokens_remaining: 2202, call: scores, phase: playing
2026-06-18 18:16:15, tokens_remaining: 2201, call: scores, phase: playing
2026-06-18 18:16:17, tokens_remaining: 2200, call: scores, phase: playing
2026-06-18 18:16:18, tokens_remaining: 2199, call: events, phase: playing
2026-06-18 18:16:18, EVENT: RED_CARD 54' Assim Madibo [Canada vs Qatar]
2026-06-18 18:16:18, EVENT: EVENT_1697 51' Assim Madibo [Canada vs Qatar]
2026-06-18 18:16:20, tokens_remaining: 2198, call: scores, phase: playing
2026-06-18 18:16:21, tokens_remaining: 2197, call: scores, phase: playing
2026-06-18 18:16:22, tokens_remaining: 2196, call: scores, phase: playing
2026-06-18 18:16:24, tokens_remaining: 2195, call: scores, phase: playing
2026-06-18 18:16:25, tokens_remaining: 2194, call: scores, phase: playing
2026-06-18 18:16:27, tokens_remaining: 2193, call: scores, phase: playing
2026-06-18 18:16:28, tokens_remaining: 2192, call: scores, phase: playing
2026-06-18 18:16:29, tokens_remaining: 2191, call: scores, phase: playing
2026-06-18 18:16:31, tokens_remaining: 2190, call: scores, phase: playing
2026-06-18 18:16:32, tokens_remaining: 2189, call: events, phase: playing
2026-06-18 18:16:34, tokens_remaining: 2188, call: scores, phase: playing
2026-06-18 18:16:35, tokens_remaining: 2187, call: scores, phase: playing
2026-06-18 18:16:37, tokens_remaining: 2186, call: scores, phase: playing
2026-06-18 18:16:38, tokens_remaining: 2185, call: scores, phase: playing
2026-06-18 18:16:39, tokens_remaining: 2184, call: scores, phase: playing
2026-06-18 18:16:41, tokens_remaining: 2183, call: scores, phase: playing
2026-06-18 18:16:42, tokens_remaining: 2182, call: scores, phase: playing
2026-06-18 18:16:44, tokens_remaining: 2181, call: scores, phase: playing
2026-06-18 18:16:45, tokens_remaining: 2180, call: scores, phase: playing
2026-06-18 18:16:46, tokens_remaining: 2179, call: events, phase: playing
2026-06-18 18:16:48, tokens_remaining: 2178, call: scores, phase: playing
2026-06-18 18:16:49, tokens_remaining: 2177, call: scores, phase: playing
2026-06-18 18:16:51, tokens_remaining: 2176, call: scores, phase: playing
2026-06-18 18:16:52, tokens_remaining: 2175, call: scores, phase: playing
2026-06-18 18:16:54, tokens_remaining: 2174, call: scores, phase: playing
2026-06-18 18:16:55, tokens_remaining: 2173, call: scores, phase: playing
2026-06-18 18:16:56, tokens_remaining: 2172, call: scores, phase: playing
2026-06-18 18:16:58, tokens_remaining: 2171, call: scores, phase: playing
2026-06-18 18:16:59, tokens_remaining: 2170, call: scores, phase: playing
2026-06-18 18:17:01, tokens_remaining: 2169, call: events, phase: playing
2026-06-18 18:17:02, tokens_remaining: 2168, call: scores, phase: playing
2026-06-18 18:17:03, tokens_remaining: 2167, call: scores, phase: playing
2026-06-18 18:17:05, tokens_remaining: 2166, call: scores, phase: playing
2026-06-18 18:17:06, tokens_remaining: 2165, call: scores, phase: playing
2026-06-18 18:17:08, tokens_remaining: 2164, call: scores, phase: playing
2026-06-18 18:17:09, tokens_remaining: 2163, call: scores, phase: playing
2026-06-18 18:17:11, tokens_remaining: 2162, call: scores, phase: playing
2026-06-18 18:17:12, tokens_remaining: 2161, call: scores, phase: playing
2026-06-18 18:17:13, tokens_remaining: 2160, call: scores, phase: playing
2026-06-18 18:17:15, tokens_remaining: 2159, call: events, phase: playing
2026-06-18 18:17:16, tokens_remaining: 2158, call: scores, phase: playing
2026-06-18 18:17:18, tokens_remaining: 2157, call: scores, phase: playing
2026-06-18 18:17:19, tokens_remaining: 2156, call: scores, phase: playing
2026-06-18 18:17:21, tokens_remaining: 2155, call: scores, phase: playing
2026-06-18 18:17:22, tokens_remaining: 2154, call: scores, phase: playing
2026-06-18 18:17:23, tokens_remaining: 2153, call: scores, phase: playing
2026-06-18 18:17:25, tokens_remaining: 2152, call: scores, phase: playing
2026-06-18 18:17:26, tokens_remaining: 2151, call: scores, phase: playing
2026-06-18 18:17:28, tokens_remaining: 2150, call: scores, phase: playing
2026-06-18 18:17:29, tokens_remaining: 2149, call: events, phase: playing
2026-06-18 18:17:30, tokens_remaining: 2148, call: scores, phase: playing
2026-06-18 18:17:32, tokens_remaining: 2147, call: scores, phase: playing
2026-06-18 18:17:33, tokens_remaining: 2146, call: scores, phase: playing
2026-06-18 18:17:35, tokens_remaining: 2145, call: scores, phase: playing
2026-06-18 18:17:36, tokens_remaining: 2144, call: scores, phase: playing
2026-06-18 18:17:37, tokens_remaining: 2143, call: scores, phase: playing
2026-06-18 18:17:39, tokens_remaining: 2142, call: scores, phase: playing
2026-06-18 18:17:40, tokens_remaining: 2141, call: scores, phase: playing
2026-06-18 18:17:42, tokens_remaining: 2140, call: scores, phase: playing
2026-06-18 18:17:43, tokens_remaining: 2139, call: events, phase: playing
2026-06-18 18:17:45, tokens_remaining: 2138, call: scores, phase: playing
2026-06-18 18:17:46, tokens_remaining: 2137, call: scores, phase: playing
2026-06-18 18:17:47, tokens_remaining: 2136, call: scores, phase: playing
2026-06-18 18:17:49, tokens_remaining: 2135, call: scores, phase: playing
2026-06-18 18:17:50, tokens_remaining: 2134, call: scores, phase: playing
2026-06-18 18:17:52, tokens_remaining: 2133, call: scores, phase: playing
2026-06-18 18:17:53, tokens_remaining: 2132, call: scores, phase: playing
2026-06-18 18:17:54, tokens_remaining: 2131, call: scores, phase: playing
2026-06-18 18:17:56, tokens_remaining: 2130, call: scores, phase: playing
2026-06-18 18:17:57, tokens_remaining: 2129, call: events, phase: playing
2026-06-18 18:17:59, tokens_remaining: 2128, call: scores, phase: playing
2026-06-18 18:18:00, tokens_remaining: 2127, call: scores, phase: playing
2026-06-18 18:18:02, tokens_remaining: 2126, call: scores, phase: playing
2026-06-18 18:18:03, tokens_remaining: 2125, call: scores, phase: playing
2026-06-18 18:18:04, tokens_remaining: 2124, call: scores, phase: playing
2026-06-18 18:18:06, tokens_remaining: 2123, call: scores, phase: playing
2026-06-18 18:18:07, tokens_remaining: 2122, call: scores, phase: playing
2026-06-18 18:18:09, tokens_remaining: 2121, call: scores, phase: playing
2026-06-18 18:18:10, tokens_remaining: 2120, call: scores, phase: playing
2026-06-18 18:18:11, tokens_remaining: 2119, call: events, phase: playing
2026-06-18 18:18:13, tokens_remaining: 2118, call: scores, phase: playing
2026-06-18 18:18:14, tokens_remaining: 2117, call: scores, phase: playing
2026-06-18 18:18:16, tokens_remaining: 2116, call: scores, phase: playing
2026-06-18 18:18:17, tokens_remaining: 2115, call: scores, phase: playing
2026-06-18 18:18:18, tokens_remaining: 2114, call: scores, phase: playing
2026-06-18 18:18:20, tokens_remaining: 2113, call: scores, phase: playing
2026-06-18 18:18:21, tokens_remaining: 2112, call: scores, phase: playing
2026-06-18 18:18:23, tokens_remaining: 2111, call: scores, phase: playing
2026-06-18 18:18:24, tokens_remaining: 2110, call: scores, phase: playing
2026-06-18 18:18:26, tokens_remaining: 2109, call: events, phase: playing
2026-06-18 18:18:27, tokens_remaining: 2108, call: scores, phase: playing
2026-06-18 18:18:28, tokens_remaining: 2107, call: scores, phase: playing
2026-06-18 18:18:30, tokens_remaining: 2106, call: scores, phase: playing
2026-06-18 18:18:31, tokens_remaining: 2105, call: scores, phase: playing
2026-06-18 18:18:34, tokens_remaining: 2104, call: scores, phase: playing
2026-06-18 18:18:35, tokens_remaining: 2103, call: scores, phase: playing
2026-06-18 18:18:36, tokens_remaining: 2102, call: scores, phase: playing
2026-06-18 18:18:38, tokens_remaining: 2101, call: scores, phase: playing
2026-06-18 18:18:39, tokens_remaining: 2100, call: scores, phase: playing
2026-06-18 18:18:41, tokens_remaining: 2099, call: events, phase: playing
2026-06-18 18:18:42, tokens_remaining: 2098, call: scores, phase: playing
2026-06-18 18:18:44, tokens_remaining: 2097, call: scores, phase: playing
2026-06-18 18:18:45, tokens_remaining: 2096, call: scores, phase: playing
2026-06-18 18:18:46, tokens_remaining: 2095, call: scores, phase: playing
2026-06-18 18:18:48, tokens_remaining: 2094, call: scores, phase: playing
2026-06-18 18:18:49, tokens_remaining: 2093, call: scores, phase: playing
2026-06-18 18:18:51, tokens_remaining: 2092, call: scores, phase: playing
2026-06-18 18:18:52, tokens_remaining: 2091, call: scores, phase: playing
2026-06-18 18:18:54, tokens_remaining: 2090, call: scores, phase: playing
2026-06-18 18:18:55, tokens_remaining: 2089, call: events, phase: playing
2026-06-18 18:18:56, tokens_remaining: 2088, call: scores, phase: playing
2026-06-18 18:18:58, tokens_remaining: 2087, call: scores, phase: playing
2026-06-18 18:18:59, tokens_remaining: 2086, call: scores, phase: playing
2026-06-18 18:19:01, tokens_remaining: 2085, call: scores, phase: playing
2026-06-18 18:19:02, tokens_remaining: 2084, call: scores, phase: playing
2026-06-18 18:19:03, tokens_remaining: 2083, call: scores, phase: playing
2026-06-18 18:19:05, tokens_remaining: 2082, call: scores, phase: playing
2026-06-18 18:19:06, tokens_remaining: 2081, call: scores, phase: playing
2026-06-18 18:19:08, tokens_remaining: 2080, call: scores, phase: playing
2026-06-18 18:19:09, tokens_remaining: 2079, call: events, phase: playing
2026-06-18 18:19:11, tokens_remaining: 2078, call: scores, phase: playing
2026-06-18 18:19:12, tokens_remaining: 2077, call: scores, phase: playing
2026-06-18 18:19:13, tokens_remaining: 2076, call: scores, phase: playing
2026-06-18 18:19:15, tokens_remaining: 2075, call: scores, phase: playing
2026-06-18 18:19:16, tokens_remaining: 2074, call: scores, phase: playing
2026-06-18 18:19:18, tokens_remaining: 2073, call: scores, phase: playing
2026-06-18 18:19:19, tokens_remaining: 2072, call: scores, phase: playing
2026-06-18 18:19:20, tokens_remaining: 2071, call: scores, phase: playing
2026-06-18 18:19:22, tokens_remaining: 2070, call: scores, phase: playing
2026-06-18 18:19:23, tokens_remaining: 2069, call: events, phase: playing
2026-06-18 18:19:25, tokens_remaining: 2068, call: scores, phase: playing
2026-06-18 18:19:26, tokens_remaining: 2067, call: scores, phase: playing
2026-06-18 18:19:27, tokens_remaining: 2066, call: scores, phase: playing
2026-06-18 18:19:29, tokens_remaining: 2065, call: scores, phase: playing
2026-06-18 18:19:30, tokens_remaining: 2064, call: scores, phase: playing
2026-06-18 18:19:32, tokens_remaining: 2063, call: scores, phase: playing
2026-06-18 18:19:33, tokens_remaining: 2062, call: scores, phase: playing
2026-06-18 18:19:34, tokens_remaining: 2061, call: scores, phase: playing
2026-06-18 18:19:36, tokens_remaining: 2060, call: scores, phase: playing
2026-06-18 18:19:37, tokens_remaining: 2059, call: events, phase: playing
2026-06-18 18:19:39, tokens_remaining: 2058, call: scores, phase: playing
2026-06-18 18:19:40, tokens_remaining: 2057, call: scores, phase: playing
2026-06-18 18:19:42, tokens_remaining: 2056, call: scores, phase: playing
2026-06-18 18:19:43, tokens_remaining: 2055, call: scores, phase: playing
2026-06-18 18:19:44, tokens_remaining: 2054, call: scores, phase: playing
2026-06-18 18:19:46, tokens_remaining: 2053, call: scores, phase: playing
2026-06-18 18:19:47, tokens_remaining: 2052, call: scores, phase: playing
2026-06-18 18:19:48, tokens_remaining: 2051, call: scores, phase: playing
2026-06-18 18:19:50, tokens_remaining: 2050, call: scores, phase: playing
2026-06-18 18:19:51, tokens_remaining: 2049, call: events, phase: playing
2026-06-18 18:19:53, tokens_remaining: 2048, call: scores, phase: playing
2026-06-18 18:19:54, tokens_remaining: 2047, call: scores, phase: playing
2026-06-18 18:19:55, tokens_remaining: 2046, call: scores, phase: playing
2026-06-18 18:19:57, tokens_remaining: 2045, call: scores, phase: playing
2026-06-18 18:19:58, tokens_remaining: 2044, call: scores, phase: playing
2026-06-18 18:20:00, tokens_remaining: 2043, call: scores, phase: playing
2026-06-18 18:20:01, tokens_remaining: 2042, call: scores, phase: playing
2026-06-18 18:20:02, tokens_remaining: 2041, call: scores, phase: playing
2026-06-18 18:20:04, tokens_remaining: 2040, call: scores, phase: playing
2026-06-18 18:20:05, tokens_remaining: 2039, call: events, phase: playing
2026-06-18 18:20:05, EVENT: SUBSTITUTION 56' Nathan-Dylan Saliba [Canada vs Qatar]
2026-06-18 18:20:07, tokens_remaining: 2038, call: scores, phase: playing
2026-06-18 18:20:08, tokens_remaining: 2037, call: scores, phase: playing
2026-06-18 18:20:10, tokens_remaining: 2036, call: scores, phase: playing
2026-06-18 18:20:11, tokens_remaining: 2035, call: scores, phase: playing
2026-06-18 18:20:12, tokens_remaining: 2034, call: scores, phase: playing
2026-06-18 18:20:14, tokens_remaining: 2033, call: scores, phase: playing
2026-06-18 18:20:15, tokens_remaining: 2032, call: scores, phase: playing
2026-06-18 18:20:17, tokens_remaining: 2031, call: scores, phase: playing
2026-06-18 18:20:18, tokens_remaining: 2030, call: scores, phase: playing
2026-06-18 18:20:19, tokens_remaining: 2029, call: events, phase: playing
2026-06-18 18:20:21, tokens_remaining: 2028, call: scores, phase: playing
2026-06-18 18:20:22, tokens_remaining: 2027, call: scores, phase: playing
2026-06-18 18:20:24, tokens_remaining: 2026, call: scores, phase: playing
2026-06-18 18:20:25, tokens_remaining: 2025, call: scores, phase: playing
2026-06-18 18:20:26, tokens_remaining: 2024, call: scores, phase: playing
2026-06-18 18:20:28, tokens_remaining: 2023, call: scores, phase: playing
2026-06-18 18:20:29, tokens_remaining: 2022, call: scores, phase: playing
2026-06-18 18:20:31, tokens_remaining: 2021, call: scores, phase: playing
2026-06-18 18:20:32, tokens_remaining: 2020, call: scores, phase: playing
2026-06-18 18:20:33, tokens_remaining: 2019, call: events, phase: playing
2026-06-18 18:20:35, tokens_remaining: 2018, call: scores, phase: playing
2026-06-18 18:20:36, tokens_remaining: 2017, call: scores, phase: playing
2026-06-18 18:20:38, tokens_remaining: 2016, call: scores, phase: playing
2026-06-18 18:20:39, tokens_remaining: 2015, call: scores, phase: playing
2026-06-18 18:20:40, tokens_remaining: 2014, call: scores, phase: playing
2026-06-18 18:20:42, tokens_remaining: 2013, call: scores, phase: playing
2026-06-18 18:20:43, tokens_remaining: 2012, call: scores, phase: playing
2026-06-18 18:20:45, tokens_remaining: 2011, call: scores, phase: playing
2026-06-18 18:20:46, tokens_remaining: 2010, call: scores, phase: playing
2026-06-18 18:20:47, tokens_remaining: 2009, call: events, phase: playing
2026-06-18 18:20:47, EVENT: SUBSTITUTION 59' Al-Hashmi Al-Hussain [Canada vs Qatar]
2026-06-18 18:20:49, tokens_remaining: 2008, call: scores, phase: playing
2026-06-18 18:20:50, tokens_remaining: 2007, call: scores, phase: playing
2026-06-18 18:20:52, tokens_remaining: 2006, call: scores, phase: playing
2026-06-18 18:20:53, tokens_remaining: 2005, call: scores, phase: playing
2026-06-18 18:20:54, tokens_remaining: 2004, call: scores, phase: playing
2026-06-18 18:20:56, tokens_remaining: 2003, call: scores, phase: playing
2026-06-18 18:20:57, tokens_remaining: 2002, call: scores, phase: playing
2026-06-18 18:20:59, tokens_remaining: 2001, call: scores, phase: playing
2026-06-18 18:21:00, tokens_remaining: 2000, call: scores, phase: playing
2026-06-18 18:21:01, tokens_remaining: 1999, call: events, phase: playing
2026-06-18 18:21:03, tokens_remaining: 1998, call: scores, phase: playing
2026-06-18 18:21:04, tokens_remaining: 1997, call: scores, phase: playing
2026-06-18 18:21:06, tokens_remaining: 1996, call: scores, phase: playing
2026-06-18 18:21:07, tokens_remaining: 1995, call: scores, phase: playing
2026-06-18 18:21:08, tokens_remaining: 1994, call: scores, phase: playing
2026-06-18 18:21:10, tokens_remaining: 1993, call: scores, phase: playing
2026-06-18 18:21:11, tokens_remaining: 1992, call: scores, phase: playing
2026-06-18 18:21:13, tokens_remaining: 1991, call: scores, phase: playing
2026-06-18 18:21:14, tokens_remaining: 1990, call: scores, phase: playing
2026-06-18 18:21:15, tokens_remaining: 1989, call: events, phase: playing
2026-06-18 18:21:17, tokens_remaining: 1988, call: scores, phase: playing
2026-06-18 18:21:18, tokens_remaining: 1987, call: scores, phase: playing
2026-06-18 18:21:20, tokens_remaining: 1986, call: scores, phase: playing
2026-06-18 18:21:21, tokens_remaining: 1985, call: scores, phase: playing
2026-06-18 18:21:22, tokens_remaining: 1984, call: scores, phase: playing
2026-06-18 18:21:24, tokens_remaining: 1983, call: scores, phase: playing
2026-06-18 18:21:25, tokens_remaining: 1982, call: scores, phase: playing
2026-06-18 18:21:26, tokens_remaining: 1981, call: scores, phase: playing
2026-06-18 18:21:28, tokens_remaining: 1980, call: scores, phase: playing
2026-06-18 18:21:29, tokens_remaining: 1979, call: events, phase: playing
2026-06-18 18:21:31, tokens_remaining: 1978, call: scores, phase: playing
2026-06-18 18:21:32, tokens_remaining: 1977, call: scores, phase: playing
2026-06-18 18:21:33, tokens_remaining: 1976, call: scores, phase: playing
2026-06-18 18:21:35, tokens_remaining: 1975, call: scores, phase: playing
2026-06-18 18:21:36, tokens_remaining: 1974, call: scores, phase: playing
2026-06-18 18:21:38, tokens_remaining: 1973, call: scores, phase: playing
2026-06-18 18:21:39, tokens_remaining: 1972, call: scores, phase: playing
2026-06-18 18:21:40, tokens_remaining: 1971, call: scores, phase: playing
2026-06-18 18:21:42, tokens_remaining: 1970, call: scores, phase: playing
2026-06-18 18:21:43, tokens_remaining: 1969, call: events, phase: playing
2026-06-18 18:21:45, tokens_remaining: 1968, call: scores, phase: playing
2026-06-18 18:21:46, tokens_remaining: 1967, call: scores, phase: playing
2026-06-18 18:21:47, tokens_remaining: 1966, call: scores, phase: playing
2026-06-18 18:21:49, tokens_remaining: 1965, call: scores, phase: playing
2026-06-18 18:21:50, tokens_remaining: 1964, call: scores, phase: playing
2026-06-18 18:21:51, tokens_remaining: 1963, call: scores, phase: playing
2026-06-18 18:21:53, tokens_remaining: 1962, call: scores, phase: playing
2026-06-18 18:21:54, tokens_remaining: 1961, call: scores, phase: playing
2026-06-18 18:21:56, tokens_remaining: 1960, call: scores, phase: playing
2026-06-18 18:21:57, tokens_remaining: 1959, call: events, phase: playing
2026-06-18 18:21:58, tokens_remaining: 1958, call: scores, phase: playing
2026-06-18 18:22:00, tokens_remaining: 1957, call: scores, phase: playing
2026-06-18 18:22:01, tokens_remaining: 1956, call: scores, phase: playing
2026-06-18 18:22:03, tokens_remaining: 1955, call: scores, phase: playing
2026-06-18 18:22:04, tokens_remaining: 1954, call: scores, phase: playing
2026-06-18 18:22:05, tokens_remaining: 1953, call: scores, phase: playing
2026-06-18 18:22:07, tokens_remaining: 1952, call: scores, phase: playing
2026-06-18 18:22:08, tokens_remaining: 1951, call: scores, phase: playing
2026-06-18 18:22:10, tokens_remaining: 1950, call: scores, phase: playing
2026-06-18 18:22:11, tokens_remaining: 1949, call: events, phase: playing
2026-06-18 18:22:12, tokens_remaining: 1948, call: scores, phase: playing
2026-06-18 18:22:14, tokens_remaining: 1947, call: scores, phase: playing
2026-06-18 18:22:15, tokens_remaining: 1946, call: scores, phase: playing
2026-06-18 18:22:16, tokens_remaining: 1945, call: scores, phase: playing
2026-06-18 18:22:18, tokens_remaining: 1944, call: scores, phase: playing
2026-06-18 18:22:19, tokens_remaining: 1943, call: scores, phase: playing
2026-06-18 18:22:21, tokens_remaining: 1942, call: scores, phase: playing
2026-06-18 18:22:22, tokens_remaining: 1941, call: scores, phase: playing
2026-06-18 18:22:23, tokens_remaining: 1940, call: scores, phase: playing
2026-06-18 18:22:25, tokens_remaining: 1939, call: events, phase: playing
2026-06-18 18:22:26, tokens_remaining: 1938, call: scores, phase: playing
2026-06-18 18:22:28, tokens_remaining: 1937, call: scores, phase: playing
2026-06-18 18:22:29, tokens_remaining: 1936, call: scores, phase: playing
2026-06-18 18:22:30, tokens_remaining: 1935, call: scores, phase: playing
2026-06-18 18:22:32, tokens_remaining: 1934, call: scores, phase: playing
2026-06-18 18:22:33, tokens_remaining: 1933, call: scores, phase: playing
2026-06-18 18:22:34, tokens_remaining: 1932, call: scores, phase: playing
2026-06-18 18:22:36, tokens_remaining: 1931, call: scores, phase: playing
2026-06-18 18:22:37, tokens_remaining: 1930, call: scores, phase: playing
2026-06-18 18:22:39, tokens_remaining: 1929, call: events, phase: playing
2026-06-18 18:22:40, tokens_remaining: 1928, call: scores, phase: playing
2026-06-18 18:22:41, tokens_remaining: 1927, call: scores, phase: playing
2026-06-18 18:22:43, tokens_remaining: 1926, call: scores, phase: playing
2026-06-18 18:22:44, tokens_remaining: 1925, call: scores, phase: playing
2026-06-18 18:22:46, tokens_remaining: 1924, call: scores, phase: playing
2026-06-18 18:22:47, tokens_remaining: 1923, call: scores, phase: playing
2026-06-18 18:22:48, tokens_remaining: 1922, call: scores, phase: playing
2026-06-18 18:22:50, tokens_remaining: 1921, call: scores, phase: playing
2026-06-18 18:22:51, tokens_remaining: 1920, call: scores, phase: playing
2026-06-18 18:22:53, tokens_remaining: 1919, call: events, phase: playing
2026-06-18 18:22:54, tokens_remaining: 1918, call: scores, phase: playing
2026-06-18 18:22:55, tokens_remaining: 1917, call: scores, phase: playing
2026-06-18 18:22:57, tokens_remaining: 1916, call: scores, phase: playing
2026-06-18 18:22:58, tokens_remaining: 1915, call: scores, phase: playing
2026-06-18 18:22:59, tokens_remaining: 1914, call: scores, phase: playing
2026-06-18 18:23:01, tokens_remaining: 1913, call: scores, phase: playing
2026-06-18 18:23:02, tokens_remaining: 1912, call: scores, phase: playing
2026-06-18 18:23:04, tokens_remaining: 1911, call: scores, phase: playing
2026-06-18 18:23:05, tokens_remaining: 1910, call: scores, phase: playing
2026-06-18 18:23:06, tokens_remaining: 1909, call: events, phase: playing
2026-06-18 18:23:08, tokens_remaining: 1908, call: scores, phase: playing
2026-06-18 18:23:09, tokens_remaining: 1907, call: scores, phase: playing
2026-06-18 18:23:10, tokens_remaining: 1906, call: scores, phase: playing
2026-06-18 18:23:12, tokens_remaining: 1905, call: scores, phase: playing
2026-06-18 18:23:13, tokens_remaining: 1904, call: scores, phase: playing
2026-06-18 18:23:15, tokens_remaining: 1903, call: scores, phase: playing
2026-06-18 18:23:16, tokens_remaining: 1902, call: scores, phase: playing
2026-06-18 18:23:17, tokens_remaining: 1901, call: scores, phase: playing
2026-06-18 18:23:19, tokens_remaining: 1900, call: scores, phase: playing
2026-06-18 18:23:20, tokens_remaining: 1899, call: events, phase: playing
2026-06-18 18:23:22, tokens_remaining: 1898, call: scores, phase: playing
2026-06-18 18:23:23, tokens_remaining: 1897, call: scores, phase: playing
2026-06-18 18:23:24, tokens_remaining: 1896, call: scores, phase: playing
2026-06-18 18:23:26, tokens_remaining: 1895, call: scores, phase: playing
2026-06-18 18:23:27, tokens_remaining: 1894, call: scores, phase: playing
2026-06-18 18:23:28, tokens_remaining: 1893, call: scores, phase: playing
2026-06-18 18:23:30, tokens_remaining: 1892, call: scores, phase: playing
2026-06-18 18:23:31, tokens_remaining: 1891, call: scores, phase: playing
2026-06-18 18:23:32, tokens_remaining: 1890, call: scores, phase: playing
2026-06-18 18:23:34, tokens_remaining: 1889, call: events, phase: playing
2026-06-18 18:23:35, tokens_remaining: 1888, call: scores, phase: playing
2026-06-18 18:23:37, tokens_remaining: 1887, call: scores, phase: playing
2026-06-18 18:23:38, tokens_remaining: 1886, call: scores, phase: playing
2026-06-18 18:23:39, tokens_remaining: 1885, call: scores, phase: playing
2026-06-18 18:23:41, tokens_remaining: 1884, call: scores, phase: playing
2026-06-18 18:23:42, tokens_remaining: 1883, call: scores, phase: playing
2026-06-18 18:23:44, tokens_remaining: 1882, call: scores, phase: playing
2026-06-18 18:23:45, tokens_remaining: 1881, call: scores, phase: playing
2026-06-18 18:23:46, tokens_remaining: 1880, call: scores, phase: playing
2026-06-18 18:23:48, tokens_remaining: 1879, call: events, phase: playing
2026-06-18 18:23:49, tokens_remaining: 1878, call: scores, phase: playing
2026-06-18 18:23:50, tokens_remaining: 1877, call: scores, phase: playing
2026-06-18 18:23:52, tokens_remaining: 1876, call: scores, phase: playing
2026-06-18 18:23:53, tokens_remaining: 1875, call: scores, phase: playing
2026-06-18 18:23:55, tokens_remaining: 1874, call: scores, phase: playing
2026-06-18 18:23:56, tokens_remaining: 1873, call: scores, phase: playing
2026-06-18 18:23:57, tokens_remaining: 1872, call: scores, phase: playing
2026-06-18 18:23:59, tokens_remaining: 1871, call: scores, phase: playing
2026-06-18 18:24:00, tokens_remaining: 1870, call: scores, phase: playing
2026-06-18 18:24:01, tokens_remaining: 1869, call: events, phase: playing
2026-06-18 18:24:03, tokens_remaining: 1868, call: scores, phase: playing
2026-06-18 18:24:04, tokens_remaining: 1867, call: scores, phase: playing
2026-06-18 18:24:06, tokens_remaining: 1866, call: scores, phase: playing
2026-06-18 18:24:07, tokens_remaining: 1865, call: scores, phase: playing
2026-06-18 18:24:08, tokens_remaining: 1864, call: scores, phase: playing
2026-06-18 18:24:10, tokens_remaining: 1863, call: scores, phase: playing
2026-06-18 18:24:11, tokens_remaining: 1862, call: scores, phase: playing
2026-06-18 18:24:12, tokens_remaining: 1861, call: scores, phase: playing
2026-06-18 18:24:14, tokens_remaining: 1860, call: scores, phase: playing
2026-06-18 18:24:15, tokens_remaining: 1859, call: events, phase: playing
2026-06-18 18:24:17, tokens_remaining: 1858, call: scores, phase: playing
2026-06-18 18:24:18, tokens_remaining: 1857, call: scores, phase: playing
2026-06-18 18:24:19, tokens_remaining: 1856, call: scores, phase: playing
2026-06-18 18:24:21, tokens_remaining: 1855, call: scores, phase: playing
2026-06-18 18:24:22, tokens_remaining: 1854, call: scores, phase: playing
2026-06-18 18:24:23, tokens_remaining: 1853, call: scores, phase: playing
2026-06-18 18:24:25, tokens_remaining: 1852, call: scores, phase: playing
2026-06-18 18:24:26, tokens_remaining: 1851, call: scores, phase: playing
2026-06-18 18:24:27, tokens_remaining: 1850, call: scores, phase: playing
2026-06-18 18:24:29, tokens_remaining: 1849, call: events, phase: playing
2026-06-18 18:24:30, tokens_remaining: 1848, call: scores, phase: playing
2026-06-18 18:24:32, tokens_remaining: 1847, call: scores, phase: playing
2026-06-18 18:24:33, tokens_remaining: 1846, call: scores, phase: playing
2026-06-18 18:24:34, tokens_remaining: 1845, call: scores, phase: playing
2026-06-18 18:24:36, tokens_remaining: 1844, call: scores, phase: playing
2026-06-18 18:24:37, tokens_remaining: 1843, call: scores, phase: playing
2026-06-18 18:24:38, tokens_remaining: 1842, call: scores, phase: playing
2026-06-18 18:24:40, tokens_remaining: 1841, call: scores, phase: playing
2026-06-18 18:24:41, tokens_remaining: 1840, call: scores, phase: playing
2026-06-18 18:24:43, tokens_remaining: 1839, call: events, phase: playing
2026-06-18 18:24:43, EVENT: YELLOW_CARD 62' Ahmed Fathi [Canada vs Qatar]
2026-06-18 18:24:44, tokens_remaining: 1838, call: scores, phase: playing
2026-06-18 18:24:45, tokens_remaining: 1837, call: scores, phase: playing
2026-06-18 18:24:47, tokens_remaining: 1836, call: scores, phase: playing
2026-06-18 18:24:48, tokens_remaining: 1835, call: scores, phase: playing
2026-06-18 18:24:49, tokens_remaining: 1834, call: scores, phase: playing
2026-06-18 18:24:51, tokens_remaining: 1833, call: scores, phase: playing
2026-06-18 18:24:52, tokens_remaining: 1832, call: scores, phase: playing
2026-06-18 18:24:53, tokens_remaining: 1831, call: scores, phase: playing
2026-06-18 18:24:55, tokens_remaining: 1830, call: scores, phase: playing
2026-06-18 18:24:56, tokens_remaining: 1829, call: events, phase: playing
2026-06-18 18:24:58, tokens_remaining: 1828, call: scores, phase: playing
2026-06-18 18:24:59, tokens_remaining: 1827, call: scores, phase: playing
2026-06-18 18:25:01, tokens_remaining: 1826, call: scores, phase: playing
2026-06-18 18:25:02, tokens_remaining: 1825, call: scores, phase: playing
2026-06-18 18:25:03, tokens_remaining: 1824, call: scores, phase: playing
2026-06-18 18:25:05, tokens_remaining: 1823, call: scores, phase: playing
2026-06-18 18:25:06, tokens_remaining: 1822, call: scores, phase: playing
2026-06-18 18:25:07, tokens_remaining: 1821, call: scores, phase: playing
2026-06-18 18:25:09, tokens_remaining: 1820, call: scores, phase: playing
2026-06-18 18:25:10, tokens_remaining: 1819, call: events, phase: playing
2026-06-18 18:25:11, tokens_remaining: 1818, call: scores, phase: playing
2026-06-18 18:25:13, tokens_remaining: 1817, call: scores, phase: playing
2026-06-18 18:25:14, tokens_remaining: 1816, call: scores, phase: playing
2026-06-18 18:25:16, tokens_remaining: 1815, call: scores, phase: playing
2026-06-18 18:25:17, tokens_remaining: 1814, call: scores, phase: playing
2026-06-18 18:25:18, tokens_remaining: 1813, call: scores, phase: playing
2026-06-18 18:25:20, tokens_remaining: 1812, call: scores, phase: playing
2026-06-18 18:25:21, tokens_remaining: 1811, call: scores, phase: playing
2026-06-18 18:25:22, tokens_remaining: 1810, call: scores, phase: playing
2026-06-18 18:25:24, tokens_remaining: 1809, call: events, phase: playing
2026-06-18 18:25:25, tokens_remaining: 1808, call: scores, phase: playing
2026-06-18 18:25:25, GOAL: Canada (Canada 4-0 Qatar)
2026-06-18 18:25:27, tokens_remaining: 1807, call: scores, phase: playing
2026-06-18 18:25:28, tokens_remaining: 1806, call: scores, phase: playing
2026-06-18 18:25:29, tokens_remaining: 1805, call: scores, phase: playing
2026-06-18 18:25:31, tokens_remaining: 1804, call: scores, phase: playing
2026-06-18 18:25:32, tokens_remaining: 1803, call: scores, phase: playing
2026-06-18 18:25:33, tokens_remaining: 1802, call: scores, phase: playing
2026-06-18 18:25:35, tokens_remaining: 1801, call: scores, phase: playing
2026-06-18 18:25:36, tokens_remaining: 1800, call: scores, phase: playing
2026-06-18 18:25:38, tokens_remaining: 1799, call: events, phase: playing
2026-06-18 18:25:38, EVENT: GOAL 64' Nathan-Dylan Saliba (4-0) [Canada vs Qatar]
2026-06-18 18:25:39, tokens_remaining: 1798, call: scores, phase: playing
2026-06-18 18:25:40, tokens_remaining: 1797, call: scores, phase: playing
2026-06-18 18:25:42, tokens_remaining: 1796, call: scores, phase: playing
2026-06-18 18:25:43, tokens_remaining: 1795, call: scores, phase: playing
2026-06-18 18:25:44, tokens_remaining: 1794, call: scores, phase: playing
2026-06-18 18:25:46, tokens_remaining: 1793, call: scores, phase: playing
2026-06-18 18:25:47, tokens_remaining: 1792, call: scores, phase: playing
2026-06-18 18:25:48, tokens_remaining: 1791, call: scores, phase: playing
2026-06-18 18:25:50, tokens_remaining: 1790, call: scores, phase: playing
2026-06-18 18:25:51, tokens_remaining: 1789, call: events, phase: playing
2026-06-18 18:25:53, tokens_remaining: 1788, call: scores, phase: playing
2026-06-18 18:25:54, tokens_remaining: 1787, call: scores, phase: playing
2026-06-18 18:25:55, tokens_remaining: 1786, call: scores, phase: playing
2026-06-18 18:25:57, tokens_remaining: 1785, call: scores, phase: playing
2026-06-18 18:25:58, tokens_remaining: 1784, call: scores, phase: playing
2026-06-18 18:25:59, tokens_remaining: 1783, call: scores, phase: playing
2026-06-18 18:26:01, tokens_remaining: 1782, call: scores, phase: playing
2026-06-18 18:26:02, tokens_remaining: 1781, call: scores, phase: playing
2026-06-18 18:26:03, tokens_remaining: 1780, call: scores, phase: playing
2026-06-18 18:26:05, tokens_remaining: 1779, call: events, phase: playing
2026-06-18 18:26:06, tokens_remaining: 1778, call: scores, phase: playing
2026-06-18 18:26:07, tokens_remaining: 1777, call: scores, phase: playing
2026-06-18 18:26:09, tokens_remaining: 1776, call: scores, phase: playing
2026-06-18 18:26:10, tokens_remaining: 1775, call: scores, phase: playing
2026-06-18 18:26:11, tokens_remaining: 1774, call: scores, phase: playing
2026-06-18 18:26:13, tokens_remaining: 1773, call: scores, phase: playing
2026-06-18 18:26:14, tokens_remaining: 1772, call: scores, phase: playing
2026-06-18 18:26:15, tokens_remaining: 1771, call: scores, phase: playing
2026-06-18 18:26:17, tokens_remaining: 1770, call: scores, phase: playing
2026-06-18 18:26:18, tokens_remaining: 1769, call: events, phase: playing
2026-06-18 18:26:20, tokens_remaining: 1768, call: scores, phase: playing
2026-06-18 18:26:21, tokens_remaining: 1767, call: scores, phase: playing
2026-06-18 18:26:22, tokens_remaining: 1766, call: scores, phase: playing
2026-06-18 18:26:24, tokens_remaining: 1765, call: scores, phase: playing
2026-06-18 18:26:25, tokens_remaining: 1764, call: scores, phase: playing
2026-06-18 18:26:26, tokens_remaining: 1763, call: scores, phase: playing
2026-06-18 18:26:28, tokens_remaining: 1762, call: scores, phase: playing
2026-06-18 18:26:29, tokens_remaining: 1761, call: scores, phase: playing
2026-06-18 18:26:30, tokens_remaining: 1760, call: scores, phase: playing
2026-06-18 18:26:32, tokens_remaining: 1759, call: events, phase: playing
2026-06-18 18:26:33, tokens_remaining: 1758, call: scores, phase: playing
2026-06-18 18:26:34, tokens_remaining: 1757, call: scores, phase: playing
2026-06-18 18:26:36, tokens_remaining: 1756, call: scores, phase: playing
2026-06-18 18:26:37, tokens_remaining: 1755, call: scores, phase: playing
2026-06-18 18:26:38, tokens_remaining: 1754, call: scores, phase: playing
2026-06-18 18:26:40, tokens_remaining: 1753, call: scores, phase: playing
2026-06-18 18:26:41, tokens_remaining: 1752, call: scores, phase: playing
2026-06-18 18:26:42, tokens_remaining: 1751, call: scores, phase: playing
2026-06-18 18:26:44, tokens_remaining: 1750, call: scores, phase: playing
2026-06-18 18:26:45, tokens_remaining: 1749, call: events, phase: playing
2026-06-18 18:26:47, tokens_remaining: 1748, call: scores, phase: playing
2026-06-18 18:26:48, tokens_remaining: 1747, call: scores, phase: playing
2026-06-18 18:26:49, tokens_remaining: 1746, call: scores, phase: playing
2026-06-18 18:26:51, tokens_remaining: 1745, call: scores, phase: playing
2026-06-18 18:26:52, tokens_remaining: 1744, call: scores, phase: playing
2026-06-18 18:26:53, tokens_remaining: 1743, call: scores, phase: playing
2026-06-18 18:26:55, tokens_remaining: 1742, call: scores, phase: playing
2026-06-18 18:26:56, tokens_remaining: 1741, call: scores, phase: playing
2026-06-18 18:26:57, tokens_remaining: 1740, call: scores, phase: playing
2026-06-18 18:26:59, tokens_remaining: 1739, call: events, phase: playing
2026-06-18 18:27:00, tokens_remaining: 1738, call: scores, phase: playing
2026-06-18 18:27:01, tokens_remaining: 1737, call: scores, phase: playing
2026-06-18 18:27:03, tokens_remaining: 1736, call: scores, phase: playing
2026-06-18 18:27:04, tokens_remaining: 1735, call: scores, phase: playing
2026-06-18 18:27:06, tokens_remaining: 1734, call: scores, phase: playing
2026-06-18 18:27:07, tokens_remaining: 1733, call: scores, phase: playing
2026-06-18 18:27:08, tokens_remaining: 1732, call: scores, phase: playing
2026-06-18 18:27:10, tokens_remaining: 1731, call: scores, phase: playing
2026-06-18 18:27:11, tokens_remaining: 1730, call: scores, phase: playing
2026-06-18 18:27:12, tokens_remaining: 1729, call: events, phase: playing
2026-06-18 18:27:14, tokens_remaining: 1728, call: scores, phase: playing
2026-06-18 18:27:15, tokens_remaining: 1727, call: scores, phase: playing
2026-06-18 18:27:16, tokens_remaining: 1726, call: scores, phase: playing
2026-06-18 18:27:18, tokens_remaining: 1725, call: scores, phase: playing
2026-06-18 18:27:19, tokens_remaining: 1724, call: scores, phase: playing
2026-06-18 18:27:20, tokens_remaining: 1723, call: scores, phase: playing
2026-06-18 18:27:22, tokens_remaining: 1722, call: scores, phase: playing
2026-06-18 18:27:23, tokens_remaining: 1721, call: scores, phase: playing
2026-06-18 18:27:24, tokens_remaining: 1720, call: scores, phase: playing
2026-06-18 18:27:26, tokens_remaining: 1719, call: events, phase: playing
2026-06-18 18:27:27, tokens_remaining: 1718, call: scores, phase: playing
2026-06-18 18:27:28, tokens_remaining: 1717, call: scores, phase: playing
2026-06-18 18:27:30, tokens_remaining: 1716, call: scores, phase: playing
2026-06-18 18:27:31, tokens_remaining: 1715, call: scores, phase: playing
2026-06-18 18:27:32, tokens_remaining: 1714, call: scores, phase: playing
2026-06-18 18:27:34, tokens_remaining: 1713, call: scores, phase: playing
2026-06-18 18:27:35, tokens_remaining: 1712, call: scores, phase: playing
2026-06-18 18:27:36, tokens_remaining: 1711, call: scores, phase: playing
2026-06-18 18:27:38, tokens_remaining: 1710, call: scores, phase: playing
2026-06-18 18:27:39, tokens_remaining: 1709, call: events, phase: playing
2026-06-18 18:27:40, tokens_remaining: 1708, call: scores, phase: playing
2026-06-18 18:27:42, tokens_remaining: 1707, call: scores, phase: playing
2026-06-18 18:27:43, tokens_remaining: 1706, call: scores, phase: playing
2026-06-18 18:27:44, tokens_remaining: 1705, call: scores, phase: playing
2026-06-18 18:27:46, tokens_remaining: 1704, call: scores, phase: playing
2026-06-18 18:27:47, tokens_remaining: 1703, call: scores, phase: playing
2026-06-18 18:27:48, tokens_remaining: 1702, call: scores, phase: playing
2026-06-18 18:27:50, tokens_remaining: 1701, call: scores, phase: playing
2026-06-18 18:27:51, tokens_remaining: 1700, call: scores, phase: playing
2026-06-18 18:27:53, tokens_remaining: 1699, call: events, phase: playing
2026-06-18 18:27:54, tokens_remaining: 1698, call: scores, phase: playing
2026-06-18 18:27:55, tokens_remaining: 1697, call: scores, phase: playing
2026-06-18 18:27:56, tokens_remaining: 1696, call: scores, phase: playing
2026-06-18 18:27:58, tokens_remaining: 1695, call: scores, phase: playing
2026-06-18 18:27:59, tokens_remaining: 1694, call: scores, phase: playing
2026-06-18 18:28:01, tokens_remaining: 1693, call: scores, phase: playing
2026-06-18 18:28:02, tokens_remaining: 1692, call: scores, phase: playing
2026-06-18 18:28:03, tokens_remaining: 1691, call: scores, phase: playing
2026-06-18 18:28:05, tokens_remaining: 1690, call: scores, phase: playing
2026-06-18 18:28:06, tokens_remaining: 1689, call: events, phase: playing
2026-06-18 18:28:07, tokens_remaining: 1688, call: scores, phase: playing
2026-06-18 18:28:09, tokens_remaining: 1687, call: scores, phase: playing
2026-06-18 18:28:10, tokens_remaining: 1686, call: scores, phase: playing
2026-06-18 18:28:11, tokens_remaining: 1685, call: scores, phase: playing
2026-06-18 18:28:13, tokens_remaining: 1684, call: scores, phase: playing
2026-06-18 18:28:14, tokens_remaining: 1683, call: scores, phase: playing
2026-06-18 18:28:15, tokens_remaining: 1682, call: scores, phase: playing
2026-06-18 18:28:17, tokens_remaining: 1681, call: scores, phase: playing
2026-06-18 18:28:18, tokens_remaining: 1680, call: scores, phase: playing
2026-06-18 18:28:19, tokens_remaining: 1679, call: events, phase: playing
2026-06-18 18:28:21, tokens_remaining: 1678, call: scores, phase: playing
2026-06-18 18:28:22, tokens_remaining: 1677, call: scores, phase: playing
2026-06-18 18:28:23, tokens_remaining: 1676, call: scores, phase: playing
2026-06-18 18:28:25, tokens_remaining: 1675, call: scores, phase: playing
2026-06-18 18:28:26, tokens_remaining: 1674, call: scores, phase: playing
2026-06-18 18:28:27, tokens_remaining: 1673, call: scores, phase: playing
2026-06-18 18:28:29, tokens_remaining: 1672, call: scores, phase: playing
2026-06-18 18:28:30, tokens_remaining: 1671, call: scores, phase: playing
2026-06-18 18:28:31, tokens_remaining: 1670, call: scores, phase: playing
2026-06-18 18:28:33, tokens_remaining: 1669, call: events, phase: playing
2026-06-18 18:28:34, tokens_remaining: 1668, call: scores, phase: playing
2026-06-18 18:28:35, tokens_remaining: 1667, call: scores, phase: playing
2026-06-18 18:28:37, tokens_remaining: 1666, call: scores, phase: playing
2026-06-18 18:28:38, tokens_remaining: 1665, call: scores, phase: playing
2026-06-18 18:28:39, tokens_remaining: 1664, call: scores, phase: playing
2026-06-18 18:28:41, tokens_remaining: 1663, call: scores, phase: playing
2026-06-18 18:28:42, tokens_remaining: 1662, call: scores, phase: playing
2026-06-18 18:28:43, tokens_remaining: 1661, call: scores, phase: playing
2026-06-18 18:28:45, tokens_remaining: 1660, call: scores, phase: playing
2026-06-18 18:28:46, tokens_remaining: 1659, call: events, phase: playing
2026-06-18 18:28:47, tokens_remaining: 1658, call: scores, phase: playing
2026-06-18 18:28:49, tokens_remaining: 1657, call: scores, phase: playing
2026-06-18 18:28:50, tokens_remaining: 1656, call: scores, phase: playing
2026-06-18 18:28:51, tokens_remaining: 1655, call: scores, phase: playing
2026-06-18 18:28:53, tokens_remaining: 1654, call: scores, phase: playing
2026-06-18 18:28:54, tokens_remaining: 1653, call: scores, phase: playing
2026-06-18 18:28:55, tokens_remaining: 1652, call: scores, phase: playing
2026-06-18 18:28:57, tokens_remaining: 1651, call: scores, phase: playing
2026-06-18 18:28:58, tokens_remaining: 1650, call: scores, phase: playing
2026-06-18 18:28:59, tokens_remaining: 1649, call: events, phase: playing
2026-06-18 18:29:01, tokens_remaining: 1648, call: scores, phase: playing
2026-06-18 18:29:02, tokens_remaining: 1647, call: scores, phase: playing
2026-06-18 18:29:03, tokens_remaining: 1646, call: scores, phase: playing
2026-06-18 18:29:05, tokens_remaining: 1645, call: scores, phase: playing
2026-06-18 18:29:06, tokens_remaining: 1644, call: scores, phase: playing
2026-06-18 18:29:07, tokens_remaining: 1643, call: scores, phase: playing
2026-06-18 18:29:09, tokens_remaining: 1642, call: scores, phase: playing
2026-06-18 18:29:10, tokens_remaining: 1641, call: scores, phase: playing
2026-06-18 18:29:11, tokens_remaining: 1640, call: scores, phase: playing
2026-06-18 18:29:13, tokens_remaining: 1639, call: events, phase: playing
2026-06-18 18:29:14, tokens_remaining: 1638, call: scores, phase: playing
2026-06-18 18:29:15, tokens_remaining: 1637, call: scores, phase: playing
2026-06-18 18:29:17, tokens_remaining: 1636, call: scores, phase: playing
2026-06-18 18:29:18, tokens_remaining: 1635, call: scores, phase: playing
2026-06-18 18:29:19, tokens_remaining: 1634, call: scores, phase: playing
2026-06-18 18:29:21, tokens_remaining: 1633, call: scores, phase: playing
2026-06-18 18:29:22, tokens_remaining: 1632, call: scores, phase: playing
2026-06-18 18:29:23, tokens_remaining: 1631, call: scores, phase: playing
2026-06-18 18:29:25, tokens_remaining: 1630, call: scores, phase: playing
2026-06-18 18:29:26, tokens_remaining: 1629, call: events, phase: playing
2026-06-18 18:29:27, tokens_remaining: 1628, call: scores, phase: playing
2026-06-18 18:29:29, tokens_remaining: 1627, call: scores, phase: playing
2026-06-18 18:29:30, tokens_remaining: 1626, call: scores, phase: playing
2026-06-18 18:29:31, tokens_remaining: 1625, call: scores, phase: playing
2026-06-18 18:29:33, tokens_remaining: 1624, call: scores, phase: playing
2026-06-18 18:29:34, tokens_remaining: 1623, call: scores, phase: playing
2026-06-18 18:29:35, tokens_remaining: 1622, call: scores, phase: playing
2026-06-18 18:29:37, tokens_remaining: 1621, call: scores, phase: playing
2026-06-18 18:29:38, tokens_remaining: 1620, call: scores, phase: playing
2026-06-18 18:29:39, tokens_remaining: 1619, call: events, phase: playing
2026-06-18 18:29:41, tokens_remaining: 1618, call: scores, phase: playing
2026-06-18 18:29:42, tokens_remaining: 1617, call: scores, phase: playing
2026-06-18 18:29:43, tokens_remaining: 1616, call: scores, phase: playing
2026-06-18 18:29:45, tokens_remaining: 1615, call: scores, phase: playing
2026-06-18 18:29:46, tokens_remaining: 1614, call: scores, phase: playing
2026-06-18 18:29:47, tokens_remaining: 1613, call: scores, phase: playing
2026-06-18 18:29:49, tokens_remaining: 1612, call: scores, phase: playing
2026-06-18 18:29:50, tokens_remaining: 1611, call: scores, phase: playing
2026-06-18 18:29:51, tokens_remaining: 1610, call: scores, phase: playing
2026-06-18 18:29:53, tokens_remaining: 1609, call: events, phase: playing
2026-06-18 18:29:54, tokens_remaining: 1608, call: scores, phase: playing
2026-06-18 18:29:55, tokens_remaining: 1607, call: scores, phase: playing
2026-06-18 18:29:57, tokens_remaining: 1606, call: scores, phase: playing
2026-06-18 18:29:58, tokens_remaining: 1605, call: scores, phase: playing
2026-06-18 18:29:59, tokens_remaining: 1604, call: scores, phase: playing
2026-06-18 18:30:01, tokens_remaining: 1603, call: scores, phase: playing
2026-06-18 18:30:02, tokens_remaining: 1602, call: scores, phase: playing
2026-06-18 18:30:03, tokens_remaining: 1601, call: scores, phase: playing
2026-06-18 18:30:05, tokens_remaining: 1600, call: scores, phase: playing
2026-06-18 18:30:06, tokens_remaining: 1599, call: events, phase: playing
2026-06-18 18:30:07, tokens_remaining: 1598, call: scores, phase: playing
2026-06-18 18:30:09, tokens_remaining: 1597, call: scores, phase: playing
2026-06-18 18:30:10, tokens_remaining: 1596, call: scores, phase: playing
2026-06-18 18:30:11, tokens_remaining: 1595, call: scores, phase: playing
2026-06-18 18:30:13, tokens_remaining: 1594, call: scores, phase: playing
2026-06-18 18:30:14, tokens_remaining: 1593, call: scores, phase: playing
2026-06-18 18:30:15, tokens_remaining: 1592, call: scores, phase: playing
2026-06-18 18:30:17, tokens_remaining: 1591, call: scores, phase: playing
2026-06-18 18:30:18, tokens_remaining: 1590, call: scores, phase: playing
2026-06-18 18:30:19, tokens_remaining: 1589, call: events, phase: playing
2026-06-18 18:30:21, tokens_remaining: 1588, call: scores, phase: playing
2026-06-18 18:30:22, tokens_remaining: 1587, call: scores, phase: playing
2026-06-18 18:30:23, tokens_remaining: 1586, call: scores, phase: playing
2026-06-18 18:30:24, tokens_remaining: 1585, call: scores, phase: playing
2026-06-18 18:30:26, tokens_remaining: 1584, call: scores, phase: playing
2026-06-18 18:30:27, tokens_remaining: 1583, call: scores, phase: playing
2026-06-18 18:30:28, tokens_remaining: 1582, call: scores, phase: playing
2026-06-18 18:30:30, tokens_remaining: 1581, call: scores, phase: playing
2026-06-18 18:30:31, tokens_remaining: 1580, call: scores, phase: playing
2026-06-18 18:30:32, tokens_remaining: 1579, call: events, phase: playing
2026-06-18 18:30:34, tokens_remaining: 1578, call: scores, phase: playing
2026-06-18 18:30:35, tokens_remaining: 1577, call: scores, phase: playing
2026-06-18 18:30:36, tokens_remaining: 1576, call: scores, phase: playing
2026-06-18 18:30:38, tokens_remaining: 1575, call: scores, phase: playing
2026-06-18 18:30:39, tokens_remaining: 1574, call: scores, phase: playing
2026-06-18 18:30:40, tokens_remaining: 1573, call: scores, phase: playing
2026-06-18 18:30:42, tokens_remaining: 1572, call: scores, phase: playing
2026-06-18 18:30:43, tokens_remaining: 1571, call: scores, phase: playing
2026-06-18 18:30:44, tokens_remaining: 1570, call: scores, phase: playing
2026-06-18 18:30:46, tokens_remaining: 1569, call: events, phase: playing
2026-06-18 18:30:47, tokens_remaining: 1568, call: scores, phase: playing
2026-06-18 18:30:48, tokens_remaining: 1567, call: scores, phase: playing
2026-06-18 18:30:50, tokens_remaining: 1566, call: scores, phase: playing
2026-06-18 18:30:51, tokens_remaining: 1565, call: scores, phase: playing
2026-06-18 18:30:52, tokens_remaining: 1564, call: scores, phase: playing
2026-06-18 18:30:54, tokens_remaining: 1563, call: scores, phase: playing
2026-06-18 18:30:55, tokens_remaining: 1562, call: scores, phase: playing
2026-06-18 18:30:56, tokens_remaining: 1561, call: scores, phase: playing
2026-06-18 18:30:58, tokens_remaining: 1560, call: scores, phase: playing
2026-06-18 18:30:59, tokens_remaining: 1559, call: events, phase: playing
2026-06-18 18:31:00, tokens_remaining: 1558, call: scores, phase: playing
2026-06-18 18:31:02, tokens_remaining: 1557, call: scores, phase: playing
2026-06-18 18:31:03, tokens_remaining: 1556, call: scores, phase: playing
2026-06-18 18:31:04, tokens_remaining: 1555, call: scores, phase: playing
2026-06-18 18:31:06, tokens_remaining: 1554, call: scores, phase: playing
2026-06-18 18:31:07, tokens_remaining: 1553, call: scores, phase: playing
2026-06-18 18:31:08, tokens_remaining: 1552, call: scores, phase: playing
2026-06-18 18:31:10, tokens_remaining: 1551, call: scores, phase: playing
2026-06-18 18:31:11, tokens_remaining: 1550, call: scores, phase: playing
2026-06-18 18:31:12, tokens_remaining: 1549, call: events, phase: playing
2026-06-18 18:31:14, tokens_remaining: 1548, call: scores, phase: playing
2026-06-18 18:31:15, tokens_remaining: 1547, call: scores, phase: playing
2026-06-18 18:31:16, tokens_remaining: 1546, call: scores, phase: playing
2026-06-18 18:31:17, tokens_remaining: 1545, call: scores, phase: playing
2026-06-18 18:31:19, tokens_remaining: 1544, call: scores, phase: playing
2026-06-18 18:31:20, tokens_remaining: 1543, call: scores, phase: playing
2026-06-18 18:31:21, tokens_remaining: 1542, call: scores, phase: playing
2026-06-18 18:31:23, tokens_remaining: 1541, call: scores, phase: playing
2026-06-18 18:31:24, tokens_remaining: 1540, call: scores, phase: playing
2026-06-18 18:31:25, tokens_remaining: 1539, call: events, phase: playing
2026-06-18 18:31:27, tokens_remaining: 1538, call: scores, phase: playing
2026-06-18 18:31:28, tokens_remaining: 1537, call: scores, phase: playing
2026-06-18 18:31:29, tokens_remaining: 1536, call: scores, phase: playing
2026-06-18 18:31:31, tokens_remaining: 1535, call: scores, phase: playing
2026-06-18 18:31:32, tokens_remaining: 1534, call: scores, phase: playing
2026-06-18 18:31:33, tokens_remaining: 1533, call: scores, phase: playing
2026-06-18 18:31:35, tokens_remaining: 1532, call: scores, phase: playing
2026-06-18 18:31:36, tokens_remaining: 1531, call: scores, phase: playing
2026-06-18 18:31:37, tokens_remaining: 1530, call: scores, phase: playing
2026-06-18 18:31:39, tokens_remaining: 1529, call: events, phase: playing
2026-06-18 18:31:40, tokens_remaining: 1528, call: scores, phase: playing
2026-06-18 18:31:41, tokens_remaining: 1527, call: scores, phase: playing
2026-06-18 18:31:42, tokens_remaining: 1526, call: scores, phase: playing
2026-06-18 18:31:44, tokens_remaining: 1525, call: scores, phase: playing
2026-06-18 18:31:45, tokens_remaining: 1524, call: scores, phase: playing
2026-06-18 18:31:46, tokens_remaining: 1523, call: scores, phase: playing
2026-06-18 18:31:48, tokens_remaining: 1522, call: scores, phase: playing
2026-06-18 18:31:49, tokens_remaining: 1521, call: scores, phase: playing
2026-06-18 18:31:50, tokens_remaining: 1520, call: scores, phase: playing
2026-06-18 18:31:52, tokens_remaining: 1519, call: events, phase: playing
2026-06-18 18:31:53, tokens_remaining: 1518, call: scores, phase: playing
2026-06-18 18:31:54, tokens_remaining: 1517, call: scores, phase: playing
2026-06-18 18:31:56, tokens_remaining: 1516, call: scores, phase: playing
2026-06-18 18:31:57, tokens_remaining: 1515, call: scores, phase: playing
2026-06-18 18:31:58, tokens_remaining: 1514, call: scores, phase: playing
2026-06-18 18:32:00, tokens_remaining: 1513, call: scores, phase: playing
2026-06-18 18:32:01, tokens_remaining: 1512, call: scores, phase: playing
2026-06-18 18:32:02, tokens_remaining: 1511, call: scores, phase: playing
2026-06-18 18:32:03, tokens_remaining: 1510, call: scores, phase: playing
2026-06-18 18:32:05, tokens_remaining: 1509, call: events, phase: playing
2026-06-18 18:32:07, tokens_remaining: 1508, call: scores, phase: playing
2026-06-18 18:32:09, tokens_remaining: 1507, call: scores, phase: playing
2026-06-18 18:32:11, tokens_remaining: 1506, call: scores, phase: playing
2026-06-18 18:32:12, tokens_remaining: 1505, call: scores, phase: playing
2026-06-18 18:32:14, tokens_remaining: 1504, call: scores, phase: playing
2026-06-18 18:32:15, tokens_remaining: 1503, call: scores, phase: playing
2026-06-18 18:32:17, tokens_remaining: 1502, call: scores, phase: playing
2026-06-18 18:32:18, tokens_remaining: 1501, call: scores, phase: playing
2026-06-18 18:32:19, tokens_remaining: 1500, call: scores, phase: playing
2026-06-18 18:32:21, tokens_remaining: 1499, call: events, phase: playing
2026-06-18 18:32:22, tokens_remaining: 1498, call: scores, phase: playing
2026-06-18 18:32:23, tokens_remaining: 1497, call: scores, phase: playing
2026-06-18 18:32:25, tokens_remaining: 1496, call: scores, phase: playing
2026-06-18 18:32:26, tokens_remaining: 1495, call: scores, phase: playing
2026-06-18 18:32:27, tokens_remaining: 1494, call: scores, phase: playing
2026-06-18 18:32:29, tokens_remaining: 1493, call: scores, phase: playing
2026-06-18 18:32:30, tokens_remaining: 1492, call: scores, phase: playing
2026-06-18 18:32:31, tokens_remaining: 1491, call: scores, phase: playing
2026-06-18 18:32:33, tokens_remaining: 1490, call: scores, phase: playing
2026-06-18 18:32:34, tokens_remaining: 1489, call: events, phase: playing
2026-06-18 18:32:35, tokens_remaining: 1488, call: scores, phase: playing
2026-06-18 18:32:37, tokens_remaining: 1487, call: scores, phase: playing
2026-06-18 18:32:38, tokens_remaining: 1486, call: scores, phase: playing
2026-06-18 18:32:39, tokens_remaining: 1485, call: scores, phase: playing
2026-06-18 18:32:40, tokens_remaining: 1484, call: scores, phase: playing
2026-06-18 18:32:42, tokens_remaining: 1483, call: scores, phase: playing
2026-06-18 18:32:43, tokens_remaining: 1482, call: scores, phase: playing
2026-06-18 18:32:44, tokens_remaining: 1481, call: scores, phase: playing
2026-06-18 18:32:46, tokens_remaining: 1480, call: scores, phase: playing
2026-06-18 18:32:47, tokens_remaining: 1479, call: events, phase: playing
2026-06-18 18:32:48, tokens_remaining: 1478, call: scores, phase: playing
2026-06-18 18:32:50, tokens_remaining: 1477, call: scores, phase: playing
2026-06-18 18:32:51, tokens_remaining: 1476, call: scores, phase: playing
2026-06-18 18:32:52, tokens_remaining: 1475, call: scores, phase: playing
2026-06-18 18:32:53, tokens_remaining: 1474, call: scores, phase: playing
2026-06-18 18:32:55, tokens_remaining: 1473, call: scores, phase: playing
2026-06-18 18:32:56, tokens_remaining: 1472, call: scores, phase: playing
2026-06-18 18:32:57, tokens_remaining: 1471, call: scores, phase: playing
2026-06-18 18:32:59, tokens_remaining: 1470, call: scores, phase: playing
2026-06-18 18:33:00, tokens_remaining: 1469, call: events, phase: playing
2026-06-18 18:33:01, tokens_remaining: 1468, call: scores, phase: playing
2026-06-18 18:33:03, tokens_remaining: 1467, call: scores, phase: playing
2026-06-18 18:33:04, tokens_remaining: 1466, call: scores, phase: playing
2026-06-18 18:33:05, tokens_remaining: 1465, call: scores, phase: playing
2026-06-18 18:33:06, tokens_remaining: 1464, call: scores, phase: playing
2026-06-18 18:33:08, tokens_remaining: 1463, call: scores, phase: playing
2026-06-18 18:33:09, tokens_remaining: 1462, call: scores, phase: playing
2026-06-18 18:33:10, tokens_remaining: 1461, call: scores, phase: playing
2026-06-18 18:33:12, tokens_remaining: 1460, call: scores, phase: playing
2026-06-18 18:33:13, tokens_remaining: 1459, call: events, phase: playing
2026-06-18 18:33:14, tokens_remaining: 1458, call: scores, phase: playing
2026-06-18 18:33:16, tokens_remaining: 1457, call: scores, phase: playing
2026-06-18 18:33:17, tokens_remaining: 1456, call: scores, phase: playing
2026-06-18 18:33:18, tokens_remaining: 1455, call: scores, phase: playing
2026-06-18 18:33:19, tokens_remaining: 1454, call: scores, phase: playing
2026-06-18 18:33:21, tokens_remaining: 1453, call: scores, phase: playing
2026-06-18 18:33:22, tokens_remaining: 1452, call: scores, phase: playing
2026-06-18 18:33:23, tokens_remaining: 1451, call: scores, phase: playing
2026-06-18 18:33:25, tokens_remaining: 1450, call: scores, phase: playing
2026-06-18 18:33:26, tokens_remaining: 1449, call: events, phase: playing
2026-06-18 18:33:26, EVENT: SUBSTITUTION 71' Jacob Shaffelburg  [Canada vs Qatar]
2026-06-18 18:33:27, tokens_remaining: 1448, call: scores, phase: playing
2026-06-18 18:33:28, tokens_remaining: 1447, call: scores, phase: playing
2026-06-18 18:33:30, tokens_remaining: 1446, call: scores, phase: playing
2026-06-18 18:33:31, tokens_remaining: 1445, call: scores, phase: playing
2026-06-18 18:33:32, tokens_remaining: 1444, call: scores, phase: playing
2026-06-18 18:33:34, tokens_remaining: 1443, call: scores, phase: playing
2026-06-18 18:33:35, tokens_remaining: 1442, call: scores, phase: playing
2026-06-18 18:33:36, tokens_remaining: 1441, call: scores, phase: playing
2026-06-18 18:33:37, tokens_remaining: 1440, call: scores, phase: playing
2026-06-18 18:33:39, tokens_remaining: 1439, call: events, phase: playing
2026-06-18 18:33:40, tokens_remaining: 1438, call: scores, phase: playing
2026-06-18 18:33:41, tokens_remaining: 1437, call: scores, phase: playing
2026-06-18 18:33:43, tokens_remaining: 1436, call: scores, phase: playing
2026-06-18 18:33:44, tokens_remaining: 1435, call: scores, phase: playing
2026-06-18 18:33:45, tokens_remaining: 1434, call: scores, phase: playing
2026-06-18 18:33:46, tokens_remaining: 1433, call: scores, phase: playing
2026-06-18 18:33:48, tokens_remaining: 1432, call: scores, phase: playing
2026-06-18 18:33:49, tokens_remaining: 1431, call: scores, phase: playing
2026-06-18 18:33:50, tokens_remaining: 1430, call: scores, phase: playing
2026-06-18 18:33:52, tokens_remaining: 1429, call: events, phase: playing
2026-06-18 18:33:52, EVENT: SUBSTITUTION 71' Jacob Shaffelburg  [Canada vs Qatar]
2026-06-18 18:33:53, tokens_remaining: 1428, call: scores, phase: playing
2026-06-18 18:33:54, tokens_remaining: 1427, call: scores, phase: playing
2026-06-18 18:33:55, tokens_remaining: 1426, call: scores, phase: playing
2026-06-18 18:33:57, tokens_remaining: 1425, call: scores, phase: playing
2026-06-18 18:33:58, tokens_remaining: 1424, call: scores, phase: playing
2026-06-18 18:33:59, tokens_remaining: 1423, call: scores, phase: playing
2026-06-18 18:34:00, tokens_remaining: 1422, call: scores, phase: playing
2026-06-18 18:34:02, tokens_remaining: 1421, call: scores, phase: playing
2026-06-18 18:34:03, tokens_remaining: 1420, call: scores, phase: playing
2026-06-18 18:34:04, tokens_remaining: 1419, call: events, phase: playing
2026-06-18 18:34:06, tokens_remaining: 1418, call: scores, phase: playing
2026-06-18 18:34:07, tokens_remaining: 1417, call: scores, phase: playing
2026-06-18 18:34:08, tokens_remaining: 1416, call: scores, phase: playing
2026-06-18 18:34:10, tokens_remaining: 1415, call: scores, phase: playing
2026-06-18 18:34:11, tokens_remaining: 1414, call: scores, phase: playing
2026-06-18 18:34:12, tokens_remaining: 1413, call: scores, phase: playing
2026-06-18 18:34:13, tokens_remaining: 1412, call: scores, phase: playing
2026-06-18 18:34:15, tokens_remaining: 1411, call: scores, phase: playing
2026-06-18 18:34:16, tokens_remaining: 1410, call: scores, phase: playing
2026-06-18 18:34:17, tokens_remaining: 1409, call: events, phase: playing
2026-06-18 18:34:19, tokens_remaining: 1408, call: scores, phase: playing
2026-06-18 18:34:20, tokens_remaining: 1407, call: scores, phase: playing
2026-06-18 18:34:21, tokens_remaining: 1406, call: scores, phase: playing
2026-06-18 18:34:22, tokens_remaining: 1405, call: scores, phase: playing
2026-06-18 18:34:24, tokens_remaining: 1404, call: scores, phase: playing
2026-06-18 18:34:25, tokens_remaining: 1403, call: scores, phase: playing
2026-06-18 18:34:26, tokens_remaining: 1402, call: scores, phase: playing
2026-06-18 18:34:27, tokens_remaining: 1401, call: scores, phase: playing
2026-06-18 18:34:29, tokens_remaining: 1400, call: scores, phase: playing
2026-06-18 18:34:30, tokens_remaining: 1399, call: events, phase: playing
2026-06-18 18:34:30, EVENT: SUBSTITUTION 71' Jacob Shaffelburg  [Canada vs Qatar]
2026-06-18 18:34:31, tokens_remaining: 1398, call: scores, phase: playing
2026-06-18 18:34:33, tokens_remaining: 1397, call: scores, phase: playing
2026-06-18 18:34:34, tokens_remaining: 1396, call: scores, phase: playing
2026-06-18 18:34:35, tokens_remaining: 1395, call: scores, phase: playing
2026-06-18 18:34:36, tokens_remaining: 1394, call: scores, phase: playing
2026-06-18 18:34:38, tokens_remaining: 1393, call: scores, phase: playing
2026-06-18 18:34:39, tokens_remaining: 1392, call: scores, phase: playing
2026-06-18 18:34:40, tokens_remaining: 1391, call: scores, phase: playing
2026-06-18 18:34:41, tokens_remaining: 1390, call: scores, phase: playing
2026-06-18 18:34:43, tokens_remaining: 1389, call: events, phase: playing
2026-06-18 18:34:44, tokens_remaining: 1388, call: scores, phase: playing
2026-06-18 18:34:45, tokens_remaining: 1387, call: scores, phase: playing
2026-06-18 18:34:47, tokens_remaining: 1386, call: scores, phase: playing
2026-06-18 18:34:48, tokens_remaining: 1385, call: scores, phase: playing
2026-06-18 18:34:49, tokens_remaining: 1384, call: scores, phase: playing
2026-06-18 18:34:50, tokens_remaining: 1383, call: scores, phase: playing
2026-06-18 18:34:52, tokens_remaining: 1382, call: scores, phase: playing
2026-06-18 18:34:53, tokens_remaining: 1381, call: scores, phase: playing
2026-06-18 18:34:54, tokens_remaining: 1380, call: scores, phase: playing
2026-06-18 18:34:56, tokens_remaining: 1379, call: events, phase: playing
2026-06-18 18:34:57, tokens_remaining: 1378, call: scores, phase: playing
2026-06-18 18:34:58, tokens_remaining: 1377, call: scores, phase: playing
2026-06-18 18:34:59, tokens_remaining: 1376, call: scores, phase: playing
2026-06-18 18:35:01, tokens_remaining: 1375, call: scores, phase: playing
2026-06-18 18:35:02, tokens_remaining: 1374, call: scores, phase: playing
2026-06-18 18:35:03, tokens_remaining: 1373, call: scores, phase: playing
2026-06-18 18:35:05, tokens_remaining: 1372, call: scores, phase: playing
2026-06-18 18:35:06, tokens_remaining: 1371, call: scores, phase: playing
2026-06-18 18:35:07, tokens_remaining: 1370, call: scores, phase: playing
2026-06-18 18:35:08, tokens_remaining: 1369, call: events, phase: playing
2026-06-18 18:35:10, tokens_remaining: 1368, call: scores, phase: playing
2026-06-18 18:35:11, tokens_remaining: 1367, call: scores, phase: playing
2026-06-18 18:35:12, tokens_remaining: 1366, call: scores, phase: playing
2026-06-18 18:35:14, tokens_remaining: 1365, call: scores, phase: playing
2026-06-18 18:35:15, tokens_remaining: 1364, call: scores, phase: playing
2026-06-18 18:35:16, tokens_remaining: 1363, call: scores, phase: playing
2026-06-18 18:35:17, tokens_remaining: 1362, call: scores, phase: playing
2026-06-18 18:35:19, tokens_remaining: 1361, call: scores, phase: playing
2026-06-18 18:35:20, tokens_remaining: 1360, call: scores, phase: playing
2026-06-18 18:35:21, tokens_remaining: 1359, call: events, phase: playing
2026-06-18 18:35:22, tokens_remaining: 1358, call: scores, phase: playing
2026-06-18 18:35:24, tokens_remaining: 1357, call: scores, phase: playing
2026-06-18 18:35:25, tokens_remaining: 1356, call: scores, phase: playing
2026-06-18 18:35:26, tokens_remaining: 1355, call: scores, phase: playing
2026-06-18 18:35:27, tokens_remaining: 1354, call: scores, phase: playing
2026-06-18 18:35:29, tokens_remaining: 1353, call: scores, phase: playing
2026-06-18 18:35:30, tokens_remaining: 1352, call: scores, phase: playing
2026-06-18 18:35:31, tokens_remaining: 1351, call: scores, phase: playing
2026-06-18 18:35:32, tokens_remaining: 1350, call: scores, phase: playing
2026-06-18 18:35:34, tokens_remaining: 1349, call: events, phase: playing
2026-06-18 18:35:35, tokens_remaining: 1348, call: scores, phase: playing
2026-06-18 18:35:36, tokens_remaining: 1347, call: scores, phase: playing
2026-06-18 18:35:38, tokens_remaining: 1346, call: scores, phase: playing
2026-06-18 18:35:39, tokens_remaining: 1345, call: scores, phase: playing
2026-06-18 18:35:40, tokens_remaining: 1344, call: scores, phase: playing
2026-06-18 18:35:41, tokens_remaining: 1343, call: scores, phase: playing
2026-06-18 18:35:43, tokens_remaining: 1342, call: scores, phase: playing
2026-06-18 18:35:44, tokens_remaining: 1341, call: scores, phase: playing
2026-06-18 18:35:45, tokens_remaining: 1340, call: scores, phase: playing
2026-06-18 18:35:46, tokens_remaining: 1339, call: events, phase: playing
2026-06-18 18:35:48, tokens_remaining: 1338, call: scores, phase: playing
2026-06-18 18:35:49, tokens_remaining: 1337, call: scores, phase: playing
2026-06-18 18:35:50, tokens_remaining: 1336, call: scores, phase: playing
2026-06-18 18:35:51, tokens_remaining: 1335, call: scores, phase: playing
2026-06-18 18:35:53, tokens_remaining: 1334, call: scores, phase: playing
2026-06-18 18:35:54, tokens_remaining: 1333, call: scores, phase: playing
2026-06-18 18:35:55, tokens_remaining: 1332, call: scores, phase: playing
2026-06-18 18:35:56, tokens_remaining: 1331, call: scores, phase: playing
2026-06-18 18:35:58, tokens_remaining: 1330, call: scores, phase: playing
2026-06-18 18:35:59, tokens_remaining: 1329, call: events, phase: playing
2026-06-18 18:36:00, tokens_remaining: 1328, call: scores, phase: playing
2026-06-18 18:36:02, tokens_remaining: 1327, call: scores, phase: playing
2026-06-18 18:36:03, tokens_remaining: 1326, call: scores, phase: playing
2026-06-18 18:36:04, tokens_remaining: 1325, call: scores, phase: playing
2026-06-18 18:36:05, tokens_remaining: 1324, call: scores, phase: playing
2026-06-18 18:36:07, tokens_remaining: 1323, call: scores, phase: playing
2026-06-18 18:36:08, tokens_remaining: 1322, call: scores, phase: playing
2026-06-18 18:36:09, tokens_remaining: 1321, call: scores, phase: playing
2026-06-18 18:36:10, tokens_remaining: 1320, call: scores, phase: playing
2026-06-18 18:36:12, tokens_remaining: 1319, call: events, phase: playing
2026-06-18 18:36:13, tokens_remaining: 1318, call: scores, phase: playing
2026-06-18 18:36:14, tokens_remaining: 1317, call: scores, phase: playing
2026-06-18 18:36:15, tokens_remaining: 1316, call: scores, phase: playing
2026-06-18 18:36:17, tokens_remaining: 1315, call: scores, phase: playing
2026-06-18 18:36:18, tokens_remaining: 1314, call: scores, phase: playing
2026-06-18 18:36:19, tokens_remaining: 1313, call: scores, phase: playing
2026-06-18 18:36:20, tokens_remaining: 1312, call: scores, phase: playing
2026-06-18 18:36:22, tokens_remaining: 1311, call: scores, phase: playing
2026-06-18 18:36:23, tokens_remaining: 1310, call: scores, phase: playing
2026-06-18 18:36:24, tokens_remaining: 1309, call: events, phase: playing
2026-06-18 18:36:25, tokens_remaining: 1308, call: scores, phase: playing
2026-06-18 18:36:27, tokens_remaining: 1307, call: scores, phase: playing
2026-06-18 18:36:28, tokens_remaining: 1306, call: scores, phase: playing
2026-06-18 18:36:29, tokens_remaining: 1305, call: scores, phase: playing
2026-06-18 18:36:30, tokens_remaining: 1304, call: scores, phase: playing
2026-06-18 18:36:32, tokens_remaining: 1303, call: scores, phase: playing
2026-06-18 18:36:33, tokens_remaining: 1302, call: scores, phase: playing
2026-06-18 18:36:34, tokens_remaining: 1301, call: scores, phase: playing
2026-06-18 18:36:35, tokens_remaining: 1300, call: scores, phase: playing
2026-06-18 18:36:37, tokens_remaining: 1299, call: events, phase: playing
2026-06-18 18:36:38, tokens_remaining: 1298, call: scores, phase: playing
2026-06-18 18:36:39, tokens_remaining: 1297, call: scores, phase: playing
2026-06-18 18:36:39, GOAL: Canada (Canada 5-0 Qatar)
2026-06-18 18:36:41, tokens_remaining: 1296, call: scores, phase: playing
2026-06-18 18:36:42, tokens_remaining: 1295, call: scores, phase: playing
2026-06-18 18:36:43, tokens_remaining: 1295, call: scores, phase: playing
2026-06-18 18:36:44, tokens_remaining: 1294, call: scores, phase: playing
2026-06-18 18:36:45, tokens_remaining: 1293, call: scores, phase: playing
2026-06-18 18:36:46, tokens_remaining: 1293, call: scores, phase: playing
2026-06-18 18:36:47, tokens_remaining: 1292, call: scores, phase: playing
2026-06-18 18:36:49, tokens_remaining: 1291, call: events, phase: playing
2026-06-18 18:36:50, tokens_remaining: 1290, call: scores, phase: playing
2026-06-18 18:36:51, tokens_remaining: 1289, call: scores, phase: playing
2026-06-18 18:36:53, tokens_remaining: 1288, call: scores, phase: playing
2026-06-18 18:36:54, tokens_remaining: 1288, call: scores, phase: playing
2026-06-18 18:36:55, tokens_remaining: 1287, call: scores, phase: playing
2026-06-18 18:36:56, tokens_remaining: 1286, call: scores, phase: playing
2026-06-18 18:36:57, tokens_remaining: 1286, call: scores, phase: playing
2026-06-18 18:36:58, tokens_remaining: 1285, call: scores, phase: playing
2026-06-18 18:37:00, tokens_remaining: 1284, call: scores, phase: playing
2026-06-18 18:37:01, tokens_remaining: 1283, call: events, phase: playing
2026-06-18 18:37:01, EVENT: GOAL 75' <TBD> (5-0) [Canada vs Qatar]
2026-06-18 18:37:02, tokens_remaining: 1282, call: scores, phase: playing
2026-06-18 18:37:03, tokens_remaining: 1281, call: scores, phase: playing
2026-06-18 18:37:04, tokens_remaining: 1281, call: scores, phase: playing
2026-06-18 18:37:06, tokens_remaining: 1280, call: scores, phase: playing
2026-06-18 18:37:07, tokens_remaining: 1279, call: scores, phase: playing
2026-06-18 18:37:08, tokens_remaining: 1278, call: scores, phase: playing
2026-06-18 18:37:09, tokens_remaining: 1278, call: scores, phase: playing
2026-06-18 18:37:10, tokens_remaining: 1277, call: scores, phase: playing
2026-06-18 18:37:11, tokens_remaining: 1276, call: scores, phase: playing
2026-06-18 18:37:13, tokens_remaining: 1275, call: events, phase: playing
2026-06-18 18:37:14, tokens_remaining: 1274, call: scores, phase: playing
2026-06-18 18:37:15, tokens_remaining: 1274, call: scores, phase: playing
2026-06-18 18:37:16, tokens_remaining: 1273, call: scores, phase: playing
2026-06-18 18:37:17, tokens_remaining: 1273, call: scores, phase: playing
2026-06-18 18:37:18, tokens_remaining: 1272, call: scores, phase: playing
2026-06-18 18:37:20, tokens_remaining: 1271, call: scores, phase: playing
2026-06-18 18:37:21, tokens_remaining: 1270, call: scores, phase: playing
2026-06-18 18:37:22, tokens_remaining: 1270, call: scores, phase: playing
2026-06-18 18:37:23, tokens_remaining: 1269, call: scores, phase: playing
2026-06-18 18:37:25, tokens_remaining: 1268, call: events, phase: playing
2026-06-18 18:37:26, tokens_remaining: 1267, call: scores, phase: playing
2026-06-18 18:37:27, tokens_remaining: 1267, call: scores, phase: playing
2026-06-18 18:37:28, tokens_remaining: 1266, call: scores, phase: playing
2026-06-18 18:37:29, tokens_remaining: 1266, call: scores, phase: playing
2026-06-18 18:37:30, tokens_remaining: 1265, call: scores, phase: playing
2026-06-18 18:37:31, tokens_remaining: 1265, call: scores, phase: playing
2026-06-18 18:37:32, tokens_remaining: 1264, call: scores, phase: playing
2026-06-18 18:37:33, tokens_remaining: 1264, call: scores, phase: playing
2026-06-18 18:37:35, tokens_remaining: 1263, call: scores, phase: playing
2026-06-18 18:37:36, tokens_remaining: 1262, call: events, phase: playing
2026-06-18 18:37:37, tokens_remaining: 1261, call: scores, phase: playing
2026-06-18 18:37:38, tokens_remaining: 1261, call: scores, phase: playing
2026-06-18 18:37:39, tokens_remaining: 1260, call: scores, phase: playing
2026-06-18 18:37:40, tokens_remaining: 1260, call: scores, phase: playing
2026-06-18 18:37:41, tokens_remaining: 1259, call: scores, phase: playing
2026-06-18 18:37:42, tokens_remaining: 1259, call: scores, phase: playing
2026-06-18 18:37:44, tokens_remaining: 1258, call: scores, phase: playing
2026-06-18 18:37:45, tokens_remaining: 1258, call: scores, phase: playing
2026-06-18 18:37:46, tokens_remaining: 1257, call: scores, phase: playing
2026-06-18 18:37:47, tokens_remaining: 1256, call: events, phase: playing
2026-06-18 18:37:48, tokens_remaining: 1255, call: scores, phase: playing
2026-06-18 18:37:49, tokens_remaining: 1255, call: scores, phase: playing
2026-06-18 18:37:51, tokens_remaining: 1254, call: scores, phase: playing
2026-06-18 18:37:52, tokens_remaining: 1254, call: scores, phase: playing
2026-06-18 18:37:53, tokens_remaining: 1253, call: scores, phase: playing
2026-06-18 18:37:54, tokens_remaining: 1253, call: scores, phase: playing
2026-06-18 18:37:55, tokens_remaining: 1252, call: scores, phase: playing
2026-06-18 18:37:56, tokens_remaining: 1251, call: scores, phase: playing
2026-06-18 18:37:57, tokens_remaining: 1251, call: scores, phase: playing
2026-06-18 18:37:58, tokens_remaining: 1250, call: events, phase: playing
2026-06-18 18:38:00, tokens_remaining: 1249, call: scores, phase: playing
2026-06-18 18:38:01, tokens_remaining: 1249, call: scores, phase: playing
2026-06-18 18:38:02, tokens_remaining: 1248, call: scores, phase: playing
2026-06-18 18:38:03, tokens_remaining: 1248, call: scores, phase: playing
2026-06-18 18:38:04, tokens_remaining: 1247, call: scores, phase: playing
2026-06-18 18:38:05, tokens_remaining: 1247, call: scores, phase: playing
2026-06-18 18:38:06, tokens_remaining: 1246, call: scores, phase: playing
2026-06-18 18:38:07, tokens_remaining: 1246, call: scores, phase: playing
2026-06-18 18:38:08, tokens_remaining: 1245, call: scores, phase: playing
2026-06-18 18:38:10, tokens_remaining: 1244, call: events, phase: playing
2026-06-18 18:38:11, tokens_remaining: 1243, call: scores, phase: playing
2026-06-18 18:38:12, tokens_remaining: 1243, call: scores, phase: playing
2026-06-18 18:38:13, tokens_remaining: 1242, call: scores, phase: playing
2026-06-18 18:38:14, tokens_remaining: 1242, call: scores, phase: playing
2026-06-18 18:38:15, tokens_remaining: 1241, call: scores, phase: playing
2026-06-18 18:38:16, tokens_remaining: 1241, call: scores, phase: playing
2026-06-18 18:38:17, tokens_remaining: 1240, call: scores, phase: playing
2026-06-18 18:38:18, tokens_remaining: 1240, call: scores, phase: playing
2026-06-18 18:38:20, tokens_remaining: 1239, call: scores, phase: playing
2026-06-18 18:38:21, tokens_remaining: 1238, call: events, phase: playing
2026-06-18 18:38:22, tokens_remaining: 1237, call: scores, phase: playing
2026-06-18 18:38:23, tokens_remaining: 1237, call: scores, phase: playing
2026-06-18 18:38:24, tokens_remaining: 1236, call: scores, phase: playing
2026-06-18 18:38:25, tokens_remaining: 1236, call: scores, phase: playing
2026-06-18 18:38:26, tokens_remaining: 1235, call: scores, phase: playing
2026-06-18 18:38:27, tokens_remaining: 1235, call: scores, phase: playing
2026-06-18 18:38:29, tokens_remaining: 1234, call: scores, phase: playing
2026-06-18 18:38:30, tokens_remaining: 1234, call: scores, phase: playing
2026-06-18 18:38:31, tokens_remaining: 1233, call: scores, phase: playing
2026-06-18 18:38:32, tokens_remaining: 1232, call: events, phase: playing
2026-06-18 18:38:33, tokens_remaining: 1231, call: scores, phase: playing
2026-06-18 18:38:34, tokens_remaining: 1231, call: scores, phase: playing
2026-06-18 18:38:35, tokens_remaining: 1230, call: scores, phase: playing
2026-06-18 18:38:36, tokens_remaining: 1230, call: scores, phase: playing
2026-06-18 18:38:38, tokens_remaining: 1229, call: scores, phase: playing
2026-06-18 18:38:38, tokens_remaining: 1229, call: scores, phase: playing
2026-06-18 18:38:40, tokens_remaining: 1228, call: scores, phase: playing
2026-06-18 18:38:41, tokens_remaining: 1228, call: scores, phase: playing
2026-06-18 18:38:42, tokens_remaining: 1227, call: scores, phase: playing
2026-06-18 18:38:43, tokens_remaining: 1226, call: events, phase: playing
2026-06-18 18:38:44, tokens_remaining: 1225, call: scores, phase: playing
2026-06-18 18:38:45, tokens_remaining: 1225, call: scores, phase: playing
2026-06-18 18:38:47, tokens_remaining: 1224, call: scores, phase: playing
2026-06-18 18:38:47, tokens_remaining: 1224, call: scores, phase: playing
2026-06-18 18:38:49, tokens_remaining: 1223, call: scores, phase: playing
2026-06-18 18:38:50, tokens_remaining: 1223, call: scores, phase: playing
2026-06-18 18:38:51, tokens_remaining: 1222, call: scores, phase: playing
2026-06-18 18:38:52, tokens_remaining: 1222, call: scores, phase: playing
2026-06-18 18:38:53, tokens_remaining: 1221, call: scores, phase: playing
2026-06-18 18:38:54, tokens_remaining: 1220, call: events, phase: playing
2026-06-18 18:38:55, tokens_remaining: 1219, call: scores, phase: playing
2026-06-18 18:38:56, tokens_remaining: 1219, call: scores, phase: playing
2026-06-18 18:38:57, tokens_remaining: 1218, call: scores, phase: playing
2026-06-18 18:38:58, tokens_remaining: 1218, call: scores, phase: playing
2026-06-18 18:39:00, tokens_remaining: 1217, call: scores, phase: playing
2026-06-18 18:39:01, tokens_remaining: 1217, call: scores, phase: playing
2026-06-18 18:39:02, tokens_remaining: 1216, call: scores, phase: playing
2026-06-18 18:39:03, tokens_remaining: 1216, call: scores, phase: playing
2026-06-18 18:39:04, tokens_remaining: 1215, call: scores, phase: playing
2026-06-18 18:39:05, tokens_remaining: 1214, call: events, phase: playing
2026-06-18 18:39:06, tokens_remaining: 1213, call: scores, phase: playing
2026-06-18 18:39:07, tokens_remaining: 1213, call: scores, phase: playing
2026-06-18 18:39:08, tokens_remaining: 1212, call: scores, phase: playing
2026-06-18 18:39:09, tokens_remaining: 1212, call: scores, phase: playing
2026-06-18 18:39:11, tokens_remaining: 1211, call: scores, phase: playing
2026-06-18 18:39:12, tokens_remaining: 1211, call: scores, phase: playing
2026-06-18 18:39:13, tokens_remaining: 1210, call: scores, phase: playing
2026-06-18 18:39:14, tokens_remaining: 1210, call: scores, phase: playing
2026-06-18 18:39:15, tokens_remaining: 1209, call: scores, phase: playing
2026-06-18 18:39:16, tokens_remaining: 1208, call: events, phase: playing
2026-06-18 18:39:17, tokens_remaining: 1207, call: scores, phase: playing
2026-06-18 18:39:18, tokens_remaining: 1207, call: scores, phase: playing
2026-06-18 18:39:19, tokens_remaining: 1206, call: scores, phase: playing
2026-06-18 18:39:20, tokens_remaining: 1206, call: scores, phase: playing
2026-06-18 18:39:21, tokens_remaining: 1205, call: scores, phase: playing
2026-06-18 18:39:22, tokens_remaining: 1205, call: scores, phase: playing
2026-06-18 18:39:24, tokens_remaining: 1204, call: scores, phase: playing
2026-06-18 18:39:25, tokens_remaining: 1204, call: scores, phase: playing
2026-06-18 18:39:26, tokens_remaining: 1203, call: scores, phase: playing
2026-06-18 18:39:27, tokens_remaining: 1202, call: events, phase: playing
2026-06-18 18:39:28, tokens_remaining: 1201, call: scores, phase: playing
2026-06-18 18:39:29, tokens_remaining: 1201, call: scores, phase: playing
2026-06-18 18:39:30, tokens_remaining: 1200, call: scores, phase: playing
2026-06-18 18:39:33, tokens_remaining: 1199, call: scores, phase: playing
2026-06-18 18:39:34, tokens_remaining: 1198, call: scores, phase: playing
2026-06-18 18:39:35, tokens_remaining: 1198, call: scores, phase: playing
2026-06-18 18:39:36, tokens_remaining: 1197, call: scores, phase: playing
2026-06-18 18:39:37, tokens_remaining: 1197, call: scores, phase: playing
2026-06-18 18:39:39, tokens_remaining: 1196, call: scores, phase: playing
2026-06-18 18:39:40, tokens_remaining: 1195, call: events, phase: playing
2026-06-18 18:39:41, tokens_remaining: 1194, call: scores, phase: playing
2026-06-18 18:39:42, tokens_remaining: 1194, call: scores, phase: playing
2026-06-18 18:39:43, tokens_remaining: 1193, call: scores, phase: playing
2026-06-18 18:39:44, tokens_remaining: 1193, call: scores, phase: playing
2026-06-18 18:39:45, tokens_remaining: 1192, call: scores, phase: playing
2026-06-18 18:39:46, tokens_remaining: 1192, call: scores, phase: playing
2026-06-18 18:39:47, tokens_remaining: 1191, call: scores, phase: playing
2026-06-18 18:39:48, tokens_remaining: 1191, call: scores, phase: playing
2026-06-18 18:39:49, tokens_remaining: 1190, call: scores, phase: playing
2026-06-18 18:39:51, tokens_remaining: 1189, call: events, phase: playing
2026-06-18 18:39:52, tokens_remaining: 1188, call: scores, phase: playing
2026-06-18 18:39:53, tokens_remaining: 1188, call: scores, phase: playing
2026-06-18 18:39:54, tokens_remaining: 1187, call: scores, phase: playing
2026-06-18 18:39:55, tokens_remaining: 1187, call: scores, phase: playing
2026-06-18 18:39:56, tokens_remaining: 1186, call: scores, phase: playing
2026-06-18 18:39:57, tokens_remaining: 1186, call: scores, phase: playing
2026-06-18 18:39:58, tokens_remaining: 1185, call: scores, phase: playing
2026-06-18 18:39:59, tokens_remaining: 1185, call: scores, phase: playing
2026-06-18 18:40:00, tokens_remaining: 1184, call: scores, phase: playing
2026-06-18 18:40:01, tokens_remaining: 1183, call: events, phase: playing
2026-06-18 18:40:03, tokens_remaining: 1182, call: scores, phase: playing
2026-06-18 18:40:04, tokens_remaining: 1182, call: scores, phase: playing
2026-06-18 18:40:05, tokens_remaining: 1181, call: scores, phase: playing
2026-06-18 18:40:06, tokens_remaining: 1181, call: scores, phase: playing
2026-06-18 18:40:07, tokens_remaining: 1180, call: scores, phase: playing
2026-06-18 18:40:08, tokens_remaining: 1180, call: scores, phase: playing
2026-06-18 18:40:09, tokens_remaining: 1179, call: scores, phase: playing
2026-06-18 18:40:10, tokens_remaining: 1179, call: scores, phase: playing
2026-06-18 18:40:11, tokens_remaining: 1178, call: scores, phase: playing
2026-06-18 18:40:12, tokens_remaining: 1177, call: events, phase: playing
2026-06-18 18:40:13, tokens_remaining: 1176, call: scores, phase: playing
2026-06-18 18:40:14, tokens_remaining: 1176, call: scores, phase: playing
2026-06-18 18:40:15, tokens_remaining: 1175, call: scores, phase: playing
2026-06-18 18:40:16, tokens_remaining: 1175, call: scores, phase: playing
2026-06-18 18:40:17, tokens_remaining: 1174, call: scores, phase: playing
2026-06-18 18:40:18, tokens_remaining: 1174, call: scores, phase: playing
2026-06-18 18:40:19, tokens_remaining: 1173, call: scores, phase: playing
2026-06-18 18:40:20, tokens_remaining: 1173, call: scores, phase: playing
2026-06-18 18:40:22, tokens_remaining: 1172, call: scores, phase: playing
2026-06-18 18:40:23, tokens_remaining: 1171, call: events, phase: playing
2026-06-18 18:40:24, tokens_remaining: 1170, call: scores, phase: playing
2026-06-18 18:40:25, tokens_remaining: 1170, call: scores, phase: playing
2026-06-18 18:40:26, tokens_remaining: 1169, call: scores, phase: playing
2026-06-18 18:40:27, tokens_remaining: 1169, call: scores, phase: playing
2026-06-18 18:40:28, tokens_remaining: 1168, call: scores, phase: playing
2026-06-18 18:40:29, tokens_remaining: 1168, call: scores, phase: playing
2026-06-18 18:40:30, tokens_remaining: 1167, call: scores, phase: playing
2026-06-18 18:40:31, tokens_remaining: 1167, call: scores, phase: playing
2026-06-18 18:40:32, tokens_remaining: 1166, call: scores, phase: playing
2026-06-18 18:40:33, tokens_remaining: 1165, call: events, phase: playing
2026-06-18 18:40:35, tokens_remaining: 1164, call: scores, phase: playing
2026-06-18 18:40:35, tokens_remaining: 1164, call: scores, phase: playing
2026-06-18 18:40:37, tokens_remaining: 1163, call: scores, phase: playing
2026-06-18 18:40:38, tokens_remaining: 1163, call: scores, phase: playing
2026-06-18 18:40:39, tokens_remaining: 1162, call: scores, phase: playing
2026-06-18 18:40:40, tokens_remaining: 1162, call: scores, phase: playing
2026-06-18 18:40:41, tokens_remaining: 1161, call: scores, phase: playing
2026-06-18 18:40:42, tokens_remaining: 1161, call: scores, phase: playing
2026-06-18 18:40:43, tokens_remaining: 1160, call: scores, phase: playing
2026-06-18 18:40:44, tokens_remaining: 1159, call: events, phase: playing
2026-06-18 18:40:45, tokens_remaining: 1158, call: scores, phase: playing
2026-06-18 18:40:46, tokens_remaining: 1158, call: scores, phase: playing
2026-06-18 18:40:47, tokens_remaining: 1157, call: scores, phase: playing
2026-06-18 18:40:48, tokens_remaining: 1157, call: scores, phase: playing
2026-06-18 18:40:49, tokens_remaining: 1156, call: scores, phase: playing
2026-06-18 18:40:50, tokens_remaining: 1156, call: scores, phase: playing
2026-06-18 18:40:51, tokens_remaining: 1155, call: scores, phase: playing
2026-06-18 18:40:52, tokens_remaining: 1155, call: scores, phase: playing
2026-06-18 18:40:53, tokens_remaining: 1154, call: scores, phase: playing
2026-06-18 18:40:54, tokens_remaining: 1153, call: events, phase: playing
2026-06-18 18:40:56, tokens_remaining: 1152, call: scores, phase: playing
2026-06-18 18:40:57, tokens_remaining: 1152, call: scores, phase: playing
2026-06-18 18:40:58, tokens_remaining: 1151, call: scores, phase: playing
2026-06-18 18:40:59, tokens_remaining: 1151, call: scores, phase: playing
2026-06-18 18:41:00, tokens_remaining: 1150, call: scores, phase: playing
2026-06-18 18:41:01, tokens_remaining: 1150, call: scores, phase: playing
2026-06-18 18:41:02, tokens_remaining: 1149, call: scores, phase: playing
2026-06-18 18:41:03, tokens_remaining: 1149, call: scores, phase: playing
2026-06-18 18:41:04, tokens_remaining: 1148, call: scores, phase: playing
2026-06-18 18:41:05, tokens_remaining: 1147, call: events, phase: playing
2026-06-18 18:41:06, tokens_remaining: 1146, call: scores, phase: playing
2026-06-18 18:41:07, tokens_remaining: 1146, call: scores, phase: playing
2026-06-18 18:41:08, tokens_remaining: 1145, call: scores, phase: playing
2026-06-18 18:41:09, tokens_remaining: 1145, call: scores, phase: playing
2026-06-18 18:41:10, tokens_remaining: 1144, call: scores, phase: playing
2026-06-18 18:41:11, tokens_remaining: 1144, call: scores, phase: playing
2026-06-18 18:41:12, tokens_remaining: 1143, call: scores, phase: playing
2026-06-18 18:41:13, tokens_remaining: 1143, call: scores, phase: playing
2026-06-18 18:41:14, tokens_remaining: 1142, call: scores, phase: playing
2026-06-18 18:41:16, tokens_remaining: 1141, call: events, phase: playing
2026-06-18 18:41:17, tokens_remaining: 1140, call: scores, phase: playing
2026-06-18 18:41:18, tokens_remaining: 1140, call: scores, phase: playing
2026-06-18 18:41:19, tokens_remaining: 1139, call: scores, phase: playing
2026-06-18 18:41:20, tokens_remaining: 1139, call: scores, phase: playing
2026-06-18 18:41:21, tokens_remaining: 1138, call: scores, phase: playing
2026-06-18 18:41:22, tokens_remaining: 1138, call: scores, phase: playing
2026-06-18 18:41:23, tokens_remaining: 1137, call: scores, phase: playing
2026-06-18 18:41:24, tokens_remaining: 1137, call: scores, phase: playing
2026-06-18 18:41:25, tokens_remaining: 1136, call: scores, phase: playing
2026-06-18 18:41:26, tokens_remaining: 1135, call: events, phase: playing
2026-06-18 18:41:27, tokens_remaining: 1134, call: scores, phase: playing
2026-06-18 18:41:28, tokens_remaining: 1134, call: scores, phase: playing
2026-06-18 18:41:29, tokens_remaining: 1133, call: scores, phase: playing
2026-06-18 18:41:31, tokens_remaining: 1133, call: scores, phase: playing
2026-06-18 18:41:32, tokens_remaining: 1132, call: scores, phase: playing
2026-06-18 18:41:33, tokens_remaining: 1132, call: scores, phase: playing
2026-06-18 18:41:34, tokens_remaining: 1131, call: scores, phase: playing
2026-06-18 18:41:35, tokens_remaining: 1131, call: scores, phase: playing
2026-06-18 18:41:36, tokens_remaining: 1130, call: scores, phase: playing
2026-06-18 18:41:37, tokens_remaining: 1129, call: events, phase: playing
2026-06-18 18:41:38, tokens_remaining: 1128, call: scores, phase: playing
2026-06-18 18:41:39, tokens_remaining: 1128, call: scores, phase: playing
2026-06-18 18:41:40, tokens_remaining: 1127, call: scores, phase: playing
2026-06-18 18:41:45, tokens_remaining: 1126, call: scores, phase: playing
2026-06-18 18:41:46, tokens_remaining: 1125, call: scores, phase: playing
2026-06-18 18:41:47, tokens_remaining: 1125, call: scores, phase: playing
2026-06-18 18:41:48, tokens_remaining: 1124, call: scores, phase: playing
2026-06-18 18:41:50, tokens_remaining: 1123, call: scores, phase: playing
2026-06-18 18:41:53, tokens_remaining: 1122, call: scores, phase: playing
2026-06-18 18:41:55, tokens_remaining: 1121, call: events, phase: playing
2026-06-18 18:41:56, tokens_remaining: 1120, call: scores, phase: playing
2026-06-18 18:41:58, tokens_remaining: 1119, call: scores, phase: playing
2026-06-18 18:41:59, tokens_remaining: 1119, call: scores, phase: playing
2026-06-18 18:42:00, tokens_remaining: 1118, call: scores, phase: playing
2026-06-18 18:42:01, tokens_remaining: 1118, call: scores, phase: playing
2026-06-18 18:42:02, tokens_remaining: 1117, call: scores, phase: playing
2026-06-18 18:42:03, tokens_remaining: 1116, call: scores, phase: playing
2026-06-18 18:42:04, tokens_remaining: 1116, call: scores, phase: playing
2026-06-18 18:42:05, tokens_remaining: 1115, call: scores, phase: playing
2026-06-18 18:42:06, tokens_remaining: 1114, call: events, phase: playing
2026-06-18 18:42:08, tokens_remaining: 1113, call: scores, phase: playing
2026-06-18 18:42:08, tokens_remaining: 1113, call: scores, phase: playing
2026-06-18 18:42:09, tokens_remaining: 1112, call: scores, phase: playing
2026-06-18 18:42:11, tokens_remaining: 1111, call: scores, phase: playing
2026-06-18 18:42:12, tokens_remaining: 1111, call: scores, phase: playing
2026-06-18 18:42:13, tokens_remaining: 1110, call: scores, phase: playing
2026-06-18 18:42:14, tokens_remaining: 1110, call: scores, phase: playing
2026-06-18 18:42:15, tokens_remaining: 1109, call: scores, phase: playing
2026-06-18 18:42:16, tokens_remaining: 1109, call: scores, phase: playing
2026-06-18 18:42:17, tokens_remaining: 1108, call: events, phase: playing
2026-06-18 18:42:18, tokens_remaining: 1107, call: scores, phase: playing
2026-06-18 18:42:19, tokens_remaining: 1107, call: scores, phase: playing
2026-06-18 18:42:20, tokens_remaining: 1106, call: scores, phase: playing
2026-06-18 18:42:21, tokens_remaining: 1106, call: scores, phase: playing
2026-06-18 18:42:22, tokens_remaining: 1105, call: scores, phase: playing
2026-06-18 18:42:23, tokens_remaining: 1105, call: scores, phase: playing
2026-06-18 18:42:24, tokens_remaining: 1104, call: scores, phase: playing
2026-06-18 18:42:25, tokens_remaining: 1104, call: scores, phase: playing
2026-06-18 18:42:26, tokens_remaining: 1103, call: scores, phase: playing
2026-06-18 18:42:27, tokens_remaining: 1102, call: events, phase: playing
2026-06-18 18:42:28, tokens_remaining: 1101, call: scores, phase: playing
2026-06-18 18:42:31, tokens_remaining: 1100, call: scores, phase: playing
2026-06-18 18:42:32, tokens_remaining: 1100, call: scores, phase: playing
2026-06-18 18:42:33, tokens_remaining: 1099, call: scores, phase: playing
2026-06-18 18:42:34, tokens_remaining: 1099, call: scores, phase: playing
2026-06-18 18:42:36, tokens_remaining: 1098, call: scores, phase: playing
2026-06-18 18:42:37, tokens_remaining: 1098, call: scores, phase: playing
2026-06-18 18:42:38, tokens_remaining: 1097, call: scores, phase: playing
2026-06-18 18:42:39, tokens_remaining: 1097, call: scores, phase: playing
2026-06-18 18:42:40, tokens_remaining: 1096, call: events, phase: playing
2026-06-18 18:42:41, tokens_remaining: 1095, call: scores, phase: playing
2026-06-18 18:42:42, tokens_remaining: 1094, call: scores, phase: playing
2026-06-18 18:42:43, tokens_remaining: 1094, call: scores, phase: playing
2026-06-18 18:42:45, tokens_remaining: 1093, call: scores, phase: playing
2026-06-18 18:42:46, tokens_remaining: 1092, call: scores, phase: playing
2026-06-18 18:42:47, tokens_remaining: 1092, call: scores, phase: playing
2026-06-18 18:42:48, tokens_remaining: 1091, call: scores, phase: playing
2026-06-18 18:42:49, tokens_remaining: 1091, call: scores, phase: playing
2026-06-18 18:42:50, tokens_remaining: 1090, call: scores, phase: playing
2026-06-18 18:42:52, tokens_remaining: 1089, call: events, phase: playing
2026-06-18 18:42:53, tokens_remaining: 1088, call: scores, phase: playing
2026-06-18 18:42:54, tokens_remaining: 1087, call: scores, phase: playing
2026-06-18 18:42:55, tokens_remaining: 1087, call: scores, phase: playing
2026-06-18 18:42:56, tokens_remaining: 1086, call: scores, phase: playing
2026-06-18 18:42:57, tokens_remaining: 1086, call: scores, phase: playing
2026-06-18 18:42:58, tokens_remaining: 1085, call: scores, phase: playing
2026-06-18 18:42:59, tokens_remaining: 1085, call: scores, phase: playing
2026-06-18 18:43:00, tokens_remaining: 1084, call: scores, phase: playing
2026-06-18 18:43:01, tokens_remaining: 1083, call: scores, phase: playing
2026-06-18 18:43:02, tokens_remaining: 1082, call: events, phase: playing
2026-06-18 18:43:04, tokens_remaining: 1081, call: scores, phase: playing
2026-06-18 18:43:05, tokens_remaining: 1080, call: scores, phase: playing
2026-06-18 18:43:06, tokens_remaining: 1080, call: scores, phase: playing
2026-06-18 18:43:08, tokens_remaining: 1079, call: scores, phase: playing
2026-06-18 18:43:09, tokens_remaining: 1079, call: scores, phase: playing
2026-06-18 18:43:11, tokens_remaining: 1078, call: scores, phase: playing
2026-06-18 18:43:11, tokens_remaining: 1078, call: scores, phase: playing
2026-06-18 18:43:13, tokens_remaining: 1077, call: scores, phase: playing
2026-06-18 18:43:13, tokens_remaining: 1077, call: scores, phase: playing
2026-06-18 18:43:15, tokens_remaining: 1076, call: events, phase: playing
2026-06-18 18:43:16, tokens_remaining: 1075, call: scores, phase: playing
2026-06-18 18:43:16, tokens_remaining: 1075, call: scores, phase: playing
2026-06-18 18:43:17, tokens_remaining: 1074, call: scores, phase: playing
2026-06-18 18:43:18, tokens_remaining: 1074, call: scores, phase: playing
2026-06-18 18:43:19, tokens_remaining: 1073, call: scores, phase: playing
2026-06-18 18:43:20, tokens_remaining: 1073, call: scores, phase: playing
2026-06-18 18:43:21, tokens_remaining: 1072, call: scores, phase: playing
2026-06-18 18:43:22, tokens_remaining: 1072, call: scores, phase: playing
2026-06-18 18:43:23, tokens_remaining: 1071, call: scores, phase: playing
2026-06-18 18:43:24, tokens_remaining: 1070, call: events, phase: playing
2026-06-18 18:43:25, tokens_remaining: 1069, call: scores, phase: playing
2026-06-18 18:43:26, tokens_remaining: 1069, call: scores, phase: playing
2026-06-18 18:43:27, tokens_remaining: 1068, call: scores, phase: playing
2026-06-18 18:43:28, tokens_remaining: 1068, call: scores, phase: playing
2026-06-18 18:43:29, tokens_remaining: 1067, call: scores, phase: playing
2026-06-18 18:43:30, tokens_remaining: 1067, call: scores, phase: playing
2026-06-18 18:43:31, tokens_remaining: 1066, call: scores, phase: playing
2026-06-18 18:43:32, tokens_remaining: 1066, call: scores, phase: playing
2026-06-18 18:43:33, tokens_remaining: 1065, call: scores, phase: playing
2026-06-18 18:43:34, tokens_remaining: 1064, call: events, phase: playing
2026-06-18 18:43:35, tokens_remaining: 1063, call: scores, phase: playing
2026-06-18 18:43:36, tokens_remaining: 1063, call: scores, phase: playing
2026-06-18 18:43:37, tokens_remaining: 1062, call: scores, phase: playing
2026-06-18 18:43:38, tokens_remaining: 1062, call: scores, phase: playing
2026-06-18 18:43:39, tokens_remaining: 1061, call: scores, phase: playing
2026-06-18 18:43:40, tokens_remaining: 1061, call: scores, phase: playing
2026-06-18 18:43:41, tokens_remaining: 1060, call: scores, phase: playing
2026-06-18 18:43:41, tokens_remaining: 1060, call: scores, phase: playing
2026-06-18 18:43:43, tokens_remaining: 1059, call: scores, phase: playing
2026-06-18 18:43:44, tokens_remaining: 1058, call: events, phase: playing
2026-06-18 18:43:45, tokens_remaining: 1057, call: scores, phase: playing
2026-06-18 18:43:46, tokens_remaining: 1057, call: scores, phase: playing
2026-06-18 18:43:47, tokens_remaining: 1056, call: scores, phase: playing
2026-06-18 18:43:47, tokens_remaining: 1056, call: scores, phase: playing
2026-06-18 18:43:48, tokens_remaining: 1055, call: scores, phase: playing
2026-06-18 18:43:49, tokens_remaining: 1055, call: scores, phase: playing
2026-06-18 18:43:50, tokens_remaining: 1054, call: scores, phase: playing
2026-06-18 18:43:51, tokens_remaining: 1054, call: scores, phase: playing
2026-06-18 18:43:52, tokens_remaining: 1053, call: scores, phase: playing
2026-06-18 18:43:53, tokens_remaining: 1052, call: events, phase: playing
2026-06-18 18:43:54, tokens_remaining: 1051, call: scores, phase: playing
2026-06-18 18:43:55, tokens_remaining: 1051, call: scores, phase: playing
2026-06-18 18:43:56, tokens_remaining: 1050, call: scores, phase: playing
2026-06-18 18:43:57, tokens_remaining: 1050, call: scores, phase: playing
2026-06-18 18:43:58, tokens_remaining: 1049, call: scores, phase: playing
2026-06-18 18:43:59, tokens_remaining: 1049, call: scores, phase: playing
2026-06-18 18:44:00, tokens_remaining: 1048, call: scores, phase: playing
2026-06-18 18:44:01, tokens_remaining: 1048, call: scores, phase: playing
2026-06-18 18:44:02, tokens_remaining: 1047, call: scores, phase: playing
2026-06-18 18:44:03, tokens_remaining: 1046, call: events, phase: playing
2026-06-18 18:44:04, tokens_remaining: 1045, call: scores, phase: playing
2026-06-18 18:44:05, tokens_remaining: 1045, call: scores, phase: playing
2026-06-18 18:44:06, tokens_remaining: 1044, call: scores, phase: playing
2026-06-18 18:44:07, tokens_remaining: 1044, call: scores, phase: playing
2026-06-18 18:44:08, tokens_remaining: 1043, call: scores, phase: playing
2026-06-18 18:44:08, tokens_remaining: 1043, call: scores, phase: playing
2026-06-18 18:44:10, tokens_remaining: 1042, call: scores, phase: playing
2026-06-18 18:44:11, tokens_remaining: 1041, call: scores, phase: playing
2026-06-18 18:44:12, tokens_remaining: 1040, call: scores, phase: playing
2026-06-18 18:44:13, tokens_remaining: 1039, call: events, phase: playing
2026-06-18 18:44:15, tokens_remaining: 1038, call: scores, phase: playing
2026-06-18 18:44:16, tokens_remaining: 1038, call: scores, phase: playing
2026-06-18 18:44:17, tokens_remaining: 1037, call: scores, phase: playing
2026-06-18 18:44:18, tokens_remaining: 1037, call: scores, phase: playing
2026-06-18 18:44:20, tokens_remaining: 1036, call: scores, phase: playing
2026-06-18 18:44:21, tokens_remaining: 1036, call: scores, phase: playing
2026-06-18 18:44:23, tokens_remaining: 1035, call: scores, phase: playing
2026-06-18 18:44:29, tokens_remaining: 1034, call: scores, phase: playing
2026-06-18 18:44:31, tokens_remaining: 1033, call: scores, phase: playing
2026-06-18 18:44:32, tokens_remaining: 1032, call: events, phase: playing
2026-06-18 18:44:33, tokens_remaining: 1031, call: scores, phase: playing
2026-06-18 18:44:34, tokens_remaining: 1031, call: scores, phase: playing
2026-06-18 18:44:35, tokens_remaining: 1030, call: scores, phase: playing
2026-06-18 18:44:36, tokens_remaining: 1030, call: scores, phase: playing
2026-06-18 18:44:37, tokens_remaining: 1029, call: scores, phase: playing
2026-06-18 18:44:38, tokens_remaining: 1029, call: scores, phase: playing
2026-06-18 18:44:39, tokens_remaining: 1028, call: scores, phase: playing
2026-06-18 18:44:40, tokens_remaining: 1028, call: scores, phase: playing
2026-06-18 18:44:41, tokens_remaining: 1027, call: scores, phase: playing
2026-06-18 18:44:42, tokens_remaining: 1026, call: events, phase: playing
2026-06-18 18:44:43, tokens_remaining: 1025, call: scores, phase: playing
2026-06-18 18:44:45, tokens_remaining: 1024, call: scores, phase: playing
2026-06-18 18:44:46, tokens_remaining: 1024, call: scores, phase: playing
2026-06-18 18:44:47, tokens_remaining: 1023, call: scores, phase: playing
2026-06-18 18:44:48, tokens_remaining: 1023, call: scores, phase: playing
2026-06-18 18:44:49, tokens_remaining: 1022, call: scores, phase: playing
2026-06-18 18:44:50, tokens_remaining: 1022, call: scores, phase: playing
2026-06-18 18:44:51, tokens_remaining: 1021, call: scores, phase: playing
2026-06-18 18:44:52, tokens_remaining: 1021, call: scores, phase: playing
2026-06-18 18:44:53, tokens_remaining: 1020, call: events, phase: playing
2026-06-18 18:44:54, tokens_remaining: 1019, call: scores, phase: playing
2026-06-18 18:44:54, tokens_remaining: 1019, call: scores, phase: playing
2026-06-18 18:44:55, tokens_remaining: 1018, call: scores, phase: playing
2026-06-18 18:44:56, tokens_remaining: 1018, call: scores, phase: playing
2026-06-18 18:44:57, tokens_remaining: 1017, call: scores, phase: playing
2026-06-18 18:44:58, tokens_remaining: 1017, call: scores, phase: playing
2026-06-18 18:44:59, tokens_remaining: 1016, call: scores, phase: playing
2026-06-18 18:45:00, tokens_remaining: 1016, call: scores, phase: playing
2026-06-18 18:45:01, tokens_remaining: 1015, call: scores, phase: playing
2026-06-18 18:45:02, tokens_remaining: 1014, call: events, phase: playing
2026-06-18 18:45:03, tokens_remaining: 1013, call: scores, phase: playing
2026-06-18 18:45:04, tokens_remaining: 1013, call: scores, phase: playing
2026-06-18 18:45:05, tokens_remaining: 1012, call: scores, phase: playing
2026-06-18 18:45:05, tokens_remaining: 1012, call: scores, phase: playing
2026-06-18 18:45:06, tokens_remaining: 1011, call: scores, phase: playing
2026-06-18 18:45:07, tokens_remaining: 1011, call: scores, phase: playing
2026-06-18 18:45:08, tokens_remaining: 1010, call: scores, phase: playing
2026-06-18 18:45:09, tokens_remaining: 1010, call: scores, phase: playing
2026-06-18 18:45:10, tokens_remaining: 1009, call: scores, phase: playing
2026-06-18 18:45:11, tokens_remaining: 1008, call: events, phase: playing
2026-06-18 18:45:12, tokens_remaining: 1007, call: scores, phase: playing
2026-06-18 18:45:13, tokens_remaining: 1007, call: scores, phase: playing
2026-06-18 18:45:14, tokens_remaining: 1006, call: scores, phase: playing
2026-06-18 18:45:15, tokens_remaining: 1006, call: scores, phase: playing
2026-06-18 18:45:16, tokens_remaining: 1005, call: scores, phase: playing
2026-06-18 18:45:16, tokens_remaining: 1005, call: scores, phase: playing
2026-06-18 18:45:17, tokens_remaining: 1004, call: scores, phase: playing
2026-06-18 18:45:18, tokens_remaining: 1004, call: scores, phase: playing
2026-06-18 18:45:19, tokens_remaining: 1003, call: scores, phase: playing
2026-06-18 18:45:20, tokens_remaining: 1002, call: events, phase: playing
2026-06-18 18:45:21, tokens_remaining: 1001, call: scores, phase: playing
2026-06-18 18:45:22, tokens_remaining: 1001, call: scores, phase: playing
2026-06-18 18:45:23, tokens_remaining: 1000, call: scores, phase: playing
2026-06-18 18:45:24, tokens_remaining: 1000, call: scores, phase: playing
2026-06-18 18:45:25, tokens_remaining: 999, call: scores, phase: playing
2026-06-18 18:45:26, tokens_remaining: 999, call: scores, phase: playing
2026-06-18 18:45:26, tokens_remaining: 998, call: scores, phase: playing
2026-06-18 18:45:27, tokens_remaining: 998, call: scores, phase: playing
2026-06-18 18:45:28, tokens_remaining: 997, call: scores, phase: playing
2026-06-18 18:45:29, tokens_remaining: 996, call: events, phase: playing
2026-06-18 18:45:30, tokens_remaining: 995, call: scores, phase: playing
2026-06-18 18:45:31, tokens_remaining: 995, call: scores, phase: playing
2026-06-18 18:45:32, tokens_remaining: 994, call: scores, phase: playing
2026-06-18 18:45:33, tokens_remaining: 994, call: scores, phase: playing
2026-06-18 18:45:34, tokens_remaining: 993, call: scores, phase: playing
2026-06-18 18:45:34, tokens_remaining: 993, call: scores, phase: playing
2026-06-18 18:45:35, tokens_remaining: 992, call: scores, phase: playing
2026-06-18 18:45:36, tokens_remaining: 992, call: scores, phase: playing
2026-06-18 18:45:37, tokens_remaining: 991, call: scores, phase: playing
2026-06-18 18:45:38, tokens_remaining: 990, call: events, phase: playing
2026-06-18 18:45:39, tokens_remaining: 989, call: scores, phase: playing
2026-06-18 18:45:40, tokens_remaining: 989, call: scores, phase: playing
2026-06-18 18:45:41, tokens_remaining: 988, call: scores, phase: playing
2026-06-18 18:45:42, tokens_remaining: 988, call: scores, phase: playing
2026-06-18 18:45:43, tokens_remaining: 987, call: scores, phase: playing
2026-06-18 18:45:44, tokens_remaining: 987, call: scores, phase: playing
2026-06-18 18:45:45, tokens_remaining: 986, call: scores, phase: playing
2026-06-18 18:45:45, tokens_remaining: 986, call: scores, phase: playing
2026-06-18 18:45:46, tokens_remaining: 985, call: scores, phase: playing
2026-06-18 18:45:47, tokens_remaining: 984, call: events, phase: playing
2026-06-18 18:45:48, tokens_remaining: 983, call: scores, phase: playing
2026-06-18 18:45:49, tokens_remaining: 983, call: scores, phase: playing
2026-06-18 18:45:50, tokens_remaining: 982, call: scores, phase: playing
2026-06-18 18:45:51, tokens_remaining: 982, call: scores, phase: playing
2026-06-18 18:45:52, tokens_remaining: 981, call: scores, phase: playing
2026-06-18 18:45:53, tokens_remaining: 981, call: scores, phase: playing
2026-06-18 18:45:54, tokens_remaining: 980, call: scores, phase: playing
2026-06-18 18:45:54, tokens_remaining: 980, call: scores, phase: playing
2026-06-18 18:45:55, tokens_remaining: 979, call: scores, phase: playing
2026-06-18 18:45:56, tokens_remaining: 978, call: events, phase: playing
2026-06-18 18:45:57, tokens_remaining: 977, call: scores, phase: playing
2026-06-18 18:45:58, tokens_remaining: 977, call: scores, phase: playing
2026-06-18 18:45:59, tokens_remaining: 976, call: scores, phase: playing
2026-06-18 18:46:00, tokens_remaining: 976, call: scores, phase: playing
2026-06-18 18:46:01, tokens_remaining: 975, call: scores, phase: playing
2026-06-18 18:46:02, tokens_remaining: 975, call: scores, phase: playing
2026-06-18 18:46:03, tokens_remaining: 974, call: scores, phase: playing
2026-06-18 18:46:03, tokens_remaining: 974, call: scores, phase: playing
2026-06-18 18:46:05, tokens_remaining: 973, call: scores, phase: playing
2026-06-18 18:46:07, tokens_remaining: 972, call: events, phase: playing
2026-06-18 18:46:08, tokens_remaining: 971, call: scores, phase: playing
2026-06-18 18:46:09, tokens_remaining: 971, call: scores, phase: playing
2026-06-18 18:46:10, tokens_remaining: 970, call: scores, phase: playing
2026-06-18 18:46:10, tokens_remaining: 970, call: scores, phase: playing
2026-06-18 18:46:11, tokens_remaining: 969, call: scores, phase: playing
2026-06-18 18:46:12, tokens_remaining: 969, call: scores, phase: playing
2026-06-18 18:46:13, tokens_remaining: 968, call: scores, phase: playing
2026-06-18 18:46:14, tokens_remaining: 968, call: scores, phase: playing
2026-06-18 18:46:15, tokens_remaining: 967, call: scores, phase: playing
2026-06-18 18:46:16, tokens_remaining: 966, call: events, phase: playing
2026-06-18 18:46:16, EVENT: SUBSTITUTION 84' Niko Sigur [Canada vs Qatar]
2026-06-18 18:46:17, tokens_remaining: 965, call: scores, phase: playing
2026-06-18 18:46:18, tokens_remaining: 965, call: scores, phase: playing
2026-06-18 18:46:19, tokens_remaining: 964, call: scores, phase: playing
2026-06-18 18:46:19, tokens_remaining: 964, call: scores, phase: playing
2026-06-18 18:46:20, tokens_remaining: 963, call: scores, phase: playing
2026-06-18 18:46:21, tokens_remaining: 963, call: scores, phase: playing
2026-06-18 18:46:22, tokens_remaining: 962, call: scores, phase: playing
2026-06-18 18:46:23, tokens_remaining: 962, call: scores, phase: playing
2026-06-18 18:46:24, tokens_remaining: 961, call: scores, phase: playing
2026-06-18 18:46:25, tokens_remaining: 960, call: events, phase: playing
2026-06-18 18:46:26, tokens_remaining: 959, call: scores, phase: playing
2026-06-18 18:46:27, tokens_remaining: 959, call: scores, phase: playing
2026-06-18 18:46:28, tokens_remaining: 958, call: scores, phase: playing
2026-06-18 18:46:29, tokens_remaining: 958, call: scores, phase: playing
2026-06-18 18:46:30, tokens_remaining: 957, call: scores, phase: playing
2026-06-18 18:46:30, tokens_remaining: 957, call: scores, phase: playing
2026-06-18 18:46:31, tokens_remaining: 956, call: scores, phase: playing
2026-06-18 18:46:32, tokens_remaining: 956, call: scores, phase: playing
2026-06-18 18:46:33, tokens_remaining: 955, call: scores, phase: playing
2026-06-18 18:46:34, tokens_remaining: 954, call: events, phase: playing
2026-06-18 18:46:35, tokens_remaining: 953, call: scores, phase: playing
2026-06-18 18:46:36, tokens_remaining: 953, call: scores, phase: playing
2026-06-18 18:46:37, tokens_remaining: 952, call: scores, phase: playing
2026-06-18 18:46:38, tokens_remaining: 952, call: scores, phase: playing
2026-06-18 18:46:39, tokens_remaining: 951, call: scores, phase: playing
2026-06-18 18:46:40, tokens_remaining: 951, call: scores, phase: playing
2026-06-18 18:46:41, tokens_remaining: 950, call: scores, phase: playing
2026-06-18 18:46:41, tokens_remaining: 950, call: scores, phase: playing
2026-06-18 18:46:42, tokens_remaining: 949, call: scores, phase: playing
2026-06-18 18:46:43, tokens_remaining: 948, call: events, phase: playing
2026-06-18 18:46:44, tokens_remaining: 947, call: scores, phase: playing
2026-06-18 18:46:45, tokens_remaining: 947, call: scores, phase: playing
2026-06-18 18:46:46, tokens_remaining: 946, call: scores, phase: playing
2026-06-18 18:46:47, tokens_remaining: 946, call: scores, phase: playing
2026-06-18 18:46:48, tokens_remaining: 945, call: scores, phase: playing
2026-06-18 18:46:49, tokens_remaining: 945, call: scores, phase: playing
2026-06-18 18:46:50, tokens_remaining: 944, call: scores, phase: playing
2026-06-18 18:46:50, tokens_remaining: 944, call: scores, phase: playing
2026-06-18 18:46:51, tokens_remaining: 943, call: scores, phase: playing
2026-06-18 18:46:52, tokens_remaining: 942, call: events, phase: playing
2026-06-18 18:46:53, tokens_remaining: 941, call: scores, phase: playing
2026-06-18 18:46:54, tokens_remaining: 941, call: scores, phase: playing
2026-06-18 18:46:55, tokens_remaining: 940, call: scores, phase: playing
2026-06-18 18:46:56, tokens_remaining: 940, call: scores, phase: playing
2026-06-18 18:46:57, tokens_remaining: 939, call: scores, phase: playing
2026-06-18 18:46:58, tokens_remaining: 939, call: scores, phase: playing
2026-06-18 18:46:59, tokens_remaining: 938, call: scores, phase: playing
2026-06-18 18:46:59, tokens_remaining: 938, call: scores, phase: playing
2026-06-18 18:47:00, tokens_remaining: 937, call: scores, phase: playing
2026-06-18 18:47:01, tokens_remaining: 936, call: events, phase: playing
2026-06-18 18:47:02, tokens_remaining: 935, call: scores, phase: playing
2026-06-18 18:47:03, tokens_remaining: 935, call: scores, phase: playing
2026-06-18 18:47:04, tokens_remaining: 934, call: scores, phase: playing
2026-06-18 18:47:05, tokens_remaining: 934, call: scores, phase: playing
2026-06-18 18:47:06, tokens_remaining: 933, call: scores, phase: playing
2026-06-18 18:47:07, tokens_remaining: 933, call: scores, phase: playing
2026-06-18 18:47:08, tokens_remaining: 932, call: scores, phase: playing
2026-06-18 18:47:08, tokens_remaining: 932, call: scores, phase: playing
2026-06-18 18:47:09, tokens_remaining: 931, call: scores, phase: playing
2026-06-18 18:47:11, tokens_remaining: 930, call: events, phase: playing
2026-06-18 18:47:11, tokens_remaining: 929, call: scores, phase: playing
2026-06-18 18:47:12, tokens_remaining: 929, call: scores, phase: playing
2026-06-18 18:47:13, tokens_remaining: 928, call: scores, phase: playing
2026-06-18 18:47:14, tokens_remaining: 928, call: scores, phase: playing
2026-06-18 18:47:15, tokens_remaining: 927, call: scores, phase: playing
2026-06-18 18:47:16, tokens_remaining: 927, call: scores, phase: playing
2026-06-18 18:47:17, tokens_remaining: 926, call: scores, phase: playing
2026-06-18 18:47:17, tokens_remaining: 926, call: scores, phase: playing
2026-06-18 18:47:18, tokens_remaining: 925, call: scores, phase: playing
2026-06-18 18:47:20, tokens_remaining: 924, call: events, phase: playing
2026-06-18 18:47:21, tokens_remaining: 923, call: scores, phase: playing
2026-06-18 18:47:21, tokens_remaining: 923, call: scores, phase: playing
2026-06-18 18:47:22, tokens_remaining: 922, call: scores, phase: playing
2026-06-18 18:47:23, tokens_remaining: 922, call: scores, phase: playing
2026-06-18 18:47:24, tokens_remaining: 921, call: scores, phase: playing
2026-06-18 18:47:25, tokens_remaining: 921, call: scores, phase: playing
2026-06-18 18:47:26, tokens_remaining: 920, call: scores, phase: playing
2026-06-18 18:47:27, tokens_remaining: 920, call: scores, phase: playing
2026-06-18 18:47:27, tokens_remaining: 919, call: scores, phase: playing
2026-06-18 18:47:29, tokens_remaining: 918, call: events, phase: playing
2026-06-18 18:47:30, tokens_remaining: 917, call: scores, phase: playing
2026-06-18 18:47:30, tokens_remaining: 917, call: scores, phase: playing
2026-06-18 18:47:31, tokens_remaining: 916, call: scores, phase: playing
2026-06-18 18:47:32, tokens_remaining: 916, call: scores, phase: playing
2026-06-18 18:47:33, tokens_remaining: 915, call: scores, phase: playing
2026-06-18 18:47:34, tokens_remaining: 915, call: scores, phase: playing
2026-06-18 18:47:35, tokens_remaining: 914, call: scores, phase: playing
2026-06-18 18:47:36, tokens_remaining: 914, call: scores, phase: playing
2026-06-18 18:47:37, tokens_remaining: 913, call: scores, phase: playing
2026-06-18 18:47:38, tokens_remaining: 912, call: events, phase: playing
2026-06-18 18:47:39, tokens_remaining: 911, call: scores, phase: playing
2026-06-18 18:47:39, tokens_remaining: 911, call: scores, phase: playing
2026-06-18 18:47:40, tokens_remaining: 910, call: scores, phase: playing
2026-06-18 18:47:41, tokens_remaining: 910, call: scores, phase: playing
2026-06-18 18:47:42, tokens_remaining: 909, call: scores, phase: playing
2026-06-18 18:47:43, tokens_remaining: 909, call: scores, phase: playing
2026-06-18 18:47:44, tokens_remaining: 908, call: scores, phase: playing
2026-06-18 18:47:45, tokens_remaining: 908, call: scores, phase: playing
2026-06-18 18:47:46, tokens_remaining: 907, call: scores, phase: playing
2026-06-18 18:47:47, tokens_remaining: 906, call: events, phase: playing
2026-06-18 18:47:48, tokens_remaining: 905, call: scores, phase: playing
2026-06-18 18:47:48, tokens_remaining: 905, call: scores, phase: playing
2026-06-18 18:47:49, tokens_remaining: 904, call: scores, phase: playing
2026-06-18 18:47:50, tokens_remaining: 904, call: scores, phase: playing
2026-06-18 18:47:51, tokens_remaining: 903, call: scores, phase: playing
2026-06-18 18:47:52, tokens_remaining: 903, call: scores, phase: playing
2026-06-18 18:47:53, tokens_remaining: 902, call: scores, phase: playing
2026-06-18 18:47:54, tokens_remaining: 902, call: scores, phase: playing
2026-06-18 18:47:55, tokens_remaining: 901, call: scores, phase: playing
2026-06-18 18:47:56, tokens_remaining: 900, call: events, phase: playing
2026-06-18 18:47:57, tokens_remaining: 899, call: scores, phase: playing
2026-06-18 18:47:57, tokens_remaining: 899, call: scores, phase: playing
2026-06-18 18:47:58, tokens_remaining: 898, call: scores, phase: playing
2026-06-18 18:47:59, tokens_remaining: 898, call: scores, phase: playing
2026-06-18 18:48:00, tokens_remaining: 897, call: scores, phase: playing
2026-06-18 18:48:01, tokens_remaining: 897, call: scores, phase: playing
2026-06-18 18:48:02, tokens_remaining: 896, call: scores, phase: playing
2026-06-18 18:48:03, tokens_remaining: 896, call: scores, phase: playing
2026-06-18 18:48:04, tokens_remaining: 895, call: scores, phase: playing
2026-06-18 18:48:05, tokens_remaining: 894, call: events, phase: playing
2026-06-18 18:48:06, tokens_remaining: 893, call: scores, phase: playing
2026-06-18 18:48:07, tokens_remaining: 893, call: scores, phase: playing
2026-06-18 18:48:08, tokens_remaining: 892, call: scores, phase: playing
2026-06-18 18:48:08, tokens_remaining: 892, call: scores, phase: playing
2026-06-18 18:48:09, tokens_remaining: 891, call: scores, phase: playing
2026-06-18 18:48:10, tokens_remaining: 891, call: scores, phase: playing
2026-06-18 18:48:11, tokens_remaining: 890, call: scores, phase: playing
2026-06-18 18:48:12, tokens_remaining: 890, call: scores, phase: playing
2026-06-18 18:48:13, tokens_remaining: 889, call: scores, phase: playing
2026-06-18 18:48:14, tokens_remaining: 888, call: events, phase: playing
2026-06-18 18:48:15, tokens_remaining: 887, call: scores, phase: playing
2026-06-18 18:48:16, tokens_remaining: 887, call: scores, phase: playing
2026-06-18 18:48:17, tokens_remaining: 886, call: scores, phase: playing
2026-06-18 18:48:17, tokens_remaining: 886, call: scores, phase: playing
2026-06-18 18:48:18, tokens_remaining: 885, call: scores, phase: playing
2026-06-18 18:48:19, tokens_remaining: 885, call: scores, phase: playing
2026-06-18 18:48:20, tokens_remaining: 884, call: scores, phase: playing
2026-06-18 18:48:21, tokens_remaining: 884, call: scores, phase: playing
2026-06-18 18:48:22, tokens_remaining: 883, call: scores, phase: playing
2026-06-18 18:48:23, tokens_remaining: 882, call: events, phase: playing
2026-06-18 18:48:24, tokens_remaining: 881, call: scores, phase: playing
2026-06-18 18:48:25, tokens_remaining: 881, call: scores, phase: playing
2026-06-18 18:48:26, tokens_remaining: 880, call: scores, phase: playing
2026-06-18 18:48:27, tokens_remaining: 880, call: scores, phase: playing
2026-06-18 18:48:28, tokens_remaining: 879, call: scores, phase: playing
2026-06-18 18:48:28, tokens_remaining: 879, call: scores, phase: playing
2026-06-18 18:48:29, tokens_remaining: 878, call: scores, phase: playing
2026-06-18 18:48:30, tokens_remaining: 878, call: scores, phase: playing
2026-06-18 18:48:31, tokens_remaining: 877, call: scores, phase: playing
2026-06-18 18:48:32, tokens_remaining: 876, call: events, phase: playing
2026-06-18 18:48:33, tokens_remaining: 875, call: scores, phase: playing
2026-06-18 18:48:34, tokens_remaining: 875, call: scores, phase: playing
2026-06-18 18:48:35, tokens_remaining: 874, call: scores, phase: playing
2026-06-18 18:48:36, tokens_remaining: 874, call: scores, phase: playing
2026-06-18 18:48:37, tokens_remaining: 873, call: scores, phase: playing
2026-06-18 18:48:37, tokens_remaining: 873, call: scores, phase: playing
2026-06-18 18:48:38, tokens_remaining: 872, call: scores, phase: playing
2026-06-18 18:48:39, tokens_remaining: 872, call: scores, phase: playing
2026-06-18 18:48:40, tokens_remaining: 871, call: scores, phase: playing
2026-06-18 18:48:41, tokens_remaining: 870, call: events, phase: playing
2026-06-18 18:48:42, tokens_remaining: 869, call: scores, phase: playing
2026-06-18 18:48:43, tokens_remaining: 869, call: scores, phase: playing
2026-06-18 18:48:44, tokens_remaining: 868, call: scores, phase: playing
2026-06-18 18:48:45, tokens_remaining: 868, call: scores, phase: playing
2026-06-18 18:48:46, tokens_remaining: 867, call: scores, phase: playing
2026-06-18 18:48:46, tokens_remaining: 867, call: scores, phase: playing
2026-06-18 18:48:47, tokens_remaining: 866, call: scores, phase: playing
2026-06-18 18:48:48, tokens_remaining: 866, call: scores, phase: playing
2026-06-18 18:48:49, tokens_remaining: 865, call: scores, phase: playing
2026-06-18 18:48:50, tokens_remaining: 864, call: events, phase: playing
2026-06-18 18:48:51, tokens_remaining: 863, call: scores, phase: playing
2026-06-18 18:48:52, tokens_remaining: 863, call: scores, phase: playing
2026-06-18 18:48:53, tokens_remaining: 862, call: scores, phase: playing
2026-06-18 18:48:54, tokens_remaining: 862, call: scores, phase: playing
2026-06-18 18:48:55, tokens_remaining: 861, call: scores, phase: playing
2026-06-18 18:48:56, tokens_remaining: 861, call: scores, phase: playing
2026-06-18 18:48:57, tokens_remaining: 860, call: scores, phase: playing
2026-06-18 18:48:57, tokens_remaining: 860, call: scores, phase: playing
2026-06-18 18:48:58, tokens_remaining: 859, call: scores, phase: playing
2026-06-18 18:48:59, tokens_remaining: 858, call: events, phase: playing
2026-06-18 18:49:00, tokens_remaining: 857, call: scores, phase: playing
2026-06-18 18:49:01, tokens_remaining: 857, call: scores, phase: playing
2026-06-18 18:49:02, tokens_remaining: 856, call: scores, phase: playing
2026-06-18 18:49:03, tokens_remaining: 856, call: scores, phase: playing
2026-06-18 18:49:04, tokens_remaining: 855, call: scores, phase: playing
2026-06-18 18:49:05, tokens_remaining: 855, call: scores, phase: playing
2026-06-18 18:49:06, tokens_remaining: 854, call: scores, phase: playing
2026-06-18 18:49:06, tokens_remaining: 854, call: scores, phase: playing
2026-06-18 18:49:07, tokens_remaining: 853, call: scores, phase: playing
2026-06-18 18:49:08, tokens_remaining: 852, call: events, phase: playing
2026-06-18 18:49:09, tokens_remaining: 851, call: scores, phase: playing
2026-06-18 18:49:10, tokens_remaining: 851, call: scores, phase: playing
2026-06-18 18:49:11, tokens_remaining: 850, call: scores, phase: playing
2026-06-18 18:49:12, tokens_remaining: 850, call: scores, phase: playing
2026-06-18 18:49:13, tokens_remaining: 849, call: scores, phase: playing
2026-06-18 18:49:14, tokens_remaining: 849, call: scores, phase: playing
2026-06-18 18:49:15, tokens_remaining: 848, call: scores, phase: playing
2026-06-18 18:49:15, tokens_remaining: 848, call: scores, phase: playing
2026-06-18 18:49:16, tokens_remaining: 847, call: scores, phase: playing
2026-06-18 18:49:18, tokens_remaining: 846, call: events, phase: playing
2026-06-18 18:49:19, tokens_remaining: 845, call: scores, phase: playing
2026-06-18 18:49:19, tokens_remaining: 845, call: scores, phase: playing
2026-06-18 18:49:20, tokens_remaining: 844, call: scores, phase: playing
2026-06-18 18:49:21, tokens_remaining: 844, call: scores, phase: playing
2026-06-18 18:49:22, tokens_remaining: 843, call: scores, phase: playing
2026-06-18 18:49:23, tokens_remaining: 843, call: scores, phase: playing
2026-06-18 18:49:24, tokens_remaining: 842, call: scores, phase: playing
2026-06-18 18:49:25, tokens_remaining: 842, call: scores, phase: playing
2026-06-18 18:49:26, tokens_remaining: 841, call: scores, phase: playing
2026-06-18 18:49:27, tokens_remaining: 840, call: events, phase: playing
2026-06-18 18:49:28, tokens_remaining: 839, call: scores, phase: playing
2026-06-18 18:49:28, tokens_remaining: 839, call: scores, phase: playing
2026-06-18 18:49:30, tokens_remaining: 838, call: scores, phase: playing
2026-06-18 18:49:30, tokens_remaining: 838, call: scores, phase: playing
2026-06-18 18:49:31, tokens_remaining: 837, call: scores, phase: playing
2026-06-18 18:49:32, tokens_remaining: 837, call: scores, phase: playing
2026-06-18 18:49:33, tokens_remaining: 836, call: scores, phase: playing
2026-06-18 18:49:34, tokens_remaining: 836, call: scores, phase: playing
2026-06-18 18:49:35, tokens_remaining: 835, call: scores, phase: playing
2026-06-18 18:49:36, tokens_remaining: 834, call: events, phase: playing
2026-06-18 18:49:37, tokens_remaining: 833, call: scores, phase: playing
2026-06-18 18:49:38, tokens_remaining: 833, call: scores, phase: playing
2026-06-18 18:49:39, tokens_remaining: 832, call: scores, phase: playing
2026-06-18 18:49:39, tokens_remaining: 832, call: scores, phase: playing
2026-06-18 18:49:40, tokens_remaining: 831, call: scores, phase: playing
2026-06-18 18:49:41, tokens_remaining: 831, call: scores, phase: playing
2026-06-18 18:49:42, tokens_remaining: 830, call: scores, phase: playing
2026-06-18 18:49:43, tokens_remaining: 830, call: scores, phase: playing
2026-06-18 18:49:44, tokens_remaining: 829, call: scores, phase: playing
2026-06-18 18:49:45, tokens_remaining: 828, call: events, phase: playing
2026-06-18 18:49:45, EVENT: SUBSTITUTION 87' Lucas Mendes [Canada vs Qatar]
2026-06-18 18:49:46, tokens_remaining: 827, call: scores, phase: playing
2026-06-18 18:49:47, tokens_remaining: 827, call: scores, phase: playing
2026-06-18 18:49:48, tokens_remaining: 826, call: scores, phase: playing
2026-06-18 18:49:48, tokens_remaining: 826, call: scores, phase: playing
2026-06-18 18:49:49, tokens_remaining: 825, call: scores, phase: playing
2026-06-18 18:49:50, tokens_remaining: 825, call: scores, phase: playing
2026-06-18 18:49:51, tokens_remaining: 824, call: scores, phase: playing
2026-06-18 18:49:52, tokens_remaining: 824, call: scores, phase: playing
2026-06-18 18:49:53, tokens_remaining: 823, call: scores, phase: playing
2026-06-18 18:49:54, tokens_remaining: 822, call: events, phase: playing
2026-06-18 18:49:55, tokens_remaining: 821, call: scores, phase: playing
2026-06-18 18:49:56, tokens_remaining: 821, call: scores, phase: playing
2026-06-18 18:49:57, tokens_remaining: 820, call: scores, phase: playing
2026-06-18 18:49:58, tokens_remaining: 820, call: scores, phase: playing
2026-06-18 18:49:59, tokens_remaining: 819, call: scores, phase: playing
2026-06-18 18:49:59, tokens_remaining: 819, call: scores, phase: playing
2026-06-18 18:50:00, tokens_remaining: 818, call: scores, phase: playing
2026-06-18 18:50:01, tokens_remaining: 818, call: scores, phase: playing
2026-06-18 18:50:02, tokens_remaining: 817, call: scores, phase: playing
2026-06-18 18:50:03, tokens_remaining: 816, call: events, phase: playing
2026-06-18 18:50:04, tokens_remaining: 815, call: scores, phase: playing
2026-06-18 18:50:05, tokens_remaining: 815, call: scores, phase: playing
2026-06-18 18:50:06, tokens_remaining: 814, call: scores, phase: playing
2026-06-18 18:50:07, tokens_remaining: 814, call: scores, phase: playing
2026-06-18 18:50:08, tokens_remaining: 813, call: scores, phase: playing
2026-06-18 18:50:08, tokens_remaining: 813, call: scores, phase: playing
2026-06-18 18:50:09, tokens_remaining: 812, call: scores, phase: playing
2026-06-18 18:50:10, tokens_remaining: 812, call: scores, phase: playing
2026-06-18 18:50:11, tokens_remaining: 811, call: scores, phase: playing
2026-06-18 18:50:12, tokens_remaining: 810, call: events, phase: playing
2026-06-18 18:50:13, tokens_remaining: 809, call: scores, phase: playing
2026-06-18 18:50:14, tokens_remaining: 809, call: scores, phase: playing
2026-06-18 18:50:15, tokens_remaining: 808, call: scores, phase: playing
2026-06-18 18:50:16, tokens_remaining: 808, call: scores, phase: playing
2026-06-18 18:50:17, tokens_remaining: 807, call: scores, phase: playing
2026-06-18 18:50:17, tokens_remaining: 807, call: scores, phase: playing
2026-06-18 18:50:18, tokens_remaining: 806, call: scores, phase: playing
2026-06-18 18:50:19, tokens_remaining: 806, call: scores, phase: playing
2026-06-18 18:50:20, tokens_remaining: 805, call: scores, phase: playing
2026-06-18 18:50:21, tokens_remaining: 804, call: events, phase: playing
2026-06-18 18:50:22, tokens_remaining: 803, call: scores, phase: playing
2026-06-18 18:50:23, tokens_remaining: 803, call: scores, phase: playing
2026-06-18 18:50:24, tokens_remaining: 802, call: scores, phase: playing
2026-06-18 18:50:25, tokens_remaining: 802, call: scores, phase: playing
2026-06-18 18:50:26, tokens_remaining: 801, call: scores, phase: playing
2026-06-18 18:50:27, tokens_remaining: 801, call: scores, phase: playing
2026-06-18 18:50:28, tokens_remaining: 800, call: scores, phase: playing
2026-06-18 18:50:28, tokens_remaining: 800, call: scores, phase: playing
2026-06-18 18:50:29, tokens_remaining: 799, call: scores, phase: playing
2026-06-18 18:50:30, tokens_remaining: 798, call: events, phase: playing
2026-06-18 18:50:31, tokens_remaining: 797, call: scores, phase: playing
2026-06-18 18:50:32, tokens_remaining: 797, call: scores, phase: playing
2026-06-18 18:50:33, tokens_remaining: 796, call: scores, phase: playing
2026-06-18 18:50:34, tokens_remaining: 796, call: scores, phase: playing
2026-06-18 18:50:35, tokens_remaining: 795, call: scores, phase: playing
2026-06-18 18:50:36, tokens_remaining: 795, call: scores, phase: playing
2026-06-18 18:50:37, tokens_remaining: 794, call: scores, phase: playing
2026-06-18 18:50:37, tokens_remaining: 794, call: scores, phase: playing
2026-06-18 18:50:38, tokens_remaining: 793, call: scores, phase: playing
2026-06-18 18:50:39, tokens_remaining: 792, call: events, phase: playing
2026-06-18 18:50:40, tokens_remaining: 791, call: scores, phase: playing
2026-06-18 18:50:41, tokens_remaining: 791, call: scores, phase: playing
2026-06-18 18:50:42, tokens_remaining: 790, call: scores, phase: playing
2026-06-18 18:50:43, tokens_remaining: 790, call: scores, phase: playing
2026-06-18 18:50:44, tokens_remaining: 789, call: scores, phase: playing
2026-06-18 18:50:45, tokens_remaining: 789, call: scores, phase: playing
2026-06-18 18:50:46, tokens_remaining: 788, call: scores, phase: playing
2026-06-18 18:50:46, tokens_remaining: 788, call: scores, phase: playing
2026-06-18 18:50:47, tokens_remaining: 787, call: scores, phase: playing
2026-06-18 18:50:48, tokens_remaining: 786, call: events, phase: playing
2026-06-18 18:50:49, tokens_remaining: 785, call: scores, phase: playing
2026-06-18 18:50:50, tokens_remaining: 785, call: scores, phase: playing
2026-06-18 18:50:51, tokens_remaining: 784, call: scores, phase: playing
2026-06-18 18:50:52, tokens_remaining: 784, call: scores, phase: playing
2026-06-18 18:50:53, tokens_remaining: 783, call: scores, phase: playing
2026-06-18 18:50:54, tokens_remaining: 783, call: scores, phase: playing
2026-06-18 18:50:55, tokens_remaining: 782, call: scores, phase: playing
2026-06-18 18:50:55, tokens_remaining: 782, call: scores, phase: playing
2026-06-18 18:50:56, tokens_remaining: 781, call: scores, phase: playing
2026-06-18 18:50:58, tokens_remaining: 780, call: events, phase: playing
2026-06-18 18:50:59, tokens_remaining: 779, call: scores, phase: playing
2026-06-18 18:50:59, tokens_remaining: 779, call: scores, phase: playing
2026-06-18 18:51:00, tokens_remaining: 778, call: scores, phase: playing
2026-06-18 18:51:01, tokens_remaining: 778, call: scores, phase: playing
2026-06-18 18:51:02, tokens_remaining: 777, call: scores, phase: playing
2026-06-18 18:51:03, tokens_remaining: 777, call: scores, phase: playing
2026-06-18 18:51:04, tokens_remaining: 776, call: scores, phase: playing
2026-06-18 18:51:05, tokens_remaining: 776, call: scores, phase: playing
2026-06-18 18:51:06, tokens_remaining: 775, call: scores, phase: playing
2026-06-18 18:51:07, tokens_remaining: 774, call: events, phase: playing
2026-06-18 18:51:08, tokens_remaining: 773, call: scores, phase: playing
2026-06-18 18:51:08, tokens_remaining: 773, call: scores, phase: playing
2026-06-18 18:51:09, tokens_remaining: 772, call: scores, phase: playing
2026-06-18 18:51:10, tokens_remaining: 772, call: scores, phase: playing
2026-06-18 18:51:11, tokens_remaining: 771, call: scores, phase: playing
2026-06-18 18:51:12, tokens_remaining: 771, call: scores, phase: playing
2026-06-18 18:51:13, tokens_remaining: 770, call: scores, phase: playing
2026-06-18 18:51:14, tokens_remaining: 770, call: scores, phase: playing
2026-06-18 18:51:15, tokens_remaining: 769, call: scores, phase: playing
2026-06-18 18:51:16, tokens_remaining: 768, call: events, phase: playing
2026-06-18 18:51:17, tokens_remaining: 767, call: scores, phase: playing
2026-06-18 18:51:17, tokens_remaining: 767, call: scores, phase: playing
2026-06-18 18:51:18, tokens_remaining: 766, call: scores, phase: playing
2026-06-18 18:51:19, tokens_remaining: 766, call: scores, phase: playing
2026-06-18 18:51:20, tokens_remaining: 765, call: scores, phase: playing
2026-06-18 18:51:21, tokens_remaining: 765, call: scores, phase: playing
2026-06-18 18:51:22, tokens_remaining: 764, call: scores, phase: playing
2026-06-18 18:51:23, tokens_remaining: 764, call: scores, phase: playing
2026-06-18 18:51:24, tokens_remaining: 763, call: scores, phase: playing
2026-06-18 18:51:25, tokens_remaining: 762, call: events, phase: playing
2026-06-18 18:51:26, tokens_remaining: 761, call: scores, phase: playing
2026-06-18 18:51:27, tokens_remaining: 761, call: scores, phase: playing
2026-06-18 18:51:28, tokens_remaining: 760, call: scores, phase: playing
2026-06-18 18:51:28, tokens_remaining: 760, call: scores, phase: playing
2026-06-18 18:51:29, tokens_remaining: 759, call: scores, phase: playing
2026-06-18 18:51:30, tokens_remaining: 759, call: scores, phase: playing
2026-06-18 18:51:31, tokens_remaining: 758, call: scores, phase: playing
2026-06-18 18:51:32, tokens_remaining: 758, call: scores, phase: playing
2026-06-18 18:51:33, tokens_remaining: 757, call: scores, phase: playing
2026-06-18 18:51:34, tokens_remaining: 756, call: events, phase: playing
2026-06-18 18:51:35, tokens_remaining: 755, call: scores, phase: playing
2026-06-18 18:51:36, tokens_remaining: 755, call: scores, phase: playing
2026-06-18 18:51:37, tokens_remaining: 754, call: scores, phase: playing
2026-06-18 18:51:37, tokens_remaining: 754, call: scores, phase: playing
2026-06-18 18:51:38, tokens_remaining: 753, call: scores, phase: playing
2026-06-18 18:51:39, tokens_remaining: 753, call: scores, phase: playing
2026-06-18 18:51:40, tokens_remaining: 752, call: scores, phase: playing
2026-06-18 18:51:41, tokens_remaining: 752, call: scores, phase: playing
2026-06-18 18:51:42, tokens_remaining: 751, call: scores, phase: playing
2026-06-18 18:51:43, tokens_remaining: 750, call: events, phase: playing
2026-06-18 18:51:44, tokens_remaining: 749, call: scores, phase: playing
2026-06-18 18:51:45, tokens_remaining: 749, call: scores, phase: playing
2026-06-18 18:51:46, tokens_remaining: 748, call: scores, phase: playing
2026-06-18 18:51:46, tokens_remaining: 748, call: scores, phase: playing
2026-06-18 18:51:47, tokens_remaining: 747, call: scores, phase: playing
2026-06-18 18:51:48, tokens_remaining: 747, call: scores, phase: playing
2026-06-18 18:51:49, tokens_remaining: 746, call: scores, phase: playing
2026-06-18 18:51:50, tokens_remaining: 746, call: scores, phase: playing
2026-06-18 18:51:51, tokens_remaining: 745, call: scores, phase: playing
2026-06-18 18:51:52, tokens_remaining: 744, call: events, phase: playing
2026-06-18 18:51:53, tokens_remaining: 743, call: scores, phase: playing
2026-06-18 18:51:54, tokens_remaining: 743, call: scores, phase: playing
2026-06-18 18:51:55, tokens_remaining: 742, call: scores, phase: playing
2026-06-18 18:51:56, tokens_remaining: 742, call: scores, phase: playing
2026-06-18 18:51:57, tokens_remaining: 741, call: scores, phase: playing
2026-06-18 18:51:59, tokens_remaining: 740, call: scores, phase: playing
2026-06-18 18:51:59, tokens_remaining: 740, call: scores, phase: playing
2026-06-18 18:52:00, tokens_remaining: 739, call: scores, phase: playing
2026-06-18 18:52:01, tokens_remaining: 739, call: scores, phase: playing
2026-06-18 18:52:02, tokens_remaining: 738, call: events, phase: playing
2026-06-18 18:52:03, tokens_remaining: 737, call: scores, phase: playing
2026-06-18 18:52:04, tokens_remaining: 737, call: scores, phase: playing
2026-06-18 18:52:05, tokens_remaining: 736, call: scores, phase: playing
2026-06-18 18:52:06, tokens_remaining: 736, call: scores, phase: playing
2026-06-18 18:52:07, tokens_remaining: 735, call: scores, phase: playing
2026-06-18 18:52:08, tokens_remaining: 735, call: scores, phase: playing
2026-06-18 18:52:09, tokens_remaining: 734, call: scores, phase: playing
2026-06-18 18:52:09, tokens_remaining: 734, call: scores, phase: playing
2026-06-18 18:52:10, tokens_remaining: 733, call: scores, phase: playing
2026-06-18 18:52:12, tokens_remaining: 732, call: events, phase: playing
2026-06-18 18:52:13, tokens_remaining: 731, call: scores, phase: playing
2026-06-18 18:52:14, tokens_remaining: 731, call: scores, phase: playing
2026-06-18 18:52:15, tokens_remaining: 730, call: scores, phase: playing
2026-06-18 18:52:15, tokens_remaining: 730, call: scores, phase: playing
2026-06-18 18:52:16, tokens_remaining: 729, call: scores, phase: playing
2026-06-18 18:52:17, tokens_remaining: 729, call: scores, phase: playing
2026-06-18 18:52:18, tokens_remaining: 728, call: scores, phase: playing
2026-06-18 18:52:19, tokens_remaining: 728, call: scores, phase: playing
2026-06-18 18:52:20, tokens_remaining: 727, call: scores, phase: playing
2026-06-18 18:52:21, tokens_remaining: 726, call: events, phase: playing
2026-06-18 18:52:22, tokens_remaining: 725, call: scores, phase: playing
2026-06-18 18:52:23, tokens_remaining: 725, call: scores, phase: playing
2026-06-18 18:52:24, tokens_remaining: 724, call: scores, phase: playing
2026-06-18 18:52:24, tokens_remaining: 724, call: scores, phase: playing
2026-06-18 18:52:25, tokens_remaining: 723, call: scores, phase: playing
2026-06-18 18:52:26, tokens_remaining: 723, call: scores, phase: playing
2026-06-18 18:52:27, tokens_remaining: 722, call: scores, phase: playing
2026-06-18 18:52:28, tokens_remaining: 722, call: scores, phase: playing
2026-06-18 18:52:29, tokens_remaining: 721, call: scores, phase: playing
2026-06-18 18:52:30, tokens_remaining: 720, call: events, phase: playing
2026-06-18 18:52:31, tokens_remaining: 719, call: scores, phase: playing
2026-06-18 18:52:32, tokens_remaining: 719, call: scores, phase: playing
2026-06-18 18:52:33, tokens_remaining: 718, call: scores, phase: playing
2026-06-18 18:52:34, tokens_remaining: 718, call: scores, phase: playing
2026-06-18 18:52:35, tokens_remaining: 717, call: scores, phase: playing
2026-06-18 18:52:35, tokens_remaining: 717, call: scores, phase: playing
2026-06-18 18:52:36, tokens_remaining: 716, call: scores, phase: playing
2026-06-18 18:52:37, tokens_remaining: 716, call: scores, phase: playing
2026-06-18 18:52:38, tokens_remaining: 715, call: scores, phase: playing
2026-06-18 18:52:39, tokens_remaining: 714, call: events, phase: playing
2026-06-18 18:52:40, tokens_remaining: 713, call: scores, phase: playing
2026-06-18 18:52:41, tokens_remaining: 713, call: scores, phase: playing
2026-06-18 18:52:42, tokens_remaining: 712, call: scores, phase: playing
2026-06-18 18:52:43, tokens_remaining: 712, call: scores, phase: playing
2026-06-18 18:52:44, tokens_remaining: 711, call: scores, phase: playing
2026-06-18 18:52:45, tokens_remaining: 711, call: scores, phase: playing
2026-06-18 18:52:46, tokens_remaining: 710, call: scores, phase: playing
2026-06-18 18:52:46, tokens_remaining: 710, call: scores, phase: playing
2026-06-18 18:52:47, tokens_remaining: 709, call: scores, phase: playing
2026-06-18 18:52:48, tokens_remaining: 708, call: events, phase: playing
2026-06-18 18:52:49, tokens_remaining: 707, call: scores, phase: playing
2026-06-18 18:52:50, tokens_remaining: 707, call: scores, phase: playing
2026-06-18 18:52:51, tokens_remaining: 706, call: scores, phase: playing
2026-06-18 18:52:52, tokens_remaining: 706, call: scores, phase: playing
2026-06-18 18:52:53, tokens_remaining: 705, call: scores, phase: playing
2026-06-18 18:52:54, tokens_remaining: 705, call: scores, phase: playing
2026-06-18 18:52:55, tokens_remaining: 704, call: scores, phase: playing
2026-06-18 18:52:55, tokens_remaining: 704, call: scores, phase: playing
2026-06-18 18:52:56, tokens_remaining: 703, call: scores, phase: playing
2026-06-18 18:52:57, tokens_remaining: 702, call: events, phase: playing
2026-06-18 18:52:58, tokens_remaining: 701, call: scores, phase: playing
2026-06-18 18:52:59, tokens_remaining: 701, call: scores, phase: playing
2026-06-18 18:53:00, tokens_remaining: 700, call: scores, phase: playing
2026-06-18 18:53:01, tokens_remaining: 700, call: scores, phase: playing
2026-06-18 18:53:02, tokens_remaining: 699, call: scores, phase: playing
2026-06-18 18:53:03, tokens_remaining: 699, call: scores, phase: playing
2026-06-18 18:53:04, tokens_remaining: 698, call: scores, phase: playing
2026-06-18 18:53:05, tokens_remaining: 698, call: scores, phase: playing
2026-06-18 18:53:06, tokens_remaining: 697, call: scores, phase: playing
2026-06-18 18:53:07, tokens_remaining: 696, call: events, phase: playing
2026-06-18 18:53:08, tokens_remaining: 695, call: scores, phase: playing
2026-06-18 18:53:08, tokens_remaining: 695, call: scores, phase: playing
2026-06-18 18:53:09, tokens_remaining: 694, call: scores, phase: playing
2026-06-18 18:53:10, tokens_remaining: 694, call: scores, phase: playing
2026-06-18 18:53:11, tokens_remaining: 693, call: scores, phase: playing
2026-06-18 18:53:12, tokens_remaining: 693, call: scores, phase: playing
2026-06-18 18:53:13, tokens_remaining: 692, call: scores, phase: playing
2026-06-18 18:53:14, tokens_remaining: 692, call: scores, phase: playing
2026-06-18 18:53:15, tokens_remaining: 691, call: scores, phase: playing
2026-06-18 18:53:16, tokens_remaining: 690, call: events, phase: playing
2026-06-18 18:53:17, tokens_remaining: 689, call: scores, phase: playing
2026-06-18 18:53:18, tokens_remaining: 689, call: scores, phase: playing
2026-06-18 18:53:19, tokens_remaining: 688, call: scores, phase: playing
2026-06-18 18:53:19, tokens_remaining: 688, call: scores, phase: playing
2026-06-18 18:53:20, tokens_remaining: 687, call: scores, phase: playing
2026-06-18 18:53:21, tokens_remaining: 687, call: scores, phase: playing
2026-06-18 18:53:22, tokens_remaining: 686, call: scores, phase: playing
2026-06-18 18:53:23, tokens_remaining: 686, call: scores, phase: playing
2026-06-18 18:53:24, tokens_remaining: 685, call: scores, phase: playing
2026-06-18 18:53:25, tokens_remaining: 684, call: events, phase: playing
2026-06-18 18:53:26, tokens_remaining: 683, call: scores, phase: playing
2026-06-18 18:53:28, tokens_remaining: 682, call: scores, phase: playing
2026-06-18 18:53:29, tokens_remaining: 682, call: scores, phase: playing
2026-06-18 18:53:30, tokens_remaining: 681, call: scores, phase: playing
2026-06-18 18:53:30, GOAL: Canada (Canada 6-0 Qatar)
2026-06-18 18:53:30, tokens_remaining: 681, call: scores, phase: playing
2026-06-18 18:53:31, tokens_remaining: 680, call: scores, phase: playing
2026-06-18 18:53:32, tokens_remaining: 680, call: scores, phase: playing
2026-06-18 18:53:33, tokens_remaining: 679, call: scores, phase: playing
2026-06-18 18:53:34, tokens_remaining: 679, call: scores, phase: playing
2026-06-18 18:53:35, tokens_remaining: 678, call: events, phase: playing
2026-06-18 18:53:35, EVENT: GOAL 90+2' <TBD> (6-0) [Canada vs Qatar]
2026-06-18 18:53:36, tokens_remaining: 677, call: scores, phase: playing
2026-06-18 18:53:37, tokens_remaining: 677, call: scores, phase: playing
2026-06-18 18:53:38, tokens_remaining: 676, call: scores, phase: playing
2026-06-18 18:53:39, tokens_remaining: 676, call: scores, phase: playing
2026-06-18 18:53:40, tokens_remaining: 675, call: scores, phase: playing
2026-06-18 18:53:40, tokens_remaining: 675, call: scores, phase: playing
2026-06-18 18:53:41, tokens_remaining: 674, call: scores, phase: playing
2026-06-18 18:53:42, tokens_remaining: 674, call: scores, phase: playing
2026-06-18 18:53:43, tokens_remaining: 673, call: scores, phase: playing
2026-06-18 18:53:44, tokens_remaining: 672, call: events, phase: playing
2026-06-18 18:53:45, tokens_remaining: 671, call: scores, phase: playing
2026-06-18 18:53:46, tokens_remaining: 671, call: scores, phase: playing
2026-06-18 18:53:47, tokens_remaining: 670, call: scores, phase: playing
2026-06-18 18:53:48, tokens_remaining: 670, call: scores, phase: playing
2026-06-18 18:53:49, tokens_remaining: 669, call: scores, phase: playing
2026-06-18 18:53:50, tokens_remaining: 669, call: scores, phase: playing
2026-06-18 18:53:51, tokens_remaining: 668, call: scores, phase: playing
2026-06-18 18:53:51, tokens_remaining: 668, call: scores, phase: playing
2026-06-18 18:53:52, tokens_remaining: 667, call: scores, phase: playing
2026-06-18 18:53:53, tokens_remaining: 666, call: events, phase: playing
2026-06-18 18:53:54, tokens_remaining: 665, call: scores, phase: playing
2026-06-18 18:53:55, tokens_remaining: 665, call: scores, phase: playing
2026-06-18 18:53:56, tokens_remaining: 664, call: scores, phase: playing
2026-06-18 18:53:57, tokens_remaining: 664, call: scores, phase: playing
2026-06-18 18:53:58, tokens_remaining: 663, call: scores, phase: playing
2026-06-18 18:53:59, tokens_remaining: 663, call: scores, phase: playing
2026-06-18 18:54:00, tokens_remaining: 662, call: scores, phase: playing
2026-06-18 18:54:00, tokens_remaining: 662, call: scores, phase: playing
2026-06-18 18:54:01, tokens_remaining: 661, call: scores, phase: playing
2026-06-18 18:54:03, tokens_remaining: 660, call: events, phase: playing
2026-06-18 18:54:04, tokens_remaining: 659, call: scores, phase: playing
2026-06-18 18:54:04, tokens_remaining: 659, call: scores, phase: playing
2026-06-18 18:54:05, tokens_remaining: 658, call: scores, phase: playing
2026-06-18 18:54:06, tokens_remaining: 658, call: scores, phase: playing
2026-06-18 18:54:07, tokens_remaining: 657, call: scores, phase: playing
2026-06-18 18:54:08, tokens_remaining: 657, call: scores, phase: playing
2026-06-18 18:54:09, tokens_remaining: 656, call: scores, phase: playing
2026-06-18 18:54:10, tokens_remaining: 656, call: scores, phase: playing
2026-06-18 18:54:11, tokens_remaining: 655, call: scores, phase: playing
2026-06-18 18:54:12, tokens_remaining: 654, call: events, phase: playing
2026-06-18 18:54:13, tokens_remaining: 653, call: scores, phase: playing
2026-06-18 18:54:13, tokens_remaining: 653, call: scores, phase: playing
2026-06-18 18:54:14, tokens_remaining: 652, call: scores, phase: playing
2026-06-18 18:54:15, tokens_remaining: 652, call: scores, phase: playing
2026-06-18 18:54:16, tokens_remaining: 651, call: scores, phase: playing
2026-06-18 18:54:17, tokens_remaining: 651, call: scores, phase: playing
2026-06-18 18:54:18, tokens_remaining: 650, call: scores, phase: playing
2026-06-18 18:54:19, tokens_remaining: 650, call: scores, phase: playing
2026-06-18 18:54:20, tokens_remaining: 649, call: scores, phase: playing
2026-06-18 18:54:21, tokens_remaining: 648, call: events, phase: playing
2026-06-18 18:54:22, tokens_remaining: 647, call: scores, phase: playing
2026-06-18 18:54:22, tokens_remaining: 647, call: scores, phase: playing
2026-06-18 18:54:23, tokens_remaining: 646, call: scores, phase: playing
2026-06-18 18:54:24, tokens_remaining: 646, call: scores, phase: playing
2026-06-18 18:54:25, tokens_remaining: 645, call: scores, phase: playing
2026-06-18 18:54:26, tokens_remaining: 645, call: scores, phase: playing
2026-06-18 18:54:27, tokens_remaining: 644, call: scores, phase: playing
2026-06-18 18:54:28, tokens_remaining: 644, call: scores, phase: playing
2026-06-18 18:54:29, tokens_remaining: 643, call: scores, phase: playing
2026-06-18 18:54:30, tokens_remaining: 642, call: events, phase: playing
2026-06-18 18:54:31, tokens_remaining: 641, call: scores, phase: playing
2026-06-18 18:54:32, tokens_remaining: 641, call: scores, phase: playing
2026-06-18 18:54:33, tokens_remaining: 640, call: scores, phase: playing
2026-06-18 18:54:34, tokens_remaining: 640, call: scores, phase: playing
2026-06-18 18:54:35, tokens_remaining: 639, call: scores, phase: playing
2026-06-18 18:54:35, tokens_remaining: 639, call: scores, phase: playing
2026-06-18 18:54:36, tokens_remaining: 638, call: scores, phase: playing
2026-06-18 18:54:37, tokens_remaining: 638, call: scores, phase: playing
2026-06-18 18:54:38, tokens_remaining: 637, call: scores, phase: playing
2026-06-18 18:54:39, tokens_remaining: 636, call: events, phase: playing
2026-06-18 18:54:40, tokens_remaining: 635, call: scores, phase: playing
2026-06-18 18:54:41, tokens_remaining: 635, call: scores, phase: playing
2026-06-18 18:54:42, tokens_remaining: 634, call: scores, phase: playing
2026-06-18 18:54:43, tokens_remaining: 634, call: scores, phase: playing
2026-06-18 18:54:44, tokens_remaining: 633, call: scores, phase: playing
2026-06-18 18:54:44, tokens_remaining: 633, call: scores, phase: playing
2026-06-18 18:54:45, tokens_remaining: 632, call: scores, phase: playing
2026-06-18 18:54:46, tokens_remaining: 632, call: scores, phase: playing
2026-06-18 18:54:47, tokens_remaining: 631, call: scores, phase: playing
2026-06-18 18:54:48, tokens_remaining: 630, call: events, phase: playing
2026-06-18 18:54:49, tokens_remaining: 629, call: scores, phase: playing
2026-06-18 18:54:50, tokens_remaining: 629, call: scores, phase: playing
2026-06-18 18:54:51, tokens_remaining: 628, call: scores, phase: playing
2026-06-18 18:54:52, tokens_remaining: 628, call: scores, phase: playing
2026-06-18 18:54:53, tokens_remaining: 627, call: scores, phase: playing
2026-06-18 18:54:53, tokens_remaining: 627, call: scores, phase: playing
2026-06-18 18:54:54, tokens_remaining: 626, call: scores, phase: playing
2026-06-18 18:54:55, tokens_remaining: 626, call: scores, phase: playing
2026-06-18 18:54:56, tokens_remaining: 625, call: scores, phase: playing
2026-06-18 18:54:57, tokens_remaining: 624, call: events, phase: playing
2026-06-18 18:54:58, tokens_remaining: 623, call: scores, phase: playing
2026-06-18 18:54:59, tokens_remaining: 623, call: scores, phase: playing
2026-06-18 18:55:00, tokens_remaining: 622, call: scores, phase: playing
2026-06-18 18:55:01, tokens_remaining: 622, call: scores, phase: playing
2026-06-18 18:55:02, tokens_remaining: 621, call: scores, phase: playing
2026-06-18 18:55:02, tokens_remaining: 621, call: scores, phase: playing
2026-06-18 18:55:06, tokens_remaining: 620, call: scores, phase: playing
2026-06-18 18:55:07, tokens_remaining: 620, call: scores, phase: playing
2026-06-18 18:55:08, tokens_remaining: 619, call: scores, phase: playing
2026-06-18 18:55:09, tokens_remaining: 618, call: events, phase: playing
2026-06-18 18:55:10, tokens_remaining: 617, call: scores, phase: playing
2026-06-18 18:55:11, tokens_remaining: 617, call: scores, phase: playing
2026-06-18 18:55:12, tokens_remaining: 616, call: scores, phase: playing
2026-06-18 18:55:13, tokens_remaining: 616, call: scores, phase: playing
2026-06-18 18:55:14, tokens_remaining: 615, call: scores, phase: playing
2026-06-18 18:55:15, tokens_remaining: 615, call: scores, phase: playing
2026-06-18 18:55:16, tokens_remaining: 614, call: scores, phase: playing
2026-06-18 18:55:16, tokens_remaining: 614, call: scores, phase: playing
2026-06-18 18:55:17, tokens_remaining: 613, call: scores, phase: playing
2026-06-18 18:55:18, tokens_remaining: 612, call: events, phase: playing
2026-06-18 18:55:19, tokens_remaining: 611, call: scores, phase: playing
2026-06-18 18:55:20, tokens_remaining: 611, call: scores, phase: playing
2026-06-18 18:55:21, tokens_remaining: 610, call: scores, phase: playing
2026-06-18 18:55:22, tokens_remaining: 610, call: scores, phase: playing
2026-06-18 18:55:23, tokens_remaining: 609, call: scores, phase: playing
2026-06-18 18:55:24, tokens_remaining: 609, call: scores, phase: playing
2026-06-18 18:55:25, tokens_remaining: 608, call: scores, phase: playing
2026-06-18 18:55:25, tokens_remaining: 608, call: scores, phase: playing
2026-06-18 18:55:26, tokens_remaining: 607, call: scores, phase: playing
2026-06-18 18:55:27, tokens_remaining: 606, call: events, phase: playing
2026-06-18 18:55:28, tokens_remaining: 605, call: scores, phase: playing
2026-06-18 18:55:29, tokens_remaining: 605, call: scores, phase: playing
2026-06-18 18:55:30, tokens_remaining: 604, call: scores, phase: playing
2026-06-18 18:55:31, tokens_remaining: 604, call: scores, phase: playing
2026-06-18 18:55:32, tokens_remaining: 603, call: scores, phase: playing
2026-06-18 18:55:33, tokens_remaining: 603, call: scores, phase: playing
2026-06-18 18:55:34, tokens_remaining: 602, call: scores, phase: playing
2026-06-18 18:55:34, tokens_remaining: 602, call: scores, phase: playing
2026-06-18 18:55:35, tokens_remaining: 601, call: scores, phase: playing
2026-06-18 18:55:37, tokens_remaining: 600, call: events, phase: playing
2026-06-18 18:55:38, tokens_remaining: 599, call: scores, phase: playing
2026-06-18 18:55:38, tokens_remaining: 599, call: scores, phase: playing
2026-06-18 18:55:39, tokens_remaining: 598, call: scores, phase: playing
2026-06-18 18:55:40, tokens_remaining: 598, call: scores, phase: playing
2026-06-18 18:55:41, tokens_remaining: 597, call: scores, phase: playing
2026-06-18 18:55:42, tokens_remaining: 597, call: scores, phase: playing
2026-06-18 18:55:43, tokens_remaining: 596, call: scores, phase: playing
2026-06-18 18:55:44, tokens_remaining: 596, call: scores, phase: playing
2026-06-18 18:55:45, tokens_remaining: 595, call: scores, phase: playing
2026-06-18 18:55:46, tokens_remaining: 594, call: events, phase: playing
2026-06-18 18:55:47, tokens_remaining: 593, call: scores, phase: playing
