2026-06-13 19:00:00, tokens_remaining: 1613, call: scores, phase: break
2026-06-13 19:00:46, tokens_remaining: 1612, call: events, phase: break
2026-06-13 19:01:31, tokens_remaining: 1611, call: scores, phase: break
2026-06-13 19:02:17, tokens_remaining: 1610, call: scores, phase: break
2026-06-13 19:03:02, tokens_remaining: 1609, call: scores, phase: break
2026-06-13 19:03:48, tokens_remaining: 1608, call: scores, phase: break
2026-06-13 19:04:33, tokens_remaining: 1607, call: scores, phase: break
2026-06-13 19:05:18, tokens_remaining: 1606, call: scores, phase: break
2026-06-13 19:06:04, tokens_remaining: 1605, call: scores, phase: break
2026-06-13 19:06:49, tokens_remaining: 1604, call: scores, phase: break
2026-06-13 19:07:35, tokens_remaining: 1603, call: scores, phase: break
2026-06-13 19:08:21, tokens_remaining: 1602, call: events, phase: break
2026-06-13 19:09:06, tokens_remaining: 1601, call: scores, phase: break
2026-06-13 19:09:52, tokens_remaining: 1600, call: scores, phase: break
2026-06-13 19:10:37, tokens_remaining: 1599, call: scores, phase: break
2026-06-13 19:10:37, STATE_CHANGE: Brazil vs Morocco [HT -> 2H]
2026-06-13 19:10:38, tokens_remaining: 1599, call: scores, phase: playing
2026-06-13 19:10:39, tokens_remaining: 1598, call: scores, phase: playing
2026-06-13 19:10:39, tokens_remaining: 1598, call: scores, phase: playing
2026-06-13 19:10:40, tokens_remaining: 1597, call: scores, phase: playing
2026-06-13 19:10:41, tokens_remaining: 1597, call: scores, phase: playing
2026-06-13 19:10:42, tokens_remaining: 1596, call: scores, phase: playing
2026-06-13 19:10:43, tokens_remaining: 1595, call: events, phase: playing
2026-06-13 19:10:43, EVENT: SUBSTITUTION 46' Fabinho [Brazil vs Morocco]
2026-06-13 19:10:44, tokens_remaining: 1594, call: scores, phase: playing
2026-06-13 19:10:45, tokens_remaining: 1594, call: scores, phase: playing
2026-06-13 19:10:46, tokens_remaining: 1593, call: scores, phase: playing
2026-06-13 19:10:47, tokens_remaining: 1593, call: scores, phase: playing
2026-06-13 19:10:48, tokens_remaining: 1592, call: scores, phase: playing
2026-06-13 19:10:48, tokens_remaining: 1592, call: scores, phase: playing
2026-06-13 19:10:49, tokens_remaining: 1591, call: scores, phase: playing
2026-06-13 19:10:50, tokens_remaining: 1591, call: scores, phase: playing
2026-06-13 19:10:51, tokens_remaining: 1590, call: scores, phase: playing
2026-06-13 19:10:52, tokens_remaining: 1589, call: events, phase: playing
2026-06-13 19:10:53, tokens_remaining: 1588, call: scores, phase: playing
2026-06-13 19:10:54, tokens_remaining: 1588, call: scores, phase: playing
2026-06-13 19:10:55, tokens_remaining: 1587, call: scores, phase: playing
2026-06-13 19:10:56, tokens_remaining: 1587, call: scores, phase: playing
2026-06-13 19:10:57, tokens_remaining: 1586, call: scores, phase: playing
2026-06-13 19:10:57, tokens_remaining: 1586, call: scores, phase: playing
2026-06-13 19:10:58, tokens_remaining: 1585, call: scores, phase: playing
2026-06-13 19:10:59, tokens_remaining: 1585, call: scores, phase: playing
2026-06-13 19:11:00, tokens_remaining: 1584, call: scores, phase: playing
2026-06-13 19:11:01, tokens_remaining: 1583, call: events, phase: playing
2026-06-13 19:11:01, EVENT: SUBSTITUTION 46' Fabinho [Brazil vs Morocco]
2026-06-13 19:11:02, tokens_remaining: 1582, call: scores, phase: playing
2026-06-13 19:11:03, tokens_remaining: 1582, call: scores, phase: playing
2026-06-13 19:11:04, tokens_remaining: 1581, call: scores, phase: playing
2026-06-13 19:11:05, tokens_remaining: 1581, call: scores, phase: playing
2026-06-13 19:11:06, tokens_remaining: 1580, call: scores, phase: playing
2026-06-13 19:11:06, tokens_remaining: 1580, call: scores, phase: playing
2026-06-13 19:11:07, tokens_remaining: 1579, call: scores, phase: playing
2026-06-13 19:11:08, tokens_remaining: 1579, call: scores, phase: playing
2026-06-13 19:11:09, tokens_remaining: 1578, call: scores, phase: playing
2026-06-13 19:11:10, tokens_remaining: 1577, call: events, phase: playing
2026-06-13 19:11:11, tokens_remaining: 1576, call: scores, phase: playing
2026-06-13 19:11:12, tokens_remaining: 1576, call: scores, phase: playing
2026-06-13 19:11:13, tokens_remaining: 1575, call: scores, phase: playing
2026-06-13 19:11:13, tokens_remaining: 1575, call: scores, phase: playing
2026-06-13 19:11:14, tokens_remaining: 1574, call: scores, phase: playing
2026-06-13 19:11:15, tokens_remaining: 1574, call: scores, phase: playing
2026-06-13 19:11:16, tokens_remaining: 1573, call: scores, phase: playing
2026-06-13 19:11:17, tokens_remaining: 1573, call: scores, phase: playing
2026-06-13 19:11:18, tokens_remaining: 1572, call: scores, phase: playing
2026-06-13 19:11:19, tokens_remaining: 1571, call: events, phase: playing
2026-06-13 19:11:20, tokens_remaining: 1570, call: scores, phase: playing
2026-06-13 19:11:21, tokens_remaining: 1570, call: scores, phase: playing
2026-06-13 19:11:22, tokens_remaining: 1569, call: scores, phase: playing
2026-06-13 19:11:22, tokens_remaining: 1569, call: scores, phase: playing
2026-06-13 19:11:23, tokens_remaining: 1568, call: scores, phase: playing
2026-06-13 19:11:24, tokens_remaining: 1568, call: scores, phase: playing
2026-06-13 19:11:25, tokens_remaining: 1567, call: scores, phase: playing
2026-06-13 19:11:26, tokens_remaining: 1567, call: scores, phase: playing
2026-06-13 19:11:27, tokens_remaining: 1566, call: scores, phase: playing
2026-06-13 19:11:28, tokens_remaining: 1565, call: events, phase: playing
2026-06-13 19:11:29, tokens_remaining: 1564, call: scores, phase: playing
2026-06-13 19:11:30, tokens_remaining: 1564, call: scores, phase: playing
2026-06-13 19:11:30, tokens_remaining: 1563, call: scores, phase: playing
2026-06-13 19:11:31, tokens_remaining: 1563, call: scores, phase: playing
2026-06-13 19:11:32, tokens_remaining: 1562, call: scores, phase: playing
2026-06-13 19:11:33, tokens_remaining: 1562, call: scores, phase: playing
2026-06-13 19:11:34, tokens_remaining: 1561, call: scores, phase: playing
2026-06-13 19:11:35, tokens_remaining: 1561, call: scores, phase: playing
2026-06-13 19:11:36, tokens_remaining: 1560, call: scores, phase: playing
2026-06-13 19:11:37, tokens_remaining: 1559, call: events, phase: playing
2026-06-13 19:11:38, tokens_remaining: 1558, call: scores, phase: playing
2026-06-13 19:11:38, tokens_remaining: 1558, call: scores, phase: playing
2026-06-13 19:11:39, tokens_remaining: 1557, call: scores, phase: playing
2026-06-13 19:11:40, tokens_remaining: 1557, call: scores, phase: playing
2026-06-13 19:11:41, tokens_remaining: 1556, call: scores, phase: playing
2026-06-13 19:11:42, tokens_remaining: 1556, call: scores, phase: playing
2026-06-13 19:11:43, tokens_remaining: 1555, call: scores, phase: playing
2026-06-13 19:11:44, tokens_remaining: 1555, call: scores, phase: playing
2026-06-13 19:11:45, tokens_remaining: 1554, call: scores, phase: playing
2026-06-13 19:11:46, tokens_remaining: 1553, call: events, phase: playing
2026-06-13 19:11:47, tokens_remaining: 1552, call: scores, phase: playing
2026-06-13 19:11:47, tokens_remaining: 1552, call: scores, phase: playing
2026-06-13 19:11:48, tokens_remaining: 1551, call: scores, phase: playing
2026-06-13 19:11:49, tokens_remaining: 1551, call: scores, phase: playing
2026-06-13 19:11:50, tokens_remaining: 1550, call: scores, phase: playing
2026-06-13 19:11:51, tokens_remaining: 1550, call: scores, phase: playing
2026-06-13 19:11:52, tokens_remaining: 1549, call: scores, phase: playing
2026-06-13 19:11:52, tokens_remaining: 1549, call: scores, phase: playing
2026-06-13 19:11:53, tokens_remaining: 1548, call: scores, phase: playing
2026-06-13 19:11:54, tokens_remaining: 1547, call: events, phase: playing
2026-06-13 19:11:55, tokens_remaining: 1546, call: scores, phase: playing
2026-06-13 19:11:56, tokens_remaining: 1546, call: scores, phase: playing
2026-06-13 19:11:57, tokens_remaining: 1545, call: scores, phase: playing
2026-06-13 19:11:58, tokens_remaining: 1545, call: scores, phase: playing
2026-06-13 19:11:59, tokens_remaining: 1544, call: scores, phase: playing
2026-06-13 19:11:59, tokens_remaining: 1544, call: scores, phase: playing
2026-06-13 19:12:00, tokens_remaining: 1543, call: scores, phase: playing
2026-06-13 19:12:01, tokens_remaining: 1543, call: scores, phase: playing
2026-06-13 19:12:02, tokens_remaining: 1542, call: scores, phase: playing
2026-06-13 19:12:03, tokens_remaining: 1541, call: events, phase: playing
2026-06-13 19:12:04, tokens_remaining: 1540, call: scores, phase: playing
2026-06-13 19:12:05, tokens_remaining: 1540, call: scores, phase: playing
2026-06-13 19:12:06, tokens_remaining: 1539, call: scores, phase: playing
2026-06-13 19:12:06, tokens_remaining: 1539, call: scores, phase: playing
2026-06-13 19:12:07, tokens_remaining: 1538, call: scores, phase: playing
2026-06-13 19:12:08, tokens_remaining: 1538, call: scores, phase: playing
2026-06-13 19:12:09, tokens_remaining: 1537, call: scores, phase: playing
2026-06-13 19:12:10, tokens_remaining: 1537, call: scores, phase: playing
2026-06-13 19:12:11, tokens_remaining: 1536, call: scores, phase: playing
2026-06-13 19:12:12, tokens_remaining: 1535, call: events, phase: playing
2026-06-13 19:12:13, tokens_remaining: 1534, call: scores, phase: playing
2026-06-13 19:12:13, tokens_remaining: 1534, call: scores, phase: playing
2026-06-13 19:12:14, tokens_remaining: 1533, call: scores, phase: playing
2026-06-13 19:12:15, tokens_remaining: 1533, call: scores, phase: playing
2026-06-13 19:12:16, tokens_remaining: 1532, call: scores, phase: playing
2026-06-13 19:12:17, tokens_remaining: 1532, call: scores, phase: playing
2026-06-13 19:12:18, tokens_remaining: 1531, call: scores, phase: playing
2026-06-13 19:12:19, tokens_remaining: 1531, call: scores, phase: playing
2026-06-13 19:12:19, tokens_remaining: 1530, call: scores, phase: playing
2026-06-13 19:12:20, tokens_remaining: 1529, call: events, phase: playing
2026-06-13 19:12:21, tokens_remaining: 1528, call: scores, phase: playing
2026-06-13 19:12:22, tokens_remaining: 1528, call: scores, phase: playing
2026-06-13 19:12:23, tokens_remaining: 1527, call: scores, phase: playing
2026-06-13 19:12:24, tokens_remaining: 1527, call: scores, phase: playing
2026-06-13 19:12:25, tokens_remaining: 1526, call: scores, phase: playing
2026-06-13 19:12:25, tokens_remaining: 1526, call: scores, phase: playing
2026-06-13 19:12:26, tokens_remaining: 1525, call: scores, phase: playing
2026-06-13 19:12:27, tokens_remaining: 1525, call: scores, phase: playing
2026-06-13 19:12:28, tokens_remaining: 1524, call: scores, phase: playing
2026-06-13 19:12:29, tokens_remaining: 1523, call: events, phase: playing
2026-06-13 19:12:30, tokens_remaining: 1522, call: scores, phase: playing
2026-06-13 19:12:31, tokens_remaining: 1522, call: scores, phase: playing
2026-06-13 19:12:32, tokens_remaining: 1521, call: scores, phase: playing
2026-06-13 19:12:32, tokens_remaining: 1521, call: scores, phase: playing
2026-06-13 19:12:33, tokens_remaining: 1520, call: scores, phase: playing
2026-06-13 19:12:34, tokens_remaining: 1520, call: scores, phase: playing
2026-06-13 19:12:35, tokens_remaining: 1519, call: scores, phase: playing
2026-06-13 19:12:36, tokens_remaining: 1519, call: scores, phase: playing
2026-06-13 19:12:37, tokens_remaining: 1518, call: scores, phase: playing
2026-06-13 19:12:38, tokens_remaining: 1517, call: events, phase: playing
2026-06-13 19:12:39, tokens_remaining: 1516, call: scores, phase: playing
2026-06-13 19:12:39, tokens_remaining: 1516, call: scores, phase: playing
2026-06-13 19:12:40, tokens_remaining: 1515, call: scores, phase: playing
2026-06-13 19:12:41, tokens_remaining: 1515, call: scores, phase: playing
2026-06-13 19:12:42, tokens_remaining: 1514, call: scores, phase: playing
2026-06-13 19:12:43, tokens_remaining: 1514, call: scores, phase: playing
2026-06-13 19:12:46, tokens_remaining: 1513, call: scores, phase: playing
2026-06-13 19:12:48, tokens_remaining: 1512, call: scores, phase: playing
2026-06-13 19:12:48, tokens_remaining: 1512, call: scores, phase: playing
2026-06-13 19:12:49, tokens_remaining: 1511, call: events, phase: playing
2026-06-13 19:12:50, tokens_remaining: 1510, call: scores, phase: playing
2026-06-13 19:12:51, tokens_remaining: 1510, call: scores, phase: playing
2026-06-13 19:12:52, tokens_remaining: 1509, call: scores, phase: playing
2026-06-13 19:12:53, tokens_remaining: 1509, call: scores, phase: playing
2026-06-13 19:12:53, tokens_remaining: 1508, call: scores, phase: playing
2026-06-13 19:12:54, tokens_remaining: 1508, call: scores, phase: playing
2026-06-13 19:12:55, tokens_remaining: 1507, call: scores, phase: playing
2026-06-13 19:12:56, tokens_remaining: 1507, call: scores, phase: playing
2026-06-13 19:12:57, tokens_remaining: 1506, call: scores, phase: playing
2026-06-13 19:12:58, tokens_remaining: 1505, call: events, phase: playing
2026-06-13 19:12:59, tokens_remaining: 1504, call: scores, phase: playing
2026-06-13 19:12:59, tokens_remaining: 1504, call: scores, phase: playing
2026-06-13 19:13:00, tokens_remaining: 1503, call: scores, phase: playing
2026-06-13 19:13:01, tokens_remaining: 1503, call: scores, phase: playing
2026-06-13 19:13:02, tokens_remaining: 1502, call: scores, phase: playing
2026-06-13 19:13:03, tokens_remaining: 1502, call: scores, phase: playing
2026-06-13 19:13:04, tokens_remaining: 1501, call: scores, phase: playing
2026-06-13 19:13:04, tokens_remaining: 1501, call: scores, phase: playing
2026-06-13 19:13:05, tokens_remaining: 1500, call: scores, phase: playing
2026-06-13 19:13:06, tokens_remaining: 1499, call: events, phase: playing
2026-06-13 19:13:07, tokens_remaining: 1498, call: scores, phase: playing
2026-06-13 19:13:08, tokens_remaining: 1498, call: scores, phase: playing
2026-06-13 19:13:09, tokens_remaining: 1497, call: scores, phase: playing
2026-06-13 19:13:10, tokens_remaining: 1497, call: scores, phase: playing
2026-06-13 19:13:11, tokens_remaining: 1496, call: scores, phase: playing
2026-06-13 19:13:11, tokens_remaining: 1496, call: scores, phase: playing
2026-06-13 19:13:12, tokens_remaining: 1495, call: scores, phase: playing
2026-06-13 19:13:13, tokens_remaining: 1495, call: scores, phase: playing
2026-06-13 19:13:14, tokens_remaining: 1494, call: scores, phase: playing
2026-06-13 19:13:15, tokens_remaining: 1493, call: events, phase: playing
2026-06-13 19:13:16, tokens_remaining: 1492, call: scores, phase: playing
2026-06-13 19:13:16, tokens_remaining: 1492, call: scores, phase: playing
2026-06-13 19:13:17, tokens_remaining: 1491, call: scores, phase: playing
2026-06-13 19:13:18, tokens_remaining: 1491, call: scores, phase: playing
2026-06-13 19:13:19, tokens_remaining: 1490, call: scores, phase: playing
2026-06-13 19:13:20, tokens_remaining: 1490, call: scores, phase: playing
2026-06-13 19:13:21, tokens_remaining: 1489, call: scores, phase: playing
2026-06-13 19:13:21, tokens_remaining: 1489, call: scores, phase: playing
2026-06-13 19:13:22, tokens_remaining: 1488, call: scores, phase: playing
2026-06-13 19:13:23, tokens_remaining: 1487, call: events, phase: playing
2026-06-13 19:13:24, tokens_remaining: 1486, call: scores, phase: playing
2026-06-13 19:13:25, tokens_remaining: 1486, call: scores, phase: playing
2026-06-13 19:13:26, tokens_remaining: 1485, call: scores, phase: playing
2026-06-13 19:13:27, tokens_remaining: 1485, call: scores, phase: playing
2026-06-13 19:13:27, tokens_remaining: 1484, call: scores, phase: playing
2026-06-13 19:13:28, tokens_remaining: 1484, call: scores, phase: playing
2026-06-13 19:13:29, tokens_remaining: 1483, call: scores, phase: playing
2026-06-13 19:13:30, tokens_remaining: 1483, call: scores, phase: playing
2026-06-13 19:13:31, tokens_remaining: 1482, call: scores, phase: playing
2026-06-13 19:13:32, tokens_remaining: 1481, call: events, phase: playing
2026-06-13 19:13:33, tokens_remaining: 1480, call: scores, phase: playing
2026-06-13 19:13:33, tokens_remaining: 1480, call: scores, phase: playing
2026-06-13 19:13:34, tokens_remaining: 1479, call: scores, phase: playing
2026-06-13 19:13:35, tokens_remaining: 1479, call: scores, phase: playing
2026-06-13 19:13:36, tokens_remaining: 1478, call: scores, phase: playing
2026-06-13 19:13:37, tokens_remaining: 1478, call: scores, phase: playing
2026-06-13 19:13:38, tokens_remaining: 1477, call: scores, phase: playing
2026-06-13 19:13:38, tokens_remaining: 1477, call: scores, phase: playing
2026-06-13 19:13:39, tokens_remaining: 1476, call: scores, phase: playing
2026-06-13 19:13:40, tokens_remaining: 1475, call: events, phase: playing
2026-06-13 19:13:42, tokens_remaining: 1474, call: scores, phase: playing
2026-06-13 19:13:43, tokens_remaining: 1474, call: scores, phase: playing
2026-06-13 19:13:44, tokens_remaining: 1473, call: scores, phase: playing
2026-06-13 19:13:44, tokens_remaining: 1473, call: scores, phase: playing
2026-06-13 19:13:45, tokens_remaining: 1472, call: scores, phase: playing
2026-06-13 19:13:46, tokens_remaining: 1472, call: scores, phase: playing
2026-06-13 19:13:47, tokens_remaining: 1471, call: scores, phase: playing
2026-06-13 19:13:48, tokens_remaining: 1471, call: scores, phase: playing
2026-06-13 19:13:49, tokens_remaining: 1470, call: scores, phase: playing
2026-06-13 19:13:49, tokens_remaining: 1469, call: events, phase: playing
2026-06-13 19:13:50, tokens_remaining: 1468, call: scores, phase: playing
2026-06-13 19:13:51, tokens_remaining: 1468, call: scores, phase: playing
2026-06-13 19:13:52, tokens_remaining: 1467, call: scores, phase: playing
2026-06-13 19:13:53, tokens_remaining: 1467, call: scores, phase: playing
2026-06-13 19:13:54, tokens_remaining: 1466, call: scores, phase: playing
2026-06-13 19:13:54, tokens_remaining: 1466, call: scores, phase: playing
2026-06-13 19:13:55, tokens_remaining: 1465, call: scores, phase: playing
2026-06-13 19:13:56, tokens_remaining: 1465, call: scores, phase: playing
2026-06-13 19:13:57, tokens_remaining: 1464, call: scores, phase: playing
2026-06-13 19:13:58, tokens_remaining: 1463, call: events, phase: playing
2026-06-13 19:13:59, tokens_remaining: 1462, call: scores, phase: playing
2026-06-13 19:13:59, tokens_remaining: 1462, call: scores, phase: playing
2026-06-13 19:14:00, tokens_remaining: 1461, call: scores, phase: playing
2026-06-13 19:14:01, tokens_remaining: 1461, call: scores, phase: playing
2026-06-13 19:14:02, tokens_remaining: 1460, call: scores, phase: playing
2026-06-13 19:14:03, tokens_remaining: 1460, call: scores, phase: playing
2026-06-13 19:14:04, tokens_remaining: 1459, call: scores, phase: playing
2026-06-13 19:14:04, tokens_remaining: 1459, call: scores, phase: playing
2026-06-13 19:14:05, tokens_remaining: 1458, call: scores, phase: playing
2026-06-13 19:14:06, tokens_remaining: 1457, call: events, phase: playing
2026-06-13 19:14:07, tokens_remaining: 1456, call: scores, phase: playing
2026-06-13 19:14:08, tokens_remaining: 1456, call: scores, phase: playing
2026-06-13 19:14:09, tokens_remaining: 1455, call: scores, phase: playing
2026-06-13 19:14:09, tokens_remaining: 1455, call: scores, phase: playing
2026-06-13 19:14:10, tokens_remaining: 1454, call: scores, phase: playing
2026-06-13 19:14:11, tokens_remaining: 1454, call: scores, phase: playing
2026-06-13 19:14:12, tokens_remaining: 1453, call: scores, phase: playing
2026-06-13 19:14:12, tokens_remaining: 1453, call: scores, phase: playing
2026-06-13 19:14:13, tokens_remaining: 1452, call: scores, phase: playing
2026-06-13 19:14:14, tokens_remaining: 1451, call: events, phase: playing
2026-06-13 19:14:15, tokens_remaining: 1450, call: scores, phase: playing
2026-06-13 19:14:16, tokens_remaining: 1450, call: scores, phase: playing
2026-06-13 19:14:17, tokens_remaining: 1449, call: scores, phase: playing
2026-06-13 19:14:17, tokens_remaining: 1449, call: scores, phase: playing
2026-06-13 19:14:18, tokens_remaining: 1448, call: scores, phase: playing
2026-06-13 19:14:19, tokens_remaining: 1448, call: scores, phase: playing
2026-06-13 19:14:20, tokens_remaining: 1447, call: scores, phase: playing
2026-06-13 19:14:21, tokens_remaining: 1447, call: scores, phase: playing
2026-06-13 19:14:22, tokens_remaining: 1446, call: scores, phase: playing
2026-06-13 19:14:23, tokens_remaining: 1445, call: events, phase: playing
2026-06-13 19:14:23, tokens_remaining: 1444, call: scores, phase: playing
2026-06-13 19:14:24, tokens_remaining: 1444, call: scores, phase: playing
2026-06-13 19:14:25, tokens_remaining: 1443, call: scores, phase: playing
2026-06-13 19:14:26, tokens_remaining: 1443, call: scores, phase: playing
2026-06-13 19:14:27, tokens_remaining: 1442, call: scores, phase: playing
2026-06-13 19:14:27, tokens_remaining: 1442, call: scores, phase: playing
2026-06-13 19:14:28, tokens_remaining: 1441, call: scores, phase: playing
2026-06-13 19:14:29, tokens_remaining: 1441, call: scores, phase: playing
2026-06-13 19:14:30, tokens_remaining: 1440, call: scores, phase: playing
2026-06-13 19:14:31, tokens_remaining: 1439, call: events, phase: playing
2026-06-13 19:14:32, tokens_remaining: 1438, call: scores, phase: playing
2026-06-13 19:14:32, tokens_remaining: 1438, call: scores, phase: playing
2026-06-13 19:14:33, tokens_remaining: 1437, call: scores, phase: playing
2026-06-13 19:14:34, tokens_remaining: 1437, call: scores, phase: playing
2026-06-13 19:14:35, tokens_remaining: 1436, call: scores, phase: playing
2026-06-13 19:14:35, tokens_remaining: 1436, call: scores, phase: playing
2026-06-13 19:14:36, tokens_remaining: 1435, call: scores, phase: playing
2026-06-13 19:14:37, tokens_remaining: 1435, call: scores, phase: playing
2026-06-13 19:14:38, tokens_remaining: 1434, call: scores, phase: playing
2026-06-13 19:14:39, tokens_remaining: 1433, call: events, phase: playing
2026-06-13 19:14:40, tokens_remaining: 1432, call: scores, phase: playing
2026-06-13 19:14:40, tokens_remaining: 1432, call: scores, phase: playing
2026-06-13 19:14:41, tokens_remaining: 1431, call: scores, phase: playing
2026-06-13 19:14:42, tokens_remaining: 1431, call: scores, phase: playing
2026-06-13 19:14:43, tokens_remaining: 1430, call: scores, phase: playing
2026-06-13 19:14:44, tokens_remaining: 1430, call: scores, phase: playing
2026-06-13 19:14:45, tokens_remaining: 1429, call: scores, phase: playing
2026-06-13 19:14:45, tokens_remaining: 1429, call: scores, phase: playing
2026-06-13 19:14:46, tokens_remaining: 1428, call: scores, phase: playing
2026-06-13 19:14:47, tokens_remaining: 1427, call: events, phase: playing
2026-06-13 19:14:48, tokens_remaining: 1426, call: scores, phase: playing
2026-06-13 19:14:49, tokens_remaining: 1426, call: scores, phase: playing
2026-06-13 19:14:49, tokens_remaining: 1425, call: scores, phase: playing
2026-06-13 19:14:50, tokens_remaining: 1425, call: scores, phase: playing
2026-06-13 19:14:51, tokens_remaining: 1424, call: scores, phase: playing
2026-06-13 19:14:52, tokens_remaining: 1424, call: scores, phase: playing
2026-06-13 19:14:53, tokens_remaining: 1423, call: scores, phase: playing
2026-06-13 19:14:53, tokens_remaining: 1423, call: scores, phase: playing
2026-06-13 19:14:54, tokens_remaining: 1422, call: scores, phase: playing
2026-06-13 19:14:55, tokens_remaining: 1421, call: events, phase: playing
2026-06-13 19:14:56, tokens_remaining: 1420, call: scores, phase: playing
2026-06-13 19:14:57, tokens_remaining: 1420, call: scores, phase: playing
2026-06-13 19:14:57, tokens_remaining: 1419, call: scores, phase: playing
2026-06-13 19:14:58, tokens_remaining: 1419, call: scores, phase: playing
2026-06-13 19:14:59, tokens_remaining: 1418, call: scores, phase: playing
2026-06-13 19:15:00, tokens_remaining: 1418, call: scores, phase: playing
2026-06-13 19:15:01, tokens_remaining: 1417, call: scores, phase: playing
2026-06-13 19:15:01, tokens_remaining: 1417, call: scores, phase: playing
2026-06-13 19:15:02, tokens_remaining: 1416, call: scores, phase: playing
2026-06-13 19:15:03, tokens_remaining: 1415, call: events, phase: playing
2026-06-13 19:15:04, tokens_remaining: 1414, call: scores, phase: playing
2026-06-13 19:15:05, tokens_remaining: 1414, call: scores, phase: playing
2026-06-13 19:15:06, tokens_remaining: 1413, call: scores, phase: playing
2026-06-13 19:15:06, tokens_remaining: 1413, call: scores, phase: playing
2026-06-13 19:15:07, tokens_remaining: 1412, call: scores, phase: playing
2026-06-13 19:15:08, tokens_remaining: 1412, call: scores, phase: playing
2026-06-13 19:15:09, tokens_remaining: 1411, call: scores, phase: playing
2026-06-13 19:15:09, tokens_remaining: 1411, call: scores, phase: playing
2026-06-13 19:15:10, tokens_remaining: 1410, call: scores, phase: playing
2026-06-13 19:15:11, tokens_remaining: 1409, call: events, phase: playing
2026-06-13 19:15:12, tokens_remaining: 1408, call: scores, phase: playing
2026-06-13 19:15:13, tokens_remaining: 1408, call: scores, phase: playing
2026-06-13 19:15:15, tokens_remaining: 1407, call: scores, phase: playing
2026-06-13 19:15:15, tokens_remaining: 1407, call: scores, phase: playing
2026-06-13 19:15:16, tokens_remaining: 1406, call: scores, phase: playing
2026-06-13 19:15:17, tokens_remaining: 1406, call: scores, phase: playing
2026-06-13 19:15:18, tokens_remaining: 1405, call: scores, phase: playing
2026-06-13 19:15:18, tokens_remaining: 1405, call: scores, phase: playing
2026-06-13 19:15:19, tokens_remaining: 1404, call: scores, phase: playing
2026-06-13 19:15:20, tokens_remaining: 1403, call: events, phase: playing
2026-06-13 19:15:21, tokens_remaining: 1402, call: scores, phase: playing
2026-06-13 19:15:22, tokens_remaining: 1402, call: scores, phase: playing
2026-06-13 19:15:23, tokens_remaining: 1401, call: scores, phase: playing
2026-06-13 19:15:23, tokens_remaining: 1401, call: scores, phase: playing
2026-06-13 19:15:24, tokens_remaining: 1400, call: scores, phase: playing
2026-06-13 19:15:25, tokens_remaining: 1400, call: scores, phase: playing
2026-06-13 19:15:26, tokens_remaining: 1399, call: scores, phase: playing
2026-06-13 19:15:27, tokens_remaining: 1399, call: scores, phase: playing
2026-06-13 19:15:27, tokens_remaining: 1398, call: scores, phase: playing
2026-06-13 19:15:28, tokens_remaining: 1397, call: events, phase: playing
2026-06-13 19:15:29, tokens_remaining: 1396, call: scores, phase: playing
2026-06-13 19:15:30, tokens_remaining: 1396, call: scores, phase: playing
2026-06-13 19:15:31, tokens_remaining: 1395, call: scores, phase: playing
2026-06-13 19:15:31, tokens_remaining: 1395, call: scores, phase: playing
2026-06-13 19:15:32, tokens_remaining: 1394, call: scores, phase: playing
2026-06-13 19:15:33, tokens_remaining: 1394, call: scores, phase: playing
2026-06-13 19:15:34, tokens_remaining: 1393, call: scores, phase: playing
2026-06-13 19:15:34, tokens_remaining: 1393, call: scores, phase: playing
2026-06-13 19:15:35, tokens_remaining: 1392, call: scores, phase: playing
2026-06-13 19:15:36, tokens_remaining: 1391, call: events, phase: playing
2026-06-13 19:15:37, tokens_remaining: 1390, call: scores, phase: playing
2026-06-13 19:15:38, tokens_remaining: 1390, call: scores, phase: playing
2026-06-13 19:15:39, tokens_remaining: 1389, call: scores, phase: playing
2026-06-13 19:15:39, tokens_remaining: 1389, call: scores, phase: playing
2026-06-13 19:15:40, tokens_remaining: 1388, call: scores, phase: playing
2026-06-13 19:15:41, tokens_remaining: 1388, call: scores, phase: playing
2026-06-13 19:15:42, tokens_remaining: 1387, call: scores, phase: playing
2026-06-13 19:15:42, tokens_remaining: 1387, call: scores, phase: playing
2026-06-13 19:15:43, tokens_remaining: 1386, call: scores, phase: playing
2026-06-13 19:15:44, tokens_remaining: 1385, call: events, phase: playing
2026-06-13 19:15:45, tokens_remaining: 1384, call: scores, phase: playing
2026-06-13 19:15:46, tokens_remaining: 1384, call: scores, phase: playing
2026-06-13 19:15:47, tokens_remaining: 1383, call: scores, phase: playing
2026-06-13 19:15:47, tokens_remaining: 1383, call: scores, phase: playing
2026-06-13 19:15:48, tokens_remaining: 1382, call: scores, phase: playing
2026-06-13 19:15:49, tokens_remaining: 1382, call: scores, phase: playing
2026-06-13 19:15:50, tokens_remaining: 1381, call: scores, phase: playing
2026-06-13 19:15:50, tokens_remaining: 1381, call: scores, phase: playing
2026-06-13 19:15:51, tokens_remaining: 1380, call: scores, phase: playing
2026-06-13 19:15:52, tokens_remaining: 1379, call: events, phase: playing
2026-06-13 19:15:53, tokens_remaining: 1378, call: scores, phase: playing
2026-06-13 19:15:54, tokens_remaining: 1378, call: scores, phase: playing
2026-06-13 19:15:54, tokens_remaining: 1377, call: scores, phase: playing
2026-06-13 19:15:55, tokens_remaining: 1377, call: scores, phase: playing
2026-06-13 19:15:56, tokens_remaining: 1376, call: scores, phase: playing
2026-06-13 19:15:57, tokens_remaining: 1376, call: scores, phase: playing
2026-06-13 19:15:57, tokens_remaining: 1375, call: scores, phase: playing
2026-06-13 19:15:58, tokens_remaining: 1375, call: scores, phase: playing
2026-06-13 19:15:59, tokens_remaining: 1374, call: scores, phase: playing
2026-06-13 19:16:00, tokens_remaining: 1373, call: events, phase: playing
2026-06-13 19:16:01, tokens_remaining: 1372, call: scores, phase: playing
2026-06-13 19:16:01, tokens_remaining: 1372, call: scores, phase: playing
2026-06-13 19:16:02, tokens_remaining: 1371, call: scores, phase: playing
2026-06-13 19:16:03, tokens_remaining: 1371, call: scores, phase: playing
2026-06-13 19:16:04, tokens_remaining: 1370, call: scores, phase: playing
2026-06-13 19:16:05, tokens_remaining: 1370, call: scores, phase: playing
2026-06-13 19:16:05, tokens_remaining: 1369, call: scores, phase: playing
2026-06-13 19:16:06, tokens_remaining: 1369, call: scores, phase: playing
2026-06-13 19:16:07, tokens_remaining: 1368, call: scores, phase: playing
2026-06-13 19:16:08, tokens_remaining: 1367, call: events, phase: playing
2026-06-13 19:16:09, tokens_remaining: 1366, call: scores, phase: playing
2026-06-13 19:16:09, tokens_remaining: 1366, call: scores, phase: playing
2026-06-13 19:16:10, tokens_remaining: 1365, call: scores, phase: playing
2026-06-13 19:16:11, tokens_remaining: 1365, call: scores, phase: playing
2026-06-13 19:16:12, tokens_remaining: 1364, call: scores, phase: playing
2026-06-13 19:16:13, tokens_remaining: 1364, call: scores, phase: playing
2026-06-13 19:16:14, tokens_remaining: 1363, call: scores, phase: playing
2026-06-13 19:16:14, tokens_remaining: 1363, call: scores, phase: playing
2026-06-13 19:16:15, tokens_remaining: 1362, call: scores, phase: playing
2026-06-13 19:16:16, tokens_remaining: 1361, call: events, phase: playing
2026-06-13 19:16:17, tokens_remaining: 1360, call: scores, phase: playing
2026-06-13 19:16:17, tokens_remaining: 1360, call: scores, phase: playing
2026-06-13 19:16:18, tokens_remaining: 1359, call: scores, phase: playing
2026-06-13 19:16:19, tokens_remaining: 1359, call: scores, phase: playing
2026-06-13 19:16:20, tokens_remaining: 1358, call: scores, phase: playing
2026-06-13 19:16:20, tokens_remaining: 1358, call: scores, phase: playing
2026-06-13 19:16:21, tokens_remaining: 1357, call: scores, phase: playing
2026-06-13 19:16:22, tokens_remaining: 1357, call: scores, phase: playing
2026-06-13 19:16:23, tokens_remaining: 1356, call: scores, phase: playing
2026-06-13 19:16:24, tokens_remaining: 1355, call: events, phase: playing
2026-06-13 19:16:25, tokens_remaining: 1354, call: scores, phase: playing
2026-06-13 19:16:25, tokens_remaining: 1354, call: scores, phase: playing
2026-06-13 19:16:26, tokens_remaining: 1353, call: scores, phase: playing
2026-06-13 19:16:27, tokens_remaining: 1353, call: scores, phase: playing
2026-06-13 19:16:27, tokens_remaining: 1352, call: scores, phase: playing
2026-06-13 19:16:28, tokens_remaining: 1352, call: scores, phase: playing
2026-06-13 19:16:29, tokens_remaining: 1351, call: scores, phase: playing
2026-06-13 19:16:30, tokens_remaining: 1351, call: scores, phase: playing
2026-06-13 19:16:30, tokens_remaining: 1350, call: scores, phase: playing
2026-06-13 19:16:31, tokens_remaining: 1349, call: events, phase: playing
2026-06-13 19:16:32, tokens_remaining: 1348, call: scores, phase: playing
2026-06-13 19:16:33, tokens_remaining: 1348, call: scores, phase: playing
2026-06-13 19:16:34, tokens_remaining: 1347, call: scores, phase: playing
2026-06-13 19:16:34, tokens_remaining: 1347, call: scores, phase: playing
2026-06-13 19:16:35, tokens_remaining: 1346, call: scores, phase: playing
2026-06-13 19:16:36, tokens_remaining: 1346, call: scores, phase: playing
2026-06-13 19:16:37, tokens_remaining: 1345, call: scores, phase: playing
2026-06-13 19:16:37, tokens_remaining: 1345, call: scores, phase: playing
2026-06-13 19:16:38, tokens_remaining: 1344, call: scores, phase: playing
2026-06-13 19:16:39, tokens_remaining: 1343, call: events, phase: playing
2026-06-13 19:16:40, tokens_remaining: 1342, call: scores, phase: playing
2026-06-13 19:16:41, tokens_remaining: 1342, call: scores, phase: playing
2026-06-13 19:16:42, tokens_remaining: 1341, call: scores, phase: playing
2026-06-13 19:16:42, tokens_remaining: 1341, call: scores, phase: playing
2026-06-13 19:16:43, tokens_remaining: 1340, call: scores, phase: playing
2026-06-13 19:16:44, tokens_remaining: 1340, call: scores, phase: playing
2026-06-13 19:16:44, tokens_remaining: 1339, call: scores, phase: playing
2026-06-13 19:16:45, tokens_remaining: 1339, call: scores, phase: playing
2026-06-13 19:16:46, tokens_remaining: 1338, call: scores, phase: playing
2026-06-13 19:16:47, tokens_remaining: 1337, call: events, phase: playing
2026-06-13 19:16:48, tokens_remaining: 1336, call: scores, phase: playing
2026-06-13 19:16:48, tokens_remaining: 1336, call: scores, phase: playing
2026-06-13 19:16:49, tokens_remaining: 1335, call: scores, phase: playing
2026-06-13 19:16:50, tokens_remaining: 1335, call: scores, phase: playing
2026-06-13 19:16:51, tokens_remaining: 1334, call: scores, phase: playing
2026-06-13 19:16:51, tokens_remaining: 1334, call: scores, phase: playing
2026-06-13 19:16:52, tokens_remaining: 1333, call: scores, phase: playing
2026-06-13 19:16:53, tokens_remaining: 1333, call: scores, phase: playing
2026-06-13 19:16:53, tokens_remaining: 1332, call: scores, phase: playing
2026-06-13 19:16:54, tokens_remaining: 1331, call: events, phase: playing
2026-06-13 19:16:55, tokens_remaining: 1330, call: scores, phase: playing
2026-06-13 19:16:56, tokens_remaining: 1330, call: scores, phase: playing
2026-06-13 19:16:57, tokens_remaining: 1329, call: scores, phase: playing
2026-06-13 19:16:57, tokens_remaining: 1329, call: scores, phase: playing
2026-06-13 19:16:58, tokens_remaining: 1328, call: scores, phase: playing
2026-06-13 19:16:59, tokens_remaining: 1328, call: scores, phase: playing
2026-06-13 19:17:00, tokens_remaining: 1327, call: scores, phase: playing
2026-06-13 19:17:00, tokens_remaining: 1327, call: scores, phase: playing
2026-06-13 19:17:01, tokens_remaining: 1326, call: scores, phase: playing
2026-06-13 19:17:02, tokens_remaining: 1325, call: events, phase: playing
2026-06-13 19:17:03, tokens_remaining: 1324, call: scores, phase: playing
2026-06-13 19:17:03, tokens_remaining: 1324, call: scores, phase: playing
2026-06-13 19:17:04, tokens_remaining: 1323, call: scores, phase: playing
2026-06-13 19:17:05, tokens_remaining: 1323, call: scores, phase: playing
2026-06-13 19:17:06, tokens_remaining: 1322, call: scores, phase: playing
2026-06-13 19:17:06, tokens_remaining: 1322, call: scores, phase: playing
2026-06-13 19:17:07, tokens_remaining: 1321, call: scores, phase: playing
2026-06-13 19:17:08, tokens_remaining: 1321, call: scores, phase: playing
2026-06-13 19:17:09, tokens_remaining: 1320, call: scores, phase: playing
2026-06-13 19:17:10, tokens_remaining: 1319, call: events, phase: playing
2026-06-13 19:17:11, tokens_remaining: 1318, call: scores, phase: playing
2026-06-13 19:17:11, tokens_remaining: 1318, call: scores, phase: playing
2026-06-13 19:17:12, tokens_remaining: 1317, call: scores, phase: playing
2026-06-13 19:17:13, tokens_remaining: 1317, call: scores, phase: playing
2026-06-13 19:17:14, tokens_remaining: 1316, call: scores, phase: playing
2026-06-13 19:17:14, tokens_remaining: 1316, call: scores, phase: playing
2026-06-13 19:17:15, tokens_remaining: 1315, call: scores, phase: playing
2026-06-13 19:17:16, tokens_remaining: 1315, call: scores, phase: playing
2026-06-13 19:17:17, tokens_remaining: 1314, call: scores, phase: playing
2026-06-13 19:17:18, tokens_remaining: 1313, call: events, phase: playing
2026-06-13 19:17:18, tokens_remaining: 1312, call: scores, phase: playing
2026-06-13 19:17:19, tokens_remaining: 1312, call: scores, phase: playing
2026-06-13 19:17:20, tokens_remaining: 1311, call: scores, phase: playing
2026-06-13 19:17:20, tokens_remaining: 1311, call: scores, phase: playing
2026-06-13 19:17:21, tokens_remaining: 1310, call: scores, phase: playing
2026-06-13 19:17:22, tokens_remaining: 1310, call: scores, phase: playing
2026-06-13 19:17:23, tokens_remaining: 1309, call: scores, phase: playing
2026-06-13 19:17:23, tokens_remaining: 1309, call: scores, phase: playing
2026-06-13 19:17:24, tokens_remaining: 1308, call: scores, phase: playing
2026-06-13 19:17:25, tokens_remaining: 1307, call: events, phase: playing
2026-06-13 19:17:26, tokens_remaining: 1306, call: scores, phase: playing
2026-06-13 19:17:26, tokens_remaining: 1306, call: scores, phase: playing
2026-06-13 19:17:27, tokens_remaining: 1305, call: scores, phase: playing
2026-06-13 19:17:28, tokens_remaining: 1305, call: scores, phase: playing
2026-06-13 19:17:29, tokens_remaining: 1304, call: scores, phase: playing
2026-06-13 19:17:29, tokens_remaining: 1304, call: scores, phase: playing
2026-06-13 19:17:30, tokens_remaining: 1303, call: scores, phase: playing
2026-06-13 19:17:31, tokens_remaining: 1303, call: scores, phase: playing
2026-06-13 19:17:31, tokens_remaining: 1302, call: scores, phase: playing
2026-06-13 19:17:32, tokens_remaining: 1301, call: events, phase: playing
2026-06-13 19:17:33, tokens_remaining: 1300, call: scores, phase: playing
2026-06-13 19:17:34, tokens_remaining: 1300, call: scores, phase: playing
2026-06-13 19:17:35, tokens_remaining: 1299, call: scores, phase: playing
2026-06-13 19:17:35, tokens_remaining: 1299, call: scores, phase: playing
2026-06-13 19:17:36, tokens_remaining: 1298, call: scores, phase: playing
2026-06-13 19:17:37, tokens_remaining: 1298, call: scores, phase: playing
2026-06-13 19:17:37, tokens_remaining: 1297, call: scores, phase: playing
2026-06-13 19:17:38, tokens_remaining: 1297, call: scores, phase: playing
2026-06-13 19:17:39, tokens_remaining: 1296, call: scores, phase: playing
2026-06-13 19:17:40, tokens_remaining: 1295, call: events, phase: playing
2026-06-13 19:17:41, tokens_remaining: 1294, call: scores, phase: playing
2026-06-13 19:17:41, tokens_remaining: 1294, call: scores, phase: playing
2026-06-13 19:17:42, tokens_remaining: 1293, call: scores, phase: playing
2026-06-13 19:17:43, tokens_remaining: 1293, call: scores, phase: playing
2026-06-13 19:17:43, tokens_remaining: 1292, call: scores, phase: playing
2026-06-13 19:17:44, tokens_remaining: 1292, call: scores, phase: playing
2026-06-13 19:17:45, tokens_remaining: 1291, call: scores, phase: playing
2026-06-13 19:17:45, tokens_remaining: 1291, call: scores, phase: playing
2026-06-13 19:17:46, tokens_remaining: 1290, call: scores, phase: playing
2026-06-13 19:17:47, tokens_remaining: 1289, call: events, phase: playing
2026-06-13 19:17:48, tokens_remaining: 1288, call: scores, phase: playing
2026-06-13 19:17:48, tokens_remaining: 1288, call: scores, phase: playing
2026-06-13 19:17:49, tokens_remaining: 1287, call: scores, phase: playing
2026-06-13 19:17:50, tokens_remaining: 1287, call: scores, phase: playing
2026-06-13 19:17:51, tokens_remaining: 1286, call: scores, phase: playing
2026-06-13 19:17:51, tokens_remaining: 1286, call: scores, phase: playing
2026-06-13 19:17:52, tokens_remaining: 1285, call: scores, phase: playing
2026-06-13 19:17:53, tokens_remaining: 1285, call: scores, phase: playing
2026-06-13 19:17:53, tokens_remaining: 1284, call: scores, phase: playing
2026-06-13 19:17:54, tokens_remaining: 1283, call: events, phase: playing
2026-06-13 19:17:55, tokens_remaining: 1282, call: scores, phase: playing
2026-06-13 19:17:56, tokens_remaining: 1282, call: scores, phase: playing
2026-06-13 19:17:56, tokens_remaining: 1281, call: scores, phase: playing
2026-06-13 19:17:57, tokens_remaining: 1281, call: scores, phase: playing
2026-06-13 19:17:58, tokens_remaining: 1280, call: scores, phase: playing
2026-06-13 19:17:58, tokens_remaining: 1280, call: scores, phase: playing
2026-06-13 19:17:59, tokens_remaining: 1279, call: scores, phase: playing
2026-06-13 19:18:00, tokens_remaining: 1279, call: scores, phase: playing
2026-06-13 19:18:01, tokens_remaining: 1278, call: scores, phase: playing
2026-06-13 19:18:01, tokens_remaining: 1277, call: events, phase: playing
2026-06-13 19:18:02, tokens_remaining: 1276, call: scores, phase: playing
2026-06-13 19:18:03, tokens_remaining: 1276, call: scores, phase: playing
2026-06-13 19:18:04, tokens_remaining: 1275, call: scores, phase: playing
2026-06-13 19:18:04, tokens_remaining: 1275, call: scores, phase: playing
2026-06-13 19:18:05, tokens_remaining: 1274, call: scores, phase: playing
2026-06-13 19:18:06, tokens_remaining: 1274, call: scores, phase: playing
2026-06-13 19:18:06, tokens_remaining: 1273, call: scores, phase: playing
2026-06-13 19:18:07, tokens_remaining: 1273, call: scores, phase: playing
2026-06-13 19:18:08, tokens_remaining: 1272, call: scores, phase: playing
2026-06-13 19:18:09, tokens_remaining: 1271, call: events, phase: playing
2026-06-13 19:18:10, tokens_remaining: 1270, call: scores, phase: playing
2026-06-13 19:18:10, tokens_remaining: 1270, call: scores, phase: playing
2026-06-13 19:18:11, tokens_remaining: 1269, call: scores, phase: playing
2026-06-13 19:18:12, tokens_remaining: 1269, call: scores, phase: playing
2026-06-13 19:18:12, tokens_remaining: 1268, call: scores, phase: playing
2026-06-13 19:18:13, tokens_remaining: 1268, call: scores, phase: playing
2026-06-13 19:18:14, tokens_remaining: 1267, call: scores, phase: playing
2026-06-13 19:18:14, tokens_remaining: 1267, call: scores, phase: playing
2026-06-13 19:18:15, tokens_remaining: 1266, call: scores, phase: playing
2026-06-13 19:18:16, tokens_remaining: 1265, call: events, phase: playing
2026-06-13 19:18:17, tokens_remaining: 1264, call: scores, phase: playing
2026-06-13 19:18:17, tokens_remaining: 1264, call: scores, phase: playing
2026-06-13 19:18:18, tokens_remaining: 1263, call: scores, phase: playing
2026-06-13 19:18:19, tokens_remaining: 1263, call: scores, phase: playing
2026-06-13 19:18:20, tokens_remaining: 1262, call: scores, phase: playing
2026-06-13 19:18:20, tokens_remaining: 1262, call: scores, phase: playing
2026-06-13 19:18:21, tokens_remaining: 1261, call: scores, phase: playing
2026-06-13 19:18:22, tokens_remaining: 1261, call: scores, phase: playing
2026-06-13 19:18:22, tokens_remaining: 1260, call: scores, phase: playing
2026-06-13 19:18:23, tokens_remaining: 1259, call: events, phase: playing
2026-06-13 19:18:24, tokens_remaining: 1258, call: scores, phase: playing
2026-06-13 19:18:25, tokens_remaining: 1258, call: scores, phase: playing
2026-06-13 19:18:25, tokens_remaining: 1257, call: scores, phase: playing
2026-06-13 19:18:26, tokens_remaining: 1257, call: scores, phase: playing
2026-06-13 19:18:27, tokens_remaining: 1256, call: scores, phase: playing
2026-06-13 19:18:27, tokens_remaining: 1256, call: scores, phase: playing
2026-06-13 19:18:28, tokens_remaining: 1255, call: scores, phase: playing
2026-06-13 19:18:29, tokens_remaining: 1255, call: scores, phase: playing
2026-06-13 19:18:29, tokens_remaining: 1254, call: scores, phase: playing
2026-06-13 19:18:30, tokens_remaining: 1253, call: events, phase: playing
2026-06-13 19:18:31, tokens_remaining: 1252, call: scores, phase: playing
2026-06-13 19:18:32, tokens_remaining: 1252, call: scores, phase: playing
2026-06-13 19:18:32, tokens_remaining: 1251, call: scores, phase: playing
2026-06-13 19:18:33, tokens_remaining: 1251, call: scores, phase: playing
2026-06-13 19:18:34, tokens_remaining: 1250, call: scores, phase: playing
2026-06-13 19:18:34, tokens_remaining: 1250, call: scores, phase: playing
2026-06-13 19:18:35, tokens_remaining: 1249, call: scores, phase: playing
2026-06-13 19:18:36, tokens_remaining: 1249, call: scores, phase: playing
2026-06-13 19:18:37, tokens_remaining: 1248, call: scores, phase: playing
2026-06-13 19:18:37, tokens_remaining: 1247, call: events, phase: playing
2026-06-13 19:18:38, tokens_remaining: 1246, call: scores, phase: playing
2026-06-13 19:18:39, tokens_remaining: 1246, call: scores, phase: playing
2026-06-13 19:18:40, tokens_remaining: 1245, call: scores, phase: playing
2026-06-13 19:18:40, tokens_remaining: 1245, call: scores, phase: playing
2026-06-13 19:18:41, tokens_remaining: 1244, call: scores, phase: playing
2026-06-13 19:18:41, tokens_remaining: 1244, call: scores, phase: playing
2026-06-13 19:18:42, tokens_remaining: 1243, call: scores, phase: playing
2026-06-13 19:18:43, tokens_remaining: 1243, call: scores, phase: playing
2026-06-13 19:18:44, tokens_remaining: 1242, call: scores, phase: playing
2026-06-13 19:18:44, tokens_remaining: 1241, call: events, phase: playing
2026-06-13 19:18:45, tokens_remaining: 1240, call: scores, phase: playing
2026-06-13 19:18:46, tokens_remaining: 1240, call: scores, phase: playing
2026-06-13 19:18:47, tokens_remaining: 1239, call: scores, phase: playing
2026-06-13 19:18:47, tokens_remaining: 1239, call: scores, phase: playing
2026-06-13 19:18:48, tokens_remaining: 1238, call: scores, phase: playing
2026-06-13 19:18:49, tokens_remaining: 1238, call: scores, phase: playing
2026-06-13 19:18:49, tokens_remaining: 1237, call: scores, phase: playing
2026-06-13 19:18:50, tokens_remaining: 1237, call: scores, phase: playing
2026-06-13 19:18:51, tokens_remaining: 1236, call: scores, phase: playing
2026-06-13 19:18:52, tokens_remaining: 1235, call: events, phase: playing
2026-06-13 19:18:52, tokens_remaining: 1234, call: scores, phase: playing
2026-06-13 19:18:53, tokens_remaining: 1234, call: scores, phase: playing
2026-06-13 19:18:54, tokens_remaining: 1233, call: scores, phase: playing
2026-06-13 19:18:54, tokens_remaining: 1233, call: scores, phase: playing
2026-06-13 19:18:55, tokens_remaining: 1232, call: scores, phase: playing
2026-06-13 19:18:56, tokens_remaining: 1232, call: scores, phase: playing
2026-06-13 19:18:56, tokens_remaining: 1231, call: scores, phase: playing
2026-06-13 19:18:57, tokens_remaining: 1231, call: scores, phase: playing
2026-06-13 19:18:58, tokens_remaining: 1230, call: scores, phase: playing
2026-06-13 19:18:59, tokens_remaining: 1229, call: events, phase: playing
2026-06-13 19:18:59, tokens_remaining: 1228, call: scores, phase: playing
2026-06-13 19:19:00, tokens_remaining: 1228, call: scores, phase: playing
2026-06-13 19:19:01, tokens_remaining: 1227, call: scores, phase: playing
2026-06-13 19:19:01, tokens_remaining: 1227, call: scores, phase: playing
2026-06-13 19:19:02, tokens_remaining: 1226, call: scores, phase: playing
2026-06-13 19:19:03, tokens_remaining: 1226, call: scores, phase: playing
2026-06-13 19:19:03, tokens_remaining: 1225, call: scores, phase: playing
2026-06-13 19:19:04, tokens_remaining: 1225, call: scores, phase: playing
2026-06-13 19:19:05, tokens_remaining: 1224, call: scores, phase: playing
2026-06-13 19:19:06, tokens_remaining: 1223, call: events, phase: playing
2026-06-13 19:19:06, tokens_remaining: 1222, call: scores, phase: playing
2026-06-13 19:19:07, tokens_remaining: 1222, call: scores, phase: playing
2026-06-13 19:19:08, tokens_remaining: 1221, call: scores, phase: playing
2026-06-13 19:19:08, tokens_remaining: 1221, call: scores, phase: playing
2026-06-13 19:19:09, tokens_remaining: 1220, call: scores, phase: playing
2026-06-13 19:19:09, tokens_remaining: 1220, call: scores, phase: playing
2026-06-13 19:19:10, tokens_remaining: 1219, call: scores, phase: playing
2026-06-13 19:19:11, tokens_remaining: 1219, call: scores, phase: playing
2026-06-13 19:19:12, tokens_remaining: 1218, call: scores, phase: playing
2026-06-13 19:19:12, tokens_remaining: 1217, call: events, phase: playing
2026-06-13 19:19:13, tokens_remaining: 1216, call: scores, phase: playing
2026-06-13 19:19:14, tokens_remaining: 1216, call: scores, phase: playing
2026-06-13 19:19:15, tokens_remaining: 1215, call: scores, phase: playing
2026-06-13 19:19:15, tokens_remaining: 1215, call: scores, phase: playing
2026-06-13 19:19:16, tokens_remaining: 1214, call: scores, phase: playing
2026-06-13 19:19:16, tokens_remaining: 1214, call: scores, phase: playing
2026-06-13 19:19:17, tokens_remaining: 1213, call: scores, phase: playing
2026-06-13 19:19:18, tokens_remaining: 1213, call: scores, phase: playing
2026-06-13 19:19:18, tokens_remaining: 1212, call: scores, phase: playing
2026-06-13 19:19:19, tokens_remaining: 1211, call: events, phase: playing
2026-06-13 19:19:20, tokens_remaining: 1210, call: scores, phase: playing
2026-06-13 19:19:21, tokens_remaining: 1210, call: scores, phase: playing
2026-06-13 19:19:21, tokens_remaining: 1209, call: scores, phase: playing
2026-06-13 19:19:22, tokens_remaining: 1209, call: scores, phase: playing
2026-06-13 19:19:23, tokens_remaining: 1208, call: scores, phase: playing
2026-06-13 19:19:23, tokens_remaining: 1208, call: scores, phase: playing
2026-06-13 19:19:24, tokens_remaining: 1207, call: scores, phase: playing
2026-06-13 19:19:24, tokens_remaining: 1207, call: scores, phase: playing
2026-06-13 19:19:25, tokens_remaining: 1206, call: scores, phase: playing
2026-06-13 19:19:26, tokens_remaining: 1205, call: events, phase: playing
2026-06-13 19:19:27, tokens_remaining: 1204, call: scores, phase: playing
2026-06-13 19:19:27, tokens_remaining: 1204, call: scores, phase: playing
2026-06-13 19:19:28, tokens_remaining: 1203, call: scores, phase: playing
2026-06-13 19:19:29, tokens_remaining: 1203, call: scores, phase: playing
2026-06-13 19:19:29, tokens_remaining: 1202, call: scores, phase: playing
2026-06-13 19:19:30, tokens_remaining: 1202, call: scores, phase: playing
2026-06-13 19:19:31, tokens_remaining: 1201, call: scores, phase: playing
2026-06-13 19:19:31, tokens_remaining: 1201, call: scores, phase: playing
2026-06-13 19:19:32, tokens_remaining: 1200, call: scores, phase: playing
2026-06-13 19:19:33, tokens_remaining: 1199, call: events, phase: playing
2026-06-13 19:19:34, tokens_remaining: 1198, call: scores, phase: playing
2026-06-13 19:19:34, tokens_remaining: 1198, call: scores, phase: playing
2026-06-13 19:19:35, tokens_remaining: 1197, call: scores, phase: playing
2026-06-13 19:19:35, tokens_remaining: 1197, call: scores, phase: playing
2026-06-13 19:19:36, tokens_remaining: 1196, call: scores, phase: playing
2026-06-13 19:19:37, tokens_remaining: 1196, call: scores, phase: playing
2026-06-13 19:19:38, tokens_remaining: 1195, call: scores, phase: playing
2026-06-13 19:19:38, tokens_remaining: 1195, call: scores, phase: playing
2026-06-13 19:19:39, tokens_remaining: 1194, call: scores, phase: playing
2026-06-13 19:19:40, tokens_remaining: 1193, call: events, phase: playing
2026-06-13 19:19:40, tokens_remaining: 1192, call: scores, phase: playing
2026-06-13 19:19:41, tokens_remaining: 1192, call: scores, phase: playing
2026-06-13 19:19:42, tokens_remaining: 1191, call: scores, phase: playing
2026-06-13 19:19:42, tokens_remaining: 1191, call: scores, phase: playing
2026-06-13 19:19:43, tokens_remaining: 1190, call: scores, phase: playing
2026-06-13 19:19:43, tokens_remaining: 1190, call: scores, phase: playing
2026-06-13 19:19:44, tokens_remaining: 1189, call: scores, phase: playing
2026-06-13 19:19:45, tokens_remaining: 1189, call: scores, phase: playing
2026-06-13 19:19:46, tokens_remaining: 1188, call: scores, phase: playing
2026-06-13 19:19:46, tokens_remaining: 1187, call: events, phase: playing
2026-06-13 19:19:47, tokens_remaining: 1186, call: scores, phase: playing
2026-06-13 19:19:48, tokens_remaining: 1186, call: scores, phase: playing
2026-06-13 19:19:48, tokens_remaining: 1185, call: scores, phase: playing
2026-06-13 19:19:49, tokens_remaining: 1185, call: scores, phase: playing
2026-06-13 19:19:50, tokens_remaining: 1184, call: scores, phase: playing
2026-06-13 19:19:50, tokens_remaining: 1184, call: scores, phase: playing
2026-06-13 19:19:51, tokens_remaining: 1183, call: scores, phase: playing
2026-06-13 19:19:51, tokens_remaining: 1183, call: scores, phase: playing
2026-06-13 19:19:52, tokens_remaining: 1182, call: scores, phase: playing
2026-06-13 19:19:53, tokens_remaining: 1181, call: events, phase: playing
2026-06-13 19:19:54, tokens_remaining: 1180, call: scores, phase: playing
2026-06-13 19:19:54, tokens_remaining: 1180, call: scores, phase: playing
2026-06-13 19:19:55, tokens_remaining: 1179, call: scores, phase: playing
2026-06-13 19:19:56, tokens_remaining: 1179, call: scores, phase: playing
2026-06-13 19:19:56, tokens_remaining: 1178, call: scores, phase: playing
2026-06-13 19:19:57, tokens_remaining: 1178, call: scores, phase: playing
2026-06-13 19:19:58, tokens_remaining: 1177, call: scores, phase: playing
2026-06-13 19:19:58, tokens_remaining: 1177, call: scores, phase: playing
2026-06-13 19:19:59, tokens_remaining: 1176, call: scores, phase: playing
2026-06-13 19:20:00, tokens_remaining: 1175, call: events, phase: playing
2026-06-13 19:20:01, tokens_remaining: 1174, call: scores, phase: playing
2026-06-13 19:20:01, tokens_remaining: 1174, call: scores, phase: playing
2026-06-13 19:20:02, tokens_remaining: 1173, call: scores, phase: playing
2026-06-13 19:20:03, tokens_remaining: 1173, call: scores, phase: playing
2026-06-13 19:20:03, tokens_remaining: 1172, call: scores, phase: playing
2026-06-13 19:20:04, tokens_remaining: 1172, call: scores, phase: playing
2026-06-13 19:20:05, tokens_remaining: 1171, call: scores, phase: playing
2026-06-13 19:20:05, tokens_remaining: 1171, call: scores, phase: playing
2026-06-13 19:20:06, tokens_remaining: 1170, call: scores, phase: playing
2026-06-13 19:20:07, tokens_remaining: 1169, call: events, phase: playing
2026-06-13 19:20:07, tokens_remaining: 1168, call: scores, phase: playing
2026-06-13 19:20:08, tokens_remaining: 1168, call: scores, phase: playing
2026-06-13 19:20:09, tokens_remaining: 1167, call: scores, phase: playing
2026-06-13 19:20:09, tokens_remaining: 1167, call: scores, phase: playing
2026-06-13 19:20:10, tokens_remaining: 1166, call: scores, phase: playing
2026-06-13 19:20:10, tokens_remaining: 1166, call: scores, phase: playing
2026-06-13 19:20:11, tokens_remaining: 1165, call: scores, phase: playing
2026-06-13 19:20:12, tokens_remaining: 1165, call: scores, phase: playing
2026-06-13 19:20:12, tokens_remaining: 1164, call: scores, phase: playing
2026-06-13 19:20:13, tokens_remaining: 1163, call: events, phase: playing
2026-06-13 19:20:14, tokens_remaining: 1162, call: scores, phase: playing
2026-06-13 19:20:15, tokens_remaining: 1162, call: scores, phase: playing
2026-06-13 19:20:15, tokens_remaining: 1161, call: scores, phase: playing
2026-06-13 19:20:16, tokens_remaining: 1161, call: scores, phase: playing
2026-06-13 19:20:17, tokens_remaining: 1160, call: scores, phase: playing
2026-06-13 19:20:17, tokens_remaining: 1160, call: scores, phase: playing
2026-06-13 19:20:18, tokens_remaining: 1160, call: scores, phase: playing
2026-06-13 19:20:18, tokens_remaining: 1159, call: scores, phase: playing
2026-06-13 19:20:19, tokens_remaining: 1159, call: scores, phase: playing
2026-06-13 19:20:20, tokens_remaining: 1158, call: events, phase: playing
2026-06-13 19:20:20, tokens_remaining: 1157, call: scores, phase: playing
2026-06-13 19:20:21, tokens_remaining: 1157, call: scores, phase: playing
2026-06-13 19:20:22, tokens_remaining: 1156, call: scores, phase: playing
2026-06-13 19:20:22, tokens_remaining: 1156, call: scores, phase: playing
2026-06-13 19:20:23, tokens_remaining: 1156, call: scores, phase: playing
2026-06-13 19:20:23, tokens_remaining: 1155, call: scores, phase: playing
2026-06-13 19:20:24, tokens_remaining: 1155, call: scores, phase: playing
2026-06-13 19:20:24, tokens_remaining: 1155, call: scores, phase: playing
2026-06-13 19:20:25, tokens_remaining: 1154, call: scores, phase: playing
2026-06-13 19:20:26, tokens_remaining: 1153, call: events, phase: playing
2026-06-13 19:20:27, tokens_remaining: 1152, call: scores, phase: playing
2026-06-13 19:20:27, tokens_remaining: 1152, call: scores, phase: playing
2026-06-13 19:20:28, tokens_remaining: 1151, call: scores, phase: playing
2026-06-13 19:20:28, tokens_remaining: 1151, call: scores, phase: playing
2026-06-13 19:20:29, tokens_remaining: 1150, call: scores, phase: playing
2026-06-13 19:20:30, tokens_remaining: 1150, call: scores, phase: playing
2026-06-13 19:20:30, tokens_remaining: 1150, call: scores, phase: playing
2026-06-13 19:20:31, tokens_remaining: 1149, call: scores, phase: playing
2026-06-13 19:20:31, tokens_remaining: 1149, call: scores, phase: playing
2026-06-13 19:20:32, tokens_remaining: 1148, call: events, phase: playing
2026-06-13 19:20:33, tokens_remaining: 1147, call: scores, phase: playing
2026-06-13 19:20:33, tokens_remaining: 1147, call: scores, phase: playing
2026-06-13 19:20:34, tokens_remaining: 1146, call: scores, phase: playing
2026-06-13 19:20:35, tokens_remaining: 1146, call: scores, phase: playing
2026-06-13 19:20:35, tokens_remaining: 1146, call: scores, phase: playing
2026-06-13 19:20:36, tokens_remaining: 1145, call: scores, phase: playing
2026-06-13 19:20:37, tokens_remaining: 1145, call: scores, phase: playing
2026-06-13 19:20:37, tokens_remaining: 1144, call: scores, phase: playing
2026-06-13 19:20:38, tokens_remaining: 1144, call: scores, phase: playing
2026-06-13 19:20:39, tokens_remaining: 1143, call: events, phase: playing
2026-06-13 19:20:39, tokens_remaining: 1142, call: scores, phase: playing
2026-06-13 19:20:40, tokens_remaining: 1142, call: scores, phase: playing
2026-06-13 19:20:40, tokens_remaining: 1142, call: scores, phase: playing
2026-06-13 19:20:41, tokens_remaining: 1141, call: scores, phase: playing
2026-06-13 19:20:42, tokens_remaining: 1141, call: scores, phase: playing
2026-06-13 19:20:42, tokens_remaining: 1141, call: scores, phase: playing
2026-06-13 19:20:43, tokens_remaining: 1140, call: scores, phase: playing
2026-06-13 19:20:43, tokens_remaining: 1140, call: scores, phase: playing
2026-06-13 19:20:44, tokens_remaining: 1140, call: scores, phase: playing
2026-06-13 19:20:45, tokens_remaining: 1139, call: events, phase: playing
2026-06-13 19:20:45, tokens_remaining: 1138, call: scores, phase: playing
2026-06-13 19:20:46, tokens_remaining: 1138, call: scores, phase: playing
2026-06-13 19:20:46, tokens_remaining: 1138, call: scores, phase: playing
2026-06-13 19:20:47, tokens_remaining: 1137, call: scores, phase: playing
2026-06-13 19:20:47, tokens_remaining: 1137, call: scores, phase: playing
2026-06-13 19:20:48, tokens_remaining: 1137, call: scores, phase: playing
2026-06-13 19:20:49, tokens_remaining: 1136, call: scores, phase: playing
2026-06-13 19:20:49, tokens_remaining: 1136, call: scores, phase: playing
2026-06-13 19:20:50, tokens_remaining: 1136, call: scores, phase: playing
2026-06-13 19:20:50, tokens_remaining: 1135, call: events, phase: playing
2026-06-13 19:20:51, tokens_remaining: 1134, call: scores, phase: playing
2026-06-13 19:20:52, tokens_remaining: 1134, call: scores, phase: playing
2026-06-13 19:20:52, tokens_remaining: 1134, call: scores, phase: playing
2026-06-13 19:20:53, tokens_remaining: 1133, call: scores, phase: playing
2026-06-13 19:20:53, tokens_remaining: 1133, call: scores, phase: playing
2026-06-13 19:20:54, tokens_remaining: 1133, call: scores, phase: playing
2026-06-13 19:20:55, tokens_remaining: 1132, call: scores, phase: playing
2026-06-13 19:20:55, tokens_remaining: 1132, call: scores, phase: playing
2026-06-13 19:20:55, tokens_remaining: 1132, call: scores, phase: playing
2026-06-13 19:20:56, tokens_remaining: 1131, call: events, phase: playing
2026-06-13 19:20:57, tokens_remaining: 1130, call: scores, phase: playing
2026-06-13 19:20:57, tokens_remaining: 1130, call: scores, phase: playing
2026-06-13 19:20:58, tokens_remaining: 1130, call: scores, phase: playing
2026-06-13 19:20:59, tokens_remaining: 1129, call: scores, phase: playing
2026-06-13 19:20:59, tokens_remaining: 1129, call: scores, phase: playing
2026-06-13 19:21:00, tokens_remaining: 1129, call: scores, phase: playing
2026-06-13 19:21:00, tokens_remaining: 1128, call: scores, phase: playing
2026-06-13 19:21:01, tokens_remaining: 1128, call: scores, phase: playing
2026-06-13 19:21:01, tokens_remaining: 1128, call: scores, phase: playing
2026-06-13 19:21:02, tokens_remaining: 1127, call: events, phase: playing
2026-06-13 19:21:03, tokens_remaining: 1126, call: scores, phase: playing
2026-06-13 19:21:03, tokens_remaining: 1126, call: scores, phase: playing
2026-06-13 19:21:04, tokens_remaining: 1126, call: scores, phase: playing
2026-06-13 19:21:04, tokens_remaining: 1125, call: scores, phase: playing
2026-06-13 19:21:05, tokens_remaining: 1125, call: scores, phase: playing
2026-06-13 19:21:05, tokens_remaining: 1125, call: scores, phase: playing
2026-06-13 19:21:06, tokens_remaining: 1124, call: scores, phase: playing
2026-06-13 19:21:07, tokens_remaining: 1124, call: scores, phase: playing
2026-06-13 19:21:07, tokens_remaining: 1124, call: scores, phase: playing
2026-06-13 19:21:08, tokens_remaining: 1123, call: events, phase: playing
2026-06-13 19:21:09, tokens_remaining: 1122, call: scores, phase: playing
2026-06-13 19:21:09, tokens_remaining: 1122, call: scores, phase: playing
2026-06-13 19:21:09, tokens_remaining: 1122, call: scores, phase: playing
2026-06-13 19:21:10, tokens_remaining: 1121, call: scores, phase: playing
2026-06-13 19:21:11, tokens_remaining: 1121, call: scores, phase: playing
2026-06-13 19:21:11, tokens_remaining: 1121, call: scores, phase: playing
2026-06-13 19:21:12, tokens_remaining: 1120, call: scores, phase: playing
2026-06-13 19:21:12, tokens_remaining: 1120, call: scores, phase: playing
2026-06-13 19:21:13, tokens_remaining: 1120, call: scores, phase: playing
2026-06-13 19:21:13, tokens_remaining: 1119, call: events, phase: playing
2026-06-13 19:21:14, tokens_remaining: 1118, call: scores, phase: playing
2026-06-13 19:21:15, tokens_remaining: 1118, call: scores, phase: playing
2026-06-13 19:21:15, tokens_remaining: 1118, call: scores, phase: playing
2026-06-13 19:21:16, tokens_remaining: 1117, call: scores, phase: playing
2026-06-13 19:21:16, tokens_remaining: 1117, call: scores, phase: playing
2026-06-13 19:21:17, tokens_remaining: 1117, call: scores, phase: playing
2026-06-13 19:21:17, tokens_remaining: 1116, call: scores, phase: playing
2026-06-13 19:21:18, tokens_remaining: 1116, call: scores, phase: playing
2026-06-13 19:21:18, tokens_remaining: 1116, call: scores, phase: playing
2026-06-13 19:21:19, tokens_remaining: 1115, call: events, phase: playing
2026-06-13 19:21:20, tokens_remaining: 1114, call: scores, phase: playing
2026-06-13 19:21:20, tokens_remaining: 1114, call: scores, phase: playing
2026-06-13 19:21:21, tokens_remaining: 1114, call: scores, phase: playing
2026-06-13 19:21:21, tokens_remaining: 1113, call: scores, phase: playing
2026-06-13 19:21:22, tokens_remaining: 1113, call: scores, phase: playing
2026-06-13 19:21:22, tokens_remaining: 1113, call: scores, phase: playing
2026-06-13 19:21:23, tokens_remaining: 1112, call: scores, phase: playing
2026-06-13 19:21:23, tokens_remaining: 1112, call: scores, phase: playing
2026-06-13 19:21:24, tokens_remaining: 1112, call: scores, phase: playing
2026-06-13 19:21:25, tokens_remaining: 1111, call: events, phase: playing
2026-06-13 19:21:25, tokens_remaining: 1110, call: scores, phase: playing
2026-06-13 19:21:26, tokens_remaining: 1110, call: scores, phase: playing
2026-06-13 19:21:26, tokens_remaining: 1110, call: scores, phase: playing
2026-06-13 19:21:27, tokens_remaining: 1109, call: scores, phase: playing
2026-06-13 19:21:28, tokens_remaining: 1109, call: scores, phase: playing
2026-06-13 19:21:28, tokens_remaining: 1109, call: scores, phase: playing
2026-06-13 19:21:29, tokens_remaining: 1108, call: scores, phase: playing
2026-06-13 19:21:29, tokens_remaining: 1108, call: scores, phase: playing
2026-06-13 19:21:30, tokens_remaining: 1108, call: scores, phase: playing
2026-06-13 19:21:30, tokens_remaining: 1107, call: events, phase: playing
2026-06-13 19:21:31, tokens_remaining: 1106, call: scores, phase: playing
2026-06-13 19:21:31, tokens_remaining: 1106, call: scores, phase: playing
2026-06-13 19:21:32, tokens_remaining: 1106, call: scores, phase: playing
2026-06-13 19:21:33, tokens_remaining: 1105, call: scores, phase: playing
2026-06-13 19:21:33, tokens_remaining: 1105, call: scores, phase: playing
2026-06-13 19:21:34, tokens_remaining: 1105, call: scores, phase: playing
2026-06-13 19:21:34, tokens_remaining: 1104, call: scores, phase: playing
2026-06-13 19:21:35, tokens_remaining: 1104, call: scores, phase: playing
2026-06-13 19:21:35, tokens_remaining: 1104, call: scores, phase: playing
2026-06-13 19:21:36, tokens_remaining: 1103, call: events, phase: playing
2026-06-13 19:21:37, tokens_remaining: 1102, call: scores, phase: playing
2026-06-13 19:21:37, tokens_remaining: 1102, call: scores, phase: playing
2026-06-13 19:21:37, tokens_remaining: 1102, call: scores, phase: playing
2026-06-13 19:21:38, tokens_remaining: 1101, call: scores, phase: playing
2026-06-13 19:21:39, tokens_remaining: 1101, call: scores, phase: playing
2026-06-13 19:21:39, tokens_remaining: 1101, call: scores, phase: playing
2026-06-13 19:21:40, tokens_remaining: 1100, call: scores, phase: playing
2026-06-13 19:21:40, tokens_remaining: 1100, call: scores, phase: playing
2026-06-13 19:21:41, tokens_remaining: 1100, call: scores, phase: playing
2026-06-13 19:21:41, tokens_remaining: 1099, call: events, phase: playing
2026-06-13 19:21:42, tokens_remaining: 1098, call: scores, phase: playing
2026-06-13 19:21:42, tokens_remaining: 1098, call: scores, phase: playing
2026-06-13 19:21:43, tokens_remaining: 1098, call: scores, phase: playing
2026-06-13 19:21:44, tokens_remaining: 1097, call: scores, phase: playing
2026-06-13 19:21:44, tokens_remaining: 1097, call: scores, phase: playing
2026-06-13 19:21:44, tokens_remaining: 1097, call: scores, phase: playing
2026-06-13 19:21:45, tokens_remaining: 1096, call: scores, phase: playing
2026-06-13 19:21:46, tokens_remaining: 1096, call: scores, phase: playing
2026-06-13 19:21:46, tokens_remaining: 1096, call: scores, phase: playing
2026-06-13 19:21:47, tokens_remaining: 1095, call: events, phase: playing
2026-06-13 19:21:47, tokens_remaining: 1094, call: scores, phase: playing
2026-06-13 19:21:48, tokens_remaining: 1094, call: scores, phase: playing
2026-06-13 19:21:48, tokens_remaining: 1094, call: scores, phase: playing
2026-06-13 19:21:49, tokens_remaining: 1093, call: scores, phase: playing
2026-06-13 19:21:49, tokens_remaining: 1093, call: scores, phase: playing
2026-06-13 19:21:50, tokens_remaining: 1093, call: scores, phase: playing
2026-06-13 19:21:51, tokens_remaining: 1092, call: scores, phase: playing
2026-06-13 19:21:51, tokens_remaining: 1092, call: scores, phase: playing
2026-06-13 19:21:51, tokens_remaining: 1092, call: scores, phase: playing
2026-06-13 19:21:52, tokens_remaining: 1091, call: events, phase: playing
2026-06-13 19:21:53, tokens_remaining: 1090, call: scores, phase: playing
2026-06-13 19:21:53, tokens_remaining: 1090, call: scores, phase: playing
2026-06-13 19:21:54, tokens_remaining: 1090, call: scores, phase: playing
2026-06-13 19:21:54, tokens_remaining: 1089, call: scores, phase: playing
2026-06-13 19:21:55, tokens_remaining: 1089, call: scores, phase: playing
2026-06-13 19:21:55, tokens_remaining: 1089, call: scores, phase: playing
2026-06-13 19:21:56, tokens_remaining: 1088, call: scores, phase: playing
2026-06-13 19:21:56, tokens_remaining: 1088, call: scores, phase: playing
2026-06-13 19:21:57, tokens_remaining: 1088, call: scores, phase: playing
2026-06-13 19:21:58, tokens_remaining: 1087, call: events, phase: playing
2026-06-13 19:21:58, tokens_remaining: 1086, call: scores, phase: playing
2026-06-13 19:21:59, tokens_remaining: 1086, call: scores, phase: playing
2026-06-13 19:21:59, tokens_remaining: 1086, call: scores, phase: playing
2026-06-13 19:22:00, tokens_remaining: 1085, call: scores, phase: playing
2026-06-13 19:22:00, tokens_remaining: 1085, call: scores, phase: playing
2026-06-13 19:22:01, tokens_remaining: 1085, call: scores, phase: playing
2026-06-13 19:22:01, tokens_remaining: 1084, call: scores, phase: playing
2026-06-13 19:22:02, tokens_remaining: 1084, call: scores, phase: playing
2026-06-13 19:22:02, tokens_remaining: 1084, call: scores, phase: playing
2026-06-13 19:22:03, tokens_remaining: 1083, call: events, phase: playing
2026-06-13 19:22:04, tokens_remaining: 1082, call: scores, phase: playing
2026-06-13 19:22:04, tokens_remaining: 1082, call: scores, phase: playing
2026-06-13 19:22:04, tokens_remaining: 1082, call: scores, phase: playing
2026-06-13 19:22:05, tokens_remaining: 1081, call: scores, phase: playing
2026-06-13 19:22:06, tokens_remaining: 1081, call: scores, phase: playing
2026-06-13 19:22:07, tokens_remaining: 1080, call: scores, phase: playing
2026-06-13 19:22:08, tokens_remaining: 1080, call: scores, phase: playing
2026-06-13 19:22:08, tokens_remaining: 1079, call: scores, phase: playing
2026-06-13 19:22:09, tokens_remaining: 1079, call: scores, phase: playing
2026-06-13 19:22:10, tokens_remaining: 1078, call: events, phase: playing
2026-06-13 19:22:10, tokens_remaining: 1077, call: scores, phase: playing
2026-06-13 19:22:11, tokens_remaining: 1077, call: scores, phase: playing
2026-06-13 19:22:11, tokens_remaining: 1077, call: scores, phase: playing
2026-06-13 19:22:12, tokens_remaining: 1076, call: scores, phase: playing
2026-06-13 19:22:12, tokens_remaining: 1076, call: scores, phase: playing
2026-06-13 19:22:13, tokens_remaining: 1076, call: scores, phase: playing
2026-06-13 19:22:13, tokens_remaining: 1075, call: scores, phase: playing
2026-06-13 19:22:14, tokens_remaining: 1075, call: scores, phase: playing
2026-06-13 19:22:14, tokens_remaining: 1075, call: scores, phase: playing
2026-06-13 19:22:15, tokens_remaining: 1074, call: events, phase: playing
2026-06-13 19:22:16, tokens_remaining: 1073, call: scores, phase: playing
2026-06-13 19:22:16, tokens_remaining: 1073, call: scores, phase: playing
2026-06-13 19:22:16, tokens_remaining: 1073, call: scores, phase: playing
2026-06-13 19:22:17, tokens_remaining: 1072, call: scores, phase: playing
2026-06-13 19:22:17, tokens_remaining: 1072, call: scores, phase: playing
2026-06-13 19:22:18, tokens_remaining: 1072, call: scores, phase: playing
2026-06-13 19:22:19, tokens_remaining: 1071, call: scores, phase: playing
2026-06-13 19:22:19, tokens_remaining: 1071, call: scores, phase: playing
2026-06-13 19:22:19, tokens_remaining: 1071, call: scores, phase: playing
2026-06-13 19:22:20, tokens_remaining: 1070, call: events, phase: playing
2026-06-13 19:22:21, tokens_remaining: 1069, call: scores, phase: playing
2026-06-13 19:22:21, tokens_remaining: 1069, call: scores, phase: playing
2026-06-13 19:22:22, tokens_remaining: 1069, call: scores, phase: playing
2026-06-13 19:22:22, tokens_remaining: 1068, call: scores, phase: playing
2026-06-13 19:22:23, tokens_remaining: 1068, call: scores, phase: playing
2026-06-13 19:22:23, tokens_remaining: 1068, call: scores, phase: playing
2026-06-13 19:22:24, tokens_remaining: 1067, call: scores, phase: playing
2026-06-13 19:22:24, tokens_remaining: 1067, call: scores, phase: playing
2026-06-13 19:22:25, tokens_remaining: 1067, call: scores, phase: playing
2026-06-13 19:22:25, tokens_remaining: 1066, call: events, phase: playing
2026-06-13 19:22:26, tokens_remaining: 1065, call: scores, phase: playing
2026-06-13 19:22:26, tokens_remaining: 1065, call: scores, phase: playing
2026-06-13 19:22:27, tokens_remaining: 1065, call: scores, phase: playing
2026-06-13 19:22:27, tokens_remaining: 1064, call: scores, phase: playing
2026-06-13 19:22:28, tokens_remaining: 1064, call: scores, phase: playing
2026-06-13 19:22:28, tokens_remaining: 1064, call: scores, phase: playing
2026-06-13 19:22:29, tokens_remaining: 1063, call: scores, phase: playing
2026-06-13 19:22:29, tokens_remaining: 1063, call: scores, phase: playing
2026-06-13 19:22:30, tokens_remaining: 1063, call: scores, phase: playing
2026-06-13 19:22:30, tokens_remaining: 1062, call: events, phase: playing
2026-06-13 19:22:31, tokens_remaining: 1061, call: scores, phase: playing
2026-06-13 19:22:32, tokens_remaining: 1061, call: scores, phase: playing
2026-06-13 19:22:32, tokens_remaining: 1061, call: scores, phase: playing
2026-06-13 19:22:33, tokens_remaining: 1060, call: scores, phase: playing
2026-06-13 19:22:33, tokens_remaining: 1060, call: scores, phase: playing
2026-06-13 19:22:33, tokens_remaining: 1060, call: scores, phase: playing
2026-06-13 19:22:34, tokens_remaining: 1059, call: scores, phase: playing
2026-06-13 19:22:34, tokens_remaining: 1059, call: scores, phase: playing
2026-06-13 19:22:35, tokens_remaining: 1059, call: scores, phase: playing
2026-06-13 19:22:36, tokens_remaining: 1058, call: events, phase: playing
2026-06-13 19:22:36, tokens_remaining: 1057, call: scores, phase: playing
2026-06-13 19:22:37, tokens_remaining: 1057, call: scores, phase: playing
2026-06-13 19:22:37, tokens_remaining: 1057, call: scores, phase: playing
2026-06-13 19:22:38, tokens_remaining: 1056, call: scores, phase: playing
2026-06-13 19:22:38, tokens_remaining: 1056, call: scores, phase: playing
2026-06-13 19:22:38, tokens_remaining: 1056, call: scores, phase: playing
2026-06-13 19:22:39, tokens_remaining: 1055, call: scores, phase: playing
2026-06-13 19:22:40, tokens_remaining: 1055, call: scores, phase: playing
2026-06-13 19:22:40, tokens_remaining: 1055, call: scores, phase: playing
2026-06-13 19:22:41, tokens_remaining: 1054, call: events, phase: playing
2026-06-13 19:22:41, tokens_remaining: 1053, call: scores, phase: playing
2026-06-13 19:22:42, tokens_remaining: 1053, call: scores, phase: playing
2026-06-13 19:22:42, tokens_remaining: 1053, call: scores, phase: playing
2026-06-13 19:22:43, tokens_remaining: 1052, call: scores, phase: playing
2026-06-13 19:22:43, tokens_remaining: 1052, call: scores, phase: playing
2026-06-13 19:22:44, tokens_remaining: 1052, call: scores, phase: playing
2026-06-13 19:22:44, tokens_remaining: 1051, call: scores, phase: playing
2026-06-13 19:22:45, tokens_remaining: 1051, call: scores, phase: playing
2026-06-13 19:22:45, tokens_remaining: 1051, call: scores, phase: playing
2026-06-13 19:22:46, tokens_remaining: 1050, call: events, phase: playing
2026-06-13 19:22:46, tokens_remaining: 1049, call: scores, phase: playing
2026-06-13 19:22:47, tokens_remaining: 1049, call: scores, phase: playing
2026-06-13 19:22:47, tokens_remaining: 1049, call: scores, phase: playing
2026-06-13 19:22:48, tokens_remaining: 1048, call: scores, phase: playing
2026-06-13 19:22:48, tokens_remaining: 1048, call: scores, phase: playing
2026-06-13 19:22:49, tokens_remaining: 1048, call: scores, phase: playing
2026-06-13 19:22:49, tokens_remaining: 1047, call: scores, phase: playing
2026-06-13 19:22:50, tokens_remaining: 1047, call: scores, phase: playing
2026-06-13 19:22:50, tokens_remaining: 1047, call: scores, phase: playing
2026-06-13 19:22:51, tokens_remaining: 1046, call: events, phase: playing
2026-06-13 19:22:51, tokens_remaining: 1045, call: scores, phase: playing
2026-06-13 19:22:52, tokens_remaining: 1045, call: scores, phase: playing
2026-06-13 19:22:52, tokens_remaining: 1045, call: scores, phase: playing
2026-06-13 19:22:53, tokens_remaining: 1044, call: scores, phase: playing
2026-06-13 19:22:53, tokens_remaining: 1044, call: scores, phase: playing
2026-06-13 19:22:54, tokens_remaining: 1044, call: scores, phase: playing
2026-06-13 19:22:54, tokens_remaining: 1043, call: scores, phase: playing
2026-06-13 19:22:55, tokens_remaining: 1043, call: scores, phase: playing
2026-06-13 19:22:55, tokens_remaining: 1043, call: scores, phase: playing
2026-06-13 19:22:56, tokens_remaining: 1042, call: events, phase: playing
2026-06-13 19:22:56, tokens_remaining: 1041, call: scores, phase: playing
2026-06-13 19:22:57, tokens_remaining: 1041, call: scores, phase: playing
2026-06-13 19:22:57, tokens_remaining: 1041, call: scores, phase: playing
2026-06-13 19:22:58, tokens_remaining: 1040, call: scores, phase: playing
2026-06-13 19:22:58, tokens_remaining: 1040, call: scores, phase: playing
2026-06-13 19:22:59, tokens_remaining: 1040, call: scores, phase: playing
2026-06-13 19:22:59, tokens_remaining: 1039, call: scores, phase: playing
2026-06-13 19:23:00, tokens_remaining: 1039, call: scores, phase: playing
2026-06-13 19:23:00, tokens_remaining: 1039, call: scores, phase: playing
2026-06-13 19:23:01, tokens_remaining: 1038, call: events, phase: playing
2026-06-13 19:23:01, tokens_remaining: 1037, call: scores, phase: playing
2026-06-13 19:23:02, tokens_remaining: 1037, call: scores, phase: playing
2026-06-13 19:23:02, tokens_remaining: 1037, call: scores, phase: playing
2026-06-13 19:23:03, tokens_remaining: 1036, call: scores, phase: playing
2026-06-13 19:23:03, tokens_remaining: 1036, call: scores, phase: playing
2026-06-13 19:23:04, tokens_remaining: 1036, call: scores, phase: playing
2026-06-13 19:23:04, tokens_remaining: 1035, call: scores, phase: playing
2026-06-13 19:23:05, tokens_remaining: 1035, call: scores, phase: playing
2026-06-13 19:23:05, tokens_remaining: 1035, call: scores, phase: playing
2026-06-13 19:23:06, tokens_remaining: 1034, call: events, phase: playing
2026-06-13 19:23:06, tokens_remaining: 1033, call: scores, phase: playing
2026-06-13 19:23:07, tokens_remaining: 1033, call: scores, phase: playing
2026-06-13 19:23:07, tokens_remaining: 1033, call: scores, phase: playing
2026-06-13 19:23:08, tokens_remaining: 1032, call: scores, phase: playing
2026-06-13 19:23:08, tokens_remaining: 1032, call: scores, phase: playing
2026-06-13 19:23:08, tokens_remaining: 1032, call: scores, phase: playing
2026-06-13 19:23:09, tokens_remaining: 1031, call: scores, phase: playing
2026-06-13 19:23:09, tokens_remaining: 1031, call: scores, phase: playing
2026-06-13 19:23:10, tokens_remaining: 1031, call: scores, phase: playing
2026-06-13 19:23:11, tokens_remaining: 1030, call: events, phase: playing
2026-06-13 19:23:11, tokens_remaining: 1029, call: scores, phase: playing
2026-06-13 19:23:12, tokens_remaining: 1029, call: scores, phase: playing
2026-06-13 19:23:12, tokens_remaining: 1029, call: scores, phase: playing
2026-06-13 19:23:13, tokens_remaining: 1028, call: scores, phase: playing
2026-06-13 19:23:13, tokens_remaining: 1028, call: scores, phase: playing
2026-06-13 19:23:13, tokens_remaining: 1028, call: scores, phase: playing
2026-06-13 19:23:14, tokens_remaining: 1027, call: scores, phase: playing
2026-06-13 19:23:14, tokens_remaining: 1027, call: scores, phase: playing
2026-06-13 19:23:15, tokens_remaining: 1027, call: scores, phase: playing
2026-06-13 19:23:16, tokens_remaining: 1026, call: events, phase: playing
2026-06-13 19:23:16, tokens_remaining: 1025, call: scores, phase: playing
2026-06-13 19:23:17, tokens_remaining: 1025, call: scores, phase: playing
2026-06-13 19:23:17, tokens_remaining: 1025, call: scores, phase: playing
2026-06-13 19:23:18, tokens_remaining: 1024, call: scores, phase: playing
2026-06-13 19:23:18, tokens_remaining: 1024, call: scores, phase: playing
2026-06-13 19:23:18, tokens_remaining: 1024, call: scores, phase: playing
2026-06-13 19:23:19, tokens_remaining: 1023, call: scores, phase: playing
2026-06-13 19:23:19, tokens_remaining: 1023, call: scores, phase: playing
2026-06-13 19:23:20, tokens_remaining: 1023, call: scores, phase: playing
2026-06-13 19:23:20, tokens_remaining: 1022, call: events, phase: playing
2026-06-13 19:23:21, tokens_remaining: 1021, call: scores, phase: playing
2026-06-13 19:23:21, tokens_remaining: 1021, call: scores, phase: playing
2026-06-13 19:23:22, tokens_remaining: 1021, call: scores, phase: playing
2026-06-13 19:23:22, tokens_remaining: 1020, call: scores, phase: playing
2026-06-13 19:23:23, tokens_remaining: 1020, call: scores, phase: playing
2026-06-13 19:23:23, tokens_remaining: 1020, call: scores, phase: playing
2026-06-13 19:23:24, tokens_remaining: 1019, call: scores, phase: playing
2026-06-13 19:23:24, tokens_remaining: 1019, call: scores, phase: playing
2026-06-13 19:23:24, tokens_remaining: 1019, call: scores, phase: playing
2026-06-13 19:23:25, tokens_remaining: 1018, call: events, phase: playing
2026-06-13 19:23:26, tokens_remaining: 1017, call: scores, phase: playing
2026-06-13 19:23:26, tokens_remaining: 1017, call: scores, phase: playing
2026-06-13 19:23:26, tokens_remaining: 1017, call: scores, phase: playing
2026-06-13 19:23:27, tokens_remaining: 1016, call: scores, phase: playing
2026-06-13 19:23:27, tokens_remaining: 1016, call: scores, phase: playing
2026-06-13 19:23:28, tokens_remaining: 1016, call: scores, phase: playing
2026-06-13 19:23:28, tokens_remaining: 1015, call: scores, phase: playing
2026-06-13 19:23:29, tokens_remaining: 1015, call: scores, phase: playing
2026-06-13 19:23:29, tokens_remaining: 1015, call: scores, phase: playing
2026-06-13 19:23:30, tokens_remaining: 1014, call: events, phase: playing
2026-06-13 19:23:30, tokens_remaining: 1013, call: scores, phase: playing
2026-06-13 19:23:31, tokens_remaining: 1013, call: scores, phase: playing
2026-06-13 19:23:31, tokens_remaining: 1013, call: scores, phase: playing
2026-06-13 19:23:32, tokens_remaining: 1012, call: scores, phase: playing
2026-06-13 19:23:32, tokens_remaining: 1012, call: scores, phase: playing
2026-06-13 19:23:32, tokens_remaining: 1012, call: scores, phase: playing
2026-06-13 19:23:33, tokens_remaining: 1011, call: scores, phase: playing
2026-06-13 19:23:33, tokens_remaining: 1011, call: scores, phase: playing
2026-06-13 19:23:34, tokens_remaining: 1011, call: scores, phase: playing
2026-06-13 19:23:34, tokens_remaining: 1010, call: events, phase: playing
2026-06-13 19:23:35, tokens_remaining: 1009, call: scores, phase: playing
2026-06-13 19:23:35, tokens_remaining: 1009, call: scores, phase: playing
2026-06-13 19:23:36, tokens_remaining: 1009, call: scores, phase: playing
2026-06-13 19:23:36, tokens_remaining: 1008, call: scores, phase: playing
2026-06-13 19:23:37, tokens_remaining: 1008, call: scores, phase: playing
2026-06-13 19:23:37, tokens_remaining: 1008, call: scores, phase: playing
2026-06-13 19:23:38, tokens_remaining: 1007, call: scores, phase: playing
2026-06-13 19:23:38, tokens_remaining: 1007, call: scores, phase: playing
2026-06-13 19:23:39, tokens_remaining: 1007, call: scores, phase: playing
2026-06-13 19:23:39, tokens_remaining: 1006, call: events, phase: playing
2026-06-13 19:23:40, tokens_remaining: 1005, call: scores, phase: playing
2026-06-13 19:23:40, tokens_remaining: 1005, call: scores, phase: playing
2026-06-13 19:23:41, tokens_remaining: 1005, call: scores, phase: playing
2026-06-13 19:23:41, tokens_remaining: 1004, call: scores, phase: playing
2026-06-13 19:23:41, tokens_remaining: 1004, call: scores, phase: playing
2026-06-13 19:23:42, tokens_remaining: 1004, call: scores, phase: playing
2026-06-13 19:23:42, tokens_remaining: 1003, call: scores, phase: playing
2026-06-13 19:23:43, tokens_remaining: 1003, call: scores, phase: playing
2026-06-13 19:23:43, tokens_remaining: 1003, call: scores, phase: playing
2026-06-13 19:23:44, tokens_remaining: 1002, call: events, phase: playing
2026-06-13 19:23:44, tokens_remaining: 1001, call: scores, phase: playing
2026-06-13 19:23:45, tokens_remaining: 1001, call: scores, phase: playing
2026-06-13 19:23:45, tokens_remaining: 1001, call: scores, phase: playing
2026-06-13 19:23:46, tokens_remaining: 1000, call: scores, phase: playing
2026-06-13 19:23:46, tokens_remaining: 1000, call: scores, phase: playing
2026-06-13 19:23:46, tokens_remaining: 1000, call: scores, phase: playing
2026-06-13 19:23:47, tokens_remaining: 999, call: scores, phase: playing
2026-06-13 19:23:47, tokens_remaining: 999, call: scores, phase: playing
2026-06-13 19:23:48, tokens_remaining: 999, call: scores, phase: playing
2026-06-13 19:23:48, tokens_remaining: 998, call: events, phase: playing
2026-06-13 19:23:49, tokens_remaining: 997, call: scores, phase: playing
2026-06-13 19:23:49, tokens_remaining: 997, call: scores, phase: playing
2026-06-13 19:23:50, tokens_remaining: 997, call: scores, phase: playing
2026-06-13 19:23:50, tokens_remaining: 996, call: scores, phase: playing
2026-06-13 19:23:51, tokens_remaining: 996, call: scores, phase: playing
2026-06-13 19:23:51, tokens_remaining: 996, call: scores, phase: playing
2026-06-13 19:23:52, tokens_remaining: 995, call: scores, phase: playing
2026-06-13 19:23:52, tokens_remaining: 995, call: scores, phase: playing
2026-06-13 19:23:52, tokens_remaining: 995, call: scores, phase: playing
2026-06-13 19:23:53, tokens_remaining: 994, call: events, phase: playing
2026-06-13 19:23:54, tokens_remaining: 993, call: scores, phase: playing
2026-06-13 19:23:54, tokens_remaining: 993, call: scores, phase: playing
2026-06-13 19:23:54, tokens_remaining: 993, call: scores, phase: playing
2026-06-13 19:23:55, tokens_remaining: 992, call: scores, phase: playing
2026-06-13 19:23:55, tokens_remaining: 992, call: scores, phase: playing
2026-06-13 19:23:56, tokens_remaining: 992, call: scores, phase: playing
2026-06-13 19:23:56, tokens_remaining: 991, call: scores, phase: playing
2026-06-13 19:23:57, tokens_remaining: 991, call: scores, phase: playing
2026-06-13 19:23:57, tokens_remaining: 991, call: scores, phase: playing
2026-06-13 19:23:58, tokens_remaining: 990, call: events, phase: playing
2026-06-13 19:23:58, tokens_remaining: 989, call: scores, phase: playing
2026-06-13 19:23:59, tokens_remaining: 989, call: scores, phase: playing
2026-06-13 19:23:59, tokens_remaining: 989, call: scores, phase: playing
2026-06-13 19:23:59, tokens_remaining: 988, call: scores, phase: playing
2026-06-13 19:24:00, tokens_remaining: 988, call: scores, phase: playing
2026-06-13 19:24:00, tokens_remaining: 988, call: scores, phase: playing
2026-06-13 19:24:01, tokens_remaining: 987, call: scores, phase: playing
2026-06-13 19:24:01, tokens_remaining: 987, call: scores, phase: playing
2026-06-13 19:24:01, tokens_remaining: 987, call: scores, phase: playing
2026-06-13 19:24:02, tokens_remaining: 986, call: events, phase: playing
2026-06-13 19:24:03, tokens_remaining: 985, call: scores, phase: playing
2026-06-13 19:24:03, tokens_remaining: 985, call: scores, phase: playing
2026-06-13 19:24:03, tokens_remaining: 985, call: scores, phase: playing
2026-06-13 19:24:04, tokens_remaining: 984, call: scores, phase: playing
2026-06-13 19:24:04, tokens_remaining: 984, call: scores, phase: playing
2026-06-13 19:24:05, tokens_remaining: 984, call: scores, phase: playing
2026-06-13 19:24:05, tokens_remaining: 983, call: scores, phase: playing
2026-06-13 19:24:06, tokens_remaining: 983, call: scores, phase: playing
2026-06-13 19:24:06, tokens_remaining: 983, call: scores, phase: playing
2026-06-13 19:24:07, tokens_remaining: 982, call: events, phase: playing
2026-06-13 19:24:07, tokens_remaining: 981, call: scores, phase: playing
2026-06-13 19:24:08, tokens_remaining: 981, call: scores, phase: playing
2026-06-13 19:24:08, tokens_remaining: 981, call: scores, phase: playing
2026-06-13 19:24:08, tokens_remaining: 980, call: scores, phase: playing
2026-06-13 19:24:09, tokens_remaining: 980, call: scores, phase: playing
2026-06-13 19:24:09, tokens_remaining: 980, call: scores, phase: playing
2026-06-13 19:24:10, tokens_remaining: 979, call: scores, phase: playing
2026-06-13 19:24:10, tokens_remaining: 979, call: scores, phase: playing
2026-06-13 19:24:10, tokens_remaining: 979, call: scores, phase: playing
2026-06-13 19:24:11, tokens_remaining: 978, call: events, phase: playing
2026-06-13 19:24:12, tokens_remaining: 977, call: scores, phase: playing
2026-06-13 19:24:12, tokens_remaining: 977, call: scores, phase: playing
2026-06-13 19:24:12, tokens_remaining: 977, call: scores, phase: playing
2026-06-13 19:24:13, tokens_remaining: 976, call: scores, phase: playing
2026-06-13 19:24:13, tokens_remaining: 976, call: scores, phase: playing
2026-06-13 19:24:14, tokens_remaining: 976, call: scores, phase: playing
2026-06-13 19:24:14, tokens_remaining: 975, call: scores, phase: playing
2026-06-13 19:24:15, tokens_remaining: 975, call: scores, phase: playing
2026-06-13 19:24:15, tokens_remaining: 975, call: scores, phase: playing
2026-06-13 19:24:16, tokens_remaining: 974, call: events, phase: playing
2026-06-13 19:24:16, tokens_remaining: 973, call: scores, phase: playing
2026-06-13 19:24:16, tokens_remaining: 973, call: scores, phase: playing
2026-06-13 19:24:17, tokens_remaining: 973, call: scores, phase: playing
2026-06-13 19:24:17, tokens_remaining: 972, call: scores, phase: playing
2026-06-13 19:24:18, tokens_remaining: 972, call: scores, phase: playing
2026-06-13 19:24:18, tokens_remaining: 972, call: scores, phase: playing
2026-06-13 19:24:19, tokens_remaining: 971, call: scores, phase: playing
2026-06-13 19:24:19, tokens_remaining: 971, call: scores, phase: playing
2026-06-13 19:24:19, tokens_remaining: 971, call: scores, phase: playing
2026-06-13 19:24:20, tokens_remaining: 970, call: events, phase: playing
2026-06-13 19:24:20, tokens_remaining: 969, call: scores, phase: playing
2026-06-13 19:24:21, tokens_remaining: 969, call: scores, phase: playing
2026-06-13 19:24:21, tokens_remaining: 969, call: scores, phase: playing
2026-06-13 19:24:21, tokens_remaining: 969, call: scores, phase: playing
2026-06-13 19:24:22, tokens_remaining: 968, call: scores, phase: playing
2026-06-13 19:24:22, tokens_remaining: 968, call: scores, phase: playing
2026-06-13 19:24:23, tokens_remaining: 968, call: scores, phase: playing
2026-06-13 19:24:23, tokens_remaining: 968, call: scores, phase: playing
2026-06-13 19:24:24, tokens_remaining: 967, call: scores, phase: playing
2026-06-13 19:24:24, tokens_remaining: 966, call: events, phase: playing
2026-06-13 19:24:24, tokens_remaining: 967, call: scores, phase: playing
2026-06-13 19:24:25, tokens_remaining: 965, call: scores, phase: playing
2026-06-13 19:24:25, tokens_remaining: 965, call: scores, phase: playing
2026-06-13 19:24:26, tokens_remaining: 965, call: scores, phase: playing
2026-06-13 19:24:26, tokens_remaining: 965, call: scores, phase: playing
2026-06-13 19:24:27, tokens_remaining: 964, call: scores, phase: playing
2026-06-13 19:24:27, tokens_remaining: 964, call: scores, phase: playing
2026-06-13 19:24:27, tokens_remaining: 964, call: scores, phase: playing
2026-06-13 19:24:28, tokens_remaining: 964, call: scores, phase: playing
2026-06-13 19:24:28, tokens_remaining: 963, call: events, phase: playing
2026-06-13 19:24:29, tokens_remaining: 962, call: scores, phase: playing
2026-06-13 19:24:29, tokens_remaining: 962, call: scores, phase: playing
2026-06-13 19:24:29, tokens_remaining: 962, call: scores, phase: playing
2026-06-13 19:24:30, tokens_remaining: 962, call: scores, phase: playing
2026-06-13 19:24:30, tokens_remaining: 961, call: scores, phase: playing
2026-06-13 19:24:31, tokens_remaining: 961, call: scores, phase: playing
2026-06-13 19:24:31, tokens_remaining: 961, call: scores, phase: playing
2026-06-13 19:24:31, tokens_remaining: 961, call: scores, phase: playing
2026-06-13 19:24:32, tokens_remaining: 960, call: scores, phase: playing
2026-06-13 19:24:32, tokens_remaining: 959, call: events, phase: playing
2026-06-13 19:24:33, tokens_remaining: 960, call: scores, phase: playing
2026-06-13 19:24:33, tokens_remaining: 958, call: scores, phase: playing
2026-06-13 19:24:34, tokens_remaining: 958, call: scores, phase: playing
2026-06-13 19:24:34, tokens_remaining: 958, call: scores, phase: playing
2026-06-13 19:24:34, tokens_remaining: 958, call: scores, phase: playing
2026-06-13 19:24:35, tokens_remaining: 957, call: scores, phase: playing
2026-06-13 19:24:35, tokens_remaining: 957, call: scores, phase: playing
2026-06-13 19:24:35, tokens_remaining: 957, call: scores, phase: playing
2026-06-13 19:24:36, tokens_remaining: 957, call: scores, phase: playing
2026-06-13 19:24:36, tokens_remaining: 956, call: events, phase: playing
2026-06-13 19:24:37, tokens_remaining: 955, call: scores, phase: playing
2026-06-13 19:24:37, tokens_remaining: 955, call: scores, phase: playing
2026-06-13 19:24:38, tokens_remaining: 955, call: scores, phase: playing
2026-06-13 19:24:38, tokens_remaining: 955, call: scores, phase: playing
2026-06-13 19:24:38, tokens_remaining: 954, call: scores, phase: playing
2026-06-13 19:24:39, tokens_remaining: 954, call: scores, phase: playing
2026-06-13 19:24:39, tokens_remaining: 954, call: scores, phase: playing
2026-06-13 19:24:39, tokens_remaining: 954, call: scores, phase: playing
2026-06-13 19:24:40, tokens_remaining: 953, call: scores, phase: playing
2026-06-13 19:24:41, tokens_remaining: 952, call: events, phase: playing
2026-06-13 19:24:41, tokens_remaining: 953, call: scores, phase: playing
2026-06-13 19:24:41, tokens_remaining: 951, call: scores, phase: playing
2026-06-13 19:24:42, tokens_remaining: 951, call: scores, phase: playing
2026-06-13 19:24:42, tokens_remaining: 951, call: scores, phase: playing
2026-06-13 19:24:42, tokens_remaining: 951, call: scores, phase: playing
2026-06-13 19:24:43, tokens_remaining: 950, call: scores, phase: playing
2026-06-13 19:24:43, tokens_remaining: 950, call: scores, phase: playing
2026-06-13 19:24:44, tokens_remaining: 950, call: scores, phase: playing
2026-06-13 19:24:44, tokens_remaining: 950, call: scores, phase: playing
2026-06-13 19:24:44, tokens_remaining: 949, call: events, phase: playing
2026-06-13 19:24:45, tokens_remaining: 948, call: scores, phase: playing
2026-06-13 19:24:45, tokens_remaining: 948, call: scores, phase: playing
2026-06-13 19:24:46, tokens_remaining: 948, call: scores, phase: playing
2026-06-13 19:24:46, tokens_remaining: 948, call: scores, phase: playing
2026-06-13 19:24:46, tokens_remaining: 947, call: scores, phase: playing
2026-06-13 19:24:47, tokens_remaining: 947, call: scores, phase: playing
2026-06-13 19:24:47, tokens_remaining: 947, call: scores, phase: playing
2026-06-13 19:24:47, tokens_remaining: 947, call: scores, phase: playing
2026-06-13 19:24:48, tokens_remaining: 946, call: scores, phase: playing
2026-06-13 19:24:48, tokens_remaining: 945, call: events, phase: playing
2026-06-13 19:24:49, tokens_remaining: 946, call: scores, phase: playing
2026-06-13 19:24:49, tokens_remaining: 944, call: scores, phase: playing
2026-06-13 19:24:50, tokens_remaining: 944, call: scores, phase: playing
2026-06-13 19:24:50, tokens_remaining: 944, call: scores, phase: playing
2026-06-13 19:24:50, tokens_remaining: 944, call: scores, phase: playing
2026-06-13 19:24:51, tokens_remaining: 943, call: scores, phase: playing
2026-06-13 19:24:51, tokens_remaining: 943, call: scores, phase: playing
2026-06-13 19:24:51, tokens_remaining: 943, call: scores, phase: playing
2026-06-13 19:24:52, tokens_remaining: 943, call: scores, phase: playing
2026-06-13 19:24:52, tokens_remaining: 942, call: events, phase: playing
2026-06-13 19:24:53, tokens_remaining: 941, call: scores, phase: playing
2026-06-13 19:24:53, tokens_remaining: 941, call: scores, phase: playing
2026-06-13 19:24:53, tokens_remaining: 941, call: scores, phase: playing
2026-06-13 19:24:54, tokens_remaining: 941, call: scores, phase: playing
2026-06-13 19:24:54, tokens_remaining: 940, call: scores, phase: playing
2026-06-13 19:24:55, tokens_remaining: 940, call: scores, phase: playing
2026-06-13 19:24:55, tokens_remaining: 940, call: scores, phase: playing
2026-06-13 19:24:55, tokens_remaining: 940, call: scores, phase: playing
2026-06-13 19:24:56, tokens_remaining: 939, call: scores, phase: playing
2026-06-13 19:24:56, tokens_remaining: 938, call: events, phase: playing
2026-06-13 19:24:57, tokens_remaining: 939, call: scores, phase: playing
2026-06-13 19:24:57, tokens_remaining: 937, call: scores, phase: playing
2026-06-13 19:24:58, tokens_remaining: 937, call: scores, phase: playing
2026-06-13 19:24:58, tokens_remaining: 937, call: scores, phase: playing
2026-06-13 19:24:58, tokens_remaining: 937, call: scores, phase: playing
2026-06-13 19:24:59, tokens_remaining: 936, call: scores, phase: playing
2026-06-13 19:24:59, tokens_remaining: 936, call: scores, phase: playing
2026-06-13 19:24:59, tokens_remaining: 936, call: scores, phase: playing
2026-06-13 19:25:00, tokens_remaining: 936, call: scores, phase: playing
2026-06-13 19:25:00, tokens_remaining: 935, call: events, phase: playing
2026-06-13 19:25:01, tokens_remaining: 934, call: scores, phase: playing
2026-06-13 19:25:01, tokens_remaining: 934, call: scores, phase: playing
2026-06-13 19:25:01, tokens_remaining: 934, call: scores, phase: playing
2026-06-13 19:25:02, tokens_remaining: 934, call: scores, phase: playing
2026-06-13 19:25:02, tokens_remaining: 933, call: scores, phase: playing
2026-06-13 19:25:02, tokens_remaining: 933, call: scores, phase: playing
2026-06-13 19:25:03, tokens_remaining: 933, call: scores, phase: playing
2026-06-13 19:25:03, tokens_remaining: 933, call: scores, phase: playing
2026-06-13 19:25:04, tokens_remaining: 932, call: scores, phase: playing
2026-06-13 19:25:04, tokens_remaining: 931, call: events, phase: playing
2026-06-13 19:25:04, tokens_remaining: 932, call: scores, phase: playing
2026-06-13 19:25:05, tokens_remaining: 930, call: scores, phase: playing
2026-06-13 19:25:05, tokens_remaining: 930, call: scores, phase: playing
2026-06-13 19:25:06, tokens_remaining: 930, call: scores, phase: playing
2026-06-13 19:25:06, tokens_remaining: 930, call: scores, phase: playing
2026-06-13 19:25:06, tokens_remaining: 929, call: scores, phase: playing
2026-06-13 19:25:07, tokens_remaining: 929, call: scores, phase: playing
2026-06-13 19:25:07, tokens_remaining: 929, call: scores, phase: playing
2026-06-13 19:25:07, tokens_remaining: 929, call: scores, phase: playing
2026-06-13 19:25:08, tokens_remaining: 928, call: events, phase: playing
2026-06-13 19:25:08, tokens_remaining: 927, call: scores, phase: playing
2026-06-13 19:25:09, tokens_remaining: 927, call: scores, phase: playing
2026-06-13 19:25:09, tokens_remaining: 927, call: scores, phase: playing
2026-06-13 19:25:09, tokens_remaining: 927, call: scores, phase: playing
2026-06-13 19:25:10, tokens_remaining: 926, call: scores, phase: playing
2026-06-13 19:25:10, tokens_remaining: 926, call: scores, phase: playing
2026-06-13 19:25:10, tokens_remaining: 926, call: scores, phase: playing
2026-06-13 19:25:11, tokens_remaining: 926, call: scores, phase: playing
2026-06-13 19:25:11, tokens_remaining: 925, call: scores, phase: playing
2026-06-13 19:25:12, tokens_remaining: 924, call: events, phase: playing
2026-06-13 19:25:12, tokens_remaining: 925, call: scores, phase: playing
2026-06-13 19:25:13, tokens_remaining: 923, call: scores, phase: playing
2026-06-13 19:25:13, tokens_remaining: 923, call: scores, phase: playing
2026-06-13 19:25:13, tokens_remaining: 923, call: scores, phase: playing
2026-06-13 19:25:13, tokens_remaining: 923, call: scores, phase: playing
2026-06-13 19:25:14, tokens_remaining: 922, call: scores, phase: playing
2026-06-13 19:25:14, tokens_remaining: 922, call: scores, phase: playing
2026-06-13 19:25:14, tokens_remaining: 922, call: scores, phase: playing
2026-06-13 19:25:15, tokens_remaining: 922, call: scores, phase: playing
2026-06-13 19:25:15, tokens_remaining: 921, call: events, phase: playing
2026-06-13 19:25:16, tokens_remaining: 920, call: scores, phase: playing
2026-06-13 19:25:16, tokens_remaining: 920, call: scores, phase: playing
2026-06-13 19:25:16, tokens_remaining: 920, call: scores, phase: playing
2026-06-13 19:25:17, tokens_remaining: 920, call: scores, phase: playing
2026-06-13 19:25:17, tokens_remaining: 919, call: scores, phase: playing
2026-06-13 19:25:17, tokens_remaining: 919, call: scores, phase: playing
2026-06-13 19:25:18, tokens_remaining: 919, call: scores, phase: playing
2026-06-13 19:25:18, tokens_remaining: 919, call: scores, phase: playing
2026-06-13 19:25:19, tokens_remaining: 918, call: scores, phase: playing
2026-06-13 19:25:19, tokens_remaining: 917, call: events, phase: playing
2026-06-13 19:25:19, tokens_remaining: 918, call: scores, phase: playing
2026-06-13 19:25:20, tokens_remaining: 916, call: scores, phase: playing
2026-06-13 19:25:20, tokens_remaining: 916, call: scores, phase: playing
2026-06-13 19:25:20, tokens_remaining: 916, call: scores, phase: playing
2026-06-13 19:25:21, tokens_remaining: 916, call: scores, phase: playing
2026-06-13 19:25:21, tokens_remaining: 915, call: scores, phase: playing
2026-06-13 19:25:22, tokens_remaining: 915, call: scores, phase: playing
2026-06-13 19:25:22, tokens_remaining: 915, call: scores, phase: playing
2026-06-13 19:25:22, tokens_remaining: 915, call: scores, phase: playing
2026-06-13 19:25:23, tokens_remaining: 914, call: events, phase: playing
2026-06-13 19:25:23, tokens_remaining: 913, call: scores, phase: playing
2026-06-13 19:25:23, tokens_remaining: 913, call: scores, phase: playing
2026-06-13 19:25:24, tokens_remaining: 913, call: scores, phase: playing
2026-06-13 19:25:24, tokens_remaining: 913, call: scores, phase: playing
2026-06-13 19:25:25, tokens_remaining: 912, call: scores, phase: playing
2026-06-13 19:25:25, tokens_remaining: 912, call: scores, phase: playing
2026-06-13 19:25:25, tokens_remaining: 912, call: scores, phase: playing
2026-06-13 19:25:25, tokens_remaining: 912, call: scores, phase: playing
2026-06-13 19:25:26, tokens_remaining: 911, call: scores, phase: playing
2026-06-13 19:25:26, tokens_remaining: 910, call: events, phase: playing
2026-06-13 19:25:27, tokens_remaining: 911, call: scores, phase: playing
2026-06-13 19:25:27, tokens_remaining: 909, call: scores, phase: playing
2026-06-13 19:25:28, tokens_remaining: 909, call: scores, phase: playing
2026-06-13 19:25:28, tokens_remaining: 909, call: scores, phase: playing
2026-06-13 19:25:28, tokens_remaining: 909, call: scores, phase: playing
2026-06-13 19:25:29, tokens_remaining: 908, call: scores, phase: playing
2026-06-13 19:25:29, tokens_remaining: 908, call: scores, phase: playing
2026-06-13 19:25:29, tokens_remaining: 908, call: scores, phase: playing
2026-06-13 19:25:29, tokens_remaining: 908, call: scores, phase: playing
2026-06-13 19:25:30, tokens_remaining: 907, call: events, phase: playing
2026-06-13 19:25:30, tokens_remaining: 906, call: scores, phase: playing
2026-06-13 19:25:31, tokens_remaining: 906, call: scores, phase: playing
2026-06-13 19:25:31, tokens_remaining: 906, call: scores, phase: playing
2026-06-13 19:25:31, tokens_remaining: 906, call: scores, phase: playing
2026-06-13 19:25:32, tokens_remaining: 905, call: scores, phase: playing
2026-06-13 19:25:32, tokens_remaining: 905, call: scores, phase: playing
2026-06-13 19:25:32, tokens_remaining: 905, call: scores, phase: playing
2026-06-13 19:25:33, tokens_remaining: 905, call: scores, phase: playing
2026-06-13 19:25:33, tokens_remaining: 904, call: scores, phase: playing
2026-06-13 19:25:34, tokens_remaining: 903, call: events, phase: playing
2026-06-13 19:25:34, tokens_remaining: 904, call: scores, phase: playing
2026-06-13 19:25:34, tokens_remaining: 902, call: scores, phase: playing
2026-06-13 19:25:35, tokens_remaining: 902, call: scores, phase: playing
2026-06-13 19:25:35, tokens_remaining: 902, call: scores, phase: playing
2026-06-13 19:25:35, tokens_remaining: 902, call: scores, phase: playing
2026-06-13 19:25:36, tokens_remaining: 901, call: scores, phase: playing
2026-06-13 19:25:36, tokens_remaining: 901, call: scores, phase: playing
2026-06-13 19:25:36, tokens_remaining: 901, call: scores, phase: playing
2026-06-13 19:25:37, tokens_remaining: 901, call: scores, phase: playing
2026-06-13 19:25:37, tokens_remaining: 900, call: events, phase: playing
2026-06-13 19:25:38, tokens_remaining: 899, call: scores, phase: playing
2026-06-13 19:25:38, tokens_remaining: 899, call: scores, phase: playing
2026-06-13 19:25:38, tokens_remaining: 899, call: scores, phase: playing
2026-06-13 19:25:38, tokens_remaining: 899, call: scores, phase: playing
2026-06-13 19:25:39, tokens_remaining: 898, call: scores, phase: playing
2026-06-13 19:25:39, tokens_remaining: 898, call: scores, phase: playing
2026-06-13 19:25:39, tokens_remaining: 898, call: scores, phase: playing
2026-06-13 19:25:40, tokens_remaining: 898, call: scores, phase: playing
2026-06-13 19:25:40, tokens_remaining: 897, call: scores, phase: playing
2026-06-13 19:25:41, tokens_remaining: 896, call: events, phase: playing
2026-06-13 19:25:41, tokens_remaining: 897, call: scores, phase: playing
2026-06-13 19:25:42, tokens_remaining: 895, call: scores, phase: playing
2026-06-13 19:25:42, tokens_remaining: 895, call: scores, phase: playing
2026-06-13 19:25:42, tokens_remaining: 895, call: scores, phase: playing
2026-06-13 19:25:42, tokens_remaining: 895, call: scores, phase: playing
2026-06-13 19:25:43, tokens_remaining: 894, call: scores, phase: playing
2026-06-13 19:25:43, tokens_remaining: 894, call: scores, phase: playing
2026-06-13 19:25:43, tokens_remaining: 894, call: scores, phase: playing
2026-06-13 19:25:44, tokens_remaining: 894, call: scores, phase: playing
2026-06-13 19:25:44, tokens_remaining: 893, call: events, phase: playing
2026-06-13 19:25:45, tokens_remaining: 892, call: scores, phase: playing
2026-06-13 19:25:45, tokens_remaining: 892, call: scores, phase: playing
2026-06-13 19:25:45, tokens_remaining: 892, call: scores, phase: playing
2026-06-13 19:25:45, tokens_remaining: 892, call: scores, phase: playing
2026-06-13 19:25:46, tokens_remaining: 891, call: scores, phase: playing
2026-06-13 19:25:46, tokens_remaining: 891, call: scores, phase: playing
2026-06-13 19:25:47, tokens_remaining: 891, call: scores, phase: playing
2026-06-13 19:25:47, tokens_remaining: 891, call: scores, phase: playing
2026-06-13 19:25:47, tokens_remaining: 890, call: scores, phase: playing
2026-06-13 19:25:48, tokens_remaining: 889, call: events, phase: playing
2026-06-13 19:25:49, tokens_remaining: 888, call: scores, phase: playing
2026-06-13 19:25:49, tokens_remaining: 888, call: scores, phase: playing
2026-06-13 19:25:49, tokens_remaining: 888, call: scores, phase: playing
2026-06-13 19:25:49, tokens_remaining: 888, call: scores, phase: playing
2026-06-13 19:25:50, tokens_remaining: 887, call: scores, phase: playing
2026-06-13 19:25:50, tokens_remaining: 887, call: scores, phase: playing
2026-06-13 19:25:50, tokens_remaining: 887, call: scores, phase: playing
2026-06-13 19:25:51, tokens_remaining: 887, call: scores, phase: playing
2026-06-13 19:25:51, tokens_remaining: 886, call: scores, phase: playing
2026-06-13 19:25:52, tokens_remaining: 885, call: events, phase: playing
2026-06-13 19:25:52, tokens_remaining: 886, call: scores, phase: playing
2026-06-13 19:25:53, tokens_remaining: 884, call: scores, phase: playing
2026-06-13 19:25:53, tokens_remaining: 884, call: scores, phase: playing
2026-06-13 19:25:53, tokens_remaining: 884, call: scores, phase: playing
2026-06-13 19:25:53, tokens_remaining: 884, call: scores, phase: playing
2026-06-13 19:25:54, tokens_remaining: 884, call: scores, phase: playing
2026-06-13 19:25:54, tokens_remaining: 883, call: scores, phase: playing
2026-06-13 19:25:54, tokens_remaining: 883, call: scores, phase: playing
2026-06-13 19:25:55, tokens_remaining: 883, call: scores, phase: playing
2026-06-13 19:25:55, tokens_remaining: 882, call: events, phase: playing
2026-06-13 19:25:56, tokens_remaining: 881, call: scores, phase: playing
2026-06-13 19:25:56, tokens_remaining: 881, call: scores, phase: playing
2026-06-13 19:25:56, tokens_remaining: 881, call: scores, phase: playing
2026-06-13 19:25:56, tokens_remaining: 881, call: scores, phase: playing
2026-06-13 19:25:57, tokens_remaining: 881, call: scores, phase: playing
2026-06-13 19:25:57, tokens_remaining: 880, call: scores, phase: playing
2026-06-13 19:25:57, tokens_remaining: 880, call: scores, phase: playing
2026-06-13 19:25:57, tokens_remaining: 880, call: scores, phase: playing
2026-06-13 19:25:58, tokens_remaining: 880, call: scores, phase: playing
2026-06-13 19:25:58, tokens_remaining: 879, call: events, phase: playing
2026-06-13 19:25:59, tokens_remaining: 878, call: scores, phase: playing
2026-06-13 19:25:59, tokens_remaining: 878, call: scores, phase: playing
2026-06-13 19:25:59, tokens_remaining: 878, call: scores, phase: playing
2026-06-13 19:25:59, tokens_remaining: 878, call: scores, phase: playing
2026-06-13 19:26:00, tokens_remaining: 878, call: scores, phase: playing
2026-06-13 19:26:00, tokens_remaining: 877, call: scores, phase: playing
2026-06-13 19:26:00, tokens_remaining: 877, call: scores, phase: playing
2026-06-13 19:26:01, tokens_remaining: 877, call: scores, phase: playing
2026-06-13 19:26:01, tokens_remaining: 877, call: scores, phase: playing
2026-06-13 19:26:01, tokens_remaining: 876, call: events, phase: playing
2026-06-13 19:26:02, tokens_remaining: 875, call: scores, phase: playing
2026-06-13 19:26:02, tokens_remaining: 875, call: scores, phase: playing
2026-06-13 19:26:02, tokens_remaining: 875, call: scores, phase: playing
2026-06-13 19:26:03, tokens_remaining: 875, call: scores, phase: playing
2026-06-13 19:26:03, tokens_remaining: 875, call: scores, phase: playing
2026-06-13 19:26:03, tokens_remaining: 874, call: scores, phase: playing
2026-06-13 19:26:04, tokens_remaining: 874, call: scores, phase: playing
2026-06-13 19:26:04, tokens_remaining: 874, call: scores, phase: playing
2026-06-13 19:26:04, tokens_remaining: 874, call: scores, phase: playing
2026-06-13 19:26:05, tokens_remaining: 873, call: events, phase: playing
2026-06-13 19:26:05, tokens_remaining: 872, call: scores, phase: playing
2026-06-13 19:26:05, tokens_remaining: 872, call: scores, phase: playing
2026-06-13 19:26:06, tokens_remaining: 872, call: scores, phase: playing
2026-06-13 19:26:06, tokens_remaining: 872, call: scores, phase: playing
2026-06-13 19:26:06, tokens_remaining: 872, call: scores, phase: playing
2026-06-13 19:26:07, tokens_remaining: 871, call: scores, phase: playing
2026-06-13 19:26:07, tokens_remaining: 871, call: scores, phase: playing
2026-06-13 19:26:07, tokens_remaining: 871, call: scores, phase: playing
2026-06-13 19:26:07, tokens_remaining: 871, call: scores, phase: playing
2026-06-13 19:26:08, tokens_remaining: 870, call: events, phase: playing
2026-06-13 19:26:08, tokens_remaining: 869, call: scores, phase: playing
2026-06-13 19:26:08, tokens_remaining: 869, call: scores, phase: playing
2026-06-13 19:26:09, tokens_remaining: 869, call: scores, phase: playing
2026-06-13 19:26:09, tokens_remaining: 869, call: scores, phase: playing
2026-06-13 19:26:10, tokens_remaining: 868, call: scores, phase: playing
2026-06-13 19:26:10, tokens_remaining: 868, call: scores, phase: playing
2026-06-13 19:26:10, tokens_remaining: 868, call: scores, phase: playing
2026-06-13 19:26:10, tokens_remaining: 868, call: scores, phase: playing
2026-06-13 19:26:10, tokens_remaining: 868, call: scores, phase: playing
2026-06-13 19:26:11, tokens_remaining: 867, call: events, phase: playing
2026-06-13 19:26:11, tokens_remaining: 866, call: scores, phase: playing
2026-06-13 19:26:12, tokens_remaining: 866, call: scores, phase: playing
2026-06-13 19:26:12, tokens_remaining: 866, call: scores, phase: playing
2026-06-13 19:26:12, tokens_remaining: 866, call: scores, phase: playing
2026-06-13 19:26:12, tokens_remaining: 866, call: scores, phase: playing
2026-06-13 19:26:13, tokens_remaining: 865, call: scores, phase: playing
2026-06-13 19:26:13, tokens_remaining: 865, call: scores, phase: playing
2026-06-13 19:26:13, tokens_remaining: 865, call: scores, phase: playing
2026-06-13 19:26:13, tokens_remaining: 865, call: scores, phase: playing
2026-06-13 19:26:14, tokens_remaining: 864, call: events, phase: playing
2026-06-13 19:26:14, tokens_remaining: 863, call: scores, phase: playing
2026-06-13 19:26:15, tokens_remaining: 863, call: scores, phase: playing
2026-06-13 19:26:15, tokens_remaining: 863, call: scores, phase: playing
2026-06-13 19:26:15, tokens_remaining: 863, call: scores, phase: playing
2026-06-13 19:26:15, tokens_remaining: 863, call: scores, phase: playing
2026-06-13 19:26:16, tokens_remaining: 862, call: scores, phase: playing
2026-06-13 19:26:16, tokens_remaining: 862, call: scores, phase: playing
2026-06-13 19:26:16, tokens_remaining: 862, call: scores, phase: playing
2026-06-13 19:26:16, tokens_remaining: 862, call: scores, phase: playing
2026-06-13 19:26:17, tokens_remaining: 861, call: events, phase: playing
2026-06-13 19:26:17, tokens_remaining: 860, call: scores, phase: playing
2026-06-13 19:26:18, tokens_remaining: 860, call: scores, phase: playing
2026-06-13 19:26:18, tokens_remaining: 860, call: scores, phase: playing
2026-06-13 19:26:18, tokens_remaining: 860, call: scores, phase: playing
2026-06-13 19:26:18, tokens_remaining: 860, call: scores, phase: playing
2026-06-13 19:26:19, tokens_remaining: 859, call: scores, phase: playing
2026-06-13 19:26:19, tokens_remaining: 859, call: scores, phase: playing
2026-06-13 19:26:19, tokens_remaining: 859, call: scores, phase: playing
2026-06-13 19:26:19, tokens_remaining: 859, call: scores, phase: playing
2026-06-13 19:26:20, tokens_remaining: 858, call: events, phase: playing
2026-06-13 19:26:20, tokens_remaining: 857, call: scores, phase: playing
2026-06-13 19:26:21, tokens_remaining: 857, call: scores, phase: playing
2026-06-13 19:26:21, tokens_remaining: 857, call: scores, phase: playing
2026-06-13 19:26:21, tokens_remaining: 857, call: scores, phase: playing
2026-06-13 19:26:21, tokens_remaining: 857, call: scores, phase: playing
2026-06-13 19:26:22, tokens_remaining: 856, call: scores, phase: playing
2026-06-13 19:26:22, tokens_remaining: 856, call: scores, phase: playing
2026-06-13 19:26:22, tokens_remaining: 856, call: scores, phase: playing
2026-06-13 19:26:22, tokens_remaining: 856, call: scores, phase: playing
2026-06-13 19:26:23, tokens_remaining: 855, call: events, phase: playing
2026-06-13 19:26:23, tokens_remaining: 854, call: scores, phase: playing
2026-06-13 19:26:24, tokens_remaining: 854, call: scores, phase: playing
2026-06-13 19:26:24, tokens_remaining: 854, call: scores, phase: playing
2026-06-13 19:26:24, tokens_remaining: 854, call: scores, phase: playing
2026-06-13 19:26:24, tokens_remaining: 854, call: scores, phase: playing
2026-06-13 19:26:25, tokens_remaining: 853, call: scores, phase: playing
2026-06-13 19:26:26, tokens_remaining: 852, call: scores, phase: playing
2026-06-13 19:26:26, tokens_remaining: 852, call: scores, phase: playing
2026-06-13 19:26:27, tokens_remaining: 852, call: scores, phase: playing
2026-06-13 19:26:27, tokens_remaining: 851, call: events, phase: playing
2026-06-13 19:26:28, tokens_remaining: 850, call: scores, phase: playing
2026-06-13 19:26:28, tokens_remaining: 850, call: scores, phase: playing
2026-06-13 19:26:28, tokens_remaining: 850, call: scores, phase: playing
2026-06-13 19:26:28, tokens_remaining: 850, call: scores, phase: playing
2026-06-13 19:26:28, tokens_remaining: 850, call: scores, phase: playing
2026-06-13 19:26:29, tokens_remaining: 849, call: scores, phase: playing
2026-06-13 19:26:29, tokens_remaining: 849, call: scores, phase: playing
2026-06-13 19:26:29, tokens_remaining: 849, call: scores, phase: playing
2026-06-13 19:26:29, tokens_remaining: 849, call: scores, phase: playing
2026-06-13 19:26:30, tokens_remaining: 848, call: events, phase: playing
2026-06-13 19:26:30, tokens_remaining: 847, call: scores, phase: playing
2026-06-13 19:26:31, tokens_remaining: 847, call: scores, phase: playing
2026-06-13 19:26:31, tokens_remaining: 847, call: scores, phase: playing
2026-06-13 19:26:31, tokens_remaining: 847, call: scores, phase: playing
2026-06-13 19:26:31, tokens_remaining: 847, call: scores, phase: playing
2026-06-13 19:26:32, tokens_remaining: 846, call: scores, phase: playing
2026-06-13 19:26:32, tokens_remaining: 846, call: scores, phase: playing
2026-06-13 19:26:32, tokens_remaining: 846, call: scores, phase: playing
2026-06-13 19:26:32, tokens_remaining: 846, call: scores, phase: playing
2026-06-13 19:26:33, tokens_remaining: 845, call: events, phase: playing
2026-06-13 19:26:33, tokens_remaining: 844, call: scores, phase: playing
2026-06-13 19:26:33, tokens_remaining: 844, call: scores, phase: playing
2026-06-13 19:26:34, tokens_remaining: 844, call: scores, phase: playing
2026-06-13 19:26:34, tokens_remaining: 844, call: scores, phase: playing
2026-06-13 19:26:34, tokens_remaining: 844, call: scores, phase: playing
2026-06-13 19:26:34, tokens_remaining: 843, call: scores, phase: playing
2026-06-13 19:26:35, tokens_remaining: 843, call: scores, phase: playing
2026-06-13 19:26:35, tokens_remaining: 843, call: scores, phase: playing
2026-06-13 19:26:35, tokens_remaining: 843, call: scores, phase: playing
2026-06-13 19:26:36, tokens_remaining: 842, call: events, phase: playing
2026-06-13 19:26:36, tokens_remaining: 841, call: scores, phase: playing
2026-06-13 19:26:36, tokens_remaining: 841, call: scores, phase: playing
2026-06-13 19:26:36, tokens_remaining: 841, call: scores, phase: playing
2026-06-13 19:26:37, tokens_remaining: 841, call: scores, phase: playing
2026-06-13 19:26:37, tokens_remaining: 841, call: scores, phase: playing
2026-06-13 19:26:37, tokens_remaining: 840, call: scores, phase: playing
2026-06-13 19:26:38, tokens_remaining: 840, call: scores, phase: playing
2026-06-13 19:26:38, tokens_remaining: 840, call: scores, phase: playing
2026-06-13 19:26:38, tokens_remaining: 840, call: scores, phase: playing
2026-06-13 19:26:38, tokens_remaining: 839, call: events, phase: playing
2026-06-13 19:26:39, tokens_remaining: 838, call: scores, phase: playing
2026-06-13 19:26:39, tokens_remaining: 838, call: scores, phase: playing
2026-06-13 19:26:39, tokens_remaining: 838, call: scores, phase: playing
2026-06-13 19:26:39, tokens_remaining: 838, call: scores, phase: playing
2026-06-13 19:26:40, tokens_remaining: 838, call: scores, phase: playing
2026-06-13 19:26:40, tokens_remaining: 837, call: scores, phase: playing
2026-06-13 19:26:40, tokens_remaining: 837, call: scores, phase: playing
2026-06-13 19:26:40, tokens_remaining: 837, call: scores, phase: playing
2026-06-13 19:26:41, tokens_remaining: 837, call: scores, phase: playing
2026-06-13 19:26:41, tokens_remaining: 836, call: events, phase: playing
2026-06-13 19:26:42, tokens_remaining: 835, call: scores, phase: playing
2026-06-13 19:26:42, tokens_remaining: 835, call: scores, phase: playing
2026-06-13 19:26:42, tokens_remaining: 835, call: scores, phase: playing
2026-06-13 19:26:42, tokens_remaining: 835, call: scores, phase: playing
2026-06-13 19:26:42, tokens_remaining: 835, call: scores, phase: playing
2026-06-13 19:26:43, tokens_remaining: 835, call: scores, phase: playing
2026-06-13 19:26:43, tokens_remaining: 834, call: scores, phase: playing
2026-06-13 19:26:46, tokens_remaining: 833, call: scores, phase: playing
2026-06-13 19:26:47, tokens_remaining: 833, call: scores, phase: playing
2026-06-13 19:26:47, tokens_remaining: 832, call: events, phase: playing
2026-06-13 19:26:47, tokens_remaining: 833, call: scores, phase: playing
2026-06-13 19:26:48, tokens_remaining: 831, call: scores, phase: playing
2026-06-13 19:26:48, tokens_remaining: 831, call: scores, phase: playing
2026-06-13 19:26:48, tokens_remaining: 831, call: scores, phase: playing
2026-06-13 19:26:48, tokens_remaining: 831, call: scores, phase: playing
2026-06-13 19:26:49, tokens_remaining: 831, call: scores, phase: playing
2026-06-13 19:26:49, tokens_remaining: 831, call: scores, phase: playing
2026-06-13 19:26:49, tokens_remaining: 830, call: scores, phase: playing
2026-06-13 19:26:49, tokens_remaining: 830, call: scores, phase: playing
2026-06-13 19:26:50, tokens_remaining: 829, call: events, phase: playing
2026-06-13 19:26:50, tokens_remaining: 830, call: scores, phase: playing
2026-06-13 19:26:50, tokens_remaining: 828, call: scores, phase: playing
2026-06-13 19:26:51, tokens_remaining: 828, call: scores, phase: playing
2026-06-13 19:26:51, tokens_remaining: 828, call: scores, phase: playing
2026-06-13 19:26:51, tokens_remaining: 828, call: scores, phase: playing
2026-06-13 19:26:51, tokens_remaining: 828, call: scores, phase: playing
2026-06-13 19:26:51, tokens_remaining: 828, call: scores, phase: playing
2026-06-13 19:26:52, tokens_remaining: 827, call: scores, phase: playing
2026-06-13 19:26:52, tokens_remaining: 827, call: scores, phase: playing
2026-06-13 19:26:52, tokens_remaining: 826, call: events, phase: playing
2026-06-13 19:26:53, tokens_remaining: 827, call: scores, phase: playing
2026-06-13 19:26:53, tokens_remaining: 825, call: scores, phase: playing
2026-06-13 19:26:53, tokens_remaining: 825, call: scores, phase: playing
2026-06-13 19:26:54, tokens_remaining: 825, call: scores, phase: playing
2026-06-13 19:26:54, tokens_remaining: 825, call: scores, phase: playing
2026-06-13 19:26:54, tokens_remaining: 825, call: scores, phase: playing
2026-06-13 19:26:54, tokens_remaining: 825, call: scores, phase: playing
2026-06-13 19:26:55, tokens_remaining: 824, call: scores, phase: playing
2026-06-13 19:26:55, tokens_remaining: 824, call: scores, phase: playing
2026-06-13 19:26:55, tokens_remaining: 823, call: events, phase: playing
2026-06-13 19:26:55, EVENT: SUBSTITUTION 62' Matheus Cunha [Brazil vs Morocco]
2026-06-13 19:26:55, EVENT: SUBSTITUTION 62' Luiz Henrique [Brazil vs Morocco]
2026-06-13 19:26:55, tokens_remaining: 824, call: scores, phase: playing
2026-06-13 19:26:56, tokens_remaining: 822, call: scores, phase: playing
2026-06-13 19:26:56, tokens_remaining: 822, call: scores, phase: playing
2026-06-13 19:26:56, tokens_remaining: 822, call: scores, phase: playing
2026-06-13 19:26:56, tokens_remaining: 822, call: scores, phase: playing
2026-06-13 19:26:56, tokens_remaining: 822, call: scores, phase: playing
2026-06-13 19:26:57, tokens_remaining: 822, call: scores, phase: playing
2026-06-13 19:26:57, tokens_remaining: 821, call: scores, phase: playing
2026-06-13 19:26:57, tokens_remaining: 821, call: scores, phase: playing
2026-06-13 19:26:58, tokens_remaining: 820, call: events, phase: playing
2026-06-13 19:26:58, tokens_remaining: 821, call: scores, phase: playing
2026-06-13 19:26:58, tokens_remaining: 819, call: scores, phase: playing
2026-06-13 19:26:59, tokens_remaining: 819, call: scores, phase: playing
2026-06-13 19:26:59, tokens_remaining: 819, call: scores, phase: playing
2026-06-13 19:26:59, tokens_remaining: 819, call: scores, phase: playing
2026-06-13 19:26:59, tokens_remaining: 819, call: scores, phase: playing
2026-06-13 19:26:59, tokens_remaining: 819, call: scores, phase: playing
2026-06-13 19:27:00, tokens_remaining: 818, call: scores, phase: playing
2026-06-13 19:27:00, tokens_remaining: 818, call: scores, phase: playing
2026-06-13 19:27:00, tokens_remaining: 817, call: events, phase: playing
2026-06-13 19:27:00, tokens_remaining: 818, call: scores, phase: playing
2026-06-13 19:27:01, tokens_remaining: 816, call: scores, phase: playing
2026-06-13 19:27:01, tokens_remaining: 816, call: scores, phase: playing
2026-06-13 19:27:01, tokens_remaining: 816, call: scores, phase: playing
2026-06-13 19:27:01, tokens_remaining: 816, call: scores, phase: playing
2026-06-13 19:27:02, tokens_remaining: 816, call: scores, phase: playing
2026-06-13 19:27:02, tokens_remaining: 816, call: scores, phase: playing
2026-06-13 19:27:02, tokens_remaining: 815, call: scores, phase: playing
2026-06-13 19:27:02, tokens_remaining: 815, call: scores, phase: playing
2026-06-13 19:27:03, tokens_remaining: 814, call: events, phase: playing
2026-06-13 19:27:03, tokens_remaining: 815, call: scores, phase: playing
2026-06-13 19:27:03, tokens_remaining: 815, call: scores, phase: playing
2026-06-13 19:27:04, tokens_remaining: 813, call: scores, phase: playing
2026-06-13 19:27:04, tokens_remaining: 813, call: scores, phase: playing
2026-06-13 19:27:04, tokens_remaining: 813, call: scores, phase: playing
2026-06-13 19:27:04, tokens_remaining: 813, call: scores, phase: playing
2026-06-13 19:27:04, tokens_remaining: 813, call: scores, phase: playing
2026-06-13 19:27:04, tokens_remaining: 813, call: scores, phase: playing
2026-06-13 19:27:05, tokens_remaining: 812, call: scores, phase: playing
2026-06-13 19:27:05, tokens_remaining: 811, call: events, phase: playing
2026-06-13 19:27:05, tokens_remaining: 812, call: scores, phase: playing
2026-06-13 19:27:06, tokens_remaining: 812, call: scores, phase: playing
2026-06-13 19:27:06, tokens_remaining: 810, call: scores, phase: playing
2026-06-13 19:27:06, tokens_remaining: 810, call: scores, phase: playing
2026-06-13 19:27:06, tokens_remaining: 810, call: scores, phase: playing
2026-06-13 19:27:07, tokens_remaining: 810, call: scores, phase: playing
2026-06-13 19:27:07, tokens_remaining: 810, call: scores, phase: playing
2026-06-13 19:27:07, tokens_remaining: 810, call: scores, phase: playing
2026-06-13 19:27:07, tokens_remaining: 809, call: scores, phase: playing
2026-06-13 19:27:08, tokens_remaining: 808, call: events, phase: playing
2026-06-13 19:27:08, tokens_remaining: 809, call: scores, phase: playing
2026-06-13 19:27:08, tokens_remaining: 809, call: scores, phase: playing
2026-06-13 19:27:09, tokens_remaining: 807, call: scores, phase: playing
2026-06-13 19:27:09, tokens_remaining: 807, call: scores, phase: playing
2026-06-13 19:27:09, tokens_remaining: 807, call: scores, phase: playing
2026-06-13 19:27:09, tokens_remaining: 807, call: scores, phase: playing
2026-06-13 19:27:09, tokens_remaining: 807, call: scores, phase: playing
2026-06-13 19:27:10, tokens_remaining: 806, call: scores, phase: playing
2026-06-13 19:27:10, tokens_remaining: 806, call: scores, phase: playing
2026-06-13 19:27:11, tokens_remaining: 805, call: events, phase: playing
2026-06-13 19:27:11, tokens_remaining: 806, call: scores, phase: playing
2026-06-13 19:27:11, tokens_remaining: 804, call: scores, phase: playing
2026-06-13 19:27:12, tokens_remaining: 804, call: scores, phase: playing
2026-06-13 19:27:12, tokens_remaining: 804, call: scores, phase: playing
2026-06-13 19:27:12, tokens_remaining: 804, call: scores, phase: playing
2026-06-13 19:27:12, tokens_remaining: 804, call: scores, phase: playing
2026-06-13 19:27:13, tokens_remaining: 803, call: scores, phase: playing
2026-06-13 19:27:13, tokens_remaining: 803, call: scores, phase: playing
2026-06-13 19:27:13, tokens_remaining: 803, call: scores, phase: playing
2026-06-13 19:27:13, tokens_remaining: 802, call: events, phase: playing
2026-06-13 19:27:14, tokens_remaining: 801, call: scores, phase: playing
2026-06-13 19:27:14, tokens_remaining: 801, call: scores, phase: playing
2026-06-13 19:27:14, tokens_remaining: 801, call: scores, phase: playing
2026-06-13 19:27:14, tokens_remaining: 801, call: scores, phase: playing
2026-06-13 19:27:15, tokens_remaining: 801, call: scores, phase: playing
2026-06-13 19:27:15, tokens_remaining: 801, call: scores, phase: playing
2026-06-13 19:27:15, tokens_remaining: 800, call: scores, phase: playing
2026-06-13 19:27:15, tokens_remaining: 800, call: scores, phase: playing
2026-06-13 19:27:16, tokens_remaining: 800, call: scores, phase: playing
2026-06-13 19:27:16, tokens_remaining: 799, call: events, phase: playing
2026-06-13 19:27:16, tokens_remaining: 798, call: scores, phase: playing
2026-06-13 19:27:17, tokens_remaining: 798, call: scores, phase: playing
2026-06-13 19:27:17, tokens_remaining: 798, call: scores, phase: playing
2026-06-13 19:27:17, tokens_remaining: 798, call: scores, phase: playing
2026-06-13 19:27:17, tokens_remaining: 798, call: scores, phase: playing
2026-06-13 19:27:17, tokens_remaining: 798, call: scores, phase: playing
2026-06-13 19:27:18, tokens_remaining: 797, call: scores, phase: playing
2026-06-13 19:27:18, tokens_remaining: 797, call: scores, phase: playing
2026-06-13 19:27:18, tokens_remaining: 797, call: scores, phase: playing
2026-06-13 19:27:18, tokens_remaining: 796, call: events, phase: playing
2026-06-13 19:27:19, tokens_remaining: 797, call: scores, phase: playing
2026-06-13 19:27:19, tokens_remaining: 795, call: scores, phase: playing
2026-06-13 19:27:19, tokens_remaining: 795, call: scores, phase: playing
2026-06-13 19:27:19, tokens_remaining: 795, call: scores, phase: playing
2026-06-13 19:27:20, tokens_remaining: 795, call: scores, phase: playing
2026-06-13 19:27:20, tokens_remaining: 795, call: scores, phase: playing
2026-06-13 19:27:20, tokens_remaining: 795, call: scores, phase: playing
2026-06-13 19:27:20, tokens_remaining: 794, call: scores, phase: playing
2026-06-13 19:27:21, tokens_remaining: 794, call: scores, phase: playing
2026-06-13 19:27:21, tokens_remaining: 793, call: events, phase: playing
2026-06-13 19:27:21, tokens_remaining: 794, call: scores, phase: playing
2026-06-13 19:27:22, tokens_remaining: 792, call: scores, phase: playing
2026-06-13 19:27:22, tokens_remaining: 792, call: scores, phase: playing
2026-06-13 19:27:22, tokens_remaining: 792, call: scores, phase: playing
2026-06-13 19:27:22, tokens_remaining: 792, call: scores, phase: playing
2026-06-13 19:27:22, tokens_remaining: 792, call: scores, phase: playing
2026-06-13 19:27:23, tokens_remaining: 792, call: scores, phase: playing
2026-06-13 19:27:23, tokens_remaining: 791, call: scores, phase: playing
2026-06-13 19:27:23, tokens_remaining: 791, call: scores, phase: playing
2026-06-13 19:27:24, tokens_remaining: 790, call: events, phase: playing
2026-06-13 19:27:24, tokens_remaining: 791, call: scores, phase: playing
2026-06-13 19:27:24, tokens_remaining: 791, call: scores, phase: playing
2026-06-13 19:27:24, tokens_remaining: 789, call: scores, phase: playing
2026-06-13 19:27:24, tokens_remaining: 789, call: scores, phase: playing
2026-06-13 19:27:25, tokens_remaining: 789, call: scores, phase: playing
2026-06-13 19:27:25, tokens_remaining: 789, call: scores, phase: playing
2026-06-13 19:27:25, tokens_remaining: 789, call: scores, phase: playing
2026-06-13 19:27:25, tokens_remaining: 789, call: scores, phase: playing
2026-06-13 19:27:26, tokens_remaining: 788, call: scores, phase: playing
2026-06-13 19:27:26, tokens_remaining: 787, call: events, phase: playing
2026-06-13 19:27:26, tokens_remaining: 788, call: scores, phase: playing
2026-06-13 19:27:27, tokens_remaining: 788, call: scores, phase: playing
2026-06-13 19:27:27, tokens_remaining: 786, call: scores, phase: playing
2026-06-13 19:27:27, tokens_remaining: 786, call: scores, phase: playing
2026-06-13 19:27:27, tokens_remaining: 786, call: scores, phase: playing
2026-06-13 19:27:28, tokens_remaining: 786, call: scores, phase: playing
2026-06-13 19:27:28, tokens_remaining: 786, call: scores, phase: playing
2026-06-13 19:27:28, tokens_remaining: 786, call: scores, phase: playing
2026-06-13 19:27:28, tokens_remaining: 785, call: scores, phase: playing
2026-06-13 19:27:29, tokens_remaining: 784, call: events, phase: playing
2026-06-13 19:27:29, tokens_remaining: 785, call: scores, phase: playing
2026-06-13 19:27:29, tokens_remaining: 785, call: scores, phase: playing
2026-06-13 19:27:30, tokens_remaining: 783, call: scores, phase: playing
2026-06-13 19:27:30, tokens_remaining: 783, call: scores, phase: playing
2026-06-13 19:27:30, tokens_remaining: 783, call: scores, phase: playing
2026-06-13 19:27:30, tokens_remaining: 783, call: scores, phase: playing
2026-06-13 19:27:30, tokens_remaining: 783, call: scores, phase: playing
2026-06-13 19:27:30, tokens_remaining: 783, call: scores, phase: playing
2026-06-13 19:27:31, tokens_remaining: 782, call: scores, phase: playing
2026-06-13 19:27:31, tokens_remaining: 781, call: events, phase: playing
2026-06-13 19:27:31, tokens_remaining: 782, call: scores, phase: playing
2026-06-13 19:27:32, tokens_remaining: 782, call: scores, phase: playing
2026-06-13 19:27:32, tokens_remaining: 782, call: scores, phase: playing
2026-06-13 19:27:32, tokens_remaining: 780, call: scores, phase: playing
2026-06-13 19:27:32, tokens_remaining: 780, call: scores, phase: playing
2026-06-13 19:27:33, tokens_remaining: 780, call: scores, phase: playing
2026-06-13 19:27:33, tokens_remaining: 780, call: scores, phase: playing
2026-06-13 19:27:33, tokens_remaining: 780, call: scores, phase: playing
2026-06-13 19:27:33, tokens_remaining: 780, call: scores, phase: playing
2026-06-13 19:27:34, tokens_remaining: 779, call: events, phase: playing
2026-06-13 19:27:34, tokens_remaining: 778, call: scores, phase: playing
2026-06-13 19:27:34, tokens_remaining: 778, call: scores, phase: playing
2026-06-13 19:27:34, tokens_remaining: 778, call: scores, phase: playing
2026-06-13 19:27:34, tokens_remaining: 778, call: scores, phase: playing
2026-06-13 19:27:35, tokens_remaining: 778, call: scores, phase: playing
2026-06-13 19:27:35, tokens_remaining: 778, call: scores, phase: playing
2026-06-13 19:27:35, tokens_remaining: 777, call: scores, phase: playing
2026-06-13 19:27:35, tokens_remaining: 777, call: scores, phase: playing
2026-06-13 19:27:36, tokens_remaining: 777, call: scores, phase: playing
2026-06-13 19:27:36, tokens_remaining: 776, call: events, phase: playing
2026-06-13 19:27:37, tokens_remaining: 775, call: scores, phase: playing
2026-06-13 19:27:37, tokens_remaining: 775, call: scores, phase: playing
2026-06-13 19:27:37, tokens_remaining: 775, call: scores, phase: playing
2026-06-13 19:27:37, tokens_remaining: 775, call: scores, phase: playing
2026-06-13 19:27:37, tokens_remaining: 775, call: scores, phase: playing
2026-06-13 19:27:37, tokens_remaining: 775, call: scores, phase: playing
2026-06-13 19:27:38, tokens_remaining: 774, call: scores, phase: playing
2026-06-13 19:27:38, tokens_remaining: 774, call: scores, phase: playing
2026-06-13 19:27:38, tokens_remaining: 774, call: scores, phase: playing
2026-06-13 19:27:39, tokens_remaining: 773, call: events, phase: playing
2026-06-13 19:27:39, tokens_remaining: 772, call: scores, phase: playing
2026-06-13 19:27:39, tokens_remaining: 772, call: scores, phase: playing
2026-06-13 19:27:39, tokens_remaining: 772, call: scores, phase: playing
2026-06-13 19:27:40, tokens_remaining: 772, call: scores, phase: playing
2026-06-13 19:27:40, tokens_remaining: 772, call: scores, phase: playing
2026-06-13 19:27:40, tokens_remaining: 772, call: scores, phase: playing
2026-06-13 19:27:40, tokens_remaining: 771, call: scores, phase: playing
2026-06-13 19:27:41, tokens_remaining: 771, call: scores, phase: playing
2026-06-13 19:27:41, tokens_remaining: 771, call: scores, phase: playing
2026-06-13 19:27:41, tokens_remaining: 770, call: events, phase: playing
2026-06-13 19:27:42, tokens_remaining: 769, call: scores, phase: playing
2026-06-13 19:27:42, tokens_remaining: 769, call: scores, phase: playing
2026-06-13 19:27:42, tokens_remaining: 769, call: scores, phase: playing
2026-06-13 19:27:42, tokens_remaining: 769, call: scores, phase: playing
2026-06-13 19:27:42, tokens_remaining: 769, call: scores, phase: playing
2026-06-13 19:27:42, tokens_remaining: 769, call: scores, phase: playing
2026-06-13 19:27:43, tokens_remaining: 768, call: scores, phase: playing
2026-06-13 19:27:43, tokens_remaining: 768, call: scores, phase: playing
2026-06-13 19:27:43, tokens_remaining: 768, call: scores, phase: playing
2026-06-13 19:27:44, tokens_remaining: 767, call: events, phase: playing
2026-06-13 19:27:44, tokens_remaining: 768, call: scores, phase: playing
2026-06-13 19:27:44, tokens_remaining: 766, call: scores, phase: playing
2026-06-13 19:27:44, tokens_remaining: 766, call: scores, phase: playing
2026-06-13 19:27:45, tokens_remaining: 766, call: scores, phase: playing
2026-06-13 19:27:45, tokens_remaining: 766, call: scores, phase: playing
2026-06-13 19:27:45, tokens_remaining: 766, call: scores, phase: playing
2026-06-13 19:27:45, tokens_remaining: 766, call: scores, phase: playing
2026-06-13 19:27:45, tokens_remaining: 766, call: scores, phase: playing
2026-06-13 19:27:46, tokens_remaining: 765, call: scores, phase: playing
2026-06-13 19:27:46, tokens_remaining: 764, call: events, phase: playing
2026-06-13 19:27:46, tokens_remaining: 765, call: scores, phase: playing
2026-06-13 19:27:46, tokens_remaining: 765, call: scores, phase: playing
2026-06-13 19:27:47, tokens_remaining: 765, call: scores, phase: playing
2026-06-13 19:27:47, tokens_remaining: 763, call: scores, phase: playing
2026-06-13 19:27:47, tokens_remaining: 763, call: scores, phase: playing
2026-06-13 19:27:47, tokens_remaining: 763, call: scores, phase: playing
2026-06-13 19:27:47, tokens_remaining: 763, call: scores, phase: playing
2026-06-13 19:27:48, tokens_remaining: 763, call: scores, phase: playing
2026-06-13 19:27:48, tokens_remaining: 763, call: scores, phase: playing
2026-06-13 19:27:51, tokens_remaining: 762, call: events, phase: playing
2026-06-13 19:27:52, tokens_remaining: 761, call: scores, phase: playing
2026-06-13 19:27:52, tokens_remaining: 761, call: scores, phase: playing
2026-06-13 19:27:52, tokens_remaining: 761, call: scores, phase: playing
2026-06-13 19:27:52, tokens_remaining: 761, call: scores, phase: playing
2026-06-13 19:27:52, tokens_remaining: 761, call: scores, phase: playing
2026-06-13 19:27:53, tokens_remaining: 761, call: scores, phase: playing
2026-06-13 19:27:53, tokens_remaining: 760, call: scores, phase: playing
2026-06-13 19:27:53, tokens_remaining: 760, call: scores, phase: playing
2026-06-13 19:27:53, tokens_remaining: 760, call: scores, phase: playing
2026-06-13 19:27:54, tokens_remaining: 759, call: events, phase: playing
2026-06-13 19:27:54, tokens_remaining: 760, call: scores, phase: playing
2026-06-13 19:27:54, tokens_remaining: 758, call: scores, phase: playing
2026-06-13 19:27:55, tokens_remaining: 758, call: scores, phase: playing
2026-06-13 19:27:55, tokens_remaining: 758, call: scores, phase: playing
2026-06-13 19:27:55, tokens_remaining: 758, call: scores, phase: playing
2026-06-13 19:27:55, tokens_remaining: 758, call: scores, phase: playing
2026-06-13 19:27:55, tokens_remaining: 758, call: scores, phase: playing
2026-06-13 19:27:56, tokens_remaining: 757, call: scores, phase: playing
2026-06-13 19:27:56, tokens_remaining: 757, call: scores, phase: playing
2026-06-13 19:27:56, tokens_remaining: 756, call: events, phase: playing
2026-06-13 19:27:56, tokens_remaining: 757, call: scores, phase: playing
2026-06-13 19:27:57, tokens_remaining: 755, call: scores, phase: playing
2026-06-13 19:27:57, tokens_remaining: 755, call: scores, phase: playing
2026-06-13 19:27:57, tokens_remaining: 755, call: scores, phase: playing
2026-06-13 19:27:57, tokens_remaining: 755, call: scores, phase: playing
2026-06-13 19:27:58, tokens_remaining: 755, call: scores, phase: playing
2026-06-13 19:27:58, tokens_remaining: 755, call: scores, phase: playing
2026-06-13 19:27:58, tokens_remaining: 754, call: scores, phase: playing
2026-06-13 19:27:58, tokens_remaining: 754, call: scores, phase: playing
2026-06-13 19:27:59, tokens_remaining: 753, call: events, phase: playing
2026-06-13 19:27:59, tokens_remaining: 754, call: scores, phase: playing
2026-06-13 19:28:00, tokens_remaining: 752, call: scores, phase: playing
2026-06-13 19:28:00, tokens_remaining: 752, call: scores, phase: playing
2026-06-13 19:28:00, tokens_remaining: 752, call: scores, phase: playing
2026-06-13 19:28:00, tokens_remaining: 752, call: scores, phase: playing
2026-06-13 19:28:00, tokens_remaining: 752, call: scores, phase: playing
2026-06-13 19:28:00, tokens_remaining: 752, call: scores, phase: playing
2026-06-13 19:28:01, tokens_remaining: 751, call: scores, phase: playing
2026-06-13 19:28:01, tokens_remaining: 751, call: scores, phase: playing
2026-06-13 19:28:01, tokens_remaining: 750, call: events, phase: playing
2026-06-13 19:28:02, tokens_remaining: 751, call: scores, phase: playing
2026-06-13 19:28:02, tokens_remaining: 751, call: scores, phase: playing
2026-06-13 19:28:02, tokens_remaining: 749, call: scores, phase: playing
2026-06-13 19:28:02, tokens_remaining: 749, call: scores, phase: playing
2026-06-13 19:28:03, tokens_remaining: 749, call: scores, phase: playing
2026-06-13 19:28:03, tokens_remaining: 749, call: scores, phase: playing
2026-06-13 19:28:03, tokens_remaining: 749, call: scores, phase: playing
2026-06-13 19:28:03, tokens_remaining: 749, call: scores, phase: playing
2026-06-13 19:28:04, tokens_remaining: 748, call: scores, phase: playing
2026-06-13 19:28:04, tokens_remaining: 747, call: events, phase: playing
2026-06-13 19:28:04, tokens_remaining: 748, call: scores, phase: playing
2026-06-13 19:28:04, tokens_remaining: 748, call: scores, phase: playing
2026-06-13 19:28:04, tokens_remaining: 748, call: scores, phase: playing
2026-06-13 19:28:05, tokens_remaining: 746, call: scores, phase: playing
2026-06-13 19:28:05, tokens_remaining: 746, call: scores, phase: playing
2026-06-13 19:28:05, tokens_remaining: 746, call: scores, phase: playing
2026-06-13 19:28:05, tokens_remaining: 746, call: scores, phase: playing
2026-06-13 19:28:06, tokens_remaining: 746, call: scores, phase: playing
2026-06-13 19:28:06, tokens_remaining: 746, call: scores, phase: playing
2026-06-13 19:28:06, tokens_remaining: 745, call: events, phase: playing
2026-06-13 19:28:07, tokens_remaining: 744, call: scores, phase: playing
2026-06-13 19:28:07, tokens_remaining: 744, call: scores, phase: playing
2026-06-13 19:28:07, tokens_remaining: 744, call: scores, phase: playing
2026-06-13 19:28:07, tokens_remaining: 744, call: scores, phase: playing
2026-06-13 19:28:07, tokens_remaining: 744, call: scores, phase: playing
2026-06-13 19:28:08, tokens_remaining: 744, call: scores, phase: playing
2026-06-13 19:28:08, tokens_remaining: 743, call: scores, phase: playing
2026-06-13 19:28:08, tokens_remaining: 743, call: scores, phase: playing
2026-06-13 19:28:08, tokens_remaining: 743, call: scores, phase: playing
2026-06-13 19:28:09, tokens_remaining: 742, call: events, phase: playing
2026-06-13 19:28:09, tokens_remaining: 741, call: scores, phase: playing
2026-06-13 19:28:09, tokens_remaining: 741, call: scores, phase: playing
2026-06-13 19:28:10, tokens_remaining: 741, call: scores, phase: playing
2026-06-13 19:28:10, tokens_remaining: 741, call: scores, phase: playing
2026-06-13 19:28:10, tokens_remaining: 741, call: scores, phase: playing
2026-06-13 19:28:10, tokens_remaining: 741, call: scores, phase: playing
2026-06-13 19:28:11, tokens_remaining: 740, call: scores, phase: playing
2026-06-13 19:28:11, tokens_remaining: 740, call: scores, phase: playing
2026-06-13 19:28:11, tokens_remaining: 740, call: scores, phase: playing
2026-06-13 19:28:11, tokens_remaining: 739, call: events, phase: playing
2026-06-13 19:28:12, tokens_remaining: 738, call: scores, phase: playing
2026-06-13 19:28:12, tokens_remaining: 738, call: scores, phase: playing
2026-06-13 19:28:12, tokens_remaining: 738, call: scores, phase: playing
2026-06-13 19:28:12, tokens_remaining: 738, call: scores, phase: playing
2026-06-13 19:28:13, tokens_remaining: 738, call: scores, phase: playing
2026-06-13 19:28:13, tokens_remaining: 738, call: scores, phase: playing
2026-06-13 19:28:13, tokens_remaining: 737, call: scores, phase: playing
2026-06-13 19:28:13, tokens_remaining: 737, call: scores, phase: playing
2026-06-13 19:28:14, tokens_remaining: 737, call: scores, phase: playing
2026-06-13 19:28:14, tokens_remaining: 736, call: events, phase: playing
2026-06-13 19:28:14, tokens_remaining: 737, call: scores, phase: playing
2026-06-13 19:28:15, tokens_remaining: 735, call: scores, phase: playing
2026-06-13 19:28:15, tokens_remaining: 735, call: scores, phase: playing
2026-06-13 19:28:15, tokens_remaining: 735, call: scores, phase: playing
2026-06-13 19:28:15, tokens_remaining: 735, call: scores, phase: playing
2026-06-13 19:28:15, tokens_remaining: 735, call: scores, phase: playing
2026-06-13 19:28:15, tokens_remaining: 735, call: scores, phase: playing
2026-06-13 19:28:16, tokens_remaining: 734, call: scores, phase: playing
2026-06-13 19:28:16, tokens_remaining: 734, call: scores, phase: playing
2026-06-13 19:28:16, tokens_remaining: 733, call: events, phase: playing
2026-06-13 19:28:17, tokens_remaining: 734, call: scores, phase: playing
2026-06-13 19:28:17, tokens_remaining: 732, call: scores, phase: playing
2026-06-13 19:28:17, tokens_remaining: 732, call: scores, phase: playing
2026-06-13 19:28:17, tokens_remaining: 732, call: scores, phase: playing
2026-06-13 19:28:18, tokens_remaining: 732, call: scores, phase: playing
2026-06-13 19:28:18, tokens_remaining: 732, call: scores, phase: playing
2026-06-13 19:28:18, tokens_remaining: 732, call: scores, phase: playing
2026-06-13 19:28:18, tokens_remaining: 731, call: scores, phase: playing
2026-06-13 19:28:19, tokens_remaining: 731, call: scores, phase: playing
2026-06-13 19:28:19, tokens_remaining: 730, call: events, phase: playing
2026-06-13 19:28:19, tokens_remaining: 731, call: scores, phase: playing
2026-06-13 19:28:19, tokens_remaining: 731, call: scores, phase: playing
2026-06-13 19:28:20, tokens_remaining: 729, call: scores, phase: playing
2026-06-13 19:28:20, tokens_remaining: 729, call: scores, phase: playing
2026-06-13 19:28:20, tokens_remaining: 729, call: scores, phase: playing
2026-06-13 19:28:20, tokens_remaining: 729, call: scores, phase: playing
2026-06-13 19:28:20, tokens_remaining: 729, call: scores, phase: playing
2026-06-13 19:28:21, tokens_remaining: 729, call: scores, phase: playing
2026-06-13 19:28:21, tokens_remaining: 728, call: scores, phase: playing
2026-06-13 19:28:22, tokens_remaining: 727, call: events, phase: playing
2026-06-13 19:28:22, tokens_remaining: 728, call: scores, phase: playing
2026-06-13 19:28:22, tokens_remaining: 728, call: scores, phase: playing
2026-06-13 19:28:22, tokens_remaining: 726, call: scores, phase: playing
2026-06-13 19:28:23, tokens_remaining: 726, call: scores, phase: playing
2026-06-13 19:28:23, tokens_remaining: 726, call: scores, phase: playing
2026-06-13 19:28:23, tokens_remaining: 726, call: scores, phase: playing
2026-06-13 19:28:23, tokens_remaining: 726, call: scores, phase: playing
2026-06-13 19:28:23, tokens_remaining: 726, call: scores, phase: playing
2026-06-13 19:28:24, tokens_remaining: 2500, call: scores, phase: playing
2026-06-13 19:28:24, tokens_remaining: 2499, call: events, phase: playing
2026-06-13 19:28:25, tokens_remaining: 2498, call: scores, phase: playing
2026-06-13 19:28:26, tokens_remaining: 2498, call: scores, phase: playing
2026-06-13 19:28:27, tokens_remaining: 2497, call: scores, phase: playing
2026-06-13 19:28:28, tokens_remaining: 2497, call: scores, phase: playing
2026-06-13 19:28:29, tokens_remaining: 2496, call: scores, phase: playing
2026-06-13 19:28:30, tokens_remaining: 2496, call: scores, phase: playing
2026-06-13 19:28:31, tokens_remaining: 2495, call: scores, phase: playing
2026-06-13 19:28:32, tokens_remaining: 2495, call: scores, phase: playing
2026-06-13 19:28:33, tokens_remaining: 2494, call: scores, phase: playing
2026-06-13 19:28:34, tokens_remaining: 2493, call: events, phase: playing
2026-06-13 19:28:35, tokens_remaining: 2492, call: scores, phase: playing
2026-06-13 19:28:36, tokens_remaining: 2492, call: scores, phase: playing
2026-06-13 19:28:37, tokens_remaining: 2491, call: scores, phase: playing
2026-06-13 19:28:38, tokens_remaining: 2491, call: scores, phase: playing
2026-06-13 19:28:39, tokens_remaining: 2490, call: scores, phase: playing
2026-06-13 19:28:40, tokens_remaining: 2490, call: scores, phase: playing
2026-06-13 19:28:41, tokens_remaining: 2489, call: scores, phase: playing
2026-06-13 19:28:42, tokens_remaining: 2489, call: scores, phase: playing
2026-06-13 19:28:43, tokens_remaining: 2488, call: scores, phase: playing
2026-06-13 19:28:44, tokens_remaining: 2487, call: events, phase: playing
2026-06-13 19:28:45, tokens_remaining: 2486, call: scores, phase: playing
2026-06-13 19:28:46, tokens_remaining: 2486, call: scores, phase: playing
2026-06-13 19:28:47, tokens_remaining: 2485, call: scores, phase: playing
2026-06-13 19:28:48, tokens_remaining: 2485, call: scores, phase: playing
2026-06-13 19:28:49, tokens_remaining: 2484, call: scores, phase: playing
2026-06-13 19:28:50, tokens_remaining: 2484, call: scores, phase: playing
2026-06-13 19:28:51, tokens_remaining: 2483, call: scores, phase: playing
2026-06-13 19:28:52, tokens_remaining: 2483, call: scores, phase: playing
2026-06-13 19:28:53, tokens_remaining: 2482, call: scores, phase: playing
2026-06-13 19:28:54, tokens_remaining: 2481, call: events, phase: playing
2026-06-13 19:28:55, tokens_remaining: 2480, call: scores, phase: playing
2026-06-13 19:28:56, tokens_remaining: 2480, call: scores, phase: playing
2026-06-13 19:28:57, tokens_remaining: 2479, call: scores, phase: playing
2026-06-13 19:28:58, tokens_remaining: 2479, call: scores, phase: playing
2026-06-13 19:28:59, tokens_remaining: 2478, call: scores, phase: playing
2026-06-13 19:29:00, tokens_remaining: 2478, call: scores, phase: playing
2026-06-13 19:29:01, tokens_remaining: 2477, call: scores, phase: playing
2026-06-13 19:29:02, tokens_remaining: 2477, call: scores, phase: playing
2026-06-13 19:29:03, tokens_remaining: 2476, call: scores, phase: playing
2026-06-13 19:29:04, tokens_remaining: 2475, call: events, phase: playing
2026-06-13 19:29:05, tokens_remaining: 2474, call: scores, phase: playing
2026-06-13 19:29:06, tokens_remaining: 2474, call: scores, phase: playing
2026-06-13 19:29:07, tokens_remaining: 2473, call: scores, phase: playing
2026-06-13 19:29:08, tokens_remaining: 2473, call: scores, phase: playing
2026-06-13 19:29:09, tokens_remaining: 2472, call: scores, phase: playing
2026-06-13 19:29:10, tokens_remaining: 2472, call: scores, phase: playing
2026-06-13 19:29:11, tokens_remaining: 2471, call: scores, phase: playing
2026-06-13 19:29:11, tokens_remaining: 2471, call: scores, phase: playing
2026-06-13 19:29:13, tokens_remaining: 2470, call: scores, phase: playing
2026-06-13 19:29:14, tokens_remaining: 2469, call: events, phase: playing
2026-06-13 19:29:15, tokens_remaining: 2468, call: scores, phase: playing
2026-06-13 19:29:16, tokens_remaining: 2468, call: scores, phase: playing
2026-06-13 19:29:17, tokens_remaining: 2467, call: scores, phase: playing
2026-06-13 19:29:17, tokens_remaining: 2467, call: scores, phase: playing
2026-06-13 19:29:19, tokens_remaining: 2466, call: scores, phase: playing
2026-06-13 19:29:19, tokens_remaining: 2466, call: scores, phase: playing
2026-06-13 19:29:20, tokens_remaining: 2465, call: scores, phase: playing
2026-06-13 19:29:21, tokens_remaining: 2465, call: scores, phase: playing
2026-06-13 19:29:22, tokens_remaining: 2464, call: scores, phase: playing
2026-06-13 19:29:23, tokens_remaining: 2463, call: events, phase: playing
2026-06-13 19:29:25, tokens_remaining: 2462, call: scores, phase: playing
2026-06-13 19:29:25, tokens_remaining: 2462, call: scores, phase: playing
2026-06-13 19:29:26, tokens_remaining: 2461, call: scores, phase: playing
2026-06-13 19:29:27, tokens_remaining: 2461, call: scores, phase: playing
2026-06-13 19:29:28, tokens_remaining: 2460, call: scores, phase: playing
2026-06-13 19:29:29, tokens_remaining: 2460, call: scores, phase: playing
2026-06-13 19:29:30, tokens_remaining: 2459, call: scores, phase: playing
2026-06-13 19:29:31, tokens_remaining: 2459, call: scores, phase: playing
2026-06-13 19:29:32, tokens_remaining: 2458, call: scores, phase: playing
2026-06-13 19:29:33, tokens_remaining: 2457, call: events, phase: playing
2026-06-13 19:29:34, tokens_remaining: 2456, call: scores, phase: playing
2026-06-13 19:29:35, tokens_remaining: 2456, call: scores, phase: playing
2026-06-13 19:29:36, tokens_remaining: 2455, call: scores, phase: playing
2026-06-13 19:29:37, tokens_remaining: 2455, call: scores, phase: playing
2026-06-13 19:29:38, tokens_remaining: 2454, call: scores, phase: playing
2026-06-13 19:29:39, tokens_remaining: 2454, call: scores, phase: playing
2026-06-13 19:29:40, tokens_remaining: 2453, call: scores, phase: playing
2026-06-13 19:29:41, tokens_remaining: 2453, call: scores, phase: playing
2026-06-13 19:29:42, tokens_remaining: 2452, call: scores, phase: playing
2026-06-13 19:29:43, tokens_remaining: 2451, call: events, phase: playing
2026-06-13 19:29:44, tokens_remaining: 2450, call: scores, phase: playing
2026-06-13 19:29:45, tokens_remaining: 2450, call: scores, phase: playing
2026-06-13 19:29:46, tokens_remaining: 2449, call: scores, phase: playing
2026-06-13 19:29:47, tokens_remaining: 2449, call: scores, phase: playing
2026-06-13 19:29:48, tokens_remaining: 2448, call: scores, phase: playing
2026-06-13 19:29:49, tokens_remaining: 2448, call: scores, phase: playing
2026-06-13 19:29:50, tokens_remaining: 2447, call: scores, phase: playing
2026-06-13 19:29:51, tokens_remaining: 2447, call: scores, phase: playing
2026-06-13 19:29:52, tokens_remaining: 2446, call: scores, phase: playing
2026-06-13 19:29:53, tokens_remaining: 2445, call: events, phase: playing
2026-06-13 19:29:54, tokens_remaining: 2444, call: scores, phase: playing
2026-06-13 19:29:55, tokens_remaining: 2444, call: scores, phase: playing
2026-06-13 19:29:56, tokens_remaining: 2443, call: scores, phase: playing
2026-06-13 19:29:57, tokens_remaining: 2443, call: scores, phase: playing
2026-06-13 19:29:58, tokens_remaining: 2442, call: scores, phase: playing
2026-06-13 19:29:59, tokens_remaining: 2442, call: scores, phase: playing
2026-06-13 19:30:00, tokens_remaining: 2441, call: scores, phase: playing
2026-06-13 19:30:00, tokens_remaining: 2441, call: scores, phase: playing
2026-06-13 19:30:01, tokens_remaining: 2440, call: scores, phase: playing
2026-06-13 19:30:03, tokens_remaining: 2439, call: events, phase: playing
2026-06-13 19:30:04, tokens_remaining: 2438, call: scores, phase: playing
2026-06-13 19:30:04, tokens_remaining: 2438, call: scores, phase: playing
2026-06-13 19:30:06, tokens_remaining: 2437, call: scores, phase: playing
2026-06-13 19:30:06, tokens_remaining: 2437, call: scores, phase: playing
2026-06-13 19:30:07, tokens_remaining: 2436, call: scores, phase: playing
2026-06-13 19:30:08, tokens_remaining: 2436, call: scores, phase: playing
2026-06-13 19:30:09, tokens_remaining: 2435, call: scores, phase: playing
2026-06-13 19:30:10, tokens_remaining: 2435, call: scores, phase: playing
2026-06-13 19:30:11, tokens_remaining: 2434, call: scores, phase: playing
2026-06-13 19:30:12, tokens_remaining: 2433, call: events, phase: playing
2026-06-13 19:30:12, EVENT: SUBSTITUTION 65' Samir El Mourabet [Brazil vs Morocco]
2026-06-13 19:30:13, tokens_remaining: 2432, call: scores, phase: playing
2026-06-13 19:30:14, tokens_remaining: 2432, call: scores, phase: playing
2026-06-13 19:30:15, tokens_remaining: 2431, call: scores, phase: playing
2026-06-13 19:30:16, tokens_remaining: 2431, call: scores, phase: playing
2026-06-13 19:30:17, tokens_remaining: 2430, call: scores, phase: playing
2026-06-13 19:30:18, tokens_remaining: 2430, call: scores, phase: playing
2026-06-13 19:30:19, tokens_remaining: 2429, call: scores, phase: playing
2026-06-13 19:30:20, tokens_remaining: 2429, call: scores, phase: playing
2026-06-13 19:30:21, tokens_remaining: 2428, call: scores, phase: playing
2026-06-13 19:30:22, tokens_remaining: 2427, call: events, phase: playing
2026-06-13 19:30:23, tokens_remaining: 2426, call: scores, phase: playing
2026-06-13 19:30:24, tokens_remaining: 2426, call: scores, phase: playing
2026-06-13 19:30:25, tokens_remaining: 2425, call: scores, phase: playing
2026-06-13 19:30:26, tokens_remaining: 2425, call: scores, phase: playing
2026-06-13 19:30:27, tokens_remaining: 2424, call: scores, phase: playing
2026-06-13 19:30:28, tokens_remaining: 2424, call: scores, phase: playing
2026-06-13 19:30:29, tokens_remaining: 2423, call: scores, phase: playing
2026-06-13 19:30:30, tokens_remaining: 2423, call: scores, phase: playing
2026-06-13 19:30:31, tokens_remaining: 2422, call: scores, phase: playing
2026-06-13 19:30:32, tokens_remaining: 2421, call: events, phase: playing
2026-06-13 19:30:32, EVENT: SUBSTITUTION 65' Chemsdine Talbi [Brazil vs Morocco]
2026-06-13 19:30:33, tokens_remaining: 2420, call: scores, phase: playing
2026-06-13 19:30:34, tokens_remaining: 2420, call: scores, phase: playing
2026-06-13 19:30:35, tokens_remaining: 2419, call: scores, phase: playing
2026-06-13 19:30:36, tokens_remaining: 2419, call: scores, phase: playing
2026-06-13 19:30:37, tokens_remaining: 2418, call: scores, phase: playing
2026-06-13 19:30:37, tokens_remaining: 2418, call: scores, phase: playing
2026-06-13 19:30:38, tokens_remaining: 2417, call: scores, phase: playing
