2026-06-15 11:39:09, tokens_remaining: 1418, call: events, phase: idle
2026-06-15 11:39:09, EVENT: YELLOW_CARD 17' Sidny Lopes Cabral [Spain vs Cape Verde Islands]
2026-06-15 11:39:09, STATE_CHANGE: Spain vs Cape Verde Islands [— -> 1H]
2026-06-15 11:39:10, tokens_remaining: 1417, call: scores, phase: playing
2026-06-15 11:39:11, tokens_remaining: 1416, call: scores, phase: playing
2026-06-15 11:39:12, tokens_remaining: 1416, call: scores, phase: playing
2026-06-15 11:39:13, tokens_remaining: 1415, call: scores, phase: playing
2026-06-15 11:39:14, tokens_remaining: 1415, call: scores, phase: playing
2026-06-15 11:39:15, tokens_remaining: 1414, call: scores, phase: playing
2026-06-15 11:39:16, tokens_remaining: 1414, call: scores, phase: playing
2026-06-15 11:39:17, tokens_remaining: 1413, call: scores, phase: playing
2026-06-15 11:39:18, tokens_remaining: 1412, call: events, phase: playing
2026-06-15 11:39:19, tokens_remaining: 1411, call: scores, phase: playing
2026-06-15 11:39:20, tokens_remaining: 1411, call: scores, phase: playing
2026-06-15 11:39:21, tokens_remaining: 1410, call: scores, phase: playing
2026-06-15 11:39:21, tokens_remaining: 1410, call: scores, phase: playing
2026-06-15 11:39:22, tokens_remaining: 1409, call: scores, phase: playing
2026-06-15 11:39:23, tokens_remaining: 1409, call: scores, phase: playing
2026-06-15 11:39:24, tokens_remaining: 1408, call: scores, phase: playing
2026-06-15 11:39:25, tokens_remaining: 1408, call: scores, phase: playing
2026-06-15 11:39:26, tokens_remaining: 1407, call: scores, phase: playing
2026-06-15 11:39:28, tokens_remaining: 1406, call: events, phase: playing
2026-06-15 11:39:29, tokens_remaining: 1405, call: scores, phase: playing
2026-06-15 11:39:29, tokens_remaining: 1405, call: scores, phase: playing
2026-06-15 11:39:30, tokens_remaining: 1404, call: scores, phase: playing
2026-06-15 11:39:31, tokens_remaining: 1404, call: scores, phase: playing
2026-06-15 11:39:32, tokens_remaining: 1403, call: scores, phase: playing
2026-06-15 11:39:34, tokens_remaining: 1402, call: scores, phase: playing
2026-06-15 11:39:34, tokens_remaining: 1402, call: scores, phase: playing
2026-06-15 11:39:35, tokens_remaining: 1401, call: scores, phase: playing
2026-06-15 11:39:36, tokens_remaining: 1401, call: scores, phase: playing
2026-06-15 11:39:37, tokens_remaining: 1400, call: events, phase: playing
2026-06-15 11:39:38, tokens_remaining: 1399, call: scores, phase: playing
2026-06-15 11:39:40, tokens_remaining: 1398, call: scores, phase: playing
2026-06-15 11:39:40, tokens_remaining: 1398, call: scores, phase: playing
2026-06-15 11:39:41, tokens_remaining: 1397, call: scores, phase: playing
2026-06-15 11:39:42, tokens_remaining: 1397, call: scores, phase: playing
2026-06-15 11:39:44, tokens_remaining: 1396, call: scores, phase: playing
2026-06-15 11:39:44, tokens_remaining: 1396, call: scores, phase: playing
2026-06-15 11:39:45, tokens_remaining: 1395, call: scores, phase: playing
2026-06-15 11:39:46, tokens_remaining: 1395, call: scores, phase: playing
2026-06-15 11:39:47, tokens_remaining: 1394, call: events, phase: playing
2026-06-15 11:39:48, tokens_remaining: 1393, call: scores, phase: playing
2026-06-15 11:39:49, tokens_remaining: 1393, call: scores, phase: playing
2026-06-15 11:39:49, tokens_remaining: 1392, call: scores, phase: playing
2026-06-15 11:39:50, tokens_remaining: 1392, call: scores, phase: playing
2026-06-15 11:39:51, tokens_remaining: 1391, call: scores, phase: playing
2026-06-15 11:39:52, tokens_remaining: 1391, call: scores, phase: playing
2026-06-15 11:39:53, tokens_remaining: 1390, call: scores, phase: playing
2026-06-15 11:39:55, tokens_remaining: 1390, call: scores, phase: playing
2026-06-15 11:39:56, tokens_remaining: 1389, call: scores, phase: playing
2026-06-15 11:39:56, tokens_remaining: 1388, call: events, phase: playing
2026-06-15 11:39:57, tokens_remaining: 1387, call: scores, phase: playing
2026-06-15 11:39:58, tokens_remaining: 1387, call: scores, phase: playing
2026-06-15 11:39:59, tokens_remaining: 1386, call: scores, phase: playing
2026-06-15 11:40:00, tokens_remaining: 1386, call: scores, phase: playing
2026-06-15 11:40:00, tokens_remaining: 1385, call: scores, phase: playing
2026-06-15 11:40:02, tokens_remaining: 1384, call: scores, phase: playing
2026-06-15 11:40:03, tokens_remaining: 1384, call: scores, phase: playing
2026-06-15 11:40:04, tokens_remaining: 1383, call: scores, phase: playing
2026-06-15 11:40:04, tokens_remaining: 1383, call: scores, phase: playing
2026-06-15 11:40:05, tokens_remaining: 1382, call: events, phase: playing
2026-06-15 11:40:06, tokens_remaining: 1381, call: scores, phase: playing
2026-06-15 11:40:07, tokens_remaining: 1381, call: scores, phase: playing
2026-06-15 11:40:07, tokens_remaining: 1380, call: scores, phase: playing
2026-06-15 11:40:08, tokens_remaining: 1380, call: scores, phase: playing
2026-06-15 11:40:09, tokens_remaining: 1379, call: scores, phase: playing
2026-06-15 11:40:09, tokens_remaining: 1379, call: scores, phase: playing
2026-06-15 11:40:10, tokens_remaining: 1378, call: scores, phase: playing
2026-06-15 11:40:11, tokens_remaining: 1378, call: scores, phase: playing
2026-06-15 11:40:12, tokens_remaining: 1377, call: scores, phase: playing
2026-06-15 11:40:13, tokens_remaining: 1376, call: events, phase: playing
2026-06-15 11:40:14, tokens_remaining: 1375, call: scores, phase: playing
2026-06-15 11:40:14, tokens_remaining: 1375, call: scores, phase: playing
2026-06-15 11:40:15, tokens_remaining: 1374, call: scores, phase: playing
2026-06-15 11:40:16, tokens_remaining: 1374, call: scores, phase: playing
2026-06-15 11:40:17, tokens_remaining: 1373, call: scores, phase: playing
2026-06-15 11:40:17, tokens_remaining: 1373, call: scores, phase: playing
2026-06-15 11:40:18, tokens_remaining: 1372, call: scores, phase: playing
2026-06-15 11:40:19, tokens_remaining: 1372, call: scores, phase: playing
2026-06-15 11:40:19, tokens_remaining: 1371, call: scores, phase: playing
2026-06-15 11:40:20, tokens_remaining: 1370, call: events, phase: playing
2026-06-15 11:40:21, tokens_remaining: 1369, call: scores, phase: playing
2026-06-15 11:40:22, tokens_remaining: 1369, call: scores, phase: playing
2026-06-15 11:40:23, tokens_remaining: 1368, call: scores, phase: playing
2026-06-15 11:40:23, tokens_remaining: 1368, call: scores, phase: playing
2026-06-15 11:40:24, tokens_remaining: 1367, call: scores, phase: playing
2026-06-15 11:40:25, tokens_remaining: 1367, call: scores, phase: playing
2026-06-15 11:40:25, tokens_remaining: 1366, call: scores, phase: playing
2026-06-15 11:40:28, tokens_remaining: 1365, call: scores, phase: playing
2026-06-15 11:40:28, tokens_remaining: 1365, call: scores, phase: playing
2026-06-15 11:40:29, tokens_remaining: 1364, call: events, phase: playing
2026-06-15 11:40:30, tokens_remaining: 1363, call: scores, phase: playing
2026-06-15 11:40:30, tokens_remaining: 1363, call: scores, phase: playing
2026-06-15 11:40:31, tokens_remaining: 1362, call: scores, phase: playing
2026-06-15 11:40:32, tokens_remaining: 1362, call: scores, phase: playing
2026-06-15 11:40:33, tokens_remaining: 1361, call: scores, phase: playing
2026-06-15 11:40:34, tokens_remaining: 1361, call: scores, phase: playing
2026-06-15 11:40:35, tokens_remaining: 1360, call: scores, phase: playing
2026-06-15 11:40:35, tokens_remaining: 1360, call: scores, phase: playing
2026-06-15 11:40:36, tokens_remaining: 1359, call: scores, phase: playing
2026-06-15 11:40:37, tokens_remaining: 1358, call: events, phase: playing
2026-06-15 11:40:38, tokens_remaining: 1357, call: scores, phase: playing
2026-06-15 11:40:38, tokens_remaining: 1357, call: scores, phase: playing
2026-06-15 11:40:39, tokens_remaining: 1356, call: scores, phase: playing
2026-06-15 11:40:40, tokens_remaining: 1356, call: scores, phase: playing
2026-06-15 11:40:40, tokens_remaining: 1355, call: scores, phase: playing
2026-06-15 11:40:42, tokens_remaining: 1354, call: scores, phase: playing
2026-06-15 11:40:43, tokens_remaining: 1354, call: scores, phase: playing
2026-06-15 11:40:44, tokens_remaining: 1353, call: scores, phase: playing
2026-06-15 11:40:44, tokens_remaining: 1353, call: scores, phase: playing
2026-06-15 11:40:45, tokens_remaining: 1352, call: events, phase: playing
2026-06-15 11:40:46, tokens_remaining: 1351, call: scores, phase: playing
2026-06-15 11:40:46, tokens_remaining: 1351, call: scores, phase: playing
2026-06-15 11:40:47, tokens_remaining: 1350, call: scores, phase: playing
2026-06-15 11:40:48, tokens_remaining: 1350, call: scores, phase: playing
2026-06-15 11:40:49, tokens_remaining: 1349, call: scores, phase: playing
2026-06-15 11:40:49, tokens_remaining: 1349, call: scores, phase: playing
2026-06-15 11:40:50, tokens_remaining: 1348, call: scores, phase: playing
2026-06-15 11:40:51, tokens_remaining: 1348, call: scores, phase: playing
2026-06-15 11:40:51, tokens_remaining: 1347, call: scores, phase: playing
2026-06-15 11:40:52, tokens_remaining: 1346, call: events, phase: playing
2026-06-15 11:40:53, tokens_remaining: 1345, call: scores, phase: playing
2026-06-15 11:40:54, tokens_remaining: 1345, call: scores, phase: playing
2026-06-15 11:40:54, tokens_remaining: 1344, call: scores, phase: playing
2026-06-15 11:40:55, tokens_remaining: 1344, call: scores, phase: playing
2026-06-15 11:40:56, tokens_remaining: 1343, call: scores, phase: playing
2026-06-15 11:41:00, tokens_remaining: 1342, call: scores, phase: playing
2026-06-15 11:41:00, tokens_remaining: 1342, call: scores, phase: playing
2026-06-15 11:41:01, tokens_remaining: 1341, call: scores, phase: playing
2026-06-15 11:41:01, tokens_remaining: 1341, call: scores, phase: playing
2026-06-15 11:41:02, tokens_remaining: 1340, call: events, phase: playing
2026-06-15 11:41:03, tokens_remaining: 1339, call: scores, phase: playing
2026-06-15 11:41:04, tokens_remaining: 1339, call: scores, phase: playing
2026-06-15 11:41:04, tokens_remaining: 1338, call: scores, phase: playing
2026-06-15 11:41:05, tokens_remaining: 1338, call: scores, phase: playing
2026-06-15 11:41:06, tokens_remaining: 1337, call: scores, phase: playing
2026-06-15 11:41:06, tokens_remaining: 1337, call: scores, phase: playing
2026-06-15 11:41:07, tokens_remaining: 1336, call: scores, phase: playing
2026-06-15 11:41:08, tokens_remaining: 1336, call: scores, phase: playing
2026-06-15 11:41:08, tokens_remaining: 1335, call: scores, phase: playing
2026-06-15 11:41:09, tokens_remaining: 1334, call: events, phase: playing
2026-06-15 11:41:10, tokens_remaining: 1333, call: scores, phase: playing
2026-06-15 11:41:11, tokens_remaining: 1333, call: scores, phase: playing
2026-06-15 11:41:11, tokens_remaining: 1332, call: scores, phase: playing
2026-06-15 11:41:12, tokens_remaining: 1332, call: scores, phase: playing
2026-06-15 11:41:13, tokens_remaining: 1331, call: scores, phase: playing
2026-06-15 11:41:13, tokens_remaining: 1331, call: scores, phase: playing
2026-06-15 11:41:14, tokens_remaining: 1330, call: scores, phase: playing
2026-06-15 11:41:15, tokens_remaining: 1330, call: scores, phase: playing
2026-06-15 11:41:15, tokens_remaining: 1329, call: scores, phase: playing
2026-06-15 11:41:16, tokens_remaining: 1328, call: events, phase: playing
2026-06-15 11:41:17, tokens_remaining: 1327, call: scores, phase: playing
2026-06-15 11:41:17, tokens_remaining: 1327, call: scores, phase: playing
2026-06-15 11:41:18, tokens_remaining: 1326, call: scores, phase: playing
2026-06-15 11:41:19, tokens_remaining: 1326, call: scores, phase: playing
2026-06-15 11:41:20, tokens_remaining: 1325, call: scores, phase: playing
2026-06-15 11:41:20, tokens_remaining: 1325, call: scores, phase: playing
2026-06-15 11:41:21, tokens_remaining: 1324, call: scores, phase: playing
2026-06-15 11:41:21, tokens_remaining: 1324, call: scores, phase: playing
2026-06-15 11:41:22, tokens_remaining: 1323, call: scores, phase: playing
2026-06-15 11:41:23, tokens_remaining: 1322, call: events, phase: playing
2026-06-15 11:41:24, tokens_remaining: 1321, call: scores, phase: playing
2026-06-15 11:41:24, tokens_remaining: 1321, call: scores, phase: playing
2026-06-15 11:41:25, tokens_remaining: 1320, call: scores, phase: playing
2026-06-15 11:41:26, tokens_remaining: 1320, call: scores, phase: playing
2026-06-15 11:41:27, tokens_remaining: 1319, call: scores, phase: playing
2026-06-15 11:41:27, tokens_remaining: 1319, call: scores, phase: playing
2026-06-15 11:41:28, tokens_remaining: 1318, call: scores, phase: playing
2026-06-15 11:41:28, tokens_remaining: 1318, call: scores, phase: playing
2026-06-15 11:41:29, tokens_remaining: 1317, call: scores, phase: playing
2026-06-15 11:41:30, tokens_remaining: 1316, call: events, phase: playing
2026-06-15 11:41:31, tokens_remaining: 1315, call: scores, phase: playing
2026-06-15 11:41:31, tokens_remaining: 1315, call: scores, phase: playing
2026-06-15 11:41:32, tokens_remaining: 1314, call: scores, phase: playing
2026-06-15 11:41:33, tokens_remaining: 1314, call: scores, phase: playing
2026-06-15 11:41:33, tokens_remaining: 1313, call: scores, phase: playing
2026-06-15 11:41:34, tokens_remaining: 1313, call: scores, phase: playing
2026-06-15 11:41:35, tokens_remaining: 1312, call: scores, phase: playing
2026-06-15 11:41:35, tokens_remaining: 1312, call: scores, phase: playing
2026-06-15 11:41:36, tokens_remaining: 1311, call: scores, phase: playing
2026-06-15 11:41:37, tokens_remaining: 1310, call: events, phase: playing
2026-06-15 11:41:38, tokens_remaining: 1309, call: scores, phase: playing
2026-06-15 11:41:38, tokens_remaining: 1309, call: scores, phase: playing
2026-06-15 11:41:39, tokens_remaining: 1308, call: scores, phase: playing
2026-06-15 11:41:39, tokens_remaining: 1308, call: scores, phase: playing
2026-06-15 11:41:40, tokens_remaining: 1307, call: scores, phase: playing
2026-06-15 11:41:41, tokens_remaining: 1307, call: scores, phase: playing
2026-06-15 11:41:42, tokens_remaining: 1306, call: scores, phase: playing
2026-06-15 11:41:42, tokens_remaining: 1306, call: scores, phase: playing
2026-06-15 11:41:43, tokens_remaining: 1305, call: scores, phase: playing
2026-06-15 11:41:44, tokens_remaining: 1304, call: events, phase: playing
2026-06-15 11:41:44, tokens_remaining: 1303, call: scores, phase: playing
2026-06-15 11:41:45, tokens_remaining: 1303, call: scores, phase: playing
2026-06-15 11:41:46, tokens_remaining: 1302, call: scores, phase: playing
2026-06-15 11:41:46, tokens_remaining: 1302, call: scores, phase: playing
2026-06-15 11:41:47, tokens_remaining: 1301, call: scores, phase: playing
2026-06-15 11:41:48, tokens_remaining: 1301, call: scores, phase: playing
2026-06-15 11:41:48, tokens_remaining: 1300, call: scores, phase: playing
2026-06-15 11:41:49, tokens_remaining: 1300, call: scores, phase: playing
2026-06-15 11:41:50, tokens_remaining: 1299, call: scores, phase: playing
2026-06-15 11:41:50, tokens_remaining: 1298, call: events, phase: playing
2026-06-15 11:41:51, tokens_remaining: 1297, call: scores, phase: playing
2026-06-15 11:41:52, tokens_remaining: 1297, call: scores, phase: playing
2026-06-15 11:41:52, tokens_remaining: 1296, call: scores, phase: playing
2026-06-15 11:41:53, tokens_remaining: 1296, call: scores, phase: playing
2026-06-15 11:41:54, tokens_remaining: 1295, call: scores, phase: playing
2026-06-15 11:41:54, tokens_remaining: 1295, call: scores, phase: playing
2026-06-15 11:41:55, tokens_remaining: 1294, call: scores, phase: playing
2026-06-15 11:41:56, tokens_remaining: 1294, call: scores, phase: playing
2026-06-15 11:41:56, tokens_remaining: 1293, call: scores, phase: playing
2026-06-15 11:41:57, tokens_remaining: 1292, call: events, phase: playing
2026-06-15 11:41:58, tokens_remaining: 1291, call: scores, phase: playing
2026-06-15 11:41:59, tokens_remaining: 1291, call: scores, phase: playing
2026-06-15 11:41:59, tokens_remaining: 1290, call: scores, phase: playing
2026-06-15 11:42:00, tokens_remaining: 1290, call: scores, phase: playing
2026-06-15 11:42:01, tokens_remaining: 1289, call: scores, phase: playing
2026-06-15 11:42:01, tokens_remaining: 1289, call: scores, phase: playing
2026-06-15 11:42:02, tokens_remaining: 1288, call: scores, phase: playing
2026-06-15 11:42:02, tokens_remaining: 1288, call: scores, phase: playing
2026-06-15 11:42:03, tokens_remaining: 1287, call: scores, phase: playing
2026-06-15 11:42:04, tokens_remaining: 1286, call: events, phase: playing
2026-06-15 11:42:05, tokens_remaining: 1285, call: scores, phase: playing
2026-06-15 11:42:05, tokens_remaining: 1285, call: scores, phase: playing
2026-06-15 11:42:06, tokens_remaining: 1284, call: scores, phase: playing
2026-06-15 11:42:06, tokens_remaining: 1284, call: scores, phase: playing
2026-06-15 11:42:07, tokens_remaining: 1283, call: scores, phase: playing
2026-06-15 11:42:08, tokens_remaining: 1283, call: scores, phase: playing
2026-06-15 11:42:09, tokens_remaining: 1282, call: scores, phase: playing
2026-06-15 11:42:09, tokens_remaining: 1282, call: scores, phase: playing
2026-06-15 11:42:10, tokens_remaining: 1281, call: scores, phase: playing
2026-06-15 11:42:11, tokens_remaining: 1280, call: events, phase: playing
2026-06-15 11:42:11, tokens_remaining: 1279, call: scores, phase: playing
2026-06-15 11:42:12, tokens_remaining: 1279, call: scores, phase: playing
2026-06-15 11:42:13, tokens_remaining: 1278, call: scores, phase: playing
2026-06-15 11:42:13, tokens_remaining: 1278, call: scores, phase: playing
2026-06-15 11:42:14, tokens_remaining: 1277, call: scores, phase: playing
2026-06-15 11:42:14, tokens_remaining: 1277, call: scores, phase: playing
2026-06-15 11:42:15, tokens_remaining: 1276, call: scores, phase: playing
2026-06-15 11:42:16, tokens_remaining: 1276, call: scores, phase: playing
2026-06-15 11:42:17, tokens_remaining: 1275, call: scores, phase: playing
2026-06-15 11:42:17, tokens_remaining: 1274, call: events, phase: playing
2026-06-15 11:42:18, tokens_remaining: 1273, call: scores, phase: playing
2026-06-15 11:42:19, tokens_remaining: 1273, call: scores, phase: playing
2026-06-15 11:42:19, tokens_remaining: 1272, call: scores, phase: playing
2026-06-15 11:42:20, tokens_remaining: 1272, call: scores, phase: playing
2026-06-15 11:42:21, tokens_remaining: 1271, call: scores, phase: playing
2026-06-15 11:42:21, tokens_remaining: 1271, call: scores, phase: playing
2026-06-15 11:42:22, tokens_remaining: 1270, call: scores, phase: playing
2026-06-15 11:42:22, tokens_remaining: 1270, call: scores, phase: playing
2026-06-15 11:42:23, tokens_remaining: 1269, call: scores, phase: playing
2026-06-15 11:42:24, tokens_remaining: 1268, call: events, phase: playing
2026-06-15 11:42:25, tokens_remaining: 1267, call: scores, phase: playing
2026-06-15 11:42:25, tokens_remaining: 1267, call: scores, phase: playing
2026-06-15 11:42:26, tokens_remaining: 1266, call: scores, phase: playing
2026-06-15 11:42:26, tokens_remaining: 1266, call: scores, phase: playing
2026-06-15 11:42:27, tokens_remaining: 1266, call: scores, phase: playing
2026-06-15 11:42:28, tokens_remaining: 1265, call: scores, phase: playing
2026-06-15 11:42:28, tokens_remaining: 1265, call: scores, phase: playing
2026-06-15 11:42:29, tokens_remaining: 1264, call: scores, phase: playing
2026-06-15 11:42:29, tokens_remaining: 1264, call: scores, phase: playing
2026-06-15 11:42:30, tokens_remaining: 1263, call: events, phase: playing
2026-06-15 11:42:31, tokens_remaining: 1262, call: scores, phase: playing
2026-06-15 11:42:32, tokens_remaining: 1262, call: scores, phase: playing
2026-06-15 11:42:32, tokens_remaining: 1262, call: scores, phase: playing
2026-06-15 11:42:33, tokens_remaining: 1261, call: scores, phase: playing
2026-06-15 11:42:33, tokens_remaining: 1261, call: scores, phase: playing
2026-06-15 11:42:34, tokens_remaining: 1260, call: scores, phase: playing
2026-06-15 11:42:35, tokens_remaining: 1260, call: scores, phase: playing
2026-06-15 11:42:35, tokens_remaining: 1260, call: scores, phase: playing
2026-06-15 11:42:36, tokens_remaining: 1259, call: scores, phase: playing
2026-06-15 11:42:37, tokens_remaining: 1258, call: events, phase: playing
2026-06-15 11:42:37, tokens_remaining: 1257, call: scores, phase: playing
2026-06-15 11:42:38, tokens_remaining: 1257, call: scores, phase: playing
2026-06-15 11:42:38, tokens_remaining: 1257, call: scores, phase: playing
2026-06-15 11:42:39, tokens_remaining: 1256, call: scores, phase: playing
2026-06-15 11:42:40, tokens_remaining: 1256, call: scores, phase: playing
2026-06-15 11:42:40, tokens_remaining: 1256, call: scores, phase: playing
2026-06-15 11:42:41, tokens_remaining: 1255, call: scores, phase: playing
2026-06-15 11:42:41, tokens_remaining: 1255, call: scores, phase: playing
2026-06-15 11:42:42, tokens_remaining: 1254, call: scores, phase: playing
2026-06-15 11:42:43, tokens_remaining: 1253, call: events, phase: playing
2026-06-15 11:42:44, tokens_remaining: 1252, call: scores, phase: playing
2026-06-15 11:42:44, tokens_remaining: 1252, call: scores, phase: playing
2026-06-15 11:42:45, tokens_remaining: 1252, call: scores, phase: playing
2026-06-15 11:42:45, tokens_remaining: 1251, call: scores, phase: playing
2026-06-15 11:42:46, tokens_remaining: 1251, call: scores, phase: playing
2026-06-15 11:42:46, tokens_remaining: 1251, call: scores, phase: playing
2026-06-15 11:42:47, tokens_remaining: 1250, call: scores, phase: playing
2026-06-15 11:42:47, tokens_remaining: 1250, call: scores, phase: playing
2026-06-15 11:42:48, tokens_remaining: 1250, call: scores, phase: playing
2026-06-15 11:42:49, tokens_remaining: 1249, call: events, phase: playing
2026-06-15 11:42:49, tokens_remaining: 1248, call: scores, phase: playing
2026-06-15 11:42:50, tokens_remaining: 1248, call: scores, phase: playing
2026-06-15 11:42:50, tokens_remaining: 1248, call: scores, phase: playing
2026-06-15 11:42:51, tokens_remaining: 1247, call: scores, phase: playing
2026-06-15 11:42:52, tokens_remaining: 1247, call: scores, phase: playing
2026-06-15 11:42:52, tokens_remaining: 1247, call: scores, phase: playing
2026-06-15 11:42:53, tokens_remaining: 1246, call: scores, phase: playing
2026-06-15 11:42:53, tokens_remaining: 1246, call: scores, phase: playing
2026-06-15 11:42:54, tokens_remaining: 1245, call: scores, phase: playing
2026-06-15 11:42:55, tokens_remaining: 1244, call: events, phase: playing
2026-06-15 11:42:56, tokens_remaining: 1243, call: scores, phase: playing
2026-06-15 11:42:56, tokens_remaining: 1243, call: scores, phase: playing
2026-06-15 11:42:57, tokens_remaining: 1243, call: scores, phase: playing
2026-06-15 11:42:57, tokens_remaining: 1242, call: scores, phase: playing
2026-06-15 11:42:58, tokens_remaining: 1242, call: scores, phase: playing
2026-06-15 11:42:58, tokens_remaining: 1242, call: scores, phase: playing
2026-06-15 11:42:59, tokens_remaining: 1241, call: scores, phase: playing
2026-06-15 11:43:00, tokens_remaining: 1241, call: scores, phase: playing
2026-06-15 11:43:00, tokens_remaining: 1241, call: scores, phase: playing
2026-06-15 11:43:01, tokens_remaining: 1240, call: events, phase: playing
2026-06-15 11:43:02, tokens_remaining: 1239, call: scores, phase: playing
2026-06-15 11:43:02, tokens_remaining: 1239, call: scores, phase: playing
2026-06-15 11:43:03, tokens_remaining: 1239, call: scores, phase: playing
2026-06-15 11:43:03, tokens_remaining: 1238, call: scores, phase: playing
2026-06-15 11:43:04, tokens_remaining: 1238, call: scores, phase: playing
2026-06-15 11:43:04, tokens_remaining: 1238, call: scores, phase: playing
2026-06-15 11:43:05, tokens_remaining: 1237, call: scores, phase: playing
2026-06-15 11:43:05, tokens_remaining: 1237, call: scores, phase: playing
2026-06-15 11:43:06, tokens_remaining: 1237, call: scores, phase: playing
2026-06-15 11:43:07, tokens_remaining: 1236, call: events, phase: playing
2026-06-15 11:43:07, tokens_remaining: 1235, call: scores, phase: playing
2026-06-15 11:43:08, tokens_remaining: 1235, call: scores, phase: playing
2026-06-15 11:43:08, tokens_remaining: 1235, call: scores, phase: playing
2026-06-15 11:43:09, tokens_remaining: 1234, call: scores, phase: playing
2026-06-15 11:43:10, tokens_remaining: 1234, call: scores, phase: playing
2026-06-15 11:43:10, tokens_remaining: 1234, call: scores, phase: playing
2026-06-15 11:43:11, tokens_remaining: 1233, call: scores, phase: playing
2026-06-15 11:43:11, tokens_remaining: 1233, call: scores, phase: playing
2026-06-15 11:43:12, tokens_remaining: 1233, call: scores, phase: playing
2026-06-15 11:43:12, tokens_remaining: 1232, call: events, phase: playing
2026-06-15 11:43:13, tokens_remaining: 1231, call: scores, phase: playing
2026-06-15 11:43:14, tokens_remaining: 1231, call: scores, phase: playing
2026-06-15 11:43:14, tokens_remaining: 1231, call: scores, phase: playing
2026-06-15 11:43:15, tokens_remaining: 1230, call: scores, phase: playing
2026-06-15 11:43:15, tokens_remaining: 1230, call: scores, phase: playing
2026-06-15 11:43:16, tokens_remaining: 1230, call: scores, phase: playing
2026-06-15 11:43:17, tokens_remaining: 1229, call: scores, phase: playing
2026-06-15 11:43:17, tokens_remaining: 1229, call: scores, phase: playing
2026-06-15 11:43:18, tokens_remaining: 1229, call: scores, phase: playing
2026-06-15 11:43:18, tokens_remaining: 1228, call: events, phase: playing
2026-06-15 11:43:19, tokens_remaining: 1227, call: scores, phase: playing
2026-06-15 11:43:20, tokens_remaining: 1227, call: scores, phase: playing
2026-06-15 11:43:20, tokens_remaining: 1227, call: scores, phase: playing
2026-06-15 11:43:21, tokens_remaining: 1226, call: scores, phase: playing
2026-06-15 11:43:21, tokens_remaining: 1226, call: scores, phase: playing
2026-06-15 11:43:22, tokens_remaining: 1226, call: scores, phase: playing
2026-06-15 11:43:22, tokens_remaining: 1225, call: scores, phase: playing
2026-06-15 11:43:23, tokens_remaining: 1225, call: scores, phase: playing
2026-06-15 11:43:23, tokens_remaining: 1225, call: scores, phase: playing
2026-06-15 11:43:24, tokens_remaining: 1224, call: events, phase: playing
2026-06-15 11:43:25, tokens_remaining: 1223, call: scores, phase: playing
2026-06-15 11:43:25, tokens_remaining: 1223, call: scores, phase: playing
2026-06-15 11:43:26, tokens_remaining: 1223, call: scores, phase: playing
2026-06-15 11:43:26, tokens_remaining: 1222, call: scores, phase: playing
2026-06-15 11:43:27, tokens_remaining: 1222, call: scores, phase: playing
2026-06-15 11:43:27, tokens_remaining: 1222, call: scores, phase: playing
2026-06-15 11:43:28, tokens_remaining: 1221, call: scores, phase: playing
2026-06-15 11:43:29, tokens_remaining: 1221, call: scores, phase: playing
2026-06-15 11:43:29, tokens_remaining: 1221, call: scores, phase: playing
2026-06-15 11:43:30, tokens_remaining: 1220, call: events, phase: playing
2026-06-15 11:43:30, tokens_remaining: 1219, call: scores, phase: playing
2026-06-15 11:43:31, tokens_remaining: 1219, call: scores, phase: playing
2026-06-15 11:43:31, tokens_remaining: 1219, call: scores, phase: playing
2026-06-15 11:43:32, tokens_remaining: 1218, call: scores, phase: playing
2026-06-15 11:43:33, tokens_remaining: 1218, call: scores, phase: playing
2026-06-15 11:43:33, tokens_remaining: 1218, call: scores, phase: playing
2026-06-15 11:43:34, tokens_remaining: 1217, call: scores, phase: playing
2026-06-15 11:43:34, tokens_remaining: 1217, call: scores, phase: playing
2026-06-15 11:43:35, tokens_remaining: 1217, call: scores, phase: playing
2026-06-15 11:43:35, tokens_remaining: 1216, call: events, phase: playing
2026-06-15 11:43:36, tokens_remaining: 1215, call: scores, phase: playing
2026-06-15 11:43:37, tokens_remaining: 1215, call: scores, phase: playing
2026-06-15 11:43:37, tokens_remaining: 1215, call: scores, phase: playing
2026-06-15 11:43:38, tokens_remaining: 1214, call: scores, phase: playing
2026-06-15 11:43:38, tokens_remaining: 1214, call: scores, phase: playing
2026-06-15 11:43:39, tokens_remaining: 1214, call: scores, phase: playing
2026-06-15 11:43:39, tokens_remaining: 1213, call: scores, phase: playing
2026-06-15 11:43:40, tokens_remaining: 1213, call: scores, phase: playing
2026-06-15 11:43:40, tokens_remaining: 1213, call: scores, phase: playing
2026-06-15 11:43:41, tokens_remaining: 1212, call: events, phase: playing
2026-06-15 11:43:42, tokens_remaining: 1211, call: scores, phase: playing
2026-06-15 11:43:42, tokens_remaining: 1211, call: scores, phase: playing
2026-06-15 11:43:43, tokens_remaining: 1211, call: scores, phase: playing
2026-06-15 11:43:43, tokens_remaining: 1210, call: scores, phase: playing
2026-06-15 11:43:44, tokens_remaining: 1210, call: scores, phase: playing
2026-06-15 11:43:44, tokens_remaining: 1210, call: scores, phase: playing
2026-06-15 11:43:45, tokens_remaining: 1209, call: scores, phase: playing
2026-06-15 11:43:45, tokens_remaining: 1209, call: scores, phase: playing
2026-06-15 11:43:46, tokens_remaining: 1209, call: scores, phase: playing
2026-06-15 11:43:47, tokens_remaining: 1208, call: events, phase: playing
2026-06-15 11:43:47, tokens_remaining: 1207, call: scores, phase: playing
2026-06-15 11:43:48, tokens_remaining: 1207, call: scores, phase: playing
2026-06-15 11:43:48, tokens_remaining: 1207, call: scores, phase: playing
2026-06-15 11:43:49, tokens_remaining: 1206, call: scores, phase: playing
2026-06-15 11:43:49, tokens_remaining: 1206, call: scores, phase: playing
2026-06-15 11:43:50, tokens_remaining: 1206, call: scores, phase: playing
2026-06-15 11:43:51, tokens_remaining: 1205, call: scores, phase: playing
2026-06-15 11:43:51, tokens_remaining: 1205, call: scores, phase: playing
2026-06-15 11:43:52, tokens_remaining: 1205, call: scores, phase: playing
2026-06-15 11:43:52, tokens_remaining: 1204, call: events, phase: playing
2026-06-15 11:43:53, tokens_remaining: 1203, call: scores, phase: playing
2026-06-15 11:43:53, tokens_remaining: 1203, call: scores, phase: playing
2026-06-15 11:43:54, tokens_remaining: 1203, call: scores, phase: playing
2026-06-15 11:43:55, tokens_remaining: 1202, call: scores, phase: playing
2026-06-15 11:43:55, tokens_remaining: 1202, call: scores, phase: playing
2026-06-15 11:43:55, tokens_remaining: 1202, call: scores, phase: playing
2026-06-15 11:43:56, tokens_remaining: 1201, call: scores, phase: playing
2026-06-15 11:43:57, tokens_remaining: 1201, call: scores, phase: playing
2026-06-15 11:43:57, tokens_remaining: 1201, call: scores, phase: playing
2026-06-15 11:43:58, tokens_remaining: 1200, call: events, phase: playing
2026-06-15 11:43:58, tokens_remaining: 1199, call: scores, phase: playing
2026-06-15 11:43:59, tokens_remaining: 1199, call: scores, phase: playing
2026-06-15 11:43:59, tokens_remaining: 1199, call: scores, phase: playing
2026-06-15 11:44:00, tokens_remaining: 1198, call: scores, phase: playing
2026-06-15 11:44:01, tokens_remaining: 1198, call: scores, phase: playing
2026-06-15 11:44:01, tokens_remaining: 1198, call: scores, phase: playing
2026-06-15 11:44:02, tokens_remaining: 1197, call: scores, phase: playing
2026-06-15 11:44:02, tokens_remaining: 1197, call: scores, phase: playing
2026-06-15 11:44:03, tokens_remaining: 1197, call: scores, phase: playing
2026-06-15 11:44:03, tokens_remaining: 1196, call: events, phase: playing
2026-06-15 11:44:04, tokens_remaining: 1195, call: scores, phase: playing
2026-06-15 11:44:04, tokens_remaining: 1195, call: scores, phase: playing
2026-06-15 11:44:05, tokens_remaining: 1195, call: scores, phase: playing
2026-06-15 11:44:06, tokens_remaining: 1194, call: scores, phase: playing
2026-06-15 11:44:06, tokens_remaining: 1194, call: scores, phase: playing
2026-06-15 11:44:07, tokens_remaining: 1194, call: scores, phase: playing
2026-06-15 11:44:07, tokens_remaining: 1193, call: scores, phase: playing
2026-06-15 11:44:08, tokens_remaining: 1193, call: scores, phase: playing
2026-06-15 11:44:08, tokens_remaining: 1193, call: scores, phase: playing
2026-06-15 11:44:09, tokens_remaining: 1192, call: events, phase: playing
2026-06-15 11:44:10, tokens_remaining: 1191, call: scores, phase: playing
2026-06-15 11:44:10, tokens_remaining: 1191, call: scores, phase: playing
2026-06-15 11:44:10, tokens_remaining: 1191, call: scores, phase: playing
2026-06-15 11:44:11, tokens_remaining: 1190, call: scores, phase: playing
2026-06-15 11:44:12, tokens_remaining: 1190, call: scores, phase: playing
2026-06-15 11:44:12, tokens_remaining: 1190, call: scores, phase: playing
2026-06-15 11:44:13, tokens_remaining: 1189, call: scores, phase: playing
2026-06-15 11:44:13, tokens_remaining: 1189, call: scores, phase: playing
2026-06-15 11:44:14, tokens_remaining: 1189, call: scores, phase: playing
2026-06-15 11:44:14, tokens_remaining: 1188, call: events, phase: playing
2026-06-15 11:44:15, tokens_remaining: 1187, call: scores, phase: playing
2026-06-15 11:44:16, tokens_remaining: 1187, call: scores, phase: playing
2026-06-15 11:44:16, tokens_remaining: 1187, call: scores, phase: playing
2026-06-15 11:44:17, tokens_remaining: 1186, call: scores, phase: playing
2026-06-15 11:44:17, tokens_remaining: 1186, call: scores, phase: playing
2026-06-15 11:44:18, tokens_remaining: 1186, call: scores, phase: playing
2026-06-15 11:44:18, tokens_remaining: 1185, call: scores, phase: playing
2026-06-15 11:44:19, tokens_remaining: 1185, call: scores, phase: playing
2026-06-15 11:44:19, tokens_remaining: 1185, call: scores, phase: playing
2026-06-15 11:44:20, tokens_remaining: 1184, call: events, phase: playing
2026-06-15 11:44:20, tokens_remaining: 1183, call: scores, phase: playing
2026-06-15 11:44:21, tokens_remaining: 1183, call: scores, phase: playing
2026-06-15 11:44:21, tokens_remaining: 1183, call: scores, phase: playing
2026-06-15 11:44:22, tokens_remaining: 1182, call: scores, phase: playing
2026-06-15 11:44:22, tokens_remaining: 1182, call: scores, phase: playing
2026-06-15 11:44:23, tokens_remaining: 1182, call: scores, phase: playing
2026-06-15 11:44:24, tokens_remaining: 1181, call: scores, phase: playing
2026-06-15 11:44:24, tokens_remaining: 1181, call: scores, phase: playing
2026-06-15 11:44:25, tokens_remaining: 1181, call: scores, phase: playing
2026-06-15 11:44:25, tokens_remaining: 1180, call: events, phase: playing
2026-06-15 11:44:26, tokens_remaining: 1179, call: scores, phase: playing
2026-06-15 11:44:26, tokens_remaining: 1179, call: scores, phase: playing
2026-06-15 11:44:27, tokens_remaining: 1179, call: scores, phase: playing
2026-06-15 11:44:27, tokens_remaining: 1178, call: scores, phase: playing
2026-06-15 11:44:28, tokens_remaining: 1178, call: scores, phase: playing
2026-06-15 11:44:28, tokens_remaining: 1178, call: scores, phase: playing
2026-06-15 11:44:29, tokens_remaining: 1177, call: scores, phase: playing
2026-06-15 11:44:29, tokens_remaining: 1177, call: scores, phase: playing
2026-06-15 11:44:30, tokens_remaining: 1177, call: scores, phase: playing
2026-06-15 11:44:31, tokens_remaining: 1176, call: events, phase: playing
2026-06-15 11:44:31, tokens_remaining: 1175, call: scores, phase: playing
2026-06-15 11:44:32, tokens_remaining: 1175, call: scores, phase: playing
2026-06-15 11:44:32, tokens_remaining: 1175, call: scores, phase: playing
2026-06-15 11:44:33, tokens_remaining: 1174, call: scores, phase: playing
2026-06-15 11:44:33, tokens_remaining: 1174, call: scores, phase: playing
2026-06-15 11:44:34, tokens_remaining: 1174, call: scores, phase: playing
2026-06-15 11:44:34, tokens_remaining: 1173, call: scores, phase: playing
2026-06-15 11:44:35, tokens_remaining: 1173, call: scores, phase: playing
2026-06-15 11:44:35, tokens_remaining: 1173, call: scores, phase: playing
2026-06-15 11:44:36, tokens_remaining: 1172, call: events, phase: playing
2026-06-15 11:44:37, tokens_remaining: 1171, call: scores, phase: playing
2026-06-15 11:44:37, tokens_remaining: 1171, call: scores, phase: playing
2026-06-15 11:44:37, tokens_remaining: 1171, call: scores, phase: playing
2026-06-15 11:44:38, tokens_remaining: 1170, call: scores, phase: playing
2026-06-15 11:44:39, tokens_remaining: 1170, call: scores, phase: playing
2026-06-15 11:44:39, tokens_remaining: 1170, call: scores, phase: playing
2026-06-15 11:44:40, tokens_remaining: 1169, call: scores, phase: playing
2026-06-15 11:44:40, tokens_remaining: 1169, call: scores, phase: playing
2026-06-15 11:44:41, tokens_remaining: 1169, call: scores, phase: playing
2026-06-15 11:44:41, tokens_remaining: 1168, call: events, phase: playing
2026-06-15 11:44:42, tokens_remaining: 1167, call: scores, phase: playing
2026-06-15 11:44:42, tokens_remaining: 1167, call: scores, phase: playing
2026-06-15 11:44:43, tokens_remaining: 1167, call: scores, phase: playing
2026-06-15 11:44:43, tokens_remaining: 1166, call: scores, phase: playing
2026-06-15 11:44:44, tokens_remaining: 1166, call: scores, phase: playing
2026-06-15 11:44:44, tokens_remaining: 1166, call: scores, phase: playing
2026-06-15 11:44:45, tokens_remaining: 1165, call: scores, phase: playing
2026-06-15 11:44:45, tokens_remaining: 1165, call: scores, phase: playing
2026-06-15 11:44:46, tokens_remaining: 1165, call: scores, phase: playing
2026-06-15 11:44:46, tokens_remaining: 1164, call: events, phase: playing
2026-06-15 11:44:47, tokens_remaining: 1163, call: scores, phase: playing
2026-06-15 11:44:48, tokens_remaining: 1163, call: scores, phase: playing
2026-06-15 11:44:48, tokens_remaining: 1163, call: scores, phase: playing
2026-06-15 11:44:49, tokens_remaining: 1162, call: scores, phase: playing
2026-06-15 11:44:49, tokens_remaining: 1162, call: scores, phase: playing
2026-06-15 11:44:49, tokens_remaining: 1162, call: scores, phase: playing
2026-06-15 11:44:50, tokens_remaining: 1161, call: scores, phase: playing
2026-06-15 11:44:51, tokens_remaining: 1161, call: scores, phase: playing
2026-06-15 11:44:51, tokens_remaining: 1161, call: scores, phase: playing
2026-06-15 11:44:52, tokens_remaining: 1160, call: events, phase: playing
2026-06-15 11:44:52, tokens_remaining: 1159, call: scores, phase: playing
2026-06-15 11:44:53, tokens_remaining: 1159, call: scores, phase: playing
2026-06-15 11:44:53, tokens_remaining: 1159, call: scores, phase: playing
2026-06-15 11:44:54, tokens_remaining: 1158, call: scores, phase: playing
2026-06-15 11:44:54, tokens_remaining: 1158, call: scores, phase: playing
2026-06-15 11:44:55, tokens_remaining: 1158, call: scores, phase: playing
2026-06-15 11:44:55, tokens_remaining: 1157, call: scores, phase: playing
2026-06-15 11:44:56, tokens_remaining: 1157, call: scores, phase: playing
2026-06-15 11:44:56, tokens_remaining: 1157, call: scores, phase: playing
2026-06-15 11:44:57, tokens_remaining: 1156, call: events, phase: playing
2026-06-15 11:44:58, tokens_remaining: 1155, call: scores, phase: playing
2026-06-15 11:44:58, tokens_remaining: 1155, call: scores, phase: playing
2026-06-15 11:44:58, tokens_remaining: 1155, call: scores, phase: playing
2026-06-15 11:44:59, tokens_remaining: 1154, call: scores, phase: playing
2026-06-15 11:44:59, tokens_remaining: 1154, call: scores, phase: playing
2026-06-15 11:45:00, tokens_remaining: 1154, call: scores, phase: playing
2026-06-15 11:45:01, tokens_remaining: 1153, call: scores, phase: playing
2026-06-15 11:45:01, tokens_remaining: 1153, call: scores, phase: playing
2026-06-15 11:45:01, tokens_remaining: 1153, call: scores, phase: playing
2026-06-15 11:45:02, tokens_remaining: 1152, call: events, phase: playing
2026-06-15 11:45:03, tokens_remaining: 1151, call: scores, phase: playing
2026-06-15 11:45:03, tokens_remaining: 1151, call: scores, phase: playing
2026-06-15 11:45:04, tokens_remaining: 1151, call: scores, phase: playing
2026-06-15 11:45:04, tokens_remaining: 1150, call: scores, phase: playing
2026-06-15 11:45:05, tokens_remaining: 1150, call: scores, phase: playing
2026-06-15 11:45:05, tokens_remaining: 1150, call: scores, phase: playing
2026-06-15 11:45:06, tokens_remaining: 1149, call: scores, phase: playing
2026-06-15 11:45:06, tokens_remaining: 1149, call: scores, phase: playing
2026-06-15 11:45:07, tokens_remaining: 1149, call: scores, phase: playing
2026-06-15 11:45:07, tokens_remaining: 1148, call: events, phase: playing
2026-06-15 11:45:08, tokens_remaining: 1147, call: scores, phase: playing
2026-06-15 11:45:08, tokens_remaining: 1147, call: scores, phase: playing
2026-06-15 11:45:09, tokens_remaining: 1147, call: scores, phase: playing
2026-06-15 11:45:09, tokens_remaining: 1146, call: scores, phase: playing
2026-06-15 11:45:10, tokens_remaining: 1146, call: scores, phase: playing
2026-06-15 11:45:10, tokens_remaining: 1146, call: scores, phase: playing
2026-06-15 11:45:11, tokens_remaining: 1145, call: scores, phase: playing
2026-06-15 11:45:11, tokens_remaining: 1145, call: scores, phase: playing
2026-06-15 11:45:12, tokens_remaining: 1145, call: scores, phase: playing
2026-06-15 11:45:12, tokens_remaining: 1144, call: events, phase: playing
2026-06-15 11:45:13, tokens_remaining: 1143, call: scores, phase: playing
2026-06-15 11:45:13, tokens_remaining: 1143, call: scores, phase: playing
2026-06-15 11:45:14, tokens_remaining: 1143, call: scores, phase: playing
2026-06-15 11:45:14, tokens_remaining: 1142, call: scores, phase: playing
2026-06-15 11:45:15, tokens_remaining: 1142, call: scores, phase: playing
2026-06-15 11:45:15, tokens_remaining: 1142, call: scores, phase: playing
2026-06-15 11:45:16, tokens_remaining: 1141, call: scores, phase: playing
2026-06-15 11:45:16, tokens_remaining: 1141, call: scores, phase: playing
2026-06-15 11:45:17, tokens_remaining: 1141, call: scores, phase: playing
2026-06-15 11:45:17, tokens_remaining: 1140, call: events, phase: playing
2026-06-15 11:45:18, tokens_remaining: 1139, call: scores, phase: playing
2026-06-15 11:45:19, tokens_remaining: 1139, call: scores, phase: playing
2026-06-15 11:45:19, tokens_remaining: 1139, call: scores, phase: playing
2026-06-15 11:45:20, tokens_remaining: 1138, call: scores, phase: playing
2026-06-15 11:45:20, tokens_remaining: 1138, call: scores, phase: playing
2026-06-15 11:45:20, tokens_remaining: 1138, call: scores, phase: playing
2026-06-15 11:45:21, tokens_remaining: 1137, call: scores, phase: playing
2026-06-15 11:45:21, tokens_remaining: 1137, call: scores, phase: playing
2026-06-15 11:45:22, tokens_remaining: 1137, call: scores, phase: playing
2026-06-15 11:45:23, tokens_remaining: 1136, call: events, phase: playing
2026-06-15 11:45:23, tokens_remaining: 1135, call: scores, phase: playing
2026-06-15 11:45:24, tokens_remaining: 1135, call: scores, phase: playing
2026-06-15 11:45:24, tokens_remaining: 1135, call: scores, phase: playing
2026-06-15 11:45:25, tokens_remaining: 1134, call: scores, phase: playing
2026-06-15 11:45:25, tokens_remaining: 1134, call: scores, phase: playing
2026-06-15 11:45:25, tokens_remaining: 1134, call: scores, phase: playing
2026-06-15 11:45:26, tokens_remaining: 1133, call: scores, phase: playing
2026-06-15 11:45:26, tokens_remaining: 1133, call: scores, phase: playing
2026-06-15 11:45:27, tokens_remaining: 1133, call: scores, phase: playing
2026-06-15 11:45:28, tokens_remaining: 1132, call: events, phase: playing
2026-06-15 11:45:28, tokens_remaining: 1131, call: scores, phase: playing
2026-06-15 11:45:29, tokens_remaining: 1131, call: scores, phase: playing
2026-06-15 11:45:29, tokens_remaining: 1131, call: scores, phase: playing
2026-06-15 11:45:30, tokens_remaining: 1130, call: scores, phase: playing
2026-06-15 11:45:30, tokens_remaining: 1130, call: scores, phase: playing
2026-06-15 11:45:30, tokens_remaining: 1130, call: scores, phase: playing
2026-06-15 11:45:31, tokens_remaining: 1129, call: scores, phase: playing
2026-06-15 11:45:31, tokens_remaining: 1129, call: scores, phase: playing
2026-06-15 11:45:32, tokens_remaining: 1129, call: scores, phase: playing
2026-06-15 11:45:32, tokens_remaining: 1128, call: events, phase: playing
2026-06-15 11:45:33, tokens_remaining: 1127, call: scores, phase: playing
2026-06-15 11:45:34, tokens_remaining: 1127, call: scores, phase: playing
2026-06-15 11:45:34, tokens_remaining: 1127, call: scores, phase: playing
2026-06-15 11:45:35, tokens_remaining: 1126, call: scores, phase: playing
2026-06-15 11:45:35, tokens_remaining: 1126, call: scores, phase: playing
2026-06-15 11:45:35, tokens_remaining: 1126, call: scores, phase: playing
2026-06-15 11:45:36, tokens_remaining: 1125, call: scores, phase: playing
2026-06-15 11:45:36, tokens_remaining: 1125, call: scores, phase: playing
2026-06-15 11:45:37, tokens_remaining: 1125, call: scores, phase: playing
2026-06-15 11:45:38, tokens_remaining: 1124, call: events, phase: playing
2026-06-15 11:45:38, tokens_remaining: 1123, call: scores, phase: playing
2026-06-15 11:45:39, tokens_remaining: 1123, call: scores, phase: playing
2026-06-15 11:45:39, tokens_remaining: 1123, call: scores, phase: playing
2026-06-15 11:45:40, tokens_remaining: 1122, call: scores, phase: playing
2026-06-15 11:45:40, tokens_remaining: 1122, call: scores, phase: playing
2026-06-15 11:45:40, tokens_remaining: 1122, call: scores, phase: playing
2026-06-15 11:45:41, tokens_remaining: 1121, call: scores, phase: playing
2026-06-15 11:45:41, tokens_remaining: 1121, call: scores, phase: playing
2026-06-15 11:45:42, tokens_remaining: 1121, call: scores, phase: playing
2026-06-15 11:45:43, tokens_remaining: 1120, call: events, phase: playing
2026-06-15 11:45:44, tokens_remaining: 1119, call: scores, phase: playing
2026-06-15 11:45:44, tokens_remaining: 1119, call: scores, phase: playing
2026-06-15 11:45:44, tokens_remaining: 1119, call: scores, phase: playing
2026-06-15 11:45:45, tokens_remaining: 1118, call: scores, phase: playing
2026-06-15 11:45:46, tokens_remaining: 1118, call: scores, phase: playing
2026-06-15 11:45:46, tokens_remaining: 1118, call: scores, phase: playing
2026-06-15 11:45:47, tokens_remaining: 1117, call: scores, phase: playing
2026-06-15 11:45:47, tokens_remaining: 1117, call: scores, phase: playing
2026-06-15 11:45:47, tokens_remaining: 1117, call: scores, phase: playing
2026-06-15 11:45:48, tokens_remaining: 1116, call: events, phase: playing
2026-06-15 11:45:49, tokens_remaining: 1115, call: scores, phase: playing
2026-06-15 11:45:49, tokens_remaining: 1115, call: scores, phase: playing
2026-06-15 11:45:50, tokens_remaining: 1115, call: scores, phase: playing
2026-06-15 11:45:50, tokens_remaining: 1114, call: scores, phase: playing
2026-06-15 11:45:51, tokens_remaining: 1114, call: scores, phase: playing
2026-06-15 11:45:51, tokens_remaining: 1114, call: scores, phase: playing
2026-06-15 11:45:52, tokens_remaining: 1113, call: scores, phase: playing
2026-06-15 11:45:52, tokens_remaining: 1113, call: scores, phase: playing
2026-06-15 11:45:52, tokens_remaining: 1113, call: scores, phase: playing
2026-06-15 11:45:53, tokens_remaining: 1112, call: events, phase: playing
2026-06-15 11:45:54, tokens_remaining: 1111, call: scores, phase: playing
2026-06-15 11:45:54, tokens_remaining: 1111, call: scores, phase: playing
2026-06-15 11:45:54, tokens_remaining: 1111, call: scores, phase: playing
2026-06-15 11:45:55, tokens_remaining: 1110, call: scores, phase: playing
2026-06-15 11:45:55, tokens_remaining: 1110, call: scores, phase: playing
2026-06-15 11:45:56, tokens_remaining: 1110, call: scores, phase: playing
2026-06-15 11:45:56, tokens_remaining: 1109, call: scores, phase: playing
2026-06-15 11:45:57, tokens_remaining: 1109, call: scores, phase: playing
2026-06-15 11:45:57, tokens_remaining: 1109, call: scores, phase: playing
2026-06-15 11:45:58, tokens_remaining: 1108, call: events, phase: playing
2026-06-15 11:45:58, tokens_remaining: 1107, call: scores, phase: playing
2026-06-15 11:45:59, tokens_remaining: 1107, call: scores, phase: playing
2026-06-15 11:45:59, tokens_remaining: 1107, call: scores, phase: playing
2026-06-15 11:46:00, tokens_remaining: 1106, call: scores, phase: playing
2026-06-15 11:46:00, tokens_remaining: 1106, call: scores, phase: playing
2026-06-15 11:46:01, tokens_remaining: 1106, call: scores, phase: playing
2026-06-15 11:46:01, tokens_remaining: 1105, call: scores, phase: playing
2026-06-15 11:46:02, tokens_remaining: 1105, call: scores, phase: playing
2026-06-15 11:46:02, tokens_remaining: 1105, call: scores, phase: playing
2026-06-15 11:46:03, tokens_remaining: 1104, call: events, phase: playing
2026-06-15 11:46:03, tokens_remaining: 1103, call: scores, phase: playing
2026-06-15 11:46:04, tokens_remaining: 1103, call: scores, phase: playing
2026-06-15 11:46:04, tokens_remaining: 1103, call: scores, phase: playing
2026-06-15 11:46:04, tokens_remaining: 1102, call: scores, phase: playing
2026-06-15 11:46:05, tokens_remaining: 1102, call: scores, phase: playing
2026-06-15 11:46:05, tokens_remaining: 1102, call: scores, phase: playing
2026-06-15 11:46:06, tokens_remaining: 1101, call: scores, phase: playing
2026-06-15 11:46:06, tokens_remaining: 1101, call: scores, phase: playing
2026-06-15 11:46:07, tokens_remaining: 1101, call: scores, phase: playing
2026-06-15 11:46:07, tokens_remaining: 1100, call: events, phase: playing
2026-06-15 11:46:08, tokens_remaining: 1099, call: scores, phase: playing
2026-06-15 11:46:08, tokens_remaining: 1099, call: scores, phase: playing
2026-06-15 11:46:09, tokens_remaining: 1099, call: scores, phase: playing
2026-06-15 11:46:09, tokens_remaining: 1098, call: scores, phase: playing
2026-06-15 11:46:10, tokens_remaining: 1098, call: scores, phase: playing
2026-06-15 11:46:10, tokens_remaining: 1098, call: scores, phase: playing
2026-06-15 11:46:11, tokens_remaining: 1097, call: scores, phase: playing
2026-06-15 11:46:11, tokens_remaining: 1097, call: scores, phase: playing
2026-06-15 11:46:11, tokens_remaining: 1097, call: scores, phase: playing
2026-06-15 11:46:12, tokens_remaining: 1096, call: events, phase: playing
2026-06-15 11:46:13, tokens_remaining: 1095, call: scores, phase: playing
2026-06-15 11:46:13, tokens_remaining: 1095, call: scores, phase: playing
2026-06-15 11:46:13, tokens_remaining: 1095, call: scores, phase: playing
2026-06-15 11:46:14, tokens_remaining: 1094, call: scores, phase: playing
2026-06-15 11:46:14, tokens_remaining: 1094, call: scores, phase: playing
2026-06-15 11:46:15, tokens_remaining: 1094, call: scores, phase: playing
2026-06-15 11:46:15, tokens_remaining: 1093, call: scores, phase: playing
2026-06-15 11:46:16, tokens_remaining: 1093, call: scores, phase: playing
2026-06-15 11:46:16, tokens_remaining: 1093, call: scores, phase: playing
2026-06-15 11:46:17, tokens_remaining: 1092, call: events, phase: playing
2026-06-15 11:46:17, tokens_remaining: 1091, call: scores, phase: playing
2026-06-15 11:46:18, tokens_remaining: 1091, call: scores, phase: playing
2026-06-15 11:46:18, tokens_remaining: 1091, call: scores, phase: playing
2026-06-15 11:46:19, tokens_remaining: 1090, call: scores, phase: playing
2026-06-15 11:46:19, tokens_remaining: 1090, call: scores, phase: playing
2026-06-15 11:46:19, tokens_remaining: 1090, call: scores, phase: playing
2026-06-15 11:46:20, tokens_remaining: 1089, call: scores, phase: playing
2026-06-15 11:46:20, tokens_remaining: 1089, call: scores, phase: playing
2026-06-15 11:46:21, tokens_remaining: 1089, call: scores, phase: playing
2026-06-15 11:46:21, tokens_remaining: 1088, call: events, phase: playing
2026-06-15 11:46:22, tokens_remaining: 1087, call: scores, phase: playing
2026-06-15 11:46:22, tokens_remaining: 1087, call: scores, phase: playing
2026-06-15 11:46:23, tokens_remaining: 1087, call: scores, phase: playing
2026-06-15 11:46:23, tokens_remaining: 1086, call: scores, phase: playing
2026-06-15 11:46:23, tokens_remaining: 1086, call: scores, phase: playing
2026-06-15 11:46:24, tokens_remaining: 1086, call: scores, phase: playing
2026-06-15 11:46:24, tokens_remaining: 1085, call: scores, phase: playing
2026-06-15 11:46:25, tokens_remaining: 1085, call: scores, phase: playing
2026-06-15 11:46:25, tokens_remaining: 1085, call: scores, phase: playing
2026-06-15 11:46:26, tokens_remaining: 1084, call: events, phase: playing
2026-06-15 11:46:26, tokens_remaining: 1083, call: scores, phase: playing
2026-06-15 11:46:27, tokens_remaining: 1083, call: scores, phase: playing
2026-06-15 11:46:27, tokens_remaining: 1083, call: scores, phase: playing
2026-06-15 11:46:28, tokens_remaining: 1082, call: scores, phase: playing
2026-06-15 11:46:28, tokens_remaining: 1082, call: scores, phase: playing
2026-06-15 11:46:28, tokens_remaining: 1082, call: scores, phase: playing
2026-06-15 11:46:29, tokens_remaining: 1081, call: scores, phase: playing
2026-06-15 11:46:29, tokens_remaining: 1081, call: scores, phase: playing
2026-06-15 11:46:30, tokens_remaining: 1081, call: scores, phase: playing
2026-06-15 11:46:30, tokens_remaining: 1080, call: events, phase: playing
2026-06-15 11:46:31, tokens_remaining: 1079, call: scores, phase: playing
2026-06-15 11:46:31, tokens_remaining: 1079, call: scores, phase: playing
2026-06-15 11:46:32, tokens_remaining: 1079, call: scores, phase: playing
2026-06-15 11:46:32, tokens_remaining: 1078, call: scores, phase: playing
2026-06-15 11:46:33, tokens_remaining: 1078, call: scores, phase: playing
2026-06-15 11:46:33, tokens_remaining: 1078, call: scores, phase: playing
2026-06-15 11:46:34, tokens_remaining: 1077, call: scores, phase: playing
2026-06-15 11:46:34, tokens_remaining: 1077, call: scores, phase: playing
2026-06-15 11:46:34, tokens_remaining: 1077, call: scores, phase: playing
2026-06-15 11:46:35, tokens_remaining: 1076, call: events, phase: playing
2026-06-15 11:46:36, tokens_remaining: 1075, call: scores, phase: playing
2026-06-15 11:46:36, tokens_remaining: 1075, call: scores, phase: playing
2026-06-15 11:46:36, tokens_remaining: 1075, call: scores, phase: playing
2026-06-15 11:46:37, tokens_remaining: 1074, call: scores, phase: playing
2026-06-15 11:46:37, tokens_remaining: 1074, call: scores, phase: playing
2026-06-15 11:46:38, tokens_remaining: 1074, call: scores, phase: playing
2026-06-15 11:46:38, tokens_remaining: 1073, call: scores, phase: playing
2026-06-15 11:46:39, tokens_remaining: 1073, call: scores, phase: playing
2026-06-15 11:46:39, tokens_remaining: 1073, call: scores, phase: playing
2026-06-15 11:46:40, tokens_remaining: 1072, call: events, phase: playing
2026-06-15 11:46:40, tokens_remaining: 1071, call: scores, phase: playing
2026-06-15 11:46:40, tokens_remaining: 1071, call: scores, phase: playing
2026-06-15 11:46:41, tokens_remaining: 1071, call: scores, phase: playing
2026-06-15 11:46:41, tokens_remaining: 1070, call: scores, phase: playing
2026-06-15 11:46:42, tokens_remaining: 1070, call: scores, phase: playing
2026-06-15 11:46:42, tokens_remaining: 1070, call: scores, phase: playing
2026-06-15 11:46:43, tokens_remaining: 1069, call: scores, phase: playing
2026-06-15 11:46:43, tokens_remaining: 1069, call: scores, phase: playing
2026-06-15 11:46:43, tokens_remaining: 1069, call: scores, phase: playing
2026-06-15 11:46:44, tokens_remaining: 1068, call: events, phase: playing
2026-06-15 11:46:45, tokens_remaining: 1067, call: scores, phase: playing
2026-06-15 11:46:45, tokens_remaining: 1067, call: scores, phase: playing
2026-06-15 11:46:45, tokens_remaining: 1067, call: scores, phase: playing
2026-06-15 11:46:46, tokens_remaining: 1066, call: scores, phase: playing
2026-06-15 11:46:46, tokens_remaining: 1066, call: scores, phase: playing
2026-06-15 11:46:47, tokens_remaining: 1066, call: scores, phase: playing
2026-06-15 11:46:47, tokens_remaining: 1065, call: scores, phase: playing
2026-06-15 11:46:48, tokens_remaining: 1065, call: scores, phase: playing
2026-06-15 11:46:48, tokens_remaining: 1065, call: scores, phase: playing
2026-06-15 11:46:48, tokens_remaining: 1064, call: events, phase: playing
2026-06-15 11:46:49, tokens_remaining: 1063, call: scores, phase: playing
2026-06-15 11:46:49, tokens_remaining: 1063, call: scores, phase: playing
2026-06-15 11:46:50, tokens_remaining: 1063, call: scores, phase: playing
2026-06-15 11:46:50, tokens_remaining: 1062, call: scores, phase: playing
2026-06-15 11:46:51, tokens_remaining: 1062, call: scores, phase: playing
2026-06-15 11:46:51, tokens_remaining: 1062, call: scores, phase: playing
2026-06-15 11:46:52, tokens_remaining: 1061, call: scores, phase: playing
2026-06-15 11:46:52, tokens_remaining: 1061, call: scores, phase: playing
2026-06-15 11:46:52, tokens_remaining: 1061, call: scores, phase: playing
2026-06-15 11:46:53, tokens_remaining: 1060, call: events, phase: playing
2026-06-15 11:46:53, tokens_remaining: 1059, call: scores, phase: playing
2026-06-15 11:46:54, tokens_remaining: 1059, call: scores, phase: playing
2026-06-15 11:46:54, tokens_remaining: 1059, call: scores, phase: playing
2026-06-15 11:46:55, tokens_remaining: 1058, call: scores, phase: playing
2026-06-15 11:46:55, tokens_remaining: 1058, call: scores, phase: playing
2026-06-15 11:46:55, tokens_remaining: 1058, call: scores, phase: playing
2026-06-15 11:46:56, tokens_remaining: 1058, call: scores, phase: playing
2026-06-15 11:46:56, tokens_remaining: 1057, call: scores, phase: playing
2026-06-15 11:46:57, tokens_remaining: 1057, call: scores, phase: playing
2026-06-15 11:46:57, tokens_remaining: 1056, call: events, phase: playing
2026-06-15 11:46:58, tokens_remaining: 1055, call: scores, phase: playing
2026-06-15 11:46:58, tokens_remaining: 1055, call: scores, phase: playing
2026-06-15 11:46:59, tokens_remaining: 1055, call: scores, phase: playing
2026-06-15 11:46:59, tokens_remaining: 1055, call: scores, phase: playing
2026-06-15 11:46:59, tokens_remaining: 1054, call: scores, phase: playing
2026-06-15 11:47:00, tokens_remaining: 1054, call: scores, phase: playing
2026-06-15 11:47:00, tokens_remaining: 1054, call: scores, phase: playing
2026-06-15 11:47:00, tokens_remaining: 1054, call: scores, phase: playing
2026-06-15 11:47:01, tokens_remaining: 1053, call: scores, phase: playing
2026-06-15 11:47:02, tokens_remaining: 1052, call: events, phase: playing
2026-06-15 11:47:02, tokens_remaining: 1053, call: scores, phase: playing
2026-06-15 11:47:03, tokens_remaining: 1051, call: scores, phase: playing
2026-06-15 11:47:03, tokens_remaining: 1051, call: scores, phase: playing
2026-06-15 11:47:03, tokens_remaining: 1051, call: scores, phase: playing
2026-06-15 11:47:04, tokens_remaining: 1051, call: scores, phase: playing
2026-06-15 11:47:04, tokens_remaining: 1050, call: scores, phase: playing
2026-06-15 11:47:05, tokens_remaining: 1050, call: scores, phase: playing
2026-06-15 11:47:05, tokens_remaining: 1050, call: scores, phase: playing
2026-06-15 11:47:05, tokens_remaining: 1050, call: scores, phase: playing
2026-06-15 11:47:06, tokens_remaining: 1049, call: events, phase: playing
2026-06-15 11:47:06, tokens_remaining: 1048, call: scores, phase: playing
2026-06-15 11:47:07, tokens_remaining: 1048, call: scores, phase: playing
2026-06-15 11:47:07, tokens_remaining: 1048, call: scores, phase: playing
2026-06-15 11:47:07, tokens_remaining: 1048, call: scores, phase: playing
2026-06-15 11:47:08, tokens_remaining: 1047, call: scores, phase: playing
2026-06-15 11:47:08, tokens_remaining: 1047, call: scores, phase: playing
2026-06-15 11:47:09, tokens_remaining: 1047, call: scores, phase: playing
2026-06-15 11:47:09, tokens_remaining: 1047, call: scores, phase: playing
2026-06-15 11:47:09, tokens_remaining: 1046, call: scores, phase: playing
2026-06-15 11:47:10, tokens_remaining: 1045, call: events, phase: playing
2026-06-15 11:47:10, tokens_remaining: 1046, call: scores, phase: playing
2026-06-15 11:47:11, tokens_remaining: 1044, call: scores, phase: playing
2026-06-15 11:47:11, tokens_remaining: 1044, call: scores, phase: playing
2026-06-15 11:47:12, tokens_remaining: 1044, call: scores, phase: playing
2026-06-15 11:47:12, tokens_remaining: 1044, call: scores, phase: playing
2026-06-15 11:47:13, tokens_remaining: 1043, call: scores, phase: playing
2026-06-15 11:47:13, tokens_remaining: 1043, call: scores, phase: playing
2026-06-15 11:47:13, tokens_remaining: 1043, call: scores, phase: playing
2026-06-15 11:47:14, tokens_remaining: 1043, call: scores, phase: playing
2026-06-15 11:47:14, tokens_remaining: 1042, call: events, phase: playing
2026-06-15 11:47:16, tokens_remaining: 1041, call: scores, phase: playing
2026-06-15 11:47:16, tokens_remaining: 1041, call: scores, phase: playing
2026-06-15 11:47:16, tokens_remaining: 1041, call: scores, phase: playing
2026-06-15 11:47:17, tokens_remaining: 1041, call: scores, phase: playing
2026-06-15 11:47:17, tokens_remaining: 1040, call: scores, phase: playing
2026-06-15 11:47:18, tokens_remaining: 1040, call: scores, phase: playing
2026-06-15 11:47:18, tokens_remaining: 1040, call: scores, phase: playing
2026-06-15 11:47:18, tokens_remaining: 1040, call: scores, phase: playing
2026-06-15 11:47:19, tokens_remaining: 1039, call: scores, phase: playing
2026-06-15 11:47:20, tokens_remaining: 1038, call: events, phase: playing
2026-06-15 11:47:20, tokens_remaining: 1039, call: scores, phase: playing
2026-06-15 11:47:20, tokens_remaining: 1037, call: scores, phase: playing
2026-06-15 11:47:21, tokens_remaining: 1037, call: scores, phase: playing
2026-06-15 11:47:21, tokens_remaining: 1037, call: scores, phase: playing
2026-06-15 11:47:21, tokens_remaining: 1037, call: scores, phase: playing
2026-06-15 11:47:22, tokens_remaining: 1036, call: scores, phase: playing
2026-06-15 11:47:22, tokens_remaining: 1036, call: scores, phase: playing
2026-06-15 11:47:22, tokens_remaining: 1036, call: scores, phase: playing
2026-06-15 11:47:23, tokens_remaining: 1036, call: scores, phase: playing
2026-06-15 11:47:23, tokens_remaining: 1035, call: events, phase: playing
2026-06-15 11:47:24, tokens_remaining: 1034, call: scores, phase: playing
2026-06-15 11:47:24, tokens_remaining: 1034, call: scores, phase: playing
2026-06-15 11:47:25, tokens_remaining: 1034, call: scores, phase: playing
2026-06-15 11:47:25, tokens_remaining: 1034, call: scores, phase: playing
2026-06-15 11:47:25, tokens_remaining: 1033, call: scores, phase: playing
2026-06-15 11:47:26, tokens_remaining: 1033, call: scores, phase: playing
2026-06-15 11:47:26, tokens_remaining: 1033, call: scores, phase: playing
2026-06-15 11:47:26, tokens_remaining: 1033, call: scores, phase: playing
2026-06-15 11:47:27, tokens_remaining: 1032, call: scores, phase: playing
2026-06-15 11:47:28, tokens_remaining: 1031, call: events, phase: playing
2026-06-15 11:47:28, tokens_remaining: 1032, call: scores, phase: playing
2026-06-15 11:47:28, tokens_remaining: 1030, call: scores, phase: playing
2026-06-15 11:47:29, tokens_remaining: 1030, call: scores, phase: playing
2026-06-15 11:47:29, tokens_remaining: 1030, call: scores, phase: playing
2026-06-15 11:47:29, tokens_remaining: 1030, call: scores, phase: playing
2026-06-15 11:47:30, tokens_remaining: 1029, call: scores, phase: playing
2026-06-15 11:47:30, tokens_remaining: 1029, call: scores, phase: playing
2026-06-15 11:47:31, tokens_remaining: 1029, call: scores, phase: playing
2026-06-15 11:47:31, tokens_remaining: 1029, call: scores, phase: playing
2026-06-15 11:47:31, tokens_remaining: 1028, call: events, phase: playing
2026-06-15 11:47:32, tokens_remaining: 1027, call: scores, phase: playing
2026-06-15 11:47:32, tokens_remaining: 1027, call: scores, phase: playing
2026-06-15 11:47:33, tokens_remaining: 1027, call: scores, phase: playing
2026-06-15 11:47:33, tokens_remaining: 1027, call: scores, phase: playing
2026-06-15 11:47:33, tokens_remaining: 1026, call: scores, phase: playing
2026-06-15 11:47:34, tokens_remaining: 1026, call: scores, phase: playing
2026-06-15 11:47:34, tokens_remaining: 1026, call: scores, phase: playing
2026-06-15 11:47:34, tokens_remaining: 1026, call: scores, phase: playing
2026-06-15 11:47:35, tokens_remaining: 1025, call: scores, phase: playing
2026-06-15 11:47:36, tokens_remaining: 1024, call: events, phase: playing
2026-06-15 11:47:36, tokens_remaining: 1025, call: scores, phase: playing
2026-06-15 11:47:36, tokens_remaining: 1023, call: scores, phase: playing
2026-06-15 11:47:37, tokens_remaining: 1023, call: scores, phase: playing
2026-06-15 11:47:37, tokens_remaining: 1023, call: scores, phase: playing
2026-06-15 11:47:37, tokens_remaining: 1023, call: scores, phase: playing
2026-06-15 11:47:38, tokens_remaining: 1022, call: scores, phase: playing
2026-06-15 11:47:38, tokens_remaining: 1022, call: scores, phase: playing
2026-06-15 11:47:38, tokens_remaining: 1022, call: scores, phase: playing
2026-06-15 11:47:39, tokens_remaining: 1022, call: scores, phase: playing
2026-06-15 11:47:39, tokens_remaining: 1021, call: events, phase: playing
2026-06-15 11:47:40, tokens_remaining: 1020, call: scores, phase: playing
2026-06-15 11:47:40, tokens_remaining: 1020, call: scores, phase: playing
2026-06-15 11:47:40, tokens_remaining: 1020, call: scores, phase: playing
2026-06-15 11:47:41, tokens_remaining: 1020, call: scores, phase: playing
2026-06-15 11:47:41, tokens_remaining: 1019, call: scores, phase: playing
2026-06-15 11:47:42, tokens_remaining: 1019, call: scores, phase: playing
2026-06-15 11:47:42, tokens_remaining: 1019, call: scores, phase: playing
2026-06-15 11:47:42, tokens_remaining: 1019, call: scores, phase: playing
2026-06-15 11:47:43, tokens_remaining: 1018, call: scores, phase: playing
2026-06-15 11:47:43, tokens_remaining: 1017, call: events, phase: playing
2026-06-15 11:47:44, tokens_remaining: 1018, call: scores, phase: playing
2026-06-15 11:47:44, tokens_remaining: 1016, call: scores, phase: playing
2026-06-15 11:47:44, tokens_remaining: 1016, call: scores, phase: playing
2026-06-15 11:47:45, tokens_remaining: 1016, call: scores, phase: playing
2026-06-15 11:47:45, tokens_remaining: 1016, call: scores, phase: playing
2026-06-15 11:47:46, tokens_remaining: 1015, call: scores, phase: playing
2026-06-15 11:47:46, tokens_remaining: 1015, call: scores, phase: playing
2026-06-15 11:47:46, tokens_remaining: 1015, call: scores, phase: playing
2026-06-15 11:47:46, tokens_remaining: 1015, call: scores, phase: playing
2026-06-15 11:47:47, tokens_remaining: 1014, call: events, phase: playing
2026-06-15 11:47:48, tokens_remaining: 1013, call: scores, phase: playing
2026-06-15 11:47:48, tokens_remaining: 1013, call: scores, phase: playing
2026-06-15 11:47:48, tokens_remaining: 1013, call: scores, phase: playing
2026-06-15 11:47:48, tokens_remaining: 1013, call: scores, phase: playing
2026-06-15 11:47:49, tokens_remaining: 1012, call: scores, phase: playing
2026-06-15 11:47:49, tokens_remaining: 1012, call: scores, phase: playing
2026-06-15 11:47:50, tokens_remaining: 1012, call: scores, phase: playing
2026-06-15 11:47:50, tokens_remaining: 1012, call: scores, phase: playing
2026-06-15 11:47:50, tokens_remaining: 1011, call: scores, phase: playing
2026-06-15 11:47:51, tokens_remaining: 1010, call: events, phase: playing
2026-06-15 11:47:51, tokens_remaining: 1011, call: scores, phase: playing
2026-06-15 11:47:52, tokens_remaining: 1009, call: scores, phase: playing
2026-06-15 11:47:52, tokens_remaining: 1009, call: scores, phase: playing
2026-06-15 11:47:52, tokens_remaining: 1009, call: scores, phase: playing
2026-06-15 11:47:53, tokens_remaining: 1009, call: scores, phase: playing
2026-06-15 11:47:53, tokens_remaining: 1008, call: scores, phase: playing
2026-06-15 11:47:53, tokens_remaining: 1008, call: scores, phase: playing
2026-06-15 11:47:54, tokens_remaining: 1008, call: scores, phase: playing
2026-06-15 11:47:54, tokens_remaining: 1008, call: scores, phase: playing
2026-06-15 11:47:55, tokens_remaining: 1007, call: events, phase: playing
2026-06-15 11:47:55, tokens_remaining: 1006, call: scores, phase: playing
2026-06-15 11:47:55, tokens_remaining: 1006, call: scores, phase: playing
2026-06-15 11:47:56, tokens_remaining: 1006, call: scores, phase: playing
2026-06-15 11:47:56, tokens_remaining: 1006, call: scores, phase: playing
2026-06-15 11:47:56, tokens_remaining: 1005, call: scores, phase: playing
2026-06-15 11:47:57, tokens_remaining: 1005, call: scores, phase: playing
2026-06-15 11:47:57, tokens_remaining: 1005, call: scores, phase: playing
2026-06-15 11:47:57, tokens_remaining: 1005, call: scores, phase: playing
2026-06-15 11:47:58, tokens_remaining: 1004, call: scores, phase: playing
2026-06-15 11:47:58, tokens_remaining: 1003, call: events, phase: playing
2026-06-15 11:47:59, tokens_remaining: 1004, call: scores, phase: playing
2026-06-15 11:47:59, tokens_remaining: 1002, call: scores, phase: playing
2026-06-15 11:47:59, tokens_remaining: 1002, call: scores, phase: playing
2026-06-15 11:48:00, tokens_remaining: 1002, call: scores, phase: playing
2026-06-15 11:48:00, tokens_remaining: 1002, call: scores, phase: playing
2026-06-15 11:48:01, tokens_remaining: 1001, call: scores, phase: playing
2026-06-15 11:48:01, tokens_remaining: 1001, call: scores, phase: playing
2026-06-15 11:48:01, tokens_remaining: 1001, call: scores, phase: playing
2026-06-15 11:48:01, tokens_remaining: 1001, call: scores, phase: playing
2026-06-15 11:48:02, tokens_remaining: 1000, call: events, phase: playing
2026-06-15 11:48:03, tokens_remaining: 999, call: scores, phase: playing
2026-06-15 11:48:03, tokens_remaining: 999, call: scores, phase: playing
2026-06-15 11:48:03, tokens_remaining: 999, call: scores, phase: playing
2026-06-15 11:48:03, tokens_remaining: 999, call: scores, phase: playing
2026-06-15 11:48:04, tokens_remaining: 998, call: scores, phase: playing
2026-06-15 11:48:04, tokens_remaining: 998, call: scores, phase: playing
2026-06-15 11:48:04, tokens_remaining: 998, call: scores, phase: playing
2026-06-15 11:48:05, tokens_remaining: 998, call: scores, phase: playing
2026-06-15 11:48:05, tokens_remaining: 997, call: scores, phase: playing
2026-06-15 11:48:06, tokens_remaining: 996, call: events, phase: playing
2026-06-15 11:48:06, tokens_remaining: 997, call: scores, phase: playing
2026-06-15 11:48:07, tokens_remaining: 995, call: scores, phase: playing
2026-06-15 11:48:07, tokens_remaining: 995, call: scores, phase: playing
2026-06-15 11:48:07, tokens_remaining: 995, call: scores, phase: playing
2026-06-15 11:48:07, tokens_remaining: 995, call: scores, phase: playing
2026-06-15 11:48:08, tokens_remaining: 994, call: scores, phase: playing
2026-06-15 11:48:08, tokens_remaining: 994, call: scores, phase: playing
2026-06-15 11:48:09, tokens_remaining: 994, call: scores, phase: playing
2026-06-15 11:48:09, tokens_remaining: 994, call: scores, phase: playing
2026-06-15 11:48:09, tokens_remaining: 993, call: events, phase: playing
2026-06-15 11:48:10, tokens_remaining: 992, call: scores, phase: playing
2026-06-15 11:48:10, tokens_remaining: 992, call: scores, phase: playing
2026-06-15 11:48:10, tokens_remaining: 992, call: scores, phase: playing
2026-06-15 11:48:11, tokens_remaining: 992, call: scores, phase: playing
2026-06-15 11:48:11, tokens_remaining: 991, call: scores, phase: playing
2026-06-15 11:48:12, tokens_remaining: 991, call: scores, phase: playing
2026-06-15 11:48:12, tokens_remaining: 991, call: scores, phase: playing
2026-06-15 11:48:12, tokens_remaining: 991, call: scores, phase: playing
2026-06-15 11:48:13, tokens_remaining: 990, call: scores, phase: playing
2026-06-15 11:48:13, tokens_remaining: 989, call: events, phase: playing
2026-06-15 11:48:13, tokens_remaining: 990, call: scores, phase: playing
2026-06-15 11:48:14, tokens_remaining: 988, call: scores, phase: playing
2026-06-15 11:48:14, tokens_remaining: 988, call: scores, phase: playing
2026-06-15 11:48:15, tokens_remaining: 988, call: scores, phase: playing
2026-06-15 11:48:15, tokens_remaining: 988, call: scores, phase: playing
2026-06-15 11:48:15, tokens_remaining: 987, call: scores, phase: playing
2026-06-15 11:48:16, tokens_remaining: 987, call: scores, phase: playing
2026-06-15 11:48:16, tokens_remaining: 987, call: scores, phase: playing
2026-06-15 11:48:16, tokens_remaining: 987, call: scores, phase: playing
2026-06-15 11:48:17, tokens_remaining: 986, call: events, phase: playing
2026-06-15 11:48:17, tokens_remaining: 985, call: scores, phase: playing
2026-06-15 11:48:17, tokens_remaining: 985, call: scores, phase: playing
2026-06-15 11:48:18, tokens_remaining: 985, call: scores, phase: playing
2026-06-15 11:48:18, tokens_remaining: 985, call: scores, phase: playing
2026-06-15 11:48:19, tokens_remaining: 984, call: scores, phase: playing
2026-06-15 11:48:19, tokens_remaining: 984, call: scores, phase: playing
2026-06-15 11:48:19, tokens_remaining: 984, call: scores, phase: playing
2026-06-15 11:48:19, tokens_remaining: 984, call: scores, phase: playing
2026-06-15 11:48:20, tokens_remaining: 983, call: scores, phase: playing
2026-06-15 11:48:20, tokens_remaining: 982, call: events, phase: playing
2026-06-15 11:48:21, tokens_remaining: 983, call: scores, phase: playing
2026-06-15 11:48:21, tokens_remaining: 981, call: scores, phase: playing
2026-06-15 11:48:21, tokens_remaining: 981, call: scores, phase: playing
2026-06-15 11:48:22, tokens_remaining: 981, call: scores, phase: playing
2026-06-15 11:48:22, tokens_remaining: 981, call: scores, phase: playing
2026-06-15 11:48:22, tokens_remaining: 980, call: scores, phase: playing
2026-06-15 11:48:23, tokens_remaining: 980, call: scores, phase: playing
2026-06-15 11:48:23, tokens_remaining: 980, call: scores, phase: playing
2026-06-15 11:48:23, tokens_remaining: 980, call: scores, phase: playing
2026-06-15 11:48:24, tokens_remaining: 979, call: events, phase: playing
2026-06-15 11:48:24, tokens_remaining: 978, call: scores, phase: playing
2026-06-15 11:48:25, tokens_remaining: 978, call: scores, phase: playing
2026-06-15 11:48:25, tokens_remaining: 978, call: scores, phase: playing
2026-06-15 11:48:25, tokens_remaining: 978, call: scores, phase: playing
2026-06-15 11:48:26, tokens_remaining: 977, call: scores, phase: playing
2026-06-15 11:48:26, tokens_remaining: 977, call: scores, phase: playing
2026-06-15 11:48:26, tokens_remaining: 977, call: scores, phase: playing
2026-06-15 11:48:26, tokens_remaining: 977, call: scores, phase: playing
2026-06-15 11:48:27, tokens_remaining: 976, call: scores, phase: playing
2026-06-15 11:48:27, tokens_remaining: 975, call: events, phase: playing
2026-06-15 11:48:28, tokens_remaining: 976, call: scores, phase: playing
2026-06-15 11:48:28, tokens_remaining: 974, call: scores, phase: playing
2026-06-15 11:48:28, tokens_remaining: 974, call: scores, phase: playing
2026-06-15 11:48:29, tokens_remaining: 974, call: scores, phase: playing
2026-06-15 11:48:29, tokens_remaining: 974, call: scores, phase: playing
2026-06-15 11:48:29, tokens_remaining: 973, call: scores, phase: playing
2026-06-15 11:48:30, tokens_remaining: 973, call: scores, phase: playing
2026-06-15 11:48:30, tokens_remaining: 973, call: scores, phase: playing
2026-06-15 11:48:30, tokens_remaining: 973, call: scores, phase: playing
2026-06-15 11:48:31, tokens_remaining: 972, call: events, phase: playing
2026-06-15 11:48:31, tokens_remaining: 971, call: scores, phase: playing
2026-06-15 11:48:32, tokens_remaining: 971, call: scores, phase: playing
2026-06-15 11:48:32, tokens_remaining: 971, call: scores, phase: playing
2026-06-15 11:48:32, tokens_remaining: 971, call: scores, phase: playing
2026-06-15 11:48:33, tokens_remaining: 970, call: scores, phase: playing
2026-06-15 11:48:33, tokens_remaining: 970, call: scores, phase: playing
2026-06-15 11:48:33, tokens_remaining: 970, call: scores, phase: playing
2026-06-15 11:48:33, tokens_remaining: 970, call: scores, phase: playing
2026-06-15 11:48:34, tokens_remaining: 969, call: scores, phase: playing
2026-06-15 11:48:34, tokens_remaining: 968, call: events, phase: playing
2026-06-15 11:48:35, tokens_remaining: 969, call: scores, phase: playing
2026-06-15 11:48:35, tokens_remaining: 967, call: scores, phase: playing
2026-06-15 11:48:35, tokens_remaining: 967, call: scores, phase: playing
2026-06-15 11:48:36, tokens_remaining: 967, call: scores, phase: playing
2026-06-15 11:48:36, tokens_remaining: 967, call: scores, phase: playing
2026-06-15 11:48:36, tokens_remaining: 966, call: scores, phase: playing
2026-06-15 11:48:37, tokens_remaining: 966, call: scores, phase: playing
2026-06-15 11:48:37, tokens_remaining: 966, call: scores, phase: playing
2026-06-15 11:48:37, tokens_remaining: 966, call: scores, phase: playing
2026-06-15 11:48:38, tokens_remaining: 965, call: events, phase: playing
2026-06-15 11:48:38, tokens_remaining: 964, call: scores, phase: playing
2026-06-15 11:48:38, tokens_remaining: 964, call: scores, phase: playing
2026-06-15 11:48:39, tokens_remaining: 964, call: scores, phase: playing
2026-06-15 11:48:39, tokens_remaining: 964, call: scores, phase: playing
2026-06-15 11:48:39, tokens_remaining: 964, call: scores, phase: playing
2026-06-15 11:48:40, tokens_remaining: 963, call: scores, phase: playing
2026-06-15 11:48:40, tokens_remaining: 963, call: scores, phase: playing
2026-06-15 11:48:40, tokens_remaining: 963, call: scores, phase: playing
2026-06-15 11:48:40, tokens_remaining: 963, call: scores, phase: playing
2026-06-15 11:48:41, tokens_remaining: 962, call: events, phase: playing
2026-06-15 11:48:42, tokens_remaining: 961, call: scores, phase: playing
2026-06-15 11:48:42, tokens_remaining: 961, call: scores, phase: playing
2026-06-15 11:48:42, tokens_remaining: 961, call: scores, phase: playing
2026-06-15 11:48:42, tokens_remaining: 961, call: scores, phase: playing
2026-06-15 11:48:43, tokens_remaining: 960, call: scores, phase: playing
2026-06-15 11:48:43, tokens_remaining: 960, call: scores, phase: playing
2026-06-15 11:48:43, tokens_remaining: 960, call: scores, phase: playing
2026-06-15 11:48:43, tokens_remaining: 960, call: scores, phase: playing
2026-06-15 11:48:44, tokens_remaining: 960, call: scores, phase: playing
2026-06-15 11:48:44, tokens_remaining: 959, call: events, phase: playing
2026-06-15 11:48:45, tokens_remaining: 958, call: scores, phase: playing
2026-06-15 11:48:45, tokens_remaining: 958, call: scores, phase: playing
2026-06-15 11:48:45, tokens_remaining: 958, call: scores, phase: playing
2026-06-15 11:48:45, tokens_remaining: 958, call: scores, phase: playing
2026-06-15 11:48:46, tokens_remaining: 958, call: scores, phase: playing
2026-06-15 11:48:46, tokens_remaining: 957, call: scores, phase: playing
2026-06-15 11:48:46, tokens_remaining: 957, call: scores, phase: playing
2026-06-15 11:48:47, tokens_remaining: 957, call: scores, phase: playing
2026-06-15 11:48:47, tokens_remaining: 957, call: scores, phase: playing
2026-06-15 11:48:48, tokens_remaining: 956, call: events, phase: playing
2026-06-15 11:48:48, tokens_remaining: 955, call: scores, phase: playing
2026-06-15 11:48:48, tokens_remaining: 955, call: scores, phase: playing
2026-06-15 11:48:49, tokens_remaining: 955, call: scores, phase: playing
2026-06-15 11:48:49, tokens_remaining: 955, call: scores, phase: playing
2026-06-15 11:48:49, tokens_remaining: 954, call: scores, phase: playing
2026-06-15 11:48:50, tokens_remaining: 954, call: scores, phase: playing
2026-06-15 11:48:50, tokens_remaining: 954, call: scores, phase: playing
2026-06-15 11:48:50, tokens_remaining: 954, call: scores, phase: playing
2026-06-15 11:48:50, tokens_remaining: 954, call: scores, phase: playing
2026-06-15 11:48:51, tokens_remaining: 953, call: events, phase: playing
2026-06-15 11:48:51, tokens_remaining: 952, call: scores, phase: playing
2026-06-15 11:48:52, tokens_remaining: 952, call: scores, phase: playing
2026-06-15 11:48:52, tokens_remaining: 952, call: scores, phase: playing
2026-06-15 11:48:52, tokens_remaining: 952, call: scores, phase: playing
2026-06-15 11:48:52, tokens_remaining: 952, call: scores, phase: playing
2026-06-15 11:48:53, tokens_remaining: 951, call: scores, phase: playing
2026-06-15 11:48:53, tokens_remaining: 951, call: scores, phase: playing
2026-06-15 11:48:54, tokens_remaining: 951, call: scores, phase: playing
2026-06-15 11:48:54, tokens_remaining: 951, call: scores, phase: playing
2026-06-15 11:48:54, tokens_remaining: 950, call: events, phase: playing
2026-06-15 11:48:55, tokens_remaining: 949, call: scores, phase: playing
2026-06-15 11:48:55, tokens_remaining: 949, call: scores, phase: playing
2026-06-15 11:48:55, tokens_remaining: 949, call: scores, phase: playing
2026-06-15 11:48:56, tokens_remaining: 949, call: scores, phase: playing
2026-06-15 11:48:56, tokens_remaining: 948, call: scores, phase: playing
2026-06-15 11:48:56, tokens_remaining: 948, call: scores, phase: playing
2026-06-15 11:48:57, tokens_remaining: 948, call: scores, phase: playing
2026-06-15 11:48:57, tokens_remaining: 948, call: scores, phase: playing
2026-06-15 11:48:57, tokens_remaining: 947, call: scores, phase: playing
2026-06-15 11:48:58, tokens_remaining: 946, call: events, phase: playing
2026-06-15 11:48:58, tokens_remaining: 947, call: scores, phase: playing
2026-06-15 11:48:59, tokens_remaining: 945, call: scores, phase: playing
2026-06-15 11:48:59, tokens_remaining: 945, call: scores, phase: playing
2026-06-15 11:48:59, tokens_remaining: 945, call: scores, phase: playing
2026-06-15 11:48:59, tokens_remaining: 945, call: scores, phase: playing
2026-06-15 11:49:00, tokens_remaining: 945, call: scores, phase: playing
2026-06-15 11:49:00, tokens_remaining: 944, call: scores, phase: playing
2026-06-15 11:49:00, tokens_remaining: 944, call: scores, phase: playing
2026-06-15 11:49:01, tokens_remaining: 944, call: scores, phase: playing
2026-06-15 11:49:01, tokens_remaining: 943, call: events, phase: playing
2026-06-15 11:49:02, tokens_remaining: 942, call: scores, phase: playing
2026-06-15 11:49:02, tokens_remaining: 942, call: scores, phase: playing
2026-06-15 11:49:02, tokens_remaining: 942, call: scores, phase: playing
2026-06-15 11:49:02, tokens_remaining: 942, call: scores, phase: playing
2026-06-15 11:49:03, tokens_remaining: 941, call: scores, phase: playing
2026-06-15 11:49:03, tokens_remaining: 941, call: scores, phase: playing
2026-06-15 11:49:03, tokens_remaining: 941, call: scores, phase: playing
2026-06-15 11:49:04, tokens_remaining: 941, call: scores, phase: playing
2026-06-15 11:49:04, tokens_remaining: 941, call: scores, phase: playing
2026-06-15 11:49:04, tokens_remaining: 940, call: events, phase: playing
2026-06-15 11:49:05, tokens_remaining: 939, call: scores, phase: playing
2026-06-15 11:49:05, tokens_remaining: 939, call: scores, phase: playing
2026-06-15 11:49:05, tokens_remaining: 939, call: scores, phase: playing
2026-06-15 11:49:06, tokens_remaining: 939, call: scores, phase: playing
2026-06-15 11:49:06, tokens_remaining: 939, call: scores, phase: playing
2026-06-15 11:49:06, tokens_remaining: 938, call: scores, phase: playing
2026-06-15 11:49:07, tokens_remaining: 938, call: scores, phase: playing
2026-06-15 11:49:07, tokens_remaining: 938, call: scores, phase: playing
2026-06-15 11:49:07, tokens_remaining: 938, call: scores, phase: playing
2026-06-15 11:49:08, tokens_remaining: 937, call: events, phase: playing
2026-06-15 11:49:08, tokens_remaining: 936, call: scores, phase: playing
2026-06-15 11:49:08, tokens_remaining: 936, call: scores, phase: playing
2026-06-15 11:49:09, tokens_remaining: 936, call: scores, phase: playing
2026-06-15 11:49:09, tokens_remaining: 936, call: scores, phase: playing
2026-06-15 11:49:09, tokens_remaining: 936, call: scores, phase: playing
2026-06-15 11:49:10, tokens_remaining: 935, call: scores, phase: playing
2026-06-15 11:49:10, tokens_remaining: 935, call: scores, phase: playing
2026-06-15 11:49:10, tokens_remaining: 935, call: scores, phase: playing
2026-06-15 11:49:10, tokens_remaining: 935, call: scores, phase: playing
2026-06-15 11:49:11, tokens_remaining: 934, call: events, phase: playing
2026-06-15 11:49:11, tokens_remaining: 933, call: scores, phase: playing
2026-06-15 11:49:12, tokens_remaining: 933, call: scores, phase: playing
2026-06-15 11:49:12, tokens_remaining: 933, call: scores, phase: playing
2026-06-15 11:49:12, tokens_remaining: 933, call: scores, phase: playing
2026-06-15 11:49:12, tokens_remaining: 933, call: scores, phase: playing
2026-06-15 11:49:13, tokens_remaining: 932, call: scores, phase: playing
2026-06-15 11:49:13, tokens_remaining: 932, call: scores, phase: playing
2026-06-15 11:49:13, tokens_remaining: 932, call: scores, phase: playing
2026-06-15 11:49:13, tokens_remaining: 932, call: scores, phase: playing
2026-06-15 11:49:14, tokens_remaining: 931, call: events, phase: playing
2026-06-15 11:49:15, tokens_remaining: 930, call: scores, phase: playing
2026-06-15 11:49:15, tokens_remaining: 930, call: scores, phase: playing
2026-06-15 11:49:15, tokens_remaining: 930, call: scores, phase: playing
2026-06-15 11:49:15, tokens_remaining: 930, call: scores, phase: playing
2026-06-15 11:49:16, tokens_remaining: 929, call: scores, phase: playing
2026-06-15 11:49:16, tokens_remaining: 929, call: scores, phase: playing
2026-06-15 11:49:16, tokens_remaining: 929, call: scores, phase: playing
2026-06-15 11:49:17, tokens_remaining: 929, call: scores, phase: playing
2026-06-15 11:49:17, tokens_remaining: 928, call: scores, phase: playing
2026-06-15 11:49:18, tokens_remaining: 927, call: events, phase: playing
2026-06-15 11:49:18, tokens_remaining: 928, call: scores, phase: playing
2026-06-15 11:49:18, tokens_remaining: 926, call: scores, phase: playing
2026-06-15 11:49:19, tokens_remaining: 926, call: scores, phase: playing
2026-06-15 11:49:19, tokens_remaining: 926, call: scores, phase: playing
2026-06-15 11:49:19, tokens_remaining: 926, call: scores, phase: playing
2026-06-15 11:49:19, tokens_remaining: 926, call: scores, phase: playing
2026-06-15 11:49:20, tokens_remaining: 925, call: scores, phase: playing
2026-06-15 11:49:20, tokens_remaining: 925, call: scores, phase: playing
2026-06-15 11:49:20, tokens_remaining: 925, call: scores, phase: playing
2026-06-15 11:49:21, tokens_remaining: 924, call: events, phase: playing
2026-06-15 11:49:21, tokens_remaining: 923, call: scores, phase: playing
2026-06-15 11:49:22, tokens_remaining: 923, call: scores, phase: playing
2026-06-15 11:49:22, tokens_remaining: 923, call: scores, phase: playing
2026-06-15 11:49:22, tokens_remaining: 923, call: scores, phase: playing
2026-06-15 11:49:22, tokens_remaining: 923, call: scores, phase: playing
2026-06-15 11:49:23, tokens_remaining: 922, call: scores, phase: playing
2026-06-15 11:49:23, tokens_remaining: 922, call: scores, phase: playing
2026-06-15 11:49:23, tokens_remaining: 922, call: scores, phase: playing
2026-06-15 11:49:24, tokens_remaining: 922, call: scores, phase: playing
2026-06-15 11:49:24, tokens_remaining: 921, call: events, phase: playing
2026-06-15 11:49:25, tokens_remaining: 920, call: scores, phase: playing
2026-06-15 11:49:25, tokens_remaining: 920, call: scores, phase: playing
2026-06-15 11:49:25, tokens_remaining: 920, call: scores, phase: playing
2026-06-15 11:49:25, tokens_remaining: 920, call: scores, phase: playing
2026-06-15 11:49:26, tokens_remaining: 920, call: scores, phase: playing
2026-06-15 11:49:26, tokens_remaining: 919, call: scores, phase: playing
2026-06-15 11:49:26, tokens_remaining: 919, call: scores, phase: playing
2026-06-15 11:49:27, tokens_remaining: 919, call: scores, phase: playing
2026-06-15 11:49:27, tokens_remaining: 919, call: scores, phase: playing
2026-06-15 11:49:27, tokens_remaining: 918, call: events, phase: playing
2026-06-15 11:49:28, tokens_remaining: 917, call: scores, phase: playing
2026-06-15 11:49:28, tokens_remaining: 917, call: scores, phase: playing
2026-06-15 11:49:28, tokens_remaining: 917, call: scores, phase: playing
2026-06-15 11:49:29, tokens_remaining: 917, call: scores, phase: playing
2026-06-15 11:49:29, tokens_remaining: 917, call: scores, phase: playing
2026-06-15 11:49:29, tokens_remaining: 916, call: scores, phase: playing
2026-06-15 11:49:30, tokens_remaining: 916, call: scores, phase: playing
2026-06-15 11:49:30, tokens_remaining: 916, call: scores, phase: playing
2026-06-15 11:49:30, tokens_remaining: 916, call: scores, phase: playing
2026-06-15 11:49:31, tokens_remaining: 915, call: events, phase: playing
2026-06-15 11:49:31, tokens_remaining: 914, call: scores, phase: playing
2026-06-15 11:49:31, tokens_remaining: 914, call: scores, phase: playing
2026-06-15 11:49:32, tokens_remaining: 914, call: scores, phase: playing
2026-06-15 11:49:32, tokens_remaining: 914, call: scores, phase: playing
2026-06-15 11:49:32, tokens_remaining: 914, call: scores, phase: playing
2026-06-15 11:49:33, tokens_remaining: 913, call: scores, phase: playing
2026-06-15 11:49:33, tokens_remaining: 913, call: scores, phase: playing
2026-06-15 11:49:33, tokens_remaining: 913, call: scores, phase: playing
2026-06-15 11:49:33, tokens_remaining: 913, call: scores, phase: playing
2026-06-15 11:49:34, tokens_remaining: 912, call: events, phase: playing
2026-06-15 11:49:34, tokens_remaining: 911, call: scores, phase: playing
2026-06-15 11:49:35, tokens_remaining: 911, call: scores, phase: playing
2026-06-15 11:49:35, tokens_remaining: 911, call: scores, phase: playing
2026-06-15 11:49:35, tokens_remaining: 911, call: scores, phase: playing
2026-06-15 11:49:35, tokens_remaining: 911, call: scores, phase: playing
2026-06-15 11:49:36, tokens_remaining: 910, call: scores, phase: playing
2026-06-15 11:49:36, tokens_remaining: 910, call: scores, phase: playing
2026-06-15 11:49:36, tokens_remaining: 910, call: scores, phase: playing
2026-06-15 11:49:37, tokens_remaining: 910, call: scores, phase: playing
2026-06-15 11:49:37, tokens_remaining: 909, call: events, phase: playing
2026-06-15 11:49:38, tokens_remaining: 908, call: scores, phase: playing
2026-06-15 11:49:38, tokens_remaining: 908, call: scores, phase: playing
2026-06-15 11:49:38, tokens_remaining: 908, call: scores, phase: playing
2026-06-15 11:49:38, tokens_remaining: 908, call: scores, phase: playing
2026-06-15 11:49:39, tokens_remaining: 907, call: scores, phase: playing
2026-06-15 11:49:39, tokens_remaining: 907, call: scores, phase: playing
2026-06-15 11:49:39, tokens_remaining: 907, call: scores, phase: playing
2026-06-15 11:49:40, tokens_remaining: 907, call: scores, phase: playing
2026-06-15 11:49:40, tokens_remaining: 906, call: scores, phase: playing
2026-06-15 11:49:41, tokens_remaining: 905, call: events, phase: playing
2026-06-15 11:49:41, tokens_remaining: 906, call: scores, phase: playing
2026-06-15 11:49:42, tokens_remaining: 904, call: scores, phase: playing
2026-06-15 11:49:42, tokens_remaining: 904, call: scores, phase: playing
2026-06-15 11:49:42, tokens_remaining: 904, call: scores, phase: playing
2026-06-15 11:49:42, tokens_remaining: 904, call: scores, phase: playing
2026-06-15 11:49:43, tokens_remaining: 904, call: scores, phase: playing
2026-06-15 11:49:43, tokens_remaining: 903, call: scores, phase: playing
2026-06-15 11:49:43, tokens_remaining: 903, call: scores, phase: playing
2026-06-15 11:49:44, tokens_remaining: 903, call: scores, phase: playing
2026-06-15 11:49:44, tokens_remaining: 902, call: events, phase: playing
2026-06-15 11:49:45, tokens_remaining: 901, call: scores, phase: playing
2026-06-15 11:49:45, tokens_remaining: 901, call: scores, phase: playing
2026-06-15 11:49:45, tokens_remaining: 901, call: scores, phase: playing
2026-06-15 11:49:45, tokens_remaining: 901, call: scores, phase: playing
2026-06-15 11:49:46, tokens_remaining: 900, call: scores, phase: playing
2026-06-15 11:49:46, tokens_remaining: 900, call: scores, phase: playing
2026-06-15 11:49:46, tokens_remaining: 900, call: scores, phase: playing
2026-06-15 11:49:47, tokens_remaining: 900, call: scores, phase: playing
2026-06-15 11:49:47, tokens_remaining: 899, call: scores, phase: playing
2026-06-15 11:49:48, tokens_remaining: 898, call: events, phase: playing
2026-06-15 11:49:48, tokens_remaining: 899, call: scores, phase: playing
2026-06-15 11:49:48, tokens_remaining: 897, call: scores, phase: playing
2026-06-15 11:49:49, tokens_remaining: 897, call: scores, phase: playing
2026-06-15 11:49:49, tokens_remaining: 897, call: scores, phase: playing
2026-06-15 11:49:49, tokens_remaining: 897, call: scores, phase: playing
2026-06-15 11:49:50, tokens_remaining: 896, call: scores, phase: playing
2026-06-15 11:49:50, tokens_remaining: 896, call: scores, phase: playing
2026-06-15 11:49:50, tokens_remaining: 896, call: scores, phase: playing
2026-06-15 11:49:50, tokens_remaining: 896, call: scores, phase: playing
2026-06-15 11:49:51, tokens_remaining: 895, call: events, phase: playing
2026-06-15 11:49:52, tokens_remaining: 894, call: scores, phase: playing
2026-06-15 11:49:52, tokens_remaining: 894, call: scores, phase: playing
2026-06-15 11:49:52, tokens_remaining: 894, call: scores, phase: playing
2026-06-15 11:49:52, tokens_remaining: 894, call: scores, phase: playing
2026-06-15 11:49:53, tokens_remaining: 893, call: scores, phase: playing
2026-06-15 11:49:53, tokens_remaining: 893, call: scores, phase: playing
2026-06-15 11:49:53, tokens_remaining: 893, call: scores, phase: playing
2026-06-15 11:49:54, tokens_remaining: 893, call: scores, phase: playing
2026-06-15 11:49:54, tokens_remaining: 892, call: scores, phase: playing
2026-06-15 11:49:55, tokens_remaining: 891, call: events, phase: playing
2026-06-15 11:49:55, tokens_remaining: 892, call: scores, phase: playing
2026-06-15 11:49:55, tokens_remaining: 890, call: scores, phase: playing
2026-06-15 11:49:56, tokens_remaining: 890, call: scores, phase: playing
2026-06-15 11:49:56, tokens_remaining: 890, call: scores, phase: playing
2026-06-15 11:49:56, tokens_remaining: 890, call: scores, phase: playing
2026-06-15 11:49:58, tokens_remaining: 889, call: scores, phase: playing
2026-06-15 11:49:58, tokens_remaining: 889, call: scores, phase: playing
2026-06-15 11:49:58, tokens_remaining: 889, call: scores, phase: playing
2026-06-15 11:49:58, tokens_remaining: 889, call: scores, phase: playing
2026-06-15 11:49:59, tokens_remaining: 888, call: events, phase: playing
2026-06-15 11:50:00, tokens_remaining: 887, call: scores, phase: playing
2026-06-15 11:50:00, tokens_remaining: 887, call: scores, phase: playing
2026-06-15 11:50:00, tokens_remaining: 887, call: scores, phase: playing
2026-06-15 11:50:00, tokens_remaining: 887, call: scores, phase: playing
2026-06-15 11:50:01, tokens_remaining: 886, call: scores, phase: playing
2026-06-15 11:50:01, tokens_remaining: 886, call: scores, phase: playing
2026-06-15 11:50:01, tokens_remaining: 886, call: scores, phase: playing
2026-06-15 11:50:02, tokens_remaining: 886, call: scores, phase: playing
2026-06-15 11:50:02, tokens_remaining: 885, call: scores, phase: playing
2026-06-15 11:50:03, tokens_remaining: 884, call: events, phase: playing
2026-06-15 11:50:03, tokens_remaining: 885, call: scores, phase: playing
2026-06-15 11:50:03, tokens_remaining: 883, call: scores, phase: playing
2026-06-15 11:50:04, tokens_remaining: 883, call: scores, phase: playing
2026-06-15 11:50:04, tokens_remaining: 883, call: scores, phase: playing
2026-06-15 11:50:04, tokens_remaining: 883, call: scores, phase: playing
2026-06-15 11:50:05, tokens_remaining: 882, call: scores, phase: playing
2026-06-15 11:50:05, tokens_remaining: 882, call: scores, phase: playing
2026-06-15 11:50:05, tokens_remaining: 882, call: scores, phase: playing
2026-06-15 11:50:05, tokens_remaining: 882, call: scores, phase: playing
2026-06-15 11:50:06, tokens_remaining: 881, call: events, phase: playing
2026-06-15 11:50:07, tokens_remaining: 880, call: scores, phase: playing
2026-06-15 11:50:07, tokens_remaining: 880, call: scores, phase: playing
2026-06-15 11:50:07, tokens_remaining: 880, call: scores, phase: playing
2026-06-15 11:50:08, tokens_remaining: 880, call: scores, phase: playing
2026-06-15 11:50:08, tokens_remaining: 879, call: scores, phase: playing
2026-06-15 11:50:08, tokens_remaining: 879, call: scores, phase: playing
2026-06-15 11:50:09, tokens_remaining: 879, call: scores, phase: playing
2026-06-15 11:50:09, tokens_remaining: 879, call: scores, phase: playing
2026-06-15 11:50:09, tokens_remaining: 878, call: scores, phase: playing
2026-06-15 11:50:10, tokens_remaining: 877, call: events, phase: playing
2026-06-15 11:50:10, tokens_remaining: 878, call: scores, phase: playing
2026-06-15 11:50:11, tokens_remaining: 876, call: scores, phase: playing
2026-06-15 11:50:11, tokens_remaining: 876, call: scores, phase: playing
2026-06-15 11:50:11, tokens_remaining: 876, call: scores, phase: playing
2026-06-15 11:50:12, tokens_remaining: 876, call: scores, phase: playing
2026-06-15 11:50:12, tokens_remaining: 875, call: scores, phase: playing
2026-06-15 11:50:12, tokens_remaining: 875, call: scores, phase: playing
2026-06-15 11:50:13, tokens_remaining: 875, call: scores, phase: playing
2026-06-15 11:50:13, tokens_remaining: 875, call: scores, phase: playing
2026-06-15 11:50:13, tokens_remaining: 874, call: events, phase: playing
2026-06-15 11:50:14, tokens_remaining: 873, call: scores, phase: playing
2026-06-15 11:50:14, tokens_remaining: 873, call: scores, phase: playing
2026-06-15 11:50:14, tokens_remaining: 873, call: scores, phase: playing
2026-06-15 11:50:15, tokens_remaining: 873, call: scores, phase: playing
2026-06-15 11:50:15, tokens_remaining: 872, call: scores, phase: playing
2026-06-15 11:50:15, tokens_remaining: 872, call: scores, phase: playing
2026-06-15 11:50:16, tokens_remaining: 872, call: scores, phase: playing
2026-06-15 11:50:16, tokens_remaining: 872, call: scores, phase: playing
2026-06-15 11:50:16, tokens_remaining: 871, call: scores, phase: playing
2026-06-15 11:50:17, tokens_remaining: 870, call: events, phase: playing
2026-06-15 11:50:17, tokens_remaining: 871, call: scores, phase: playing
2026-06-15 11:50:18, tokens_remaining: 869, call: scores, phase: playing
2026-06-15 11:50:18, tokens_remaining: 869, call: scores, phase: playing
2026-06-15 11:50:18, tokens_remaining: 869, call: scores, phase: playing
2026-06-15 11:50:19, tokens_remaining: 869, call: scores, phase: playing
2026-06-15 11:50:19, tokens_remaining: 868, call: scores, phase: playing
2026-06-15 11:50:19, tokens_remaining: 868, call: scores, phase: playing
2026-06-15 11:50:20, tokens_remaining: 868, call: scores, phase: playing
2026-06-15 11:50:20, tokens_remaining: 868, call: scores, phase: playing
2026-06-15 11:50:20, tokens_remaining: 867, call: events, phase: playing
2026-06-15 11:50:21, tokens_remaining: 866, call: scores, phase: playing
2026-06-15 11:50:21, tokens_remaining: 866, call: scores, phase: playing
2026-06-15 11:50:21, tokens_remaining: 866, call: scores, phase: playing
2026-06-15 11:50:22, tokens_remaining: 866, call: scores, phase: playing
2026-06-15 11:50:22, tokens_remaining: 865, call: scores, phase: playing
2026-06-15 11:50:23, tokens_remaining: 865, call: scores, phase: playing
2026-06-15 11:50:23, tokens_remaining: 865, call: scores, phase: playing
2026-06-15 11:50:23, tokens_remaining: 865, call: scores, phase: playing
2026-06-15 11:50:24, tokens_remaining: 864, call: scores, phase: playing
2026-06-15 11:50:24, tokens_remaining: 863, call: events, phase: playing
2026-06-15 11:50:24, tokens_remaining: 864, call: scores, phase: playing
2026-06-15 11:50:25, tokens_remaining: 862, call: scores, phase: playing
2026-06-15 11:50:25, tokens_remaining: 862, call: scores, phase: playing
2026-06-15 11:50:25, tokens_remaining: 862, call: scores, phase: playing
2026-06-15 11:50:26, tokens_remaining: 862, call: scores, phase: playing
2026-06-15 11:50:26, tokens_remaining: 861, call: scores, phase: playing
2026-06-15 11:50:26, tokens_remaining: 861, call: scores, phase: playing
2026-06-15 11:50:27, tokens_remaining: 861, call: scores, phase: playing
2026-06-15 11:50:27, tokens_remaining: 861, call: scores, phase: playing
2026-06-15 11:50:28, tokens_remaining: 860, call: events, phase: playing
2026-06-15 11:50:28, tokens_remaining: 859, call: scores, phase: playing
2026-06-15 11:50:28, tokens_remaining: 859, call: scores, phase: playing
2026-06-15 11:50:29, tokens_remaining: 859, call: scores, phase: playing
2026-06-15 11:50:29, tokens_remaining: 859, call: scores, phase: playing
2026-06-15 11:50:29, tokens_remaining: 858, call: scores, phase: playing
2026-06-15 11:50:30, tokens_remaining: 858, call: scores, phase: playing
2026-06-15 11:50:30, tokens_remaining: 858, call: scores, phase: playing
2026-06-15 11:50:30, tokens_remaining: 858, call: scores, phase: playing
2026-06-15 11:50:31, tokens_remaining: 857, call: scores, phase: playing
2026-06-15 11:50:31, tokens_remaining: 856, call: events, phase: playing
2026-06-15 11:50:31, tokens_remaining: 857, call: scores, phase: playing
2026-06-15 11:50:32, tokens_remaining: 855, call: scores, phase: playing
2026-06-15 11:50:32, tokens_remaining: 855, call: scores, phase: playing
2026-06-15 11:50:32, tokens_remaining: 855, call: scores, phase: playing
2026-06-15 11:50:33, tokens_remaining: 855, call: scores, phase: playing
2026-06-15 11:50:33, tokens_remaining: 854, call: scores, phase: playing
2026-06-15 11:50:34, tokens_remaining: 854, call: scores, phase: playing
2026-06-15 11:50:34, tokens_remaining: 854, call: scores, phase: playing
2026-06-15 11:50:34, tokens_remaining: 854, call: scores, phase: playing
2026-06-15 11:50:35, tokens_remaining: 853, call: events, phase: playing
2026-06-15 11:50:35, STATE_CHANGE: Spain vs Cape Verde Islands [1H -> HT]
2026-06-15 11:51:20, tokens_remaining: 852, call: scores, phase: break
2026-06-15 11:52:06, tokens_remaining: 851, call: scores, phase: break
2026-06-15 11:52:51, tokens_remaining: 850, call: scores, phase: break
2026-06-15 11:53:36, tokens_remaining: 849, call: scores, phase: break
2026-06-15 11:54:22, tokens_remaining: 848, call: scores, phase: break
2026-06-15 11:55:07, tokens_remaining: 847, call: scores, phase: break
2026-06-15 11:55:52, tokens_remaining: 846, call: scores, phase: break
2026-06-15 11:56:37, tokens_remaining: 845, call: scores, phase: break
2026-06-15 11:57:23, tokens_remaining: 844, call: scores, phase: break
2026-06-15 11:58:09, tokens_remaining: 843, call: events, phase: break
2026-06-15 11:58:54, tokens_remaining: 842, call: scores, phase: break
2026-06-15 11:59:39, tokens_remaining: 841, call: scores, phase: break
