2026-06-16 20:26:25, tokens_remaining: 1678, call: events, phase: idle
2026-06-16 20:26:25, EVENT: GOAL 17' Lionel Messi   (1-0) [Argentina vs Algeria]
2026-06-16 20:26:25, EVENT: EVENT_10 8' Farès Chaïbi [Argentina vs Algeria]
2026-06-16 20:26:25, STATE_CHANGE: Argentina vs Algeria [— -> 1H]
2026-06-16 20:26:27, tokens_remaining: 1677, call: scores, phase: playing
2026-06-16 20:26:28, tokens_remaining: 1677, call: scores, phase: playing
2026-06-16 20:26:28, tokens_remaining: 1676, call: scores, phase: playing
2026-06-16 20:26:29, tokens_remaining: 1676, call: scores, phase: playing
2026-06-16 20:26:30, tokens_remaining: 1675, call: scores, phase: playing
2026-06-16 20:26:31, tokens_remaining: 1675, call: scores, phase: playing
2026-06-16 20:26:32, tokens_remaining: 1674, call: scores, phase: playing
2026-06-16 20:26:32, tokens_remaining: 1674, call: scores, phase: playing
2026-06-16 20:26:33, tokens_remaining: 1673, call: events, phase: playing
2026-06-16 20:26:34, tokens_remaining: 1672, call: scores, phase: playing
2026-06-16 20:26:35, tokens_remaining: 1672, call: scores, phase: playing
2026-06-16 20:26:36, tokens_remaining: 1671, call: scores, phase: playing
2026-06-16 20:26:37, tokens_remaining: 1671, call: scores, phase: playing
2026-06-16 20:26:37, tokens_remaining: 1670, call: scores, phase: playing
2026-06-16 20:26:38, tokens_remaining: 1670, call: scores, phase: playing
2026-06-16 20:26:39, tokens_remaining: 1669, call: scores, phase: playing
2026-06-16 20:26:40, tokens_remaining: 1669, call: scores, phase: playing
2026-06-16 20:26:41, tokens_remaining: 1668, call: scores, phase: playing
2026-06-16 20:26:42, tokens_remaining: 1667, call: events, phase: playing
2026-06-16 20:26:43, tokens_remaining: 1666, call: scores, phase: playing
2026-06-16 20:26:43, tokens_remaining: 1666, call: scores, phase: playing
2026-06-16 20:26:44, tokens_remaining: 1665, call: scores, phase: playing
2026-06-16 20:26:45, tokens_remaining: 1665, call: scores, phase: playing
2026-06-16 20:26:46, tokens_remaining: 1664, call: scores, phase: playing
2026-06-16 20:26:47, tokens_remaining: 1664, call: scores, phase: playing
2026-06-16 20:26:48, tokens_remaining: 1663, call: scores, phase: playing
2026-06-16 20:26:48, tokens_remaining: 1663, call: scores, phase: playing
2026-06-16 20:26:49, tokens_remaining: 1662, call: scores, phase: playing
2026-06-16 20:26:50, tokens_remaining: 1661, call: events, phase: playing
2026-06-16 20:26:51, tokens_remaining: 1660, call: scores, phase: playing
2026-06-16 20:26:52, tokens_remaining: 1660, call: scores, phase: playing
2026-06-16 20:26:53, tokens_remaining: 1659, call: scores, phase: playing
2026-06-16 20:26:54, tokens_remaining: 1659, call: scores, phase: playing
2026-06-16 20:26:54, tokens_remaining: 1658, call: scores, phase: playing
2026-06-16 20:26:55, tokens_remaining: 1658, call: scores, phase: playing
2026-06-16 20:26:56, tokens_remaining: 1657, call: scores, phase: playing
2026-06-16 20:26:57, tokens_remaining: 1657, call: scores, phase: playing
2026-06-16 20:26:58, tokens_remaining: 1656, call: scores, phase: playing
2026-06-16 20:26:59, tokens_remaining: 1655, call: events, phase: playing
2026-06-16 20:26:59, tokens_remaining: 1654, call: scores, phase: playing
2026-06-16 20:27:00, tokens_remaining: 1654, call: scores, phase: playing
2026-06-16 20:27:01, tokens_remaining: 1653, call: scores, phase: playing
2026-06-16 20:27:02, tokens_remaining: 1653, call: scores, phase: playing
2026-06-16 20:27:03, tokens_remaining: 1652, call: scores, phase: playing
2026-06-16 20:27:03, tokens_remaining: 1652, call: scores, phase: playing
2026-06-16 20:27:04, tokens_remaining: 1651, call: scores, phase: playing
2026-06-16 20:27:05, tokens_remaining: 1651, call: scores, phase: playing
2026-06-16 20:27:06, tokens_remaining: 1650, call: scores, phase: playing
2026-06-16 20:27:07, tokens_remaining: 1649, call: events, phase: playing
2026-06-16 20:27:08, tokens_remaining: 1648, call: scores, phase: playing
2026-06-16 20:27:08, tokens_remaining: 1648, call: scores, phase: playing
2026-06-16 20:27:09, tokens_remaining: 1647, call: scores, phase: playing
2026-06-16 20:27:10, tokens_remaining: 1647, call: scores, phase: playing
2026-06-16 20:27:11, tokens_remaining: 1646, call: scores, phase: playing
2026-06-16 20:27:11, tokens_remaining: 1646, call: scores, phase: playing
2026-06-16 20:27:12, tokens_remaining: 1645, call: scores, phase: playing
2026-06-16 20:27:13, tokens_remaining: 1645, call: scores, phase: playing
2026-06-16 20:27:14, tokens_remaining: 1644, call: scores, phase: playing
2026-06-16 20:27:15, tokens_remaining: 1643, call: events, phase: playing
2026-06-16 20:27:16, tokens_remaining: 1642, call: scores, phase: playing
2026-06-16 20:27:16, tokens_remaining: 1642, call: scores, phase: playing
2026-06-16 20:27:17, tokens_remaining: 1641, call: scores, phase: playing
2026-06-16 20:27:18, tokens_remaining: 1641, call: scores, phase: playing
2026-06-16 20:27:19, tokens_remaining: 1640, call: scores, phase: playing
2026-06-16 20:27:19, tokens_remaining: 1640, call: scores, phase: playing
2026-06-16 20:27:20, tokens_remaining: 1639, call: scores, phase: playing
2026-06-16 20:27:21, tokens_remaining: 1639, call: scores, phase: playing
2026-06-16 20:27:22, tokens_remaining: 1638, call: scores, phase: playing
2026-06-16 20:27:23, tokens_remaining: 1637, call: events, phase: playing
2026-06-16 20:27:24, tokens_remaining: 1636, call: scores, phase: playing
2026-06-16 20:27:24, tokens_remaining: 1636, call: scores, phase: playing
2026-06-16 20:27:25, tokens_remaining: 1635, call: scores, phase: playing
2026-06-16 20:27:26, tokens_remaining: 1635, call: scores, phase: playing
2026-06-16 20:27:27, tokens_remaining: 1634, call: scores, phase: playing
2026-06-16 20:27:27, tokens_remaining: 1634, call: scores, phase: playing
2026-06-16 20:27:28, tokens_remaining: 1633, call: scores, phase: playing
2026-06-16 20:27:29, tokens_remaining: 1633, call: scores, phase: playing
2026-06-16 20:27:30, tokens_remaining: 1632, call: scores, phase: playing
2026-06-16 20:27:31, tokens_remaining: 1631, call: events, phase: playing
2026-06-16 20:27:32, tokens_remaining: 1630, call: scores, phase: playing
2026-06-16 20:27:32, tokens_remaining: 1630, call: scores, phase: playing
2026-06-16 20:27:33, tokens_remaining: 1629, call: scores, phase: playing
2026-06-16 20:27:34, tokens_remaining: 1629, call: scores, phase: playing
2026-06-16 20:27:35, tokens_remaining: 1628, call: scores, phase: playing
2026-06-16 20:27:36, tokens_remaining: 1628, call: scores, phase: playing
2026-06-16 20:27:36, tokens_remaining: 1627, call: scores, phase: playing
2026-06-16 20:27:37, tokens_remaining: 1627, call: scores, phase: playing
2026-06-16 20:27:38, tokens_remaining: 1626, call: scores, phase: playing
2026-06-16 20:27:39, tokens_remaining: 1625, call: events, phase: playing
2026-06-16 20:27:40, tokens_remaining: 1624, call: scores, phase: playing
2026-06-16 20:27:40, tokens_remaining: 1624, call: scores, phase: playing
2026-06-16 20:27:41, tokens_remaining: 1623, call: scores, phase: playing
2026-06-16 20:27:42, tokens_remaining: 1623, call: scores, phase: playing
2026-06-16 20:27:43, tokens_remaining: 1622, call: scores, phase: playing
2026-06-16 20:27:44, tokens_remaining: 1622, call: scores, phase: playing
2026-06-16 20:27:45, tokens_remaining: 1621, call: scores, phase: playing
2026-06-16 20:27:46, tokens_remaining: 1621, call: scores, phase: playing
2026-06-16 20:27:48, tokens_remaining: 1620, call: scores, phase: playing
2026-06-16 20:27:49, tokens_remaining: 1619, call: events, phase: playing
2026-06-16 20:27:50, tokens_remaining: 1618, call: scores, phase: playing
2026-06-16 20:27:50, tokens_remaining: 1618, call: scores, phase: playing
2026-06-16 20:27:51, tokens_remaining: 1617, call: scores, phase: playing
2026-06-16 20:27:52, tokens_remaining: 1617, call: scores, phase: playing
2026-06-16 20:27:53, tokens_remaining: 1616, call: scores, phase: playing
2026-06-16 20:27:53, tokens_remaining: 1616, call: scores, phase: playing
2026-06-16 20:27:54, tokens_remaining: 1615, call: scores, phase: playing
2026-06-16 20:27:55, tokens_remaining: 1615, call: scores, phase: playing
2026-06-16 20:27:56, tokens_remaining: 1614, call: scores, phase: playing
2026-06-16 20:27:57, tokens_remaining: 1613, call: events, phase: playing
2026-06-16 20:27:57, tokens_remaining: 1612, call: scores, phase: playing
2026-06-16 20:27:58, tokens_remaining: 1612, call: scores, phase: playing
2026-06-16 20:27:59, tokens_remaining: 1611, call: scores, phase: playing
2026-06-16 20:28:00, tokens_remaining: 1611, call: scores, phase: playing
2026-06-16 20:28:01, tokens_remaining: 1610, call: scores, phase: playing
2026-06-16 20:28:01, tokens_remaining: 1610, call: scores, phase: playing
2026-06-16 20:28:02, tokens_remaining: 1609, call: scores, phase: playing
2026-06-16 20:28:03, tokens_remaining: 1609, call: scores, phase: playing
2026-06-16 20:28:04, tokens_remaining: 1608, call: scores, phase: playing
2026-06-16 20:28:05, tokens_remaining: 1607, call: events, phase: playing
2026-06-16 20:28:05, tokens_remaining: 1606, call: scores, phase: playing
2026-06-16 20:28:06, tokens_remaining: 1606, call: scores, phase: playing
2026-06-16 20:28:07, tokens_remaining: 1605, call: scores, phase: playing
2026-06-16 20:28:08, tokens_remaining: 1605, call: scores, phase: playing
2026-06-16 20:28:09, tokens_remaining: 1604, call: scores, phase: playing
2026-06-16 20:28:09, tokens_remaining: 1604, call: scores, phase: playing
2026-06-16 20:28:10, tokens_remaining: 1603, call: scores, phase: playing
2026-06-16 20:28:11, tokens_remaining: 1603, call: scores, phase: playing
2026-06-16 20:28:12, tokens_remaining: 1602, call: scores, phase: playing
2026-06-16 20:28:13, tokens_remaining: 1601, call: events, phase: playing
2026-06-16 20:28:14, tokens_remaining: 1600, call: scores, phase: playing
2026-06-16 20:28:14, tokens_remaining: 1600, call: scores, phase: playing
2026-06-16 20:28:15, tokens_remaining: 1599, call: scores, phase: playing
2026-06-16 20:28:16, tokens_remaining: 1599, call: scores, phase: playing
2026-06-16 20:28:17, tokens_remaining: 1598, call: scores, phase: playing
2026-06-16 20:28:17, tokens_remaining: 1598, call: scores, phase: playing
2026-06-16 20:28:18, tokens_remaining: 1597, call: scores, phase: playing
2026-06-16 20:28:19, tokens_remaining: 1597, call: scores, phase: playing
2026-06-16 20:28:20, tokens_remaining: 1596, call: scores, phase: playing
2026-06-16 20:28:20, tokens_remaining: 1595, call: events, phase: playing
2026-06-16 20:28:21, tokens_remaining: 1594, call: scores, phase: playing
2026-06-16 20:28:22, tokens_remaining: 1594, call: scores, phase: playing
2026-06-16 20:28:23, tokens_remaining: 1593, call: scores, phase: playing
2026-06-16 20:28:24, tokens_remaining: 1593, call: scores, phase: playing
2026-06-16 20:28:24, tokens_remaining: 1592, call: scores, phase: playing
2026-06-16 20:28:25, tokens_remaining: 1592, call: scores, phase: playing
2026-06-16 20:28:26, tokens_remaining: 1591, call: scores, phase: playing
2026-06-16 20:28:27, tokens_remaining: 1591, call: scores, phase: playing
2026-06-16 20:28:27, tokens_remaining: 1590, call: scores, phase: playing
2026-06-16 20:28:28, tokens_remaining: 1589, call: events, phase: playing
2026-06-16 20:28:29, tokens_remaining: 1588, call: scores, phase: playing
2026-06-16 20:28:30, tokens_remaining: 1588, call: scores, phase: playing
2026-06-16 20:28:31, tokens_remaining: 1587, call: scores, phase: playing
2026-06-16 20:28:31, tokens_remaining: 1587, call: scores, phase: playing
2026-06-16 20:28:32, tokens_remaining: 1586, call: scores, phase: playing
2026-06-16 20:28:33, tokens_remaining: 1586, call: scores, phase: playing
2026-06-16 20:28:34, tokens_remaining: 1585, call: scores, phase: playing
2026-06-16 20:28:35, tokens_remaining: 1585, call: scores, phase: playing
2026-06-16 20:28:37, tokens_remaining: 1584, call: scores, phase: playing
2026-06-16 20:28:37, tokens_remaining: 1583, call: events, phase: playing
2026-06-16 20:28:39, tokens_remaining: 1582, call: scores, phase: playing
2026-06-16 20:28:39, tokens_remaining: 1582, call: scores, phase: playing
2026-06-16 20:28:40, tokens_remaining: 1581, call: scores, phase: playing
2026-06-16 20:28:41, tokens_remaining: 1581, call: scores, phase: playing
2026-06-16 20:28:42, tokens_remaining: 1580, call: scores, phase: playing
2026-06-16 20:28:42, tokens_remaining: 1580, call: scores, phase: playing
2026-06-16 20:28:43, tokens_remaining: 1579, call: scores, phase: playing
2026-06-16 20:28:44, tokens_remaining: 1579, call: scores, phase: playing
2026-06-16 20:28:44, tokens_remaining: 1578, call: scores, phase: playing
2026-06-16 20:28:45, tokens_remaining: 1577, call: events, phase: playing
2026-06-16 20:28:46, tokens_remaining: 1576, call: scores, phase: playing
2026-06-16 20:28:47, tokens_remaining: 1576, call: scores, phase: playing
2026-06-16 20:28:48, tokens_remaining: 1575, call: scores, phase: playing
2026-06-16 20:28:48, tokens_remaining: 1575, call: scores, phase: playing
2026-06-16 20:28:49, tokens_remaining: 1574, call: scores, phase: playing
2026-06-16 20:28:50, tokens_remaining: 1574, call: scores, phase: playing
2026-06-16 20:28:51, tokens_remaining: 1573, call: scores, phase: playing
2026-06-16 20:28:51, tokens_remaining: 1573, call: scores, phase: playing
2026-06-16 20:28:52, tokens_remaining: 1572, call: scores, phase: playing
2026-06-16 20:28:53, tokens_remaining: 1571, call: events, phase: playing
2026-06-16 20:28:54, tokens_remaining: 1570, call: scores, phase: playing
2026-06-16 20:28:55, tokens_remaining: 1570, call: scores, phase: playing
2026-06-16 20:28:56, tokens_remaining: 1569, call: scores, phase: playing
2026-06-16 20:28:56, tokens_remaining: 1569, call: scores, phase: playing
2026-06-16 20:28:57, tokens_remaining: 1568, call: scores, phase: playing
2026-06-16 20:28:58, tokens_remaining: 1568, call: scores, phase: playing
2026-06-16 20:28:59, tokens_remaining: 1567, call: scores, phase: playing
2026-06-16 20:28:59, tokens_remaining: 1567, call: scores, phase: playing
2026-06-16 20:29:00, tokens_remaining: 1566, call: scores, phase: playing
2026-06-16 20:29:01, tokens_remaining: 1565, call: events, phase: playing
2026-06-16 20:29:02, tokens_remaining: 1564, call: scores, phase: playing
2026-06-16 20:29:02, tokens_remaining: 1564, call: scores, phase: playing
2026-06-16 20:29:03, tokens_remaining: 1563, call: scores, phase: playing
2026-06-16 20:29:04, tokens_remaining: 1563, call: scores, phase: playing
2026-06-16 20:29:05, tokens_remaining: 1562, call: scores, phase: playing
2026-06-16 20:29:05, tokens_remaining: 1562, call: scores, phase: playing
2026-06-16 20:29:06, tokens_remaining: 1561, call: scores, phase: playing
2026-06-16 20:29:07, tokens_remaining: 1561, call: scores, phase: playing
2026-06-16 20:29:08, tokens_remaining: 1560, call: scores, phase: playing
2026-06-16 20:29:09, tokens_remaining: 1559, call: events, phase: playing
2026-06-16 20:29:10, tokens_remaining: 1558, call: scores, phase: playing
2026-06-16 20:29:10, tokens_remaining: 1558, call: scores, phase: playing
2026-06-16 20:29:11, tokens_remaining: 1557, call: scores, phase: playing
2026-06-16 20:29:12, tokens_remaining: 1557, call: scores, phase: playing
2026-06-16 20:29:13, tokens_remaining: 1556, call: scores, phase: playing
2026-06-16 20:29:13, tokens_remaining: 1556, call: scores, phase: playing
2026-06-16 20:29:14, tokens_remaining: 1555, call: scores, phase: playing
2026-06-16 20:29:15, tokens_remaining: 1555, call: scores, phase: playing
2026-06-16 20:29:16, tokens_remaining: 1554, call: scores, phase: playing
2026-06-16 20:29:17, tokens_remaining: 1553, call: events, phase: playing
2026-06-16 20:29:17, tokens_remaining: 1552, call: scores, phase: playing
2026-06-16 20:29:18, tokens_remaining: 1552, call: scores, phase: playing
2026-06-16 20:29:19, tokens_remaining: 1551, call: scores, phase: playing
2026-06-16 20:29:19, tokens_remaining: 1551, call: scores, phase: playing
2026-06-16 20:29:20, tokens_remaining: 1550, call: scores, phase: playing
2026-06-16 20:29:21, tokens_remaining: 1550, call: scores, phase: playing
2026-06-16 20:29:22, tokens_remaining: 1549, call: scores, phase: playing
2026-06-16 20:29:22, tokens_remaining: 1549, call: scores, phase: playing
2026-06-16 20:29:23, tokens_remaining: 1548, call: scores, phase: playing
2026-06-16 20:29:24, tokens_remaining: 1547, call: events, phase: playing
2026-06-16 20:29:25, tokens_remaining: 1546, call: scores, phase: playing
2026-06-16 20:29:26, tokens_remaining: 1546, call: scores, phase: playing
2026-06-16 20:29:26, tokens_remaining: 1545, call: scores, phase: playing
2026-06-16 20:29:27, tokens_remaining: 1545, call: scores, phase: playing
2026-06-16 20:29:28, tokens_remaining: 1544, call: scores, phase: playing
2026-06-16 20:29:29, tokens_remaining: 1544, call: scores, phase: playing
2026-06-16 20:29:29, tokens_remaining: 1543, call: scores, phase: playing
2026-06-16 20:29:30, tokens_remaining: 1543, call: scores, phase: playing
2026-06-16 20:29:31, tokens_remaining: 1542, call: scores, phase: playing
2026-06-16 20:29:32, tokens_remaining: 1541, call: events, phase: playing
2026-06-16 20:29:33, tokens_remaining: 1540, call: scores, phase: playing
2026-06-16 20:29:33, tokens_remaining: 1540, call: scores, phase: playing
2026-06-16 20:29:34, tokens_remaining: 1539, call: scores, phase: playing
2026-06-16 20:29:35, tokens_remaining: 1539, call: scores, phase: playing
2026-06-16 20:29:36, tokens_remaining: 1538, call: scores, phase: playing
2026-06-16 20:29:36, tokens_remaining: 1538, call: scores, phase: playing
2026-06-16 20:29:37, tokens_remaining: 1537, call: scores, phase: playing
2026-06-16 20:29:38, tokens_remaining: 1537, call: scores, phase: playing
2026-06-16 20:29:38, tokens_remaining: 1536, call: scores, phase: playing
2026-06-16 20:29:39, tokens_remaining: 1535, call: events, phase: playing
2026-06-16 20:29:40, tokens_remaining: 1534, call: scores, phase: playing
2026-06-16 20:29:41, tokens_remaining: 1534, call: scores, phase: playing
2026-06-16 20:29:42, tokens_remaining: 1533, call: scores, phase: playing
2026-06-16 20:29:42, tokens_remaining: 1533, call: scores, phase: playing
2026-06-16 20:29:43, tokens_remaining: 1532, call: scores, phase: playing
2026-06-16 20:29:44, tokens_remaining: 1532, call: scores, phase: playing
2026-06-16 20:29:45, tokens_remaining: 1531, call: scores, phase: playing
2026-06-16 20:29:45, tokens_remaining: 1531, call: scores, phase: playing
2026-06-16 20:29:46, tokens_remaining: 1530, call: scores, phase: playing
2026-06-16 20:29:47, tokens_remaining: 1529, call: events, phase: playing
2026-06-16 20:29:48, tokens_remaining: 1528, call: scores, phase: playing
2026-06-16 20:29:49, tokens_remaining: 1528, call: scores, phase: playing
2026-06-16 20:29:49, tokens_remaining: 1527, call: scores, phase: playing
2026-06-16 20:29:50, tokens_remaining: 1527, call: scores, phase: playing
2026-06-16 20:29:51, tokens_remaining: 1526, call: scores, phase: playing
2026-06-16 20:29:51, tokens_remaining: 1526, call: scores, phase: playing
2026-06-16 20:29:52, tokens_remaining: 1525, call: scores, phase: playing
2026-06-16 20:29:53, tokens_remaining: 1525, call: scores, phase: playing
2026-06-16 20:29:54, tokens_remaining: 1524, call: scores, phase: playing
2026-06-16 20:29:55, tokens_remaining: 1523, call: events, phase: playing
2026-06-16 20:29:56, tokens_remaining: 1522, call: scores, phase: playing
2026-06-16 20:29:56, tokens_remaining: 1522, call: scores, phase: playing
2026-06-16 20:29:57, tokens_remaining: 1521, call: scores, phase: playing
2026-06-16 20:29:58, tokens_remaining: 1521, call: scores, phase: playing
2026-06-16 20:29:59, tokens_remaining: 1520, call: scores, phase: playing
2026-06-16 20:29:59, tokens_remaining: 1520, call: scores, phase: playing
2026-06-16 20:30:00, tokens_remaining: 1519, call: scores, phase: playing
2026-06-16 20:30:01, tokens_remaining: 1519, call: scores, phase: playing
2026-06-16 20:30:02, tokens_remaining: 1518, call: scores, phase: playing
2026-06-16 20:30:02, tokens_remaining: 1517, call: events, phase: playing
2026-06-16 20:30:03, tokens_remaining: 1516, call: scores, phase: playing
2026-06-16 20:30:04, tokens_remaining: 1516, call: scores, phase: playing
2026-06-16 20:30:05, tokens_remaining: 1515, call: scores, phase: playing
2026-06-16 20:30:05, tokens_remaining: 1515, call: scores, phase: playing
2026-06-16 20:30:06, tokens_remaining: 1514, call: scores, phase: playing
2026-06-16 20:30:07, tokens_remaining: 1514, call: scores, phase: playing
2026-06-16 20:30:08, tokens_remaining: 1513, call: scores, phase: playing
2026-06-16 20:30:08, tokens_remaining: 1513, call: scores, phase: playing
2026-06-16 20:30:09, tokens_remaining: 1512, call: scores, phase: playing
2026-06-16 20:30:10, tokens_remaining: 1511, call: events, phase: playing
2026-06-16 20:30:11, tokens_remaining: 1510, call: scores, phase: playing
2026-06-16 20:30:11, tokens_remaining: 1510, call: scores, phase: playing
2026-06-16 20:30:12, tokens_remaining: 1509, call: scores, phase: playing
2026-06-16 20:30:13, tokens_remaining: 1509, call: scores, phase: playing
2026-06-16 20:30:14, tokens_remaining: 1508, call: scores, phase: playing
2026-06-16 20:30:14, tokens_remaining: 1508, call: scores, phase: playing
2026-06-16 20:30:15, tokens_remaining: 1507, call: scores, phase: playing
2026-06-16 20:30:16, tokens_remaining: 1507, call: scores, phase: playing
2026-06-16 20:30:17, tokens_remaining: 1506, call: scores, phase: playing
2026-06-16 20:30:17, tokens_remaining: 1505, call: events, phase: playing
2026-06-16 20:30:18, tokens_remaining: 1504, call: scores, phase: playing
2026-06-16 20:30:19, tokens_remaining: 1504, call: scores, phase: playing
2026-06-16 20:30:20, tokens_remaining: 1503, call: scores, phase: playing
2026-06-16 20:30:20, tokens_remaining: 1503, call: scores, phase: playing
2026-06-16 20:30:21, tokens_remaining: 1502, call: scores, phase: playing
2026-06-16 20:30:22, tokens_remaining: 1502, call: scores, phase: playing
2026-06-16 20:30:23, tokens_remaining: 1501, call: scores, phase: playing
2026-06-16 20:30:23, tokens_remaining: 1501, call: scores, phase: playing
2026-06-16 20:30:24, tokens_remaining: 1500, call: scores, phase: playing
2026-06-16 20:30:25, tokens_remaining: 1499, call: events, phase: playing
2026-06-16 20:30:26, tokens_remaining: 1498, call: scores, phase: playing
2026-06-16 20:30:26, tokens_remaining: 1498, call: scores, phase: playing
2026-06-16 20:30:27, tokens_remaining: 1497, call: scores, phase: playing
2026-06-16 20:30:28, tokens_remaining: 1497, call: scores, phase: playing
2026-06-16 20:30:29, tokens_remaining: 1496, call: scores, phase: playing
2026-06-16 20:30:29, tokens_remaining: 1496, call: scores, phase: playing
2026-06-16 20:30:30, tokens_remaining: 1495, call: scores, phase: playing
2026-06-16 20:30:31, tokens_remaining: 1495, call: scores, phase: playing
2026-06-16 20:30:32, tokens_remaining: 1494, call: scores, phase: playing
2026-06-16 20:30:32, tokens_remaining: 1493, call: events, phase: playing
2026-06-16 20:30:33, tokens_remaining: 1492, call: scores, phase: playing
2026-06-16 20:30:34, tokens_remaining: 1492, call: scores, phase: playing
2026-06-16 20:30:35, tokens_remaining: 1491, call: scores, phase: playing
2026-06-16 20:30:35, tokens_remaining: 1491, call: scores, phase: playing
2026-06-16 20:30:36, tokens_remaining: 1490, call: scores, phase: playing
2026-06-16 20:30:37, tokens_remaining: 1490, call: scores, phase: playing
2026-06-16 20:30:38, tokens_remaining: 1489, call: scores, phase: playing
2026-06-16 20:30:38, tokens_remaining: 1489, call: scores, phase: playing
2026-06-16 20:30:39, tokens_remaining: 1488, call: scores, phase: playing
2026-06-16 20:30:40, tokens_remaining: 1487, call: events, phase: playing
2026-06-16 20:30:41, tokens_remaining: 1486, call: scores, phase: playing
2026-06-16 20:30:41, tokens_remaining: 1486, call: scores, phase: playing
2026-06-16 20:30:42, tokens_remaining: 1485, call: scores, phase: playing
2026-06-16 20:30:43, tokens_remaining: 1485, call: scores, phase: playing
2026-06-16 20:30:44, tokens_remaining: 1484, call: scores, phase: playing
2026-06-16 20:30:44, tokens_remaining: 1484, call: scores, phase: playing
2026-06-16 20:30:45, tokens_remaining: 1483, call: scores, phase: playing
2026-06-16 20:30:46, tokens_remaining: 1483, call: scores, phase: playing
2026-06-16 20:30:47, tokens_remaining: 1482, call: scores, phase: playing
2026-06-16 20:30:47, tokens_remaining: 1481, call: events, phase: playing
2026-06-16 20:30:48, tokens_remaining: 1480, call: scores, phase: playing
2026-06-16 20:30:49, tokens_remaining: 1480, call: scores, phase: playing
2026-06-16 20:30:50, tokens_remaining: 1479, call: scores, phase: playing
2026-06-16 20:30:50, tokens_remaining: 1479, call: scores, phase: playing
2026-06-16 20:30:51, tokens_remaining: 1478, call: scores, phase: playing
2026-06-16 20:30:52, tokens_remaining: 1478, call: scores, phase: playing
2026-06-16 20:30:52, tokens_remaining: 1477, call: scores, phase: playing
2026-06-16 20:30:53, tokens_remaining: 1477, call: scores, phase: playing
2026-06-16 20:30:54, tokens_remaining: 1476, call: scores, phase: playing
2026-06-16 20:30:55, tokens_remaining: 1475, call: events, phase: playing
2026-06-16 20:30:55, tokens_remaining: 1474, call: scores, phase: playing
2026-06-16 20:30:56, tokens_remaining: 1474, call: scores, phase: playing
2026-06-16 20:30:57, tokens_remaining: 1473, call: scores, phase: playing
2026-06-16 20:30:57, tokens_remaining: 1473, call: scores, phase: playing
2026-06-16 20:30:58, tokens_remaining: 1472, call: scores, phase: playing
2026-06-16 20:30:59, tokens_remaining: 1472, call: scores, phase: playing
2026-06-16 20:31:00, tokens_remaining: 1471, call: scores, phase: playing
2026-06-16 20:31:00, tokens_remaining: 1471, call: scores, phase: playing
2026-06-16 20:31:01, tokens_remaining: 1470, call: scores, phase: playing
2026-06-16 20:31:02, tokens_remaining: 1469, call: events, phase: playing
2026-06-16 20:31:03, tokens_remaining: 1468, call: scores, phase: playing
2026-06-16 20:31:03, tokens_remaining: 1468, call: scores, phase: playing
2026-06-16 20:31:04, tokens_remaining: 1467, call: scores, phase: playing
2026-06-16 20:31:05, tokens_remaining: 1467, call: scores, phase: playing
2026-06-16 20:31:06, tokens_remaining: 1466, call: scores, phase: playing
2026-06-16 20:31:06, tokens_remaining: 1466, call: scores, phase: playing
2026-06-16 20:31:07, tokens_remaining: 1465, call: scores, phase: playing
2026-06-16 20:31:08, tokens_remaining: 1465, call: scores, phase: playing
2026-06-16 20:31:09, tokens_remaining: 1464, call: scores, phase: playing
2026-06-16 20:31:10, tokens_remaining: 1463, call: events, phase: playing
2026-06-16 20:31:10, tokens_remaining: 1462, call: scores, phase: playing
2026-06-16 20:31:11, tokens_remaining: 1462, call: scores, phase: playing
2026-06-16 20:31:12, tokens_remaining: 1461, call: scores, phase: playing
2026-06-16 20:31:12, tokens_remaining: 1461, call: scores, phase: playing
2026-06-16 20:31:13, tokens_remaining: 1460, call: scores, phase: playing
2026-06-16 20:31:14, tokens_remaining: 1460, call: scores, phase: playing
2026-06-16 20:31:15, tokens_remaining: 1459, call: scores, phase: playing
2026-06-16 20:31:15, tokens_remaining: 1459, call: scores, phase: playing
2026-06-16 20:31:16, tokens_remaining: 1458, call: scores, phase: playing
2026-06-16 20:31:17, tokens_remaining: 1457, call: events, phase: playing
2026-06-16 20:31:18, tokens_remaining: 1456, call: scores, phase: playing
2026-06-16 20:31:18, tokens_remaining: 1456, call: scores, phase: playing
2026-06-16 20:31:19, tokens_remaining: 1455, call: scores, phase: playing
2026-06-16 20:31:19, tokens_remaining: 1455, call: scores, phase: playing
2026-06-16 20:31:20, tokens_remaining: 1454, call: scores, phase: playing
2026-06-16 20:31:21, tokens_remaining: 1454, call: scores, phase: playing
2026-06-16 20:31:22, tokens_remaining: 1453, call: scores, phase: playing
2026-06-16 20:31:22, tokens_remaining: 1453, call: scores, phase: playing
2026-06-16 20:31:23, tokens_remaining: 1452, call: scores, phase: playing
2026-06-16 20:31:24, tokens_remaining: 1451, call: events, phase: playing
2026-06-16 20:31:25, tokens_remaining: 1450, call: scores, phase: playing
2026-06-16 20:31:25, tokens_remaining: 1450, call: scores, phase: playing
2026-06-16 20:31:27, tokens_remaining: 1449, call: scores, phase: playing
2026-06-16 20:31:28, tokens_remaining: 1449, call: scores, phase: playing
2026-06-16 20:31:28, tokens_remaining: 1448, call: scores, phase: playing
2026-06-16 20:31:29, tokens_remaining: 1448, call: scores, phase: playing
2026-06-16 20:31:30, tokens_remaining: 1447, call: scores, phase: playing
2026-06-16 20:31:30, tokens_remaining: 1447, call: scores, phase: playing
2026-06-16 20:31:31, tokens_remaining: 1446, call: scores, phase: playing
2026-06-16 20:31:32, tokens_remaining: 1445, call: events, phase: playing
2026-06-16 20:31:33, tokens_remaining: 1444, call: scores, phase: playing
2026-06-16 20:31:34, tokens_remaining: 1444, call: scores, phase: playing
2026-06-16 20:31:34, tokens_remaining: 1443, call: scores, phase: playing
2026-06-16 20:31:35, tokens_remaining: 1443, call: scores, phase: playing
2026-06-16 20:31:36, tokens_remaining: 1442, call: scores, phase: playing
2026-06-16 20:31:36, tokens_remaining: 1442, call: scores, phase: playing
2026-06-16 20:31:37, tokens_remaining: 1441, call: scores, phase: playing
2026-06-16 20:31:38, tokens_remaining: 1441, call: scores, phase: playing
2026-06-16 20:31:38, tokens_remaining: 1440, call: scores, phase: playing
2026-06-16 20:31:39, tokens_remaining: 1439, call: events, phase: playing
2026-06-16 20:31:40, tokens_remaining: 1438, call: scores, phase: playing
2026-06-16 20:31:41, tokens_remaining: 1438, call: scores, phase: playing
2026-06-16 20:31:41, tokens_remaining: 1437, call: scores, phase: playing
2026-06-16 20:31:42, tokens_remaining: 1437, call: scores, phase: playing
2026-06-16 20:31:43, tokens_remaining: 1436, call: scores, phase: playing
2026-06-16 20:31:43, tokens_remaining: 1436, call: scores, phase: playing
2026-06-16 20:31:44, tokens_remaining: 1435, call: scores, phase: playing
2026-06-16 20:31:45, tokens_remaining: 1435, call: scores, phase: playing
2026-06-16 20:31:46, tokens_remaining: 1434, call: scores, phase: playing
2026-06-16 20:31:46, tokens_remaining: 1433, call: events, phase: playing
2026-06-16 20:31:47, tokens_remaining: 1432, call: scores, phase: playing
2026-06-16 20:31:48, tokens_remaining: 1432, call: scores, phase: playing
2026-06-16 20:31:48, tokens_remaining: 1431, call: scores, phase: playing
2026-06-16 20:31:49, tokens_remaining: 1431, call: scores, phase: playing
2026-06-16 20:31:50, tokens_remaining: 1430, call: scores, phase: playing
2026-06-16 20:31:50, tokens_remaining: 1430, call: scores, phase: playing
2026-06-16 20:31:51, tokens_remaining: 1429, call: scores, phase: playing
2026-06-16 20:31:52, tokens_remaining: 1429, call: scores, phase: playing
2026-06-16 20:31:53, tokens_remaining: 1428, call: scores, phase: playing
2026-06-16 20:31:53, tokens_remaining: 1427, call: events, phase: playing
2026-06-16 20:31:54, tokens_remaining: 1426, call: scores, phase: playing
2026-06-16 20:31:55, tokens_remaining: 1426, call: scores, phase: playing
2026-06-16 20:31:56, tokens_remaining: 1425, call: scores, phase: playing
2026-06-16 20:31:56, tokens_remaining: 1425, call: scores, phase: playing
2026-06-16 20:31:57, tokens_remaining: 1424, call: scores, phase: playing
2026-06-16 20:31:58, tokens_remaining: 1424, call: scores, phase: playing
2026-06-16 20:31:58, tokens_remaining: 1423, call: scores, phase: playing
2026-06-16 20:31:59, tokens_remaining: 1423, call: scores, phase: playing
2026-06-16 20:32:00, tokens_remaining: 1422, call: scores, phase: playing
2026-06-16 20:32:01, tokens_remaining: 1421, call: events, phase: playing
2026-06-16 20:32:01, tokens_remaining: 1420, call: scores, phase: playing
2026-06-16 20:32:02, tokens_remaining: 1420, call: scores, phase: playing
2026-06-16 20:32:03, tokens_remaining: 1419, call: scores, phase: playing
2026-06-16 20:32:03, tokens_remaining: 1419, call: scores, phase: playing
2026-06-16 20:32:04, tokens_remaining: 1418, call: scores, phase: playing
2026-06-16 20:32:05, tokens_remaining: 1418, call: scores, phase: playing
2026-06-16 20:32:05, tokens_remaining: 1417, call: scores, phase: playing
2026-06-16 20:32:06, tokens_remaining: 1417, call: scores, phase: playing
2026-06-16 20:32:07, tokens_remaining: 1416, call: scores, phase: playing
2026-06-16 20:32:08, tokens_remaining: 1415, call: events, phase: playing
2026-06-16 20:32:10, tokens_remaining: 1414, call: scores, phase: playing
2026-06-16 20:32:11, tokens_remaining: 1413, call: scores, phase: playing
2026-06-16 20:32:12, tokens_remaining: 1413, call: scores, phase: playing
2026-06-16 20:32:13, tokens_remaining: 1412, call: scores, phase: playing
2026-06-16 20:32:13, tokens_remaining: 1412, call: scores, phase: playing
2026-06-16 20:32:14, tokens_remaining: 1411, call: scores, phase: playing
2026-06-16 20:32:14, tokens_remaining: 1411, call: scores, phase: playing
2026-06-16 20:32:15, tokens_remaining: 1410, call: scores, phase: playing
2026-06-16 20:32:16, tokens_remaining: 1410, call: scores, phase: playing
2026-06-16 20:32:17, tokens_remaining: 1409, call: events, phase: playing
2026-06-16 20:32:17, tokens_remaining: 1408, call: scores, phase: playing
2026-06-16 20:32:21, tokens_remaining: 1407, call: scores, phase: playing
2026-06-16 20:32:21, tokens_remaining: 1406, call: scores, phase: playing
2026-06-16 20:32:22, tokens_remaining: 1406, call: scores, phase: playing
2026-06-16 20:32:23, tokens_remaining: 1405, call: scores, phase: playing
2026-06-16 20:32:23, tokens_remaining: 1405, call: scores, phase: playing
2026-06-16 20:32:24, tokens_remaining: 1404, call: scores, phase: playing
2026-06-16 20:32:25, tokens_remaining: 1404, call: scores, phase: playing
2026-06-16 20:32:25, tokens_remaining: 1403, call: scores, phase: playing
2026-06-16 20:32:26, tokens_remaining: 1402, call: events, phase: playing
2026-06-16 20:32:27, tokens_remaining: 1401, call: scores, phase: playing
2026-06-16 20:32:28, tokens_remaining: 1401, call: scores, phase: playing
2026-06-16 20:32:28, tokens_remaining: 1400, call: scores, phase: playing
2026-06-16 20:32:29, tokens_remaining: 1400, call: scores, phase: playing
2026-06-16 20:32:30, tokens_remaining: 1399, call: scores, phase: playing
2026-06-16 20:32:30, tokens_remaining: 1399, call: scores, phase: playing
2026-06-16 20:32:31, tokens_remaining: 1398, call: scores, phase: playing
2026-06-16 20:32:32, tokens_remaining: 1398, call: scores, phase: playing
2026-06-16 20:32:32, tokens_remaining: 1397, call: scores, phase: playing
2026-06-16 20:32:33, tokens_remaining: 1396, call: events, phase: playing
2026-06-16 20:32:34, tokens_remaining: 1395, call: scores, phase: playing
2026-06-16 20:32:34, tokens_remaining: 1395, call: scores, phase: playing
2026-06-16 20:32:35, tokens_remaining: 1394, call: scores, phase: playing
2026-06-16 20:32:36, tokens_remaining: 1394, call: scores, phase: playing
2026-06-16 20:32:37, tokens_remaining: 1393, call: scores, phase: playing
2026-06-16 20:32:37, tokens_remaining: 1393, call: scores, phase: playing
2026-06-16 20:32:38, tokens_remaining: 1392, call: scores, phase: playing
2026-06-16 20:32:38, tokens_remaining: 1392, call: scores, phase: playing
2026-06-16 20:32:39, tokens_remaining: 1391, call: scores, phase: playing
2026-06-16 20:32:40, tokens_remaining: 1390, call: events, phase: playing
2026-06-16 20:32:41, tokens_remaining: 1389, call: scores, phase: playing
2026-06-16 20:32:41, tokens_remaining: 1389, call: scores, phase: playing
2026-06-16 20:32:42, tokens_remaining: 1388, call: scores, phase: playing
2026-06-16 20:32:43, tokens_remaining: 1388, call: scores, phase: playing
2026-06-16 20:32:43, tokens_remaining: 1387, call: scores, phase: playing
2026-06-16 20:32:44, tokens_remaining: 1387, call: scores, phase: playing
2026-06-16 20:32:45, tokens_remaining: 1386, call: scores, phase: playing
2026-06-16 20:32:45, tokens_remaining: 1386, call: scores, phase: playing
2026-06-16 20:32:46, tokens_remaining: 1385, call: scores, phase: playing
2026-06-16 20:32:47, tokens_remaining: 1384, call: events, phase: playing
2026-06-16 20:32:50, tokens_remaining: 1383, call: scores, phase: playing
2026-06-16 20:32:53, tokens_remaining: 1382, call: scores, phase: playing
2026-06-16 20:32:54, tokens_remaining: 1381, call: scores, phase: playing
2026-06-16 20:32:54, tokens_remaining: 1381, call: scores, phase: playing
2026-06-16 20:32:55, tokens_remaining: 1380, call: scores, phase: playing
2026-06-16 20:32:56, tokens_remaining: 1380, call: scores, phase: playing
2026-06-16 20:32:56, tokens_remaining: 1379, call: scores, phase: playing
2026-06-16 20:32:57, tokens_remaining: 1379, call: scores, phase: playing
2026-06-16 20:32:58, tokens_remaining: 1378, call: scores, phase: playing
2026-06-16 20:32:59, tokens_remaining: 1377, call: events, phase: playing
2026-06-16 20:32:59, tokens_remaining: 1376, call: scores, phase: playing
2026-06-16 20:33:00, tokens_remaining: 1376, call: scores, phase: playing
2026-06-16 20:33:01, tokens_remaining: 1375, call: scores, phase: playing
2026-06-16 20:33:01, tokens_remaining: 1375, call: scores, phase: playing
2026-06-16 20:33:02, tokens_remaining: 1374, call: scores, phase: playing
2026-06-16 20:33:02, tokens_remaining: 1374, call: scores, phase: playing
2026-06-16 20:33:03, tokens_remaining: 1373, call: scores, phase: playing
2026-06-16 20:33:04, tokens_remaining: 1373, call: scores, phase: playing
2026-06-16 20:33:05, tokens_remaining: 1372, call: scores, phase: playing
2026-06-16 20:33:05, tokens_remaining: 1371, call: events, phase: playing
2026-06-16 20:33:06, tokens_remaining: 1370, call: scores, phase: playing
2026-06-16 20:33:07, tokens_remaining: 1370, call: scores, phase: playing
2026-06-16 20:33:07, tokens_remaining: 1369, call: scores, phase: playing
2026-06-16 20:33:08, tokens_remaining: 1369, call: scores, phase: playing
2026-06-16 20:33:09, tokens_remaining: 1368, call: scores, phase: playing
2026-06-16 20:33:09, tokens_remaining: 1368, call: scores, phase: playing
2026-06-16 20:33:10, tokens_remaining: 1367, call: scores, phase: playing
2026-06-16 20:33:10, tokens_remaining: 1367, call: scores, phase: playing
2026-06-16 20:33:11, tokens_remaining: 1366, call: scores, phase: playing
2026-06-16 20:33:12, tokens_remaining: 1365, call: events, phase: playing
2026-06-16 20:33:13, tokens_remaining: 1364, call: scores, phase: playing
2026-06-16 20:33:13, tokens_remaining: 1364, call: scores, phase: playing
2026-06-16 20:33:14, tokens_remaining: 1363, call: scores, phase: playing
2026-06-16 20:33:15, tokens_remaining: 1363, call: scores, phase: playing
2026-06-16 20:33:15, tokens_remaining: 1362, call: scores, phase: playing
2026-06-16 20:33:16, tokens_remaining: 1362, call: scores, phase: playing
2026-06-16 20:33:17, tokens_remaining: 1361, call: scores, phase: playing
2026-06-16 20:33:17, tokens_remaining: 1361, call: scores, phase: playing
2026-06-16 20:33:18, tokens_remaining: 1360, call: scores, phase: playing
2026-06-16 20:33:19, tokens_remaining: 1359, call: events, phase: playing
2026-06-16 20:33:19, tokens_remaining: 1358, call: scores, phase: playing
2026-06-16 20:33:20, tokens_remaining: 1358, call: scores, phase: playing
2026-06-16 20:33:21, tokens_remaining: 1357, call: scores, phase: playing
2026-06-16 20:33:21, tokens_remaining: 1357, call: scores, phase: playing
2026-06-16 20:33:22, tokens_remaining: 1356, call: scores, phase: playing
2026-06-16 20:33:22, tokens_remaining: 1356, call: scores, phase: playing
2026-06-16 20:33:23, tokens_remaining: 1355, call: scores, phase: playing
2026-06-16 20:33:24, tokens_remaining: 1355, call: scores, phase: playing
2026-06-16 20:33:24, tokens_remaining: 1354, call: scores, phase: playing
2026-06-16 20:33:25, tokens_remaining: 1353, call: events, phase: playing
2026-06-16 20:33:26, tokens_remaining: 1352, call: scores, phase: playing
2026-06-16 20:33:27, tokens_remaining: 1352, call: scores, phase: playing
2026-06-16 20:33:27, tokens_remaining: 1351, call: scores, phase: playing
2026-06-16 20:33:28, tokens_remaining: 1351, call: scores, phase: playing
2026-06-16 20:33:28, tokens_remaining: 1351, call: scores, phase: playing
2026-06-16 20:33:29, tokens_remaining: 1350, call: scores, phase: playing
2026-06-16 20:33:30, tokens_remaining: 1350, call: scores, phase: playing
2026-06-16 20:33:30, tokens_remaining: 1349, call: scores, phase: playing
2026-06-16 20:33:31, tokens_remaining: 1349, call: scores, phase: playing
2026-06-16 20:33:32, tokens_remaining: 1348, call: events, phase: playing
2026-06-16 20:33:32, tokens_remaining: 1347, call: scores, phase: playing
2026-06-16 20:33:33, tokens_remaining: 1347, call: scores, phase: playing
2026-06-16 20:33:34, tokens_remaining: 1346, call: scores, phase: playing
2026-06-16 20:33:34, tokens_remaining: 1346, call: scores, phase: playing
2026-06-16 20:33:35, tokens_remaining: 1345, call: scores, phase: playing
2026-06-16 20:33:35, tokens_remaining: 1345, call: scores, phase: playing
2026-06-16 20:33:36, tokens_remaining: 1344, call: scores, phase: playing
2026-06-16 20:33:37, tokens_remaining: 1344, call: scores, phase: playing
2026-06-16 20:33:37, tokens_remaining: 1343, call: scores, phase: playing
2026-06-16 20:33:38, tokens_remaining: 1342, call: events, phase: playing
2026-06-16 20:33:39, tokens_remaining: 1341, call: scores, phase: playing
2026-06-16 20:33:39, tokens_remaining: 1341, call: scores, phase: playing
2026-06-16 20:33:40, tokens_remaining: 1340, call: scores, phase: playing
2026-06-16 20:33:41, tokens_remaining: 1340, call: scores, phase: playing
2026-06-16 20:33:41, tokens_remaining: 1339, call: scores, phase: playing
2026-06-16 20:33:42, tokens_remaining: 1339, call: scores, phase: playing
2026-06-16 20:33:43, tokens_remaining: 1338, call: scores, phase: playing
2026-06-16 20:33:43, tokens_remaining: 1338, call: scores, phase: playing
2026-06-16 20:33:44, tokens_remaining: 1337, call: scores, phase: playing
2026-06-16 20:33:45, tokens_remaining: 1336, call: events, phase: playing
2026-06-16 20:33:45, tokens_remaining: 1335, call: scores, phase: playing
2026-06-16 20:33:46, tokens_remaining: 1335, call: scores, phase: playing
2026-06-16 20:33:47, tokens_remaining: 1334, call: scores, phase: playing
2026-06-16 20:33:47, tokens_remaining: 1334, call: scores, phase: playing
2026-06-16 20:33:48, tokens_remaining: 1333, call: scores, phase: playing
2026-06-16 20:33:48, tokens_remaining: 1333, call: scores, phase: playing
2026-06-16 20:33:49, tokens_remaining: 1333, call: scores, phase: playing
2026-06-16 20:33:50, tokens_remaining: 1332, call: scores, phase: playing
2026-06-16 20:33:50, tokens_remaining: 1332, call: scores, phase: playing
2026-06-16 20:33:51, tokens_remaining: 1331, call: events, phase: playing
2026-06-16 20:33:52, tokens_remaining: 1330, call: scores, phase: playing
2026-06-16 20:33:52, tokens_remaining: 1330, call: scores, phase: playing
2026-06-16 20:33:53, tokens_remaining: 1330, call: scores, phase: playing
2026-06-16 20:33:53, tokens_remaining: 1329, call: scores, phase: playing
2026-06-16 20:33:54, tokens_remaining: 1329, call: scores, phase: playing
2026-06-16 20:33:54, tokens_remaining: 1329, call: scores, phase: playing
2026-06-16 20:33:55, tokens_remaining: 1328, call: scores, phase: playing
2026-06-16 20:33:56, tokens_remaining: 1328, call: scores, phase: playing
2026-06-16 20:33:56, tokens_remaining: 1328, call: scores, phase: playing
2026-06-16 20:33:57, tokens_remaining: 1327, call: events, phase: playing
2026-06-16 20:33:58, tokens_remaining: 1326, call: scores, phase: playing
2026-06-16 20:33:58, tokens_remaining: 1326, call: scores, phase: playing
2026-06-16 20:33:59, tokens_remaining: 1326, call: scores, phase: playing
2026-06-16 20:33:59, tokens_remaining: 1325, call: scores, phase: playing
2026-06-16 20:34:00, tokens_remaining: 1325, call: scores, phase: playing
2026-06-16 20:34:00, tokens_remaining: 1325, call: scores, phase: playing
2026-06-16 20:34:01, tokens_remaining: 1324, call: scores, phase: playing
2026-06-16 20:34:02, tokens_remaining: 1324, call: scores, phase: playing
2026-06-16 20:34:02, tokens_remaining: 1324, call: scores, phase: playing
2026-06-16 20:34:03, tokens_remaining: 1323, call: events, phase: playing
2026-06-16 20:34:04, tokens_remaining: 1322, call: scores, phase: playing
2026-06-16 20:34:04, tokens_remaining: 1322, call: scores, phase: playing
2026-06-16 20:34:05, tokens_remaining: 1321, call: scores, phase: playing
2026-06-16 20:34:05, tokens_remaining: 1321, call: scores, phase: playing
2026-06-16 20:34:06, tokens_remaining: 1321, call: scores, phase: playing
2026-06-16 20:34:07, tokens_remaining: 1320, call: scores, phase: playing
2026-06-16 20:34:07, tokens_remaining: 1320, call: scores, phase: playing
2026-06-16 20:34:08, tokens_remaining: 1320, call: scores, phase: playing
2026-06-16 20:34:08, tokens_remaining: 1319, call: scores, phase: playing
2026-06-16 20:34:09, tokens_remaining: 1318, call: events, phase: playing
2026-06-16 20:34:10, tokens_remaining: 1317, call: scores, phase: playing
2026-06-16 20:34:10, tokens_remaining: 1317, call: scores, phase: playing
2026-06-16 20:34:11, tokens_remaining: 1317, call: scores, phase: playing
2026-06-16 20:34:12, tokens_remaining: 1316, call: scores, phase: playing
2026-06-16 20:34:12, tokens_remaining: 1316, call: scores, phase: playing
2026-06-16 20:34:12, tokens_remaining: 1316, call: scores, phase: playing
2026-06-16 20:34:13, tokens_remaining: 1315, call: scores, phase: playing
2026-06-16 20:34:14, tokens_remaining: 1315, call: scores, phase: playing
2026-06-16 20:34:14, tokens_remaining: 1315, call: scores, phase: playing
2026-06-16 20:34:15, tokens_remaining: 1314, call: events, phase: playing
2026-06-16 20:34:16, tokens_remaining: 1313, call: scores, phase: playing
2026-06-16 20:34:16, tokens_remaining: 1313, call: scores, phase: playing
2026-06-16 20:34:17, tokens_remaining: 1313, call: scores, phase: playing
2026-06-16 20:34:17, tokens_remaining: 1312, call: scores, phase: playing
2026-06-16 20:34:18, tokens_remaining: 1312, call: scores, phase: playing
2026-06-16 20:34:18, tokens_remaining: 1312, call: scores, phase: playing
2026-06-16 20:34:19, tokens_remaining: 1311, call: scores, phase: playing
2026-06-16 20:34:20, tokens_remaining: 1311, call: scores, phase: playing
2026-06-16 20:34:20, tokens_remaining: 1311, call: scores, phase: playing
2026-06-16 20:34:21, tokens_remaining: 1310, call: events, phase: playing
2026-06-16 20:34:22, tokens_remaining: 1309, call: scores, phase: playing
2026-06-16 20:34:22, tokens_remaining: 1309, call: scores, phase: playing
2026-06-16 20:34:23, tokens_remaining: 1309, call: scores, phase: playing
2026-06-16 20:34:23, tokens_remaining: 1308, call: scores, phase: playing
2026-06-16 20:34:24, tokens_remaining: 1308, call: scores, phase: playing
2026-06-16 20:34:24, tokens_remaining: 1308, call: scores, phase: playing
2026-06-16 20:34:25, tokens_remaining: 1307, call: scores, phase: playing
2026-06-16 20:34:25, tokens_remaining: 1307, call: scores, phase: playing
2026-06-16 20:34:26, tokens_remaining: 1307, call: scores, phase: playing
2026-06-16 20:34:27, tokens_remaining: 1306, call: events, phase: playing
2026-06-16 20:34:27, tokens_remaining: 1305, call: scores, phase: playing
2026-06-16 20:34:28, tokens_remaining: 1305, call: scores, phase: playing
2026-06-16 20:34:28, tokens_remaining: 1305, call: scores, phase: playing
2026-06-16 20:34:29, tokens_remaining: 1304, call: scores, phase: playing
2026-06-16 20:34:29, tokens_remaining: 1304, call: scores, phase: playing
2026-06-16 20:34:30, tokens_remaining: 1304, call: scores, phase: playing
2026-06-16 20:34:31, tokens_remaining: 1303, call: scores, phase: playing
2026-06-16 20:34:31, tokens_remaining: 1303, call: scores, phase: playing
2026-06-16 20:34:32, tokens_remaining: 1303, call: scores, phase: playing
2026-06-16 20:34:32, tokens_remaining: 1302, call: events, phase: playing
2026-06-16 20:34:33, tokens_remaining: 1301, call: scores, phase: playing
2026-06-16 20:34:34, tokens_remaining: 1301, call: scores, phase: playing
2026-06-16 20:34:34, tokens_remaining: 1301, call: scores, phase: playing
2026-06-16 20:34:35, tokens_remaining: 1300, call: scores, phase: playing
2026-06-16 20:34:35, tokens_remaining: 1300, call: scores, phase: playing
2026-06-16 20:34:36, tokens_remaining: 1300, call: scores, phase: playing
2026-06-16 20:34:36, tokens_remaining: 1299, call: scores, phase: playing
2026-06-16 20:34:37, tokens_remaining: 1299, call: scores, phase: playing
2026-06-16 20:34:37, tokens_remaining: 1299, call: scores, phase: playing
2026-06-16 20:34:38, tokens_remaining: 1298, call: events, phase: playing
2026-06-16 20:34:39, tokens_remaining: 1297, call: scores, phase: playing
2026-06-16 20:34:39, tokens_remaining: 1297, call: scores, phase: playing
2026-06-16 20:34:40, tokens_remaining: 1297, call: scores, phase: playing
2026-06-16 20:34:41, tokens_remaining: 1296, call: scores, phase: playing
2026-06-16 20:34:41, tokens_remaining: 1296, call: scores, phase: playing
2026-06-16 20:34:41, tokens_remaining: 1296, call: scores, phase: playing
2026-06-16 20:34:42, tokens_remaining: 1295, call: scores, phase: playing
2026-06-16 20:34:43, tokens_remaining: 1295, call: scores, phase: playing
2026-06-16 20:34:43, tokens_remaining: 1295, call: scores, phase: playing
2026-06-16 20:34:44, tokens_remaining: 1294, call: events, phase: playing
2026-06-16 20:34:45, tokens_remaining: 1293, call: scores, phase: playing
2026-06-16 20:34:45, tokens_remaining: 1293, call: scores, phase: playing
2026-06-16 20:34:46, tokens_remaining: 1293, call: scores, phase: playing
2026-06-16 20:34:46, tokens_remaining: 1292, call: scores, phase: playing
2026-06-16 20:34:47, tokens_remaining: 1292, call: scores, phase: playing
2026-06-16 20:34:47, tokens_remaining: 1292, call: scores, phase: playing
2026-06-16 20:34:48, tokens_remaining: 1291, call: scores, phase: playing
2026-06-16 20:34:48, tokens_remaining: 1291, call: scores, phase: playing
2026-06-16 20:34:49, tokens_remaining: 1291, call: scores, phase: playing
2026-06-16 20:34:50, tokens_remaining: 1290, call: events, phase: playing
2026-06-16 20:34:50, tokens_remaining: 1289, call: scores, phase: playing
2026-06-16 20:34:51, tokens_remaining: 1289, call: scores, phase: playing
2026-06-16 20:34:51, tokens_remaining: 1289, call: scores, phase: playing
2026-06-16 20:34:52, tokens_remaining: 1288, call: scores, phase: playing
2026-06-16 20:34:52, tokens_remaining: 1288, call: scores, phase: playing
2026-06-16 20:34:53, tokens_remaining: 1288, call: scores, phase: playing
2026-06-16 20:34:54, tokens_remaining: 1287, call: scores, phase: playing
2026-06-16 20:34:54, tokens_remaining: 1287, call: scores, phase: playing
2026-06-16 20:34:54, tokens_remaining: 1287, call: scores, phase: playing
2026-06-16 20:34:55, tokens_remaining: 1286, call: events, phase: playing
2026-06-16 20:34:56, tokens_remaining: 1285, call: scores, phase: playing
2026-06-16 20:34:56, tokens_remaining: 1285, call: scores, phase: playing
2026-06-16 20:34:57, tokens_remaining: 1285, call: scores, phase: playing
2026-06-16 20:34:58, tokens_remaining: 1284, call: scores, phase: playing
2026-06-16 20:34:58, tokens_remaining: 1284, call: scores, phase: playing
2026-06-16 20:34:58, tokens_remaining: 1284, call: scores, phase: playing
2026-06-16 20:34:59, tokens_remaining: 1283, call: scores, phase: playing
2026-06-16 20:35:00, tokens_remaining: 1283, call: scores, phase: playing
2026-06-16 20:35:00, tokens_remaining: 1283, call: scores, phase: playing
2026-06-16 20:35:01, tokens_remaining: 1282, call: events, phase: playing
2026-06-16 20:35:02, tokens_remaining: 1281, call: scores, phase: playing
2026-06-16 20:35:02, tokens_remaining: 1281, call: scores, phase: playing
2026-06-16 20:35:02, tokens_remaining: 1281, call: scores, phase: playing
2026-06-16 20:35:03, tokens_remaining: 1280, call: scores, phase: playing
2026-06-16 20:35:04, tokens_remaining: 1280, call: scores, phase: playing
2026-06-16 20:35:04, tokens_remaining: 1280, call: scores, phase: playing
2026-06-16 20:35:05, tokens_remaining: 1279, call: scores, phase: playing
2026-06-16 20:35:05, tokens_remaining: 1279, call: scores, phase: playing
2026-06-16 20:35:06, tokens_remaining: 1279, call: scores, phase: playing
2026-06-16 20:35:07, tokens_remaining: 1278, call: events, phase: playing
2026-06-16 20:35:07, tokens_remaining: 1277, call: scores, phase: playing
2026-06-16 20:35:08, tokens_remaining: 1277, call: scores, phase: playing
2026-06-16 20:35:08, tokens_remaining: 1277, call: scores, phase: playing
2026-06-16 20:35:09, tokens_remaining: 1276, call: scores, phase: playing
2026-06-16 20:35:09, tokens_remaining: 1276, call: scores, phase: playing
2026-06-16 20:35:10, tokens_remaining: 1276, call: scores, phase: playing
2026-06-16 20:35:11, tokens_remaining: 1275, call: scores, phase: playing
2026-06-16 20:35:11, tokens_remaining: 1275, call: scores, phase: playing
2026-06-16 20:35:11, tokens_remaining: 1275, call: scores, phase: playing
2026-06-16 20:35:12, tokens_remaining: 1274, call: events, phase: playing
2026-06-16 20:35:13, tokens_remaining: 1273, call: scores, phase: playing
2026-06-16 20:35:13, tokens_remaining: 1273, call: scores, phase: playing
2026-06-16 20:35:14, tokens_remaining: 1273, call: scores, phase: playing
2026-06-16 20:35:15, tokens_remaining: 1272, call: scores, phase: playing
2026-06-16 20:35:15, tokens_remaining: 1272, call: scores, phase: playing
2026-06-16 20:35:16, tokens_remaining: 1272, call: scores, phase: playing
2026-06-16 20:35:16, tokens_remaining: 1271, call: scores, phase: playing
2026-06-16 20:35:17, tokens_remaining: 1271, call: scores, phase: playing
2026-06-16 20:35:17, tokens_remaining: 1271, call: scores, phase: playing
2026-06-16 20:35:18, tokens_remaining: 1270, call: events, phase: playing
2026-06-16 20:35:19, tokens_remaining: 1269, call: scores, phase: playing
2026-06-16 20:35:19, tokens_remaining: 1269, call: scores, phase: playing
2026-06-16 20:35:19, tokens_remaining: 1269, call: scores, phase: playing
2026-06-16 20:35:20, tokens_remaining: 1268, call: scores, phase: playing
2026-06-16 20:35:21, tokens_remaining: 1268, call: scores, phase: playing
2026-06-16 20:35:21, tokens_remaining: 1268, call: scores, phase: playing
2026-06-16 20:35:22, tokens_remaining: 1267, call: scores, phase: playing
2026-06-16 20:35:22, tokens_remaining: 1267, call: scores, phase: playing
2026-06-16 20:35:23, tokens_remaining: 1267, call: scores, phase: playing
2026-06-16 20:35:23, tokens_remaining: 1266, call: events, phase: playing
2026-06-16 20:35:24, tokens_remaining: 1265, call: scores, phase: playing
2026-06-16 20:35:25, tokens_remaining: 1265, call: scores, phase: playing
2026-06-16 20:35:25, tokens_remaining: 1265, call: scores, phase: playing
2026-06-16 20:35:26, tokens_remaining: 1264, call: scores, phase: playing
2026-06-16 20:35:26, tokens_remaining: 1264, call: scores, phase: playing
2026-06-16 20:35:26, tokens_remaining: 1264, call: scores, phase: playing
2026-06-16 20:35:27, tokens_remaining: 1263, call: scores, phase: playing
2026-06-16 20:35:28, tokens_remaining: 1263, call: scores, phase: playing
2026-06-16 20:35:28, tokens_remaining: 1263, call: scores, phase: playing
2026-06-16 20:35:29, tokens_remaining: 1262, call: events, phase: playing
2026-06-16 20:35:30, tokens_remaining: 1261, call: scores, phase: playing
2026-06-16 20:35:30, tokens_remaining: 1261, call: scores, phase: playing
2026-06-16 20:35:30, tokens_remaining: 1261, call: scores, phase: playing
2026-06-16 20:35:31, tokens_remaining: 1260, call: scores, phase: playing
2026-06-16 20:35:32, tokens_remaining: 1260, call: scores, phase: playing
2026-06-16 20:35:32, tokens_remaining: 1260, call: scores, phase: playing
2026-06-16 20:35:33, tokens_remaining: 1259, call: scores, phase: playing
2026-06-16 20:35:33, tokens_remaining: 1259, call: scores, phase: playing
2026-06-16 20:35:34, tokens_remaining: 1259, call: scores, phase: playing
2026-06-16 20:35:34, tokens_remaining: 1258, call: events, phase: playing
2026-06-16 20:35:35, tokens_remaining: 1257, call: scores, phase: playing
2026-06-16 20:35:35, tokens_remaining: 1257, call: scores, phase: playing
2026-06-16 20:35:36, tokens_remaining: 1257, call: scores, phase: playing
2026-06-16 20:35:37, tokens_remaining: 1256, call: scores, phase: playing
2026-06-16 20:35:37, tokens_remaining: 1256, call: scores, phase: playing
2026-06-16 20:35:37, tokens_remaining: 1256, call: scores, phase: playing
2026-06-16 20:35:38, tokens_remaining: 1255, call: scores, phase: playing
2026-06-16 20:35:39, tokens_remaining: 1255, call: scores, phase: playing
2026-06-16 20:35:39, tokens_remaining: 1255, call: scores, phase: playing
2026-06-16 20:35:40, tokens_remaining: 1254, call: events, phase: playing
2026-06-16 20:35:40, tokens_remaining: 1253, call: scores, phase: playing
2026-06-16 20:35:41, tokens_remaining: 1253, call: scores, phase: playing
2026-06-16 20:35:41, tokens_remaining: 1253, call: scores, phase: playing
2026-06-16 20:35:42, tokens_remaining: 1252, call: scores, phase: playing
2026-06-16 20:35:42, tokens_remaining: 1252, call: scores, phase: playing
2026-06-16 20:35:43, tokens_remaining: 1252, call: scores, phase: playing
2026-06-16 20:35:43, tokens_remaining: 1251, call: scores, phase: playing
2026-06-16 20:35:44, tokens_remaining: 1251, call: scores, phase: playing
2026-06-16 20:35:44, tokens_remaining: 1251, call: scores, phase: playing
2026-06-16 20:35:45, tokens_remaining: 1250, call: events, phase: playing
2026-06-16 20:35:46, tokens_remaining: 1249, call: scores, phase: playing
2026-06-16 20:35:46, tokens_remaining: 1249, call: scores, phase: playing
2026-06-16 20:35:47, tokens_remaining: 1249, call: scores, phase: playing
2026-06-16 20:35:47, tokens_remaining: 1248, call: scores, phase: playing
2026-06-16 20:35:48, tokens_remaining: 1248, call: scores, phase: playing
2026-06-16 20:35:48, tokens_remaining: 1248, call: scores, phase: playing
2026-06-16 20:35:49, tokens_remaining: 1247, call: scores, phase: playing
2026-06-16 20:35:49, tokens_remaining: 1247, call: scores, phase: playing
2026-06-16 20:35:50, tokens_remaining: 1247, call: scores, phase: playing
2026-06-16 20:35:50, tokens_remaining: 1246, call: events, phase: playing
2026-06-16 20:35:51, tokens_remaining: 1245, call: scores, phase: playing
2026-06-16 20:35:52, tokens_remaining: 1245, call: scores, phase: playing
2026-06-16 20:35:52, tokens_remaining: 1245, call: scores, phase: playing
2026-06-16 20:35:53, tokens_remaining: 1244, call: scores, phase: playing
2026-06-16 20:35:53, tokens_remaining: 1244, call: scores, phase: playing
2026-06-16 20:35:53, tokens_remaining: 1244, call: scores, phase: playing
2026-06-16 20:35:54, tokens_remaining: 1243, call: scores, phase: playing
2026-06-16 20:35:55, tokens_remaining: 1243, call: scores, phase: playing
2026-06-16 20:35:55, tokens_remaining: 1243, call: scores, phase: playing
2026-06-16 20:35:56, tokens_remaining: 1242, call: events, phase: playing
2026-06-16 20:35:56, tokens_remaining: 1241, call: scores, phase: playing
2026-06-16 20:35:57, tokens_remaining: 1241, call: scores, phase: playing
2026-06-16 20:35:57, tokens_remaining: 1241, call: scores, phase: playing
2026-06-16 20:35:58, tokens_remaining: 1240, call: scores, phase: playing
2026-06-16 20:35:58, tokens_remaining: 1240, call: scores, phase: playing
2026-06-16 20:35:59, tokens_remaining: 1240, call: scores, phase: playing
2026-06-16 20:36:00, tokens_remaining: 1239, call: scores, phase: playing
2026-06-16 20:36:00, tokens_remaining: 1239, call: scores, phase: playing
2026-06-16 20:36:00, tokens_remaining: 1239, call: scores, phase: playing
2026-06-16 20:36:01, tokens_remaining: 1238, call: events, phase: playing
2026-06-16 20:36:02, tokens_remaining: 1237, call: scores, phase: playing
2026-06-16 20:36:02, tokens_remaining: 1237, call: scores, phase: playing
2026-06-16 20:36:03, tokens_remaining: 1237, call: scores, phase: playing
2026-06-16 20:36:03, tokens_remaining: 1236, call: scores, phase: playing
2026-06-16 20:36:04, tokens_remaining: 1236, call: scores, phase: playing
2026-06-16 20:36:04, tokens_remaining: 1236, call: scores, phase: playing
2026-06-16 20:36:05, tokens_remaining: 1235, call: scores, phase: playing
2026-06-16 20:36:05, tokens_remaining: 1235, call: scores, phase: playing
2026-06-16 20:36:06, tokens_remaining: 1235, call: scores, phase: playing
2026-06-16 20:36:06, tokens_remaining: 1234, call: events, phase: playing
2026-06-16 20:36:07, tokens_remaining: 1233, call: scores, phase: playing
2026-06-16 20:36:07, tokens_remaining: 1233, call: scores, phase: playing
2026-06-16 20:36:08, tokens_remaining: 1233, call: scores, phase: playing
2026-06-16 20:36:09, tokens_remaining: 1232, call: scores, phase: playing
2026-06-16 20:36:09, tokens_remaining: 1232, call: scores, phase: playing
2026-06-16 20:36:10, tokens_remaining: 1232, call: scores, phase: playing
2026-06-16 20:36:10, tokens_remaining: 1231, call: scores, phase: playing
2026-06-16 20:36:11, tokens_remaining: 1231, call: scores, phase: playing
2026-06-16 20:36:11, tokens_remaining: 1231, call: scores, phase: playing
2026-06-16 20:36:12, tokens_remaining: 1230, call: events, phase: playing
2026-06-16 20:36:12, tokens_remaining: 1229, call: scores, phase: playing
2026-06-16 20:36:13, tokens_remaining: 1229, call: scores, phase: playing
2026-06-16 20:36:13, tokens_remaining: 1229, call: scores, phase: playing
2026-06-16 20:36:14, tokens_remaining: 1228, call: scores, phase: playing
2026-06-16 20:36:14, tokens_remaining: 1228, call: scores, phase: playing
2026-06-16 20:36:15, tokens_remaining: 1228, call: scores, phase: playing
2026-06-16 20:36:15, tokens_remaining: 1227, call: scores, phase: playing
2026-06-16 20:36:16, tokens_remaining: 1227, call: scores, phase: playing
2026-06-16 20:36:16, tokens_remaining: 1227, call: scores, phase: playing
2026-06-16 20:36:17, tokens_remaining: 1226, call: events, phase: playing
2026-06-16 20:36:18, tokens_remaining: 1225, call: scores, phase: playing
2026-06-16 20:36:18, tokens_remaining: 1225, call: scores, phase: playing
2026-06-16 20:36:18, tokens_remaining: 1225, call: scores, phase: playing
2026-06-16 20:36:19, tokens_remaining: 1224, call: scores, phase: playing
2026-06-16 20:36:19, tokens_remaining: 1224, call: scores, phase: playing
2026-06-16 20:36:20, tokens_remaining: 1224, call: scores, phase: playing
2026-06-16 20:36:21, tokens_remaining: 1223, call: scores, phase: playing
2026-06-16 20:36:21, tokens_remaining: 1223, call: scores, phase: playing
2026-06-16 20:36:21, tokens_remaining: 1223, call: scores, phase: playing
2026-06-16 20:36:22, tokens_remaining: 1222, call: events, phase: playing
2026-06-16 20:36:23, tokens_remaining: 1221, call: scores, phase: playing
2026-06-16 20:36:23, tokens_remaining: 1221, call: scores, phase: playing
2026-06-16 20:36:24, tokens_remaining: 1221, call: scores, phase: playing
2026-06-16 20:36:24, tokens_remaining: 1220, call: scores, phase: playing
2026-06-16 20:36:25, tokens_remaining: 1220, call: scores, phase: playing
2026-06-16 20:36:25, tokens_remaining: 1220, call: scores, phase: playing
2026-06-16 20:36:26, tokens_remaining: 1219, call: scores, phase: playing
2026-06-16 20:36:26, tokens_remaining: 1219, call: scores, phase: playing
2026-06-16 20:36:26, tokens_remaining: 1219, call: scores, phase: playing
2026-06-16 20:36:27, tokens_remaining: 1218, call: events, phase: playing
2026-06-16 20:36:28, tokens_remaining: 1217, call: scores, phase: playing
2026-06-16 20:36:29, tokens_remaining: 1217, call: scores, phase: playing
2026-06-16 20:36:29, tokens_remaining: 1217, call: scores, phase: playing
2026-06-16 20:36:30, tokens_remaining: 1216, call: scores, phase: playing
2026-06-16 20:36:30, tokens_remaining: 1216, call: scores, phase: playing
2026-06-16 20:36:31, tokens_remaining: 1216, call: scores, phase: playing
2026-06-16 20:36:31, tokens_remaining: 1215, call: scores, phase: playing
2026-06-16 20:36:32, tokens_remaining: 1215, call: scores, phase: playing
2026-06-16 20:36:32, tokens_remaining: 1215, call: scores, phase: playing
2026-06-16 20:36:33, tokens_remaining: 1214, call: events, phase: playing
2026-06-16 20:36:33, tokens_remaining: 1213, call: scores, phase: playing
2026-06-16 20:36:34, tokens_remaining: 1213, call: scores, phase: playing
2026-06-16 20:36:34, tokens_remaining: 1213, call: scores, phase: playing
2026-06-16 20:36:35, tokens_remaining: 1212, call: scores, phase: playing
2026-06-16 20:36:35, tokens_remaining: 1212, call: scores, phase: playing
2026-06-16 20:36:36, tokens_remaining: 1212, call: scores, phase: playing
2026-06-16 20:36:36, tokens_remaining: 1211, call: scores, phase: playing
2026-06-16 20:36:37, tokens_remaining: 1211, call: scores, phase: playing
2026-06-16 20:36:37, tokens_remaining: 1211, call: scores, phase: playing
2026-06-16 20:36:38, tokens_remaining: 1210, call: events, phase: playing
2026-06-16 20:36:39, tokens_remaining: 1209, call: scores, phase: playing
2026-06-16 20:36:39, tokens_remaining: 1209, call: scores, phase: playing
2026-06-16 20:36:40, tokens_remaining: 1209, call: scores, phase: playing
2026-06-16 20:36:40, tokens_remaining: 1208, call: scores, phase: playing
2026-06-16 20:36:41, tokens_remaining: 1208, call: scores, phase: playing
2026-06-16 20:36:41, tokens_remaining: 1208, call: scores, phase: playing
2026-06-16 20:36:42, tokens_remaining: 1207, call: scores, phase: playing
2026-06-16 20:36:42, tokens_remaining: 1207, call: scores, phase: playing
2026-06-16 20:36:42, tokens_remaining: 1207, call: scores, phase: playing
2026-06-16 20:36:43, tokens_remaining: 1206, call: events, phase: playing
2026-06-16 20:36:44, tokens_remaining: 1205, call: scores, phase: playing
2026-06-16 20:36:44, tokens_remaining: 1205, call: scores, phase: playing
2026-06-16 20:36:45, tokens_remaining: 1205, call: scores, phase: playing
2026-06-16 20:36:45, tokens_remaining: 1204, call: scores, phase: playing
2026-06-16 20:36:46, tokens_remaining: 1204, call: scores, phase: playing
2026-06-16 20:36:46, tokens_remaining: 1204, call: scores, phase: playing
2026-06-16 20:36:47, tokens_remaining: 1203, call: scores, phase: playing
2026-06-16 20:36:47, tokens_remaining: 1203, call: scores, phase: playing
2026-06-16 20:36:48, tokens_remaining: 1203, call: scores, phase: playing
2026-06-16 20:36:48, tokens_remaining: 1202, call: events, phase: playing
2026-06-16 20:36:49, tokens_remaining: 1201, call: scores, phase: playing
2026-06-16 20:36:49, tokens_remaining: 1201, call: scores, phase: playing
2026-06-16 20:36:50, tokens_remaining: 1201, call: scores, phase: playing
2026-06-16 20:36:50, tokens_remaining: 1200, call: scores, phase: playing
2026-06-16 20:36:51, tokens_remaining: 1200, call: scores, phase: playing
2026-06-16 20:36:51, tokens_remaining: 1200, call: scores, phase: playing
2026-06-16 20:36:52, tokens_remaining: 1199, call: scores, phase: playing
2026-06-16 20:36:52, tokens_remaining: 1199, call: scores, phase: playing
2026-06-16 20:36:53, tokens_remaining: 1199, call: scores, phase: playing
2026-06-16 20:36:54, tokens_remaining: 1198, call: events, phase: playing
2026-06-16 20:36:54, tokens_remaining: 1197, call: scores, phase: playing
2026-06-16 20:36:55, tokens_remaining: 1197, call: scores, phase: playing
2026-06-16 20:36:56, tokens_remaining: 1197, call: scores, phase: playing
2026-06-16 20:36:56, tokens_remaining: 1196, call: scores, phase: playing
2026-06-16 20:36:57, tokens_remaining: 1196, call: scores, phase: playing
2026-06-16 20:36:57, tokens_remaining: 1196, call: scores, phase: playing
2026-06-16 20:36:58, tokens_remaining: 1195, call: scores, phase: playing
2026-06-16 20:36:58, tokens_remaining: 1195, call: scores, phase: playing
2026-06-16 20:36:58, tokens_remaining: 1195, call: scores, phase: playing
2026-06-16 20:36:59, tokens_remaining: 1194, call: events, phase: playing
2026-06-16 20:37:00, tokens_remaining: 1193, call: scores, phase: playing
2026-06-16 20:37:00, tokens_remaining: 1193, call: scores, phase: playing
2026-06-16 20:37:01, tokens_remaining: 1193, call: scores, phase: playing
2026-06-16 20:37:01, tokens_remaining: 1192, call: scores, phase: playing
2026-06-16 20:37:02, tokens_remaining: 1192, call: scores, phase: playing
2026-06-16 20:37:02, tokens_remaining: 1192, call: scores, phase: playing
2026-06-16 20:37:03, tokens_remaining: 1191, call: scores, phase: playing
2026-06-16 20:37:03, tokens_remaining: 1191, call: scores, phase: playing
2026-06-16 20:37:03, tokens_remaining: 1191, call: scores, phase: playing
2026-06-16 20:37:04, tokens_remaining: 1190, call: events, phase: playing
2026-06-16 20:37:05, tokens_remaining: 1189, call: scores, phase: playing
2026-06-16 20:37:05, tokens_remaining: 1189, call: scores, phase: playing
2026-06-16 20:37:06, tokens_remaining: 1189, call: scores, phase: playing
2026-06-16 20:37:06, tokens_remaining: 1188, call: scores, phase: playing
2026-06-16 20:37:07, tokens_remaining: 1188, call: scores, phase: playing
2026-06-16 20:37:07, tokens_remaining: 1188, call: scores, phase: playing
2026-06-16 20:37:08, tokens_remaining: 1187, call: scores, phase: playing
2026-06-16 20:37:08, tokens_remaining: 1187, call: scores, phase: playing
2026-06-16 20:37:08, tokens_remaining: 1187, call: scores, phase: playing
2026-06-16 20:37:09, tokens_remaining: 1186, call: events, phase: playing
2026-06-16 20:37:10, tokens_remaining: 1185, call: scores, phase: playing
2026-06-16 20:37:10, tokens_remaining: 1185, call: scores, phase: playing
2026-06-16 20:37:10, tokens_remaining: 1185, call: scores, phase: playing
2026-06-16 20:37:11, tokens_remaining: 1184, call: scores, phase: playing
2026-06-16 20:37:12, tokens_remaining: 1184, call: scores, phase: playing
2026-06-16 20:37:12, tokens_remaining: 1184, call: scores, phase: playing
2026-06-16 20:37:13, tokens_remaining: 1183, call: scores, phase: playing
2026-06-16 20:37:13, tokens_remaining: 1183, call: scores, phase: playing
2026-06-16 20:37:13, tokens_remaining: 1183, call: scores, phase: playing
2026-06-16 20:37:14, tokens_remaining: 1182, call: events, phase: playing
2026-06-16 20:37:15, tokens_remaining: 1181, call: scores, phase: playing
2026-06-16 20:37:15, tokens_remaining: 1181, call: scores, phase: playing
2026-06-16 20:37:16, tokens_remaining: 1181, call: scores, phase: playing
2026-06-16 20:37:16, tokens_remaining: 1180, call: scores, phase: playing
2026-06-16 20:37:17, tokens_remaining: 1180, call: scores, phase: playing
2026-06-16 20:37:17, tokens_remaining: 1180, call: scores, phase: playing
2026-06-16 20:37:18, tokens_remaining: 1179, call: scores, phase: playing
2026-06-16 20:37:18, tokens_remaining: 1179, call: scores, phase: playing
2026-06-16 20:37:18, tokens_remaining: 1179, call: scores, phase: playing
2026-06-16 20:37:19, tokens_remaining: 1178, call: events, phase: playing
2026-06-16 20:37:20, tokens_remaining: 1177, call: scores, phase: playing
2026-06-16 20:37:20, tokens_remaining: 1177, call: scores, phase: playing
2026-06-16 20:37:20, tokens_remaining: 1177, call: scores, phase: playing
2026-06-16 20:37:21, tokens_remaining: 1176, call: scores, phase: playing
2026-06-16 20:37:21, tokens_remaining: 1176, call: scores, phase: playing
2026-06-16 20:37:22, tokens_remaining: 1176, call: scores, phase: playing
2026-06-16 20:37:22, tokens_remaining: 1175, call: scores, phase: playing
2026-06-16 20:37:23, tokens_remaining: 1175, call: scores, phase: playing
2026-06-16 20:37:23, tokens_remaining: 1175, call: scores, phase: playing
2026-06-16 20:37:24, tokens_remaining: 1174, call: events, phase: playing
2026-06-16 20:37:24, tokens_remaining: 1173, call: scores, phase: playing
2026-06-16 20:37:25, tokens_remaining: 1173, call: scores, phase: playing
2026-06-16 20:37:25, tokens_remaining: 1173, call: scores, phase: playing
2026-06-16 20:37:26, tokens_remaining: 1172, call: scores, phase: playing
2026-06-16 20:37:26, tokens_remaining: 1172, call: scores, phase: playing
2026-06-16 20:37:26, tokens_remaining: 1172, call: scores, phase: playing
2026-06-16 20:37:27, tokens_remaining: 1171, call: scores, phase: playing
2026-06-16 20:37:27, tokens_remaining: 1171, call: scores, phase: playing
2026-06-16 20:37:28, tokens_remaining: 1171, call: scores, phase: playing
2026-06-16 20:37:28, tokens_remaining: 1170, call: events, phase: playing
2026-06-16 20:37:29, tokens_remaining: 1169, call: scores, phase: playing
2026-06-16 20:37:29, tokens_remaining: 1169, call: scores, phase: playing
2026-06-16 20:37:30, tokens_remaining: 1169, call: scores, phase: playing
2026-06-16 20:37:30, tokens_remaining: 1168, call: scores, phase: playing
2026-06-16 20:37:31, tokens_remaining: 1168, call: scores, phase: playing
2026-06-16 20:37:31, tokens_remaining: 1168, call: scores, phase: playing
2026-06-16 20:37:32, tokens_remaining: 1167, call: scores, phase: playing
2026-06-16 20:37:32, tokens_remaining: 1167, call: scores, phase: playing
2026-06-16 20:37:33, tokens_remaining: 1167, call: scores, phase: playing
2026-06-16 20:37:33, tokens_remaining: 1166, call: events, phase: playing
2026-06-16 20:37:34, tokens_remaining: 1165, call: scores, phase: playing
2026-06-16 20:37:34, tokens_remaining: 1165, call: scores, phase: playing
2026-06-16 20:37:35, tokens_remaining: 1165, call: scores, phase: playing
2026-06-16 20:37:35, tokens_remaining: 1164, call: scores, phase: playing
2026-06-16 20:37:36, tokens_remaining: 1164, call: scores, phase: playing
2026-06-16 20:37:36, tokens_remaining: 1164, call: scores, phase: playing
2026-06-16 20:37:37, tokens_remaining: 1163, call: scores, phase: playing
2026-06-16 20:37:37, tokens_remaining: 1163, call: scores, phase: playing
2026-06-16 20:37:37, tokens_remaining: 1163, call: scores, phase: playing
2026-06-16 20:37:38, tokens_remaining: 1162, call: events, phase: playing
2026-06-16 20:37:39, tokens_remaining: 1161, call: scores, phase: playing
2026-06-16 20:37:39, tokens_remaining: 1161, call: scores, phase: playing
2026-06-16 20:37:39, tokens_remaining: 1161, call: scores, phase: playing
2026-06-16 20:37:40, tokens_remaining: 1160, call: scores, phase: playing
2026-06-16 20:37:40, tokens_remaining: 1160, call: scores, phase: playing
2026-06-16 20:37:41, tokens_remaining: 1160, call: scores, phase: playing
2026-06-16 20:37:41, tokens_remaining: 1159, call: scores, phase: playing
2026-06-16 20:37:42, tokens_remaining: 1159, call: scores, phase: playing
2026-06-16 20:37:42, tokens_remaining: 1159, call: scores, phase: playing
2026-06-16 20:37:43, tokens_remaining: 1158, call: events, phase: playing
2026-06-16 20:37:43, tokens_remaining: 1157, call: scores, phase: playing
2026-06-16 20:37:44, tokens_remaining: 1157, call: scores, phase: playing
2026-06-16 20:37:44, tokens_remaining: 1157, call: scores, phase: playing
2026-06-16 20:37:45, tokens_remaining: 1156, call: scores, phase: playing
2026-06-16 20:37:45, tokens_remaining: 1156, call: scores, phase: playing
2026-06-16 20:37:45, tokens_remaining: 1156, call: scores, phase: playing
2026-06-16 20:37:46, tokens_remaining: 1155, call: scores, phase: playing
2026-06-16 20:37:46, tokens_remaining: 1155, call: scores, phase: playing
2026-06-16 20:37:47, tokens_remaining: 1155, call: scores, phase: playing
2026-06-16 20:37:47, tokens_remaining: 1154, call: events, phase: playing
2026-06-16 20:37:48, tokens_remaining: 1153, call: scores, phase: playing
2026-06-16 20:37:48, tokens_remaining: 1153, call: scores, phase: playing
2026-06-16 20:37:49, tokens_remaining: 1153, call: scores, phase: playing
2026-06-16 20:37:49, tokens_remaining: 1152, call: scores, phase: playing
2026-06-16 20:37:50, tokens_remaining: 1152, call: scores, phase: playing
2026-06-16 20:37:50, tokens_remaining: 1152, call: scores, phase: playing
2026-06-16 20:37:51, tokens_remaining: 1151, call: scores, phase: playing
2026-06-16 20:37:51, tokens_remaining: 1151, call: scores, phase: playing
2026-06-16 20:37:51, tokens_remaining: 1151, call: scores, phase: playing
2026-06-16 20:37:52, tokens_remaining: 1150, call: events, phase: playing
2026-06-16 20:37:53, tokens_remaining: 1149, call: scores, phase: playing
2026-06-16 20:37:53, tokens_remaining: 1149, call: scores, phase: playing
2026-06-16 20:37:53, tokens_remaining: 1149, call: scores, phase: playing
2026-06-16 20:37:54, tokens_remaining: 1148, call: scores, phase: playing
2026-06-16 20:37:54, tokens_remaining: 1148, call: scores, phase: playing
2026-06-16 20:37:55, tokens_remaining: 1148, call: scores, phase: playing
2026-06-16 20:37:55, tokens_remaining: 1147, call: scores, phase: playing
2026-06-16 20:37:56, tokens_remaining: 1147, call: scores, phase: playing
2026-06-16 20:37:56, tokens_remaining: 1147, call: scores, phase: playing
2026-06-16 20:37:57, tokens_remaining: 1146, call: events, phase: playing
2026-06-16 20:37:57, tokens_remaining: 1145, call: scores, phase: playing
2026-06-16 20:37:57, tokens_remaining: 1145, call: scores, phase: playing
2026-06-16 20:37:58, tokens_remaining: 1145, call: scores, phase: playing
2026-06-16 20:37:58, tokens_remaining: 1144, call: scores, phase: playing
2026-06-16 20:37:59, tokens_remaining: 1144, call: scores, phase: playing
2026-06-16 20:37:59, tokens_remaining: 1144, call: scores, phase: playing
2026-06-16 20:38:00, tokens_remaining: 1143, call: scores, phase: playing
2026-06-16 20:38:00, tokens_remaining: 1143, call: scores, phase: playing
2026-06-16 20:38:00, tokens_remaining: 1143, call: scores, phase: playing
2026-06-16 20:38:01, tokens_remaining: 1142, call: events, phase: playing
2026-06-16 20:38:02, tokens_remaining: 1141, call: scores, phase: playing
2026-06-16 20:38:02, tokens_remaining: 1141, call: scores, phase: playing
2026-06-16 20:38:05, tokens_remaining: 1140, call: scores, phase: playing
2026-06-16 20:38:05, tokens_remaining: 1140, call: scores, phase: playing
2026-06-16 20:38:05, tokens_remaining: 1140, call: scores, phase: playing
2026-06-16 20:38:06, tokens_remaining: 1139, call: scores, phase: playing
2026-06-16 20:38:06, tokens_remaining: 1139, call: scores, phase: playing
2026-06-16 20:38:07, tokens_remaining: 1139, call: scores, phase: playing
2026-06-16 20:38:07, tokens_remaining: 1138, call: scores, phase: playing
2026-06-16 20:38:08, tokens_remaining: 1137, call: events, phase: playing
2026-06-16 20:38:09, tokens_remaining: 1136, call: scores, phase: playing
2026-06-16 20:38:09, tokens_remaining: 1136, call: scores, phase: playing
2026-06-16 20:38:09, tokens_remaining: 1136, call: scores, phase: playing
2026-06-16 20:38:10, tokens_remaining: 1135, call: scores, phase: playing
2026-06-16 20:38:11, tokens_remaining: 1135, call: scores, phase: playing
2026-06-16 20:38:11, tokens_remaining: 1135, call: scores, phase: playing
2026-06-16 20:38:12, tokens_remaining: 1134, call: scores, phase: playing
2026-06-16 20:38:12, tokens_remaining: 1134, call: scores, phase: playing
2026-06-16 20:38:12, tokens_remaining: 1134, call: scores, phase: playing
2026-06-16 20:38:13, tokens_remaining: 1133, call: events, phase: playing
2026-06-16 20:38:14, tokens_remaining: 1132, call: scores, phase: playing
2026-06-16 20:38:14, tokens_remaining: 1132, call: scores, phase: playing
2026-06-16 20:38:14, tokens_remaining: 1132, call: scores, phase: playing
2026-06-16 20:38:15, tokens_remaining: 1131, call: scores, phase: playing
2026-06-16 20:38:15, tokens_remaining: 1131, call: scores, phase: playing
2026-06-16 20:38:16, tokens_remaining: 1131, call: scores, phase: playing
2026-06-16 20:38:16, tokens_remaining: 1130, call: scores, phase: playing
2026-06-16 20:38:16, tokens_remaining: 1130, call: scores, phase: playing
2026-06-16 20:38:17, tokens_remaining: 1130, call: scores, phase: playing
2026-06-16 20:38:17, tokens_remaining: 1129, call: events, phase: playing
2026-06-16 20:38:18, tokens_remaining: 1128, call: scores, phase: playing
2026-06-16 20:38:18, tokens_remaining: 1128, call: scores, phase: playing
2026-06-16 20:38:19, tokens_remaining: 1128, call: scores, phase: playing
2026-06-16 20:38:20, tokens_remaining: 1127, call: scores, phase: playing
2026-06-16 20:38:20, tokens_remaining: 1127, call: scores, phase: playing
2026-06-16 20:38:20, tokens_remaining: 1127, call: scores, phase: playing
2026-06-16 20:38:21, tokens_remaining: 1126, call: scores, phase: playing
2026-06-16 20:38:21, tokens_remaining: 1126, call: scores, phase: playing
2026-06-16 20:38:22, tokens_remaining: 1126, call: scores, phase: playing
2026-06-16 20:38:22, tokens_remaining: 1125, call: events, phase: playing
2026-06-16 20:38:23, tokens_remaining: 1124, call: scores, phase: playing
2026-06-16 20:38:23, tokens_remaining: 1124, call: scores, phase: playing
2026-06-16 20:38:23, tokens_remaining: 1124, call: scores, phase: playing
2026-06-16 20:38:24, tokens_remaining: 1123, call: scores, phase: playing
2026-06-16 20:38:24, tokens_remaining: 1123, call: scores, phase: playing
2026-06-16 20:38:25, tokens_remaining: 1123, call: scores, phase: playing
2026-06-16 20:38:25, tokens_remaining: 1123, call: scores, phase: playing
2026-06-16 20:38:26, tokens_remaining: 1122, call: scores, phase: playing
2026-06-16 20:38:26, tokens_remaining: 1122, call: scores, phase: playing
2026-06-16 20:38:27, tokens_remaining: 1121, call: events, phase: playing
2026-06-16 20:38:27, tokens_remaining: 1120, call: scores, phase: playing
2026-06-16 20:38:28, tokens_remaining: 1120, call: scores, phase: playing
2026-06-16 20:38:28, tokens_remaining: 1120, call: scores, phase: playing
2026-06-16 20:38:28, tokens_remaining: 1120, call: scores, phase: playing
2026-06-16 20:38:29, tokens_remaining: 1119, call: scores, phase: playing
2026-06-16 20:38:29, tokens_remaining: 1119, call: scores, phase: playing
2026-06-16 20:38:29, tokens_remaining: 1119, call: scores, phase: playing
2026-06-16 20:38:30, tokens_remaining: 1119, call: scores, phase: playing
2026-06-16 20:38:30, tokens_remaining: 1118, call: scores, phase: playing
2026-06-16 20:38:31, tokens_remaining: 1117, call: events, phase: playing
2026-06-16 20:38:31, tokens_remaining: 1118, call: scores, phase: playing
2026-06-16 20:38:32, tokens_remaining: 1116, call: scores, phase: playing
2026-06-16 20:38:32, tokens_remaining: 1116, call: scores, phase: playing
2026-06-16 20:38:33, tokens_remaining: 1116, call: scores, phase: playing
2026-06-16 20:38:33, tokens_remaining: 1116, call: scores, phase: playing
2026-06-16 20:38:33, tokens_remaining: 1115, call: scores, phase: playing
2026-06-16 20:38:34, tokens_remaining: 1115, call: scores, phase: playing
2026-06-16 20:38:34, tokens_remaining: 1115, call: scores, phase: playing
2026-06-16 20:38:34, tokens_remaining: 1115, call: scores, phase: playing
2026-06-16 20:38:35, tokens_remaining: 1114, call: events, phase: playing
2026-06-16 20:38:36, tokens_remaining: 1113, call: scores, phase: playing
2026-06-16 20:38:36, tokens_remaining: 1113, call: scores, phase: playing
2026-06-16 20:38:36, tokens_remaining: 1113, call: scores, phase: playing
2026-06-16 20:38:37, tokens_remaining: 1113, call: scores, phase: playing
2026-06-16 20:38:37, tokens_remaining: 1112, call: scores, phase: playing
2026-06-16 20:38:38, tokens_remaining: 1112, call: scores, phase: playing
2026-06-16 20:38:38, tokens_remaining: 1112, call: scores, phase: playing
2026-06-16 20:38:38, tokens_remaining: 1112, call: scores, phase: playing
2026-06-16 20:38:39, tokens_remaining: 1111, call: scores, phase: playing
2026-06-16 20:38:39, tokens_remaining: 1110, call: events, phase: playing
2026-06-16 20:38:40, tokens_remaining: 1111, call: scores, phase: playing
2026-06-16 20:38:40, tokens_remaining: 1109, call: scores, phase: playing
2026-06-16 20:38:41, tokens_remaining: 1109, call: scores, phase: playing
2026-06-16 20:38:41, tokens_remaining: 1109, call: scores, phase: playing
2026-06-16 20:38:41, tokens_remaining: 1109, call: scores, phase: playing
2026-06-16 20:38:42, tokens_remaining: 1108, call: scores, phase: playing
2026-06-16 20:38:42, tokens_remaining: 1108, call: scores, phase: playing
2026-06-16 20:38:42, tokens_remaining: 1108, call: scores, phase: playing
2026-06-16 20:38:43, tokens_remaining: 1108, call: scores, phase: playing
2026-06-16 20:38:43, tokens_remaining: 1107, call: events, phase: playing
2026-06-16 20:38:44, tokens_remaining: 1106, call: scores, phase: playing
2026-06-16 20:38:44, tokens_remaining: 1106, call: scores, phase: playing
2026-06-16 20:38:45, tokens_remaining: 1106, call: scores, phase: playing
2026-06-16 20:38:45, tokens_remaining: 1106, call: scores, phase: playing
2026-06-16 20:38:45, tokens_remaining: 1105, call: scores, phase: playing
2026-06-16 20:38:46, tokens_remaining: 1105, call: scores, phase: playing
2026-06-16 20:38:46, tokens_remaining: 1105, call: scores, phase: playing
2026-06-16 20:38:46, tokens_remaining: 1105, call: scores, phase: playing
2026-06-16 20:38:47, tokens_remaining: 1104, call: scores, phase: playing
2026-06-16 20:38:48, tokens_remaining: 1103, call: events, phase: playing
2026-06-16 20:38:48, tokens_remaining: 1104, call: scores, phase: playing
2026-06-16 20:38:48, tokens_remaining: 1102, call: scores, phase: playing
2026-06-16 20:38:49, tokens_remaining: 1102, call: scores, phase: playing
2026-06-16 20:38:49, tokens_remaining: 1102, call: scores, phase: playing
2026-06-16 20:38:49, tokens_remaining: 1102, call: scores, phase: playing
2026-06-16 20:38:50, tokens_remaining: 1101, call: scores, phase: playing
2026-06-16 20:38:50, tokens_remaining: 1101, call: scores, phase: playing
2026-06-16 20:38:51, tokens_remaining: 1101, call: scores, phase: playing
2026-06-16 20:38:51, tokens_remaining: 1101, call: scores, phase: playing
2026-06-16 20:38:51, tokens_remaining: 1100, call: events, phase: playing
2026-06-16 20:38:52, tokens_remaining: 1099, call: scores, phase: playing
2026-06-16 20:38:52, tokens_remaining: 1099, call: scores, phase: playing
2026-06-16 20:38:53, tokens_remaining: 1099, call: scores, phase: playing
2026-06-16 20:38:53, tokens_remaining: 1099, call: scores, phase: playing
2026-06-16 20:38:54, tokens_remaining: 1098, call: scores, phase: playing
2026-06-16 20:38:54, tokens_remaining: 1098, call: scores, phase: playing
2026-06-16 20:38:54, tokens_remaining: 1098, call: scores, phase: playing
2026-06-16 20:38:54, tokens_remaining: 1098, call: scores, phase: playing
2026-06-16 20:38:55, tokens_remaining: 1097, call: scores, phase: playing
2026-06-16 20:38:56, tokens_remaining: 1096, call: events, phase: playing
2026-06-16 20:38:56, tokens_remaining: 1097, call: scores, phase: playing
2026-06-16 20:38:56, tokens_remaining: 1095, call: scores, phase: playing
2026-06-16 20:38:57, tokens_remaining: 1095, call: scores, phase: playing
2026-06-16 20:38:57, tokens_remaining: 1095, call: scores, phase: playing
2026-06-16 20:38:57, tokens_remaining: 1095, call: scores, phase: playing
2026-06-16 20:38:58, tokens_remaining: 1094, call: scores, phase: playing
2026-06-16 20:38:58, tokens_remaining: 1094, call: scores, phase: playing
2026-06-16 20:38:59, tokens_remaining: 1094, call: scores, phase: playing
2026-06-16 20:38:59, tokens_remaining: 1094, call: scores, phase: playing
2026-06-16 20:39:00, tokens_remaining: 1093, call: events, phase: playing
2026-06-16 20:39:00, tokens_remaining: 1092, call: scores, phase: playing
2026-06-16 20:39:00, tokens_remaining: 1092, call: scores, phase: playing
2026-06-16 20:39:01, tokens_remaining: 1092, call: scores, phase: playing
2026-06-16 20:39:01, tokens_remaining: 1092, call: scores, phase: playing
2026-06-16 20:39:02, tokens_remaining: 1091, call: scores, phase: playing
2026-06-16 20:39:02, tokens_remaining: 1091, call: scores, phase: playing
2026-06-16 20:39:02, tokens_remaining: 1091, call: scores, phase: playing
2026-06-16 20:39:02, tokens_remaining: 1091, call: scores, phase: playing
2026-06-16 20:39:03, tokens_remaining: 1090, call: scores, phase: playing
2026-06-16 20:39:04, tokens_remaining: 1089, call: events, phase: playing
2026-06-16 20:39:04, tokens_remaining: 1090, call: scores, phase: playing
2026-06-16 20:39:05, tokens_remaining: 1088, call: scores, phase: playing
2026-06-16 20:39:05, tokens_remaining: 1088, call: scores, phase: playing
2026-06-16 20:39:06, tokens_remaining: 1088, call: scores, phase: playing
2026-06-16 20:39:06, tokens_remaining: 1088, call: scores, phase: playing
2026-06-16 20:39:06, tokens_remaining: 1087, call: scores, phase: playing
2026-06-16 20:39:07, tokens_remaining: 1087, call: scores, phase: playing
2026-06-16 20:39:07, tokens_remaining: 1087, call: scores, phase: playing
2026-06-16 20:39:07, tokens_remaining: 1087, call: scores, phase: playing
2026-06-16 20:39:08, tokens_remaining: 1086, call: events, phase: playing
2026-06-16 20:39:08, tokens_remaining: 1085, call: scores, phase: playing
2026-06-16 20:39:09, tokens_remaining: 1085, call: scores, phase: playing
2026-06-16 20:39:09, tokens_remaining: 1085, call: scores, phase: playing
2026-06-16 20:39:09, tokens_remaining: 1085, call: scores, phase: playing
2026-06-16 20:39:10, tokens_remaining: 1084, call: scores, phase: playing
2026-06-16 20:39:10, tokens_remaining: 1084, call: scores, phase: playing
2026-06-16 20:39:11, tokens_remaining: 1084, call: scores, phase: playing
2026-06-16 20:39:11, tokens_remaining: 1084, call: scores, phase: playing
2026-06-16 20:39:11, tokens_remaining: 1083, call: scores, phase: playing
2026-06-16 20:39:12, tokens_remaining: 1082, call: events, phase: playing
2026-06-16 20:39:12, tokens_remaining: 1083, call: scores, phase: playing
2026-06-16 20:39:13, tokens_remaining: 1081, call: scores, phase: playing
2026-06-16 20:39:13, tokens_remaining: 1081, call: scores, phase: playing
2026-06-16 20:39:13, tokens_remaining: 1081, call: scores, phase: playing
2026-06-16 20:39:14, tokens_remaining: 1081, call: scores, phase: playing
2026-06-16 20:39:14, tokens_remaining: 1080, call: scores, phase: playing
2026-06-16 20:39:14, tokens_remaining: 1080, call: scores, phase: playing
2026-06-16 20:39:15, tokens_remaining: 1080, call: scores, phase: playing
2026-06-16 20:39:15, tokens_remaining: 1080, call: scores, phase: playing
2026-06-16 20:39:16, tokens_remaining: 1079, call: events, phase: playing
2026-06-16 20:39:16, tokens_remaining: 1078, call: scores, phase: playing
2026-06-16 20:39:17, tokens_remaining: 1078, call: scores, phase: playing
2026-06-16 20:39:17, tokens_remaining: 1078, call: scores, phase: playing
2026-06-16 20:39:17, tokens_remaining: 1078, call: scores, phase: playing
2026-06-16 20:39:18, tokens_remaining: 1077, call: scores, phase: playing
2026-06-16 20:39:18, tokens_remaining: 1077, call: scores, phase: playing
2026-06-16 20:39:18, tokens_remaining: 1077, call: scores, phase: playing
2026-06-16 20:39:19, tokens_remaining: 1077, call: scores, phase: playing
2026-06-16 20:39:19, tokens_remaining: 1076, call: scores, phase: playing
2026-06-16 20:39:20, tokens_remaining: 1075, call: events, phase: playing
2026-06-16 20:39:20, tokens_remaining: 1074, call: scores, phase: playing
2026-06-16 20:39:21, tokens_remaining: 1074, call: scores, phase: playing
2026-06-16 20:39:21, tokens_remaining: 1074, call: scores, phase: playing
2026-06-16 20:39:21, tokens_remaining: 1074, call: scores, phase: playing
2026-06-16 20:39:22, tokens_remaining: 1073, call: scores, phase: playing
2026-06-16 20:39:22, tokens_remaining: 1073, call: scores, phase: playing
2026-06-16 20:39:23, tokens_remaining: 1073, call: scores, phase: playing
2026-06-16 20:39:23, tokens_remaining: 1073, call: scores, phase: playing
2026-06-16 20:39:23, tokens_remaining: 1072, call: scores, phase: playing
2026-06-16 20:39:24, tokens_remaining: 1071, call: events, phase: playing
2026-06-16 20:39:24, tokens_remaining: 1072, call: scores, phase: playing
2026-06-16 20:39:25, tokens_remaining: 1070, call: scores, phase: playing
2026-06-16 20:39:25, tokens_remaining: 1070, call: scores, phase: playing
2026-06-16 20:39:25, tokens_remaining: 1070, call: scores, phase: playing
2026-06-16 20:39:26, tokens_remaining: 1070, call: scores, phase: playing
2026-06-16 20:39:26, tokens_remaining: 1069, call: scores, phase: playing
2026-06-16 20:39:27, tokens_remaining: 1069, call: scores, phase: playing
2026-06-16 20:39:27, tokens_remaining: 1069, call: scores, phase: playing
2026-06-16 20:39:27, tokens_remaining: 1069, call: scores, phase: playing
2026-06-16 20:39:28, tokens_remaining: 1068, call: events, phase: playing
2026-06-16 20:39:28, tokens_remaining: 1067, call: scores, phase: playing
2026-06-16 20:39:28, tokens_remaining: 1067, call: scores, phase: playing
2026-06-16 20:39:29, tokens_remaining: 1067, call: scores, phase: playing
2026-06-16 20:39:29, tokens_remaining: 1067, call: scores, phase: playing
2026-06-16 20:39:30, tokens_remaining: 1066, call: scores, phase: playing
2026-06-16 20:39:30, tokens_remaining: 1066, call: scores, phase: playing
2026-06-16 20:39:30, tokens_remaining: 1066, call: scores, phase: playing
2026-06-16 20:39:30, tokens_remaining: 1066, call: scores, phase: playing
2026-06-16 20:39:31, tokens_remaining: 1065, call: scores, phase: playing
2026-06-16 20:39:32, tokens_remaining: 1064, call: events, phase: playing
2026-06-16 20:39:32, tokens_remaining: 1065, call: scores, phase: playing
2026-06-16 20:39:32, tokens_remaining: 1063, call: scores, phase: playing
2026-06-16 20:39:33, tokens_remaining: 1063, call: scores, phase: playing
2026-06-16 20:39:33, tokens_remaining: 1063, call: scores, phase: playing
2026-06-16 20:39:33, tokens_remaining: 1063, call: scores, phase: playing
2026-06-16 20:39:34, tokens_remaining: 1062, call: scores, phase: playing
2026-06-16 20:39:34, tokens_remaining: 1062, call: scores, phase: playing
2026-06-16 20:39:34, tokens_remaining: 1062, call: scores, phase: playing
2026-06-16 20:39:35, tokens_remaining: 1062, call: scores, phase: playing
2026-06-16 20:39:35, tokens_remaining: 1061, call: events, phase: playing
2026-06-16 20:39:36, tokens_remaining: 1060, call: scores, phase: playing
2026-06-16 20:39:36, tokens_remaining: 1060, call: scores, phase: playing
2026-06-16 20:39:36, tokens_remaining: 1060, call: scores, phase: playing
2026-06-16 20:39:37, tokens_remaining: 1060, call: scores, phase: playing
2026-06-16 20:39:37, tokens_remaining: 1059, call: scores, phase: playing
2026-06-16 20:39:37, tokens_remaining: 1059, call: scores, phase: playing
2026-06-16 20:39:38, tokens_remaining: 1059, call: scores, phase: playing
2026-06-16 20:39:38, tokens_remaining: 1059, call: scores, phase: playing
2026-06-16 20:39:38, tokens_remaining: 1058, call: scores, phase: playing
2026-06-16 20:39:39, tokens_remaining: 1057, call: events, phase: playing
2026-06-16 20:39:39, tokens_remaining: 1058, call: scores, phase: playing
2026-06-16 20:39:40, tokens_remaining: 1056, call: scores, phase: playing
2026-06-16 20:39:40, tokens_remaining: 1056, call: scores, phase: playing
2026-06-16 20:39:40, tokens_remaining: 1056, call: scores, phase: playing
2026-06-16 20:39:41, tokens_remaining: 1056, call: scores, phase: playing
2026-06-16 20:39:41, tokens_remaining: 1055, call: scores, phase: playing
2026-06-16 20:39:42, tokens_remaining: 1055, call: scores, phase: playing
2026-06-16 20:39:42, tokens_remaining: 1055, call: scores, phase: playing
2026-06-16 20:39:42, tokens_remaining: 1055, call: scores, phase: playing
2026-06-16 20:39:43, tokens_remaining: 1054, call: events, phase: playing
2026-06-16 20:39:43, tokens_remaining: 1053, call: scores, phase: playing
2026-06-16 20:39:43, tokens_remaining: 1053, call: scores, phase: playing
2026-06-16 20:39:44, tokens_remaining: 1053, call: scores, phase: playing
2026-06-16 20:39:44, tokens_remaining: 1053, call: scores, phase: playing
2026-06-16 20:39:44, tokens_remaining: 1052, call: scores, phase: playing
2026-06-16 20:39:45, tokens_remaining: 1052, call: scores, phase: playing
2026-06-16 20:39:45, tokens_remaining: 1052, call: scores, phase: playing
2026-06-16 20:39:45, tokens_remaining: 1052, call: scores, phase: playing
2026-06-16 20:39:46, tokens_remaining: 1051, call: scores, phase: playing
2026-06-16 20:39:46, tokens_remaining: 1050, call: events, phase: playing
2026-06-16 20:39:47, tokens_remaining: 1051, call: scores, phase: playing
2026-06-16 20:39:47, tokens_remaining: 1049, call: scores, phase: playing
2026-06-16 20:39:47, tokens_remaining: 1049, call: scores, phase: playing
2026-06-16 20:39:48, tokens_remaining: 1049, call: scores, phase: playing
2026-06-16 20:39:48, tokens_remaining: 1049, call: scores, phase: playing
2026-06-16 20:39:49, tokens_remaining: 1048, call: scores, phase: playing
2026-06-16 20:39:49, tokens_remaining: 1048, call: scores, phase: playing
2026-06-16 20:39:49, tokens_remaining: 1048, call: scores, phase: playing
2026-06-16 20:39:50, tokens_remaining: 1048, call: scores, phase: playing
2026-06-16 20:39:50, tokens_remaining: 1047, call: events, phase: playing
2026-06-16 20:39:51, tokens_remaining: 1046, call: scores, phase: playing
2026-06-16 20:39:51, tokens_remaining: 1046, call: scores, phase: playing
2026-06-16 20:39:51, tokens_remaining: 1046, call: scores, phase: playing
2026-06-16 20:39:51, tokens_remaining: 1046, call: scores, phase: playing
2026-06-16 20:39:52, tokens_remaining: 1045, call: scores, phase: playing
2026-06-16 20:39:52, tokens_remaining: 1045, call: scores, phase: playing
2026-06-16 20:39:53, tokens_remaining: 1045, call: scores, phase: playing
2026-06-16 20:39:53, tokens_remaining: 1045, call: scores, phase: playing
2026-06-16 20:39:53, tokens_remaining: 1044, call: scores, phase: playing
2026-06-16 20:39:54, tokens_remaining: 1043, call: events, phase: playing
2026-06-16 20:39:54, tokens_remaining: 1044, call: scores, phase: playing
2026-06-16 20:39:55, tokens_remaining: 1042, call: scores, phase: playing
2026-06-16 20:39:55, tokens_remaining: 1042, call: scores, phase: playing
2026-06-16 20:39:55, tokens_remaining: 1042, call: scores, phase: playing
2026-06-16 20:39:56, tokens_remaining: 1042, call: scores, phase: playing
2026-06-16 20:39:56, tokens_remaining: 1041, call: scores, phase: playing
2026-06-16 20:39:56, tokens_remaining: 1041, call: scores, phase: playing
2026-06-16 20:39:57, tokens_remaining: 1041, call: scores, phase: playing
2026-06-16 20:39:57, tokens_remaining: 1041, call: scores, phase: playing
2026-06-16 20:39:57, tokens_remaining: 1040, call: events, phase: playing
2026-06-16 20:39:58, tokens_remaining: 1039, call: scores, phase: playing
2026-06-16 20:39:58, tokens_remaining: 1039, call: scores, phase: playing
2026-06-16 20:39:58, tokens_remaining: 1039, call: scores, phase: playing
2026-06-16 20:39:59, tokens_remaining: 1039, call: scores, phase: playing
2026-06-16 20:40:00, tokens_remaining: 1038, call: scores, phase: playing
2026-06-16 20:40:00, tokens_remaining: 1038, call: scores, phase: playing
2026-06-16 20:40:00, tokens_remaining: 1038, call: scores, phase: playing
2026-06-16 20:40:00, tokens_remaining: 1038, call: scores, phase: playing
2026-06-16 20:40:01, tokens_remaining: 1037, call: scores, phase: playing
2026-06-16 20:40:02, tokens_remaining: 1036, call: events, phase: playing
2026-06-16 20:40:02, tokens_remaining: 1037, call: scores, phase: playing
2026-06-16 20:40:02, tokens_remaining: 1035, call: scores, phase: playing
2026-06-16 20:40:03, tokens_remaining: 1035, call: scores, phase: playing
2026-06-16 20:40:03, tokens_remaining: 1035, call: scores, phase: playing
2026-06-16 20:40:03, tokens_remaining: 1035, call: scores, phase: playing
2026-06-16 20:40:04, tokens_remaining: 1034, call: scores, phase: playing
2026-06-16 20:40:04, tokens_remaining: 1034, call: scores, phase: playing
2026-06-16 20:40:04, tokens_remaining: 1034, call: scores, phase: playing
2026-06-16 20:40:05, tokens_remaining: 1034, call: scores, phase: playing
2026-06-16 20:40:05, tokens_remaining: 1033, call: events, phase: playing
2026-06-16 20:40:06, tokens_remaining: 1032, call: scores, phase: playing
2026-06-16 20:40:06, tokens_remaining: 1032, call: scores, phase: playing
2026-06-16 20:40:06, tokens_remaining: 1032, call: scores, phase: playing
2026-06-16 20:40:06, tokens_remaining: 1032, call: scores, phase: playing
2026-06-16 20:40:07, tokens_remaining: 1031, call: scores, phase: playing
2026-06-16 20:40:07, tokens_remaining: 1031, call: scores, phase: playing
2026-06-16 20:40:07, tokens_remaining: 1031, call: scores, phase: playing
2026-06-16 20:40:08, tokens_remaining: 1031, call: scores, phase: playing
2026-06-16 20:40:08, tokens_remaining: 1030, call: scores, phase: playing
2026-06-16 20:40:09, tokens_remaining: 1029, call: events, phase: playing
2026-06-16 20:40:09, tokens_remaining: 1030, call: scores, phase: playing
2026-06-16 20:40:10, tokens_remaining: 1028, call: scores, phase: playing
2026-06-16 20:40:10, tokens_remaining: 1028, call: scores, phase: playing
2026-06-16 20:40:10, tokens_remaining: 1028, call: scores, phase: playing
2026-06-16 20:40:10, tokens_remaining: 1028, call: scores, phase: playing
2026-06-16 20:40:11, tokens_remaining: 1027, call: scores, phase: playing
2026-06-16 20:40:11, tokens_remaining: 1027, call: scores, phase: playing
2026-06-16 20:40:11, tokens_remaining: 1027, call: scores, phase: playing
2026-06-16 20:40:12, tokens_remaining: 1027, call: scores, phase: playing
2026-06-16 20:40:12, tokens_remaining: 1026, call: events, phase: playing
2026-06-16 20:40:13, tokens_remaining: 1025, call: scores, phase: playing
2026-06-16 20:40:13, tokens_remaining: 1025, call: scores, phase: playing
2026-06-16 20:40:13, tokens_remaining: 1025, call: scores, phase: playing
2026-06-16 20:40:13, tokens_remaining: 1025, call: scores, phase: playing
2026-06-16 20:40:14, tokens_remaining: 1024, call: scores, phase: playing
2026-06-16 20:40:14, tokens_remaining: 1024, call: scores, phase: playing
2026-06-16 20:40:15, tokens_remaining: 1024, call: scores, phase: playing
2026-06-16 20:40:15, tokens_remaining: 1024, call: scores, phase: playing
2026-06-16 20:40:15, tokens_remaining: 1024, call: scores, phase: playing
2026-06-16 20:40:16, tokens_remaining: 1023, call: events, phase: playing
2026-06-16 20:40:16, tokens_remaining: 1022, call: scores, phase: playing
2026-06-16 20:40:16, tokens_remaining: 1022, call: scores, phase: playing
2026-06-16 20:40:17, tokens_remaining: 1022, call: scores, phase: playing
2026-06-16 20:40:17, tokens_remaining: 1022, call: scores, phase: playing
2026-06-16 20:40:17, tokens_remaining: 1021, call: scores, phase: playing
2026-06-16 20:40:18, tokens_remaining: 1021, call: scores, phase: playing
2026-06-16 20:40:18, tokens_remaining: 1021, call: scores, phase: playing
2026-06-16 20:40:18, tokens_remaining: 1021, call: scores, phase: playing
2026-06-16 20:40:19, tokens_remaining: 1020, call: scores, phase: playing
2026-06-16 20:40:19, tokens_remaining: 1019, call: events, phase: playing
2026-06-16 20:40:20, tokens_remaining: 1020, call: scores, phase: playing
2026-06-16 20:40:20, tokens_remaining: 1018, call: scores, phase: playing
2026-06-16 20:40:20, tokens_remaining: 1018, call: scores, phase: playing
2026-06-16 20:40:21, tokens_remaining: 1018, call: scores, phase: playing
2026-06-16 20:40:21, tokens_remaining: 1018, call: scores, phase: playing
2026-06-16 20:40:21, tokens_remaining: 1018, call: scores, phase: playing
2026-06-16 20:40:22, tokens_remaining: 1017, call: scores, phase: playing
2026-06-16 20:40:22, tokens_remaining: 1017, call: scores, phase: playing
2026-06-16 20:40:22, tokens_remaining: 1017, call: scores, phase: playing
2026-06-16 20:40:23, tokens_remaining: 1016, call: events, phase: playing
2026-06-16 20:40:23, tokens_remaining: 1015, call: scores, phase: playing
2026-06-16 20:40:24, tokens_remaining: 1015, call: scores, phase: playing
2026-06-16 20:40:24, tokens_remaining: 1015, call: scores, phase: playing
2026-06-16 20:40:24, tokens_remaining: 1015, call: scores, phase: playing
2026-06-16 20:40:24, tokens_remaining: 1015, call: scores, phase: playing
2026-06-16 20:40:25, tokens_remaining: 1014, call: scores, phase: playing
2026-06-16 20:40:26, tokens_remaining: 1013, call: scores, phase: playing
2026-06-16 20:40:27, tokens_remaining: 1013, call: scores, phase: playing
2026-06-16 20:40:27, tokens_remaining: 1013, call: scores, phase: playing
2026-06-16 20:40:27, tokens_remaining: 1012, call: events, phase: playing
2026-06-16 20:40:28, tokens_remaining: 1011, call: scores, phase: playing
2026-06-16 20:40:28, tokens_remaining: 1011, call: scores, phase: playing
2026-06-16 20:40:28, tokens_remaining: 1011, call: scores, phase: playing
2026-06-16 20:40:29, tokens_remaining: 1011, call: scores, phase: playing
2026-06-16 20:40:29, tokens_remaining: 1011, call: scores, phase: playing
2026-06-16 20:40:29, tokens_remaining: 1010, call: scores, phase: playing
2026-06-16 20:40:30, tokens_remaining: 1010, call: scores, phase: playing
2026-06-16 20:40:30, tokens_remaining: 1010, call: scores, phase: playing
2026-06-16 20:40:30, tokens_remaining: 1010, call: scores, phase: playing
2026-06-16 20:40:31, tokens_remaining: 1009, call: events, phase: playing
2026-06-16 20:40:31, tokens_remaining: 1008, call: scores, phase: playing
2026-06-16 20:40:31, tokens_remaining: 1008, call: scores, phase: playing
2026-06-16 20:40:32, tokens_remaining: 1008, call: scores, phase: playing
2026-06-16 20:40:32, tokens_remaining: 1008, call: scores, phase: playing
2026-06-16 20:40:32, tokens_remaining: 1008, call: scores, phase: playing
2026-06-16 20:40:33, tokens_remaining: 1007, call: scores, phase: playing
2026-06-16 20:40:33, tokens_remaining: 1007, call: scores, phase: playing
2026-06-16 20:40:33, tokens_remaining: 1007, call: scores, phase: playing
2026-06-16 20:40:33, tokens_remaining: 1007, call: scores, phase: playing
2026-06-16 20:40:34, tokens_remaining: 1006, call: events, phase: playing
2026-06-16 20:40:34, tokens_remaining: 1005, call: scores, phase: playing
2026-06-16 20:40:34, tokens_remaining: 1005, call: scores, phase: playing
2026-06-16 20:40:35, tokens_remaining: 1005, call: scores, phase: playing
2026-06-16 20:40:35, tokens_remaining: 1005, call: scores, phase: playing
2026-06-16 20:40:35, tokens_remaining: 1005, call: scores, phase: playing
2026-06-16 20:40:36, tokens_remaining: 1004, call: scores, phase: playing
2026-06-16 20:40:36, tokens_remaining: 1004, call: scores, phase: playing
2026-06-16 20:40:36, tokens_remaining: 1004, call: scores, phase: playing
2026-06-16 20:40:36, tokens_remaining: 1004, call: scores, phase: playing
2026-06-16 20:40:37, tokens_remaining: 1003, call: events, phase: playing
2026-06-16 20:40:37, tokens_remaining: 1002, call: scores, phase: playing
2026-06-16 20:40:38, tokens_remaining: 1002, call: scores, phase: playing
2026-06-16 20:40:38, tokens_remaining: 1002, call: scores, phase: playing
2026-06-16 20:40:38, tokens_remaining: 1002, call: scores, phase: playing
2026-06-16 20:40:38, tokens_remaining: 1002, call: scores, phase: playing
2026-06-16 20:40:39, tokens_remaining: 1001, call: scores, phase: playing
2026-06-16 20:40:39, tokens_remaining: 1001, call: scores, phase: playing
2026-06-16 20:40:39, tokens_remaining: 1001, call: scores, phase: playing
2026-06-16 20:40:39, tokens_remaining: 1001, call: scores, phase: playing
2026-06-16 20:40:40, tokens_remaining: 1000, call: events, phase: playing
2026-06-16 20:40:40, tokens_remaining: 999, call: scores, phase: playing
2026-06-16 20:40:41, tokens_remaining: 999, call: scores, phase: playing
2026-06-16 20:40:41, tokens_remaining: 999, call: scores, phase: playing
2026-06-16 20:40:41, tokens_remaining: 999, call: scores, phase: playing
2026-06-16 20:40:41, tokens_remaining: 999, call: scores, phase: playing
2026-06-16 20:40:42, tokens_remaining: 998, call: scores, phase: playing
2026-06-16 20:40:42, tokens_remaining: 998, call: scores, phase: playing
2026-06-16 20:40:42, tokens_remaining: 998, call: scores, phase: playing
2026-06-16 20:40:43, tokens_remaining: 998, call: scores, phase: playing
2026-06-16 20:40:43, tokens_remaining: 997, call: events, phase: playing
2026-06-16 20:40:44, tokens_remaining: 996, call: scores, phase: playing
2026-06-16 20:40:44, tokens_remaining: 996, call: scores, phase: playing
2026-06-16 20:40:44, tokens_remaining: 996, call: scores, phase: playing
2026-06-16 20:40:44, tokens_remaining: 996, call: scores, phase: playing
2026-06-16 20:40:45, tokens_remaining: 996, call: scores, phase: playing
2026-06-16 20:40:45, tokens_remaining: 995, call: scores, phase: playing
2026-06-16 20:40:45, tokens_remaining: 995, call: scores, phase: playing
2026-06-16 20:40:46, tokens_remaining: 995, call: scores, phase: playing
2026-06-16 20:40:46, tokens_remaining: 995, call: scores, phase: playing
2026-06-16 20:40:46, tokens_remaining: 994, call: events, phase: playing
2026-06-16 20:40:47, tokens_remaining: 993, call: scores, phase: playing
2026-06-16 20:40:47, tokens_remaining: 993, call: scores, phase: playing
2026-06-16 20:40:47, tokens_remaining: 993, call: scores, phase: playing
2026-06-16 20:40:48, tokens_remaining: 993, call: scores, phase: playing
2026-06-16 20:40:48, tokens_remaining: 993, call: scores, phase: playing
2026-06-16 20:40:48, tokens_remaining: 992, call: scores, phase: playing
2026-06-16 20:40:48, tokens_remaining: 992, call: scores, phase: playing
2026-06-16 20:40:49, tokens_remaining: 992, call: scores, phase: playing
2026-06-16 20:40:49, tokens_remaining: 992, call: scores, phase: playing
2026-06-16 20:40:49, tokens_remaining: 991, call: events, phase: playing
2026-06-16 20:40:50, tokens_remaining: 990, call: scores, phase: playing
2026-06-16 20:40:50, tokens_remaining: 990, call: scores, phase: playing
2026-06-16 20:40:50, tokens_remaining: 990, call: scores, phase: playing
2026-06-16 20:40:51, tokens_remaining: 990, call: scores, phase: playing
2026-06-16 20:40:51, tokens_remaining: 990, call: scores, phase: playing
2026-06-16 20:40:51, tokens_remaining: 989, call: scores, phase: playing
2026-06-16 20:40:51, tokens_remaining: 989, call: scores, phase: playing
2026-06-16 20:40:52, tokens_remaining: 989, call: scores, phase: playing
2026-06-16 20:40:52, tokens_remaining: 989, call: scores, phase: playing
2026-06-16 20:40:52, tokens_remaining: 988, call: events, phase: playing
2026-06-16 20:40:53, tokens_remaining: 987, call: scores, phase: playing
2026-06-16 20:40:53, tokens_remaining: 987, call: scores, phase: playing
2026-06-16 20:40:53, tokens_remaining: 987, call: scores, phase: playing
2026-06-16 20:40:54, tokens_remaining: 987, call: scores, phase: playing
2026-06-16 20:40:54, tokens_remaining: 987, call: scores, phase: playing
2026-06-16 20:40:54, tokens_remaining: 986, call: scores, phase: playing
2026-06-16 20:40:55, tokens_remaining: 986, call: scores, phase: playing
2026-06-16 20:40:55, tokens_remaining: 986, call: scores, phase: playing
2026-06-16 20:40:55, tokens_remaining: 986, call: scores, phase: playing
2026-06-16 20:40:56, tokens_remaining: 985, call: events, phase: playing
2026-06-16 20:40:56, tokens_remaining: 984, call: scores, phase: playing
2026-06-16 20:40:56, tokens_remaining: 984, call: scores, phase: playing
2026-06-16 20:40:57, tokens_remaining: 984, call: scores, phase: playing
2026-06-16 20:40:57, tokens_remaining: 984, call: scores, phase: playing
2026-06-16 20:40:57, tokens_remaining: 984, call: scores, phase: playing
2026-06-16 20:40:58, tokens_remaining: 983, call: scores, phase: playing
2026-06-16 20:40:58, tokens_remaining: 983, call: scores, phase: playing
2026-06-16 20:40:58, tokens_remaining: 983, call: scores, phase: playing
2026-06-16 20:40:58, tokens_remaining: 983, call: scores, phase: playing
2026-06-16 20:40:59, tokens_remaining: 982, call: events, phase: playing
2026-06-16 20:40:59, tokens_remaining: 981, call: scores, phase: playing
2026-06-16 20:40:59, tokens_remaining: 981, call: scores, phase: playing
2026-06-16 20:41:00, tokens_remaining: 981, call: scores, phase: playing
2026-06-16 20:41:00, tokens_remaining: 981, call: scores, phase: playing
2026-06-16 20:41:00, tokens_remaining: 981, call: scores, phase: playing
2026-06-16 20:41:01, tokens_remaining: 980, call: scores, phase: playing
2026-06-16 20:41:01, tokens_remaining: 980, call: scores, phase: playing
2026-06-16 20:41:01, tokens_remaining: 980, call: scores, phase: playing
2026-06-16 20:41:01, tokens_remaining: 980, call: scores, phase: playing
2026-06-16 20:41:02, tokens_remaining: 979, call: events, phase: playing
2026-06-16 20:41:02, tokens_remaining: 978, call: scores, phase: playing
2026-06-16 20:41:02, tokens_remaining: 978, call: scores, phase: playing
2026-06-16 20:41:03, tokens_remaining: 978, call: scores, phase: playing
2026-06-16 20:41:03, tokens_remaining: 978, call: scores, phase: playing
2026-06-16 20:41:03, tokens_remaining: 978, call: scores, phase: playing
2026-06-16 20:41:03, tokens_remaining: 977, call: scores, phase: playing
2026-06-16 20:41:04, tokens_remaining: 977, call: scores, phase: playing
2026-06-16 20:41:04, tokens_remaining: 977, call: scores, phase: playing
2026-06-16 20:41:04, tokens_remaining: 977, call: scores, phase: playing
2026-06-16 20:41:05, tokens_remaining: 976, call: events, phase: playing
2026-06-16 20:41:05, tokens_remaining: 975, call: scores, phase: playing
2026-06-16 20:41:05, tokens_remaining: 975, call: scores, phase: playing
2026-06-16 20:41:05, tokens_remaining: 975, call: scores, phase: playing
2026-06-16 20:41:06, tokens_remaining: 975, call: scores, phase: playing
2026-06-16 20:41:06, tokens_remaining: 975, call: scores, phase: playing
2026-06-16 20:41:06, tokens_remaining: 974, call: scores, phase: playing
2026-06-16 20:41:06, tokens_remaining: 974, call: scores, phase: playing
2026-06-16 20:41:07, tokens_remaining: 974, call: scores, phase: playing
2026-06-16 20:41:07, tokens_remaining: 974, call: scores, phase: playing
2026-06-16 20:41:07, tokens_remaining: 973, call: events, phase: playing
2026-06-16 20:41:08, tokens_remaining: 972, call: scores, phase: playing
2026-06-16 20:41:08, tokens_remaining: 972, call: scores, phase: playing
2026-06-16 20:41:08, tokens_remaining: 972, call: scores, phase: playing
2026-06-16 20:41:08, tokens_remaining: 972, call: scores, phase: playing
2026-06-16 20:41:09, tokens_remaining: 972, call: scores, phase: playing
2026-06-16 20:41:09, tokens_remaining: 971, call: scores, phase: playing
2026-06-16 20:41:09, tokens_remaining: 971, call: scores, phase: playing
2026-06-16 20:41:10, tokens_remaining: 971, call: scores, phase: playing
2026-06-16 20:41:10, tokens_remaining: 971, call: scores, phase: playing
2026-06-16 20:41:10, tokens_remaining: 970, call: events, phase: playing
2026-06-16 20:41:11, tokens_remaining: 969, call: scores, phase: playing
2026-06-16 20:41:11, tokens_remaining: 969, call: scores, phase: playing
2026-06-16 20:41:11, tokens_remaining: 969, call: scores, phase: playing
2026-06-16 20:41:11, tokens_remaining: 969, call: scores, phase: playing
2026-06-16 20:41:12, tokens_remaining: 969, call: scores, phase: playing
2026-06-16 20:41:12, tokens_remaining: 968, call: scores, phase: playing
2026-06-16 20:41:12, tokens_remaining: 968, call: scores, phase: playing
2026-06-16 20:41:12, tokens_remaining: 968, call: scores, phase: playing
2026-06-16 20:41:13, tokens_remaining: 968, call: scores, phase: playing
2026-06-16 20:41:13, tokens_remaining: 967, call: events, phase: playing
2026-06-16 20:41:14, tokens_remaining: 966, call: scores, phase: playing
2026-06-16 20:41:14, tokens_remaining: 966, call: scores, phase: playing
2026-06-16 20:41:14, tokens_remaining: 966, call: scores, phase: playing
2026-06-16 20:41:14, tokens_remaining: 966, call: scores, phase: playing
2026-06-16 20:41:14, tokens_remaining: 966, call: scores, phase: playing
2026-06-16 20:41:15, tokens_remaining: 965, call: scores, phase: playing
2026-06-16 20:41:15, tokens_remaining: 965, call: scores, phase: playing
2026-06-16 20:41:15, tokens_remaining: 965, call: scores, phase: playing
2026-06-16 20:41:16, tokens_remaining: 965, call: scores, phase: playing
2026-06-16 20:41:16, tokens_remaining: 964, call: events, phase: playing
2026-06-16 20:41:16, tokens_remaining: 963, call: scores, phase: playing
2026-06-16 20:41:17, tokens_remaining: 963, call: scores, phase: playing
2026-06-16 20:41:17, tokens_remaining: 963, call: scores, phase: playing
2026-06-16 20:41:17, tokens_remaining: 963, call: scores, phase: playing
2026-06-16 20:41:17, tokens_remaining: 963, call: scores, phase: playing
2026-06-16 20:41:17, tokens_remaining: 963, call: scores, phase: playing
2026-06-16 20:41:18, tokens_remaining: 962, call: scores, phase: playing
2026-06-16 20:41:18, tokens_remaining: 962, call: scores, phase: playing
2026-06-16 20:41:18, tokens_remaining: 962, call: scores, phase: playing
2026-06-16 20:41:19, tokens_remaining: 961, call: events, phase: playing
2026-06-16 20:41:19, tokens_remaining: 960, call: scores, phase: playing
2026-06-16 20:41:19, tokens_remaining: 960, call: scores, phase: playing
2026-06-16 20:41:20, tokens_remaining: 960, call: scores, phase: playing
2026-06-16 20:41:20, tokens_remaining: 960, call: scores, phase: playing
2026-06-16 20:41:20, tokens_remaining: 960, call: scores, phase: playing
2026-06-16 20:41:20, tokens_remaining: 959, call: scores, phase: playing
2026-06-16 20:41:21, tokens_remaining: 959, call: scores, phase: playing
2026-06-16 20:41:21, tokens_remaining: 959, call: scores, phase: playing
2026-06-16 20:41:21, tokens_remaining: 959, call: scores, phase: playing
2026-06-16 20:41:22, tokens_remaining: 958, call: events, phase: playing
2026-06-16 20:41:22, tokens_remaining: 957, call: scores, phase: playing
2026-06-16 20:41:22, tokens_remaining: 957, call: scores, phase: playing
2026-06-16 20:41:23, tokens_remaining: 957, call: scores, phase: playing
2026-06-16 20:41:23, tokens_remaining: 957, call: scores, phase: playing
2026-06-16 20:41:23, tokens_remaining: 957, call: scores, phase: playing
2026-06-16 20:41:23, tokens_remaining: 957, call: scores, phase: playing
2026-06-16 20:41:24, tokens_remaining: 956, call: scores, phase: playing
2026-06-16 20:41:24, tokens_remaining: 956, call: scores, phase: playing
2026-06-16 20:41:24, tokens_remaining: 956, call: scores, phase: playing
2026-06-16 20:41:24, tokens_remaining: 955, call: events, phase: playing
2026-06-16 20:41:25, tokens_remaining: 954, call: scores, phase: playing
2026-06-16 20:41:25, tokens_remaining: 954, call: scores, phase: playing
2026-06-16 20:41:25, tokens_remaining: 954, call: scores, phase: playing
2026-06-16 20:41:26, tokens_remaining: 954, call: scores, phase: playing
2026-06-16 20:41:26, tokens_remaining: 954, call: scores, phase: playing
2026-06-16 20:41:26, tokens_remaining: 953, call: scores, phase: playing
2026-06-16 20:41:26, tokens_remaining: 953, call: scores, phase: playing
2026-06-16 20:41:27, tokens_remaining: 953, call: scores, phase: playing
2026-06-16 20:41:27, tokens_remaining: 953, call: scores, phase: playing
2026-06-16 20:41:27, tokens_remaining: 952, call: events, phase: playing
2026-06-16 20:41:28, tokens_remaining: 951, call: scores, phase: playing
2026-06-16 20:41:28, tokens_remaining: 951, call: scores, phase: playing
2026-06-16 20:41:28, tokens_remaining: 951, call: scores, phase: playing
2026-06-16 20:41:28, tokens_remaining: 951, call: scores, phase: playing
2026-06-16 20:41:28, tokens_remaining: 951, call: scores, phase: playing
2026-06-16 20:41:29, tokens_remaining: 951, call: scores, phase: playing
2026-06-16 20:41:29, tokens_remaining: 950, call: scores, phase: playing
2026-06-16 20:41:29, tokens_remaining: 950, call: scores, phase: playing
2026-06-16 20:41:29, tokens_remaining: 950, call: scores, phase: playing
2026-06-16 20:41:30, tokens_remaining: 949, call: events, phase: playing
2026-06-16 20:41:30, tokens_remaining: 948, call: scores, phase: playing
2026-06-16 20:41:31, tokens_remaining: 948, call: scores, phase: playing
2026-06-16 20:41:31, tokens_remaining: 948, call: scores, phase: playing
2026-06-16 20:41:31, tokens_remaining: 948, call: scores, phase: playing
2026-06-16 20:41:31, tokens_remaining: 948, call: scores, phase: playing
2026-06-16 20:41:31, tokens_remaining: 948, call: scores, phase: playing
2026-06-16 20:41:32, tokens_remaining: 947, call: scores, phase: playing
2026-06-16 20:41:32, tokens_remaining: 947, call: scores, phase: playing
2026-06-16 20:41:32, tokens_remaining: 947, call: scores, phase: playing
2026-06-16 20:41:33, tokens_remaining: 946, call: events, phase: playing
2026-06-16 20:41:33, tokens_remaining: 945, call: scores, phase: playing
2026-06-16 20:41:33, tokens_remaining: 945, call: scores, phase: playing
2026-06-16 20:41:33, tokens_remaining: 945, call: scores, phase: playing
2026-06-16 20:41:34, tokens_remaining: 945, call: scores, phase: playing
2026-06-16 20:41:34, tokens_remaining: 945, call: scores, phase: playing
2026-06-16 20:41:34, tokens_remaining: 945, call: scores, phase: playing
2026-06-16 20:41:34, tokens_remaining: 944, call: scores, phase: playing
2026-06-16 20:41:35, tokens_remaining: 944, call: scores, phase: playing
2026-06-16 20:41:35, tokens_remaining: 944, call: scores, phase: playing
2026-06-16 20:41:35, tokens_remaining: 943, call: events, phase: playing
2026-06-16 20:41:36, tokens_remaining: 942, call: scores, phase: playing
2026-06-16 20:41:36, tokens_remaining: 942, call: scores, phase: playing
2026-06-16 20:41:36, tokens_remaining: 942, call: scores, phase: playing
2026-06-16 20:41:36, tokens_remaining: 942, call: scores, phase: playing
2026-06-16 20:41:36, tokens_remaining: 942, call: scores, phase: playing
2026-06-16 20:41:36, tokens_remaining: 942, call: scores, phase: playing
2026-06-16 20:41:37, tokens_remaining: 941, call: scores, phase: playing
2026-06-16 20:41:37, tokens_remaining: 941, call: scores, phase: playing
2026-06-16 20:41:37, tokens_remaining: 941, call: scores, phase: playing
2026-06-16 20:41:38, tokens_remaining: 940, call: events, phase: playing
2026-06-16 20:41:38, tokens_remaining: 939, call: scores, phase: playing
2026-06-16 20:41:38, tokens_remaining: 939, call: scores, phase: playing
2026-06-16 20:41:39, tokens_remaining: 939, call: scores, phase: playing
2026-06-16 20:41:39, tokens_remaining: 939, call: scores, phase: playing
2026-06-16 20:41:39, tokens_remaining: 939, call: scores, phase: playing
2026-06-16 20:41:39, tokens_remaining: 939, call: scores, phase: playing
2026-06-16 20:41:40, tokens_remaining: 938, call: scores, phase: playing
2026-06-16 20:41:40, tokens_remaining: 938, call: scores, phase: playing
2026-06-16 20:41:40, tokens_remaining: 938, call: scores, phase: playing
2026-06-16 20:41:40, tokens_remaining: 937, call: events, phase: playing
2026-06-16 20:41:41, tokens_remaining: 936, call: scores, phase: playing
2026-06-16 20:41:41, tokens_remaining: 936, call: scores, phase: playing
2026-06-16 20:41:41, tokens_remaining: 936, call: scores, phase: playing
2026-06-16 20:41:41, tokens_remaining: 936, call: scores, phase: playing
2026-06-16 20:41:41, tokens_remaining: 936, call: scores, phase: playing
2026-06-16 20:41:42, tokens_remaining: 935, call: scores, phase: playing
2026-06-16 20:41:42, tokens_remaining: 935, call: scores, phase: playing
2026-06-16 20:41:42, tokens_remaining: 935, call: scores, phase: playing
2026-06-16 20:41:43, tokens_remaining: 935, call: scores, phase: playing
2026-06-16 20:41:43, tokens_remaining: 934, call: events, phase: playing
2026-06-16 20:41:44, tokens_remaining: 933, call: scores, phase: playing
2026-06-16 20:41:44, tokens_remaining: 933, call: scores, phase: playing
2026-06-16 20:41:44, tokens_remaining: 933, call: scores, phase: playing
2026-06-16 20:41:44, tokens_remaining: 933, call: scores, phase: playing
2026-06-16 20:41:44, tokens_remaining: 933, call: scores, phase: playing
2026-06-16 20:41:44, tokens_remaining: 933, call: scores, phase: playing
2026-06-16 20:41:45, tokens_remaining: 932, call: scores, phase: playing
2026-06-16 20:41:45, tokens_remaining: 932, call: scores, phase: playing
2026-06-16 20:41:45, tokens_remaining: 932, call: scores, phase: playing
2026-06-16 20:41:46, tokens_remaining: 931, call: events, phase: playing
2026-06-16 20:41:46, tokens_remaining: 932, call: scores, phase: playing
2026-06-16 20:41:46, tokens_remaining: 930, call: scores, phase: playing
2026-06-16 20:41:46, tokens_remaining: 930, call: scores, phase: playing
2026-06-16 20:41:47, tokens_remaining: 930, call: scores, phase: playing
2026-06-16 20:41:47, tokens_remaining: 930, call: scores, phase: playing
2026-06-16 20:41:47, tokens_remaining: 930, call: scores, phase: playing
2026-06-16 20:41:47, tokens_remaining: 930, call: scores, phase: playing
2026-06-16 20:41:47, tokens_remaining: 929, call: scores, phase: playing
2026-06-16 20:41:48, tokens_remaining: 929, call: scores, phase: playing
2026-06-16 20:41:48, tokens_remaining: 928, call: events, phase: playing
2026-06-16 20:41:48, tokens_remaining: 929, call: scores, phase: playing
2026-06-16 20:41:48, tokens_remaining: 929, call: scores, phase: playing
2026-06-16 20:41:49, tokens_remaining: 927, call: scores, phase: playing
2026-06-16 20:41:49, tokens_remaining: 927, call: scores, phase: playing
2026-06-16 20:41:49, tokens_remaining: 927, call: scores, phase: playing
2026-06-16 20:41:49, tokens_remaining: 927, call: scores, phase: playing
2026-06-16 20:41:50, tokens_remaining: 927, call: scores, phase: playing
2026-06-16 20:41:50, tokens_remaining: 927, call: scores, phase: playing
2026-06-16 20:41:50, tokens_remaining: 927, call: scores, phase: playing
2026-06-16 20:41:50, tokens_remaining: 926, call: events, phase: playing
2026-06-16 20:41:51, tokens_remaining: 925, call: scores, phase: playing
2026-06-16 20:41:51, tokens_remaining: 925, call: scores, phase: playing
2026-06-16 20:41:51, tokens_remaining: 925, call: scores, phase: playing
2026-06-16 20:41:51, tokens_remaining: 925, call: scores, phase: playing
2026-06-16 20:41:51, tokens_remaining: 925, call: scores, phase: playing
2026-06-16 20:41:52, tokens_remaining: 925, call: scores, phase: playing
2026-06-16 20:41:52, tokens_remaining: 925, call: scores, phase: playing
2026-06-16 20:41:52, tokens_remaining: 924, call: scores, phase: playing
2026-06-16 20:41:52, tokens_remaining: 924, call: scores, phase: playing
2026-06-16 20:41:53, tokens_remaining: 923, call: events, phase: playing
2026-06-16 20:41:53, tokens_remaining: 924, call: scores, phase: playing
2026-06-16 20:41:53, tokens_remaining: 924, call: scores, phase: playing
2026-06-16 20:41:53, tokens_remaining: 922, call: scores, phase: playing
2026-06-16 20:41:54, tokens_remaining: 922, call: scores, phase: playing
2026-06-16 20:41:54, tokens_remaining: 922, call: scores, phase: playing
2026-06-16 20:41:54, tokens_remaining: 922, call: scores, phase: playing
2026-06-16 20:41:54, tokens_remaining: 922, call: scores, phase: playing
2026-06-16 20:41:54, tokens_remaining: 922, call: scores, phase: playing
2026-06-16 20:41:54, tokens_remaining: 922, call: scores, phase: playing
2026-06-16 20:41:55, tokens_remaining: 921, call: events, phase: playing
2026-06-16 20:41:55, tokens_remaining: 920, call: scores, phase: playing
2026-06-16 20:41:56, tokens_remaining: 920, call: scores, phase: playing
2026-06-16 20:41:56, tokens_remaining: 920, call: scores, phase: playing
2026-06-16 20:41:56, tokens_remaining: 920, call: scores, phase: playing
2026-06-16 20:41:56, tokens_remaining: 920, call: scores, phase: playing
2026-06-16 20:41:56, tokens_remaining: 920, call: scores, phase: playing
2026-06-16 20:41:56, tokens_remaining: 920, call: scores, phase: playing
2026-06-16 20:41:57, tokens_remaining: 919, call: scores, phase: playing
2026-06-16 20:41:57, tokens_remaining: 919, call: scores, phase: playing
2026-06-16 20:41:57, tokens_remaining: 918, call: events, phase: playing
2026-06-16 20:41:58, tokens_remaining: 919, call: scores, phase: playing
2026-06-16 20:41:58, tokens_remaining: 919, call: scores, phase: playing
2026-06-16 20:41:58, tokens_remaining: 917, call: scores, phase: playing
2026-06-16 20:41:58, tokens_remaining: 917, call: scores, phase: playing
2026-06-16 20:41:59, tokens_remaining: 917, call: scores, phase: playing
2026-06-16 20:41:59, tokens_remaining: 917, call: scores, phase: playing
2026-06-16 20:41:59, tokens_remaining: 917, call: scores, phase: playing
2026-06-16 20:41:59, tokens_remaining: 917, call: scores, phase: playing
2026-06-16 20:41:59, tokens_remaining: 917, call: scores, phase: playing
2026-06-16 20:42:00, tokens_remaining: 916, call: events, phase: playing
2026-06-16 20:42:00, tokens_remaining: 915, call: scores, phase: playing
2026-06-16 20:42:01, tokens_remaining: 915, call: scores, phase: playing
2026-06-16 20:42:01, tokens_remaining: 915, call: scores, phase: playing
2026-06-16 20:42:01, tokens_remaining: 915, call: scores, phase: playing
2026-06-16 20:42:01, tokens_remaining: 915, call: scores, phase: playing
2026-06-16 20:42:01, tokens_remaining: 915, call: scores, phase: playing
2026-06-16 20:42:01, tokens_remaining: 915, call: scores, phase: playing
2026-06-16 20:42:02, tokens_remaining: 914, call: scores, phase: playing
2026-06-16 20:42:02, tokens_remaining: 914, call: scores, phase: playing
2026-06-16 20:42:02, tokens_remaining: 913, call: events, phase: playing
2026-06-16 20:42:02, tokens_remaining: 914, call: scores, phase: playing
2026-06-16 20:42:03, tokens_remaining: 914, call: scores, phase: playing
2026-06-16 20:42:03, tokens_remaining: 912, call: scores, phase: playing
2026-06-16 20:42:03, tokens_remaining: 912, call: scores, phase: playing
2026-06-16 20:42:03, tokens_remaining: 912, call: scores, phase: playing
2026-06-16 20:42:04, tokens_remaining: 912, call: scores, phase: playing
2026-06-16 20:42:04, tokens_remaining: 912, call: scores, phase: playing
2026-06-16 20:42:04, tokens_remaining: 912, call: scores, phase: playing
2026-06-16 20:42:04, tokens_remaining: 912, call: scores, phase: playing
2026-06-16 20:42:04, tokens_remaining: 911, call: events, phase: playing
2026-06-16 20:42:05, tokens_remaining: 910, call: scores, phase: playing
2026-06-16 20:42:05, tokens_remaining: 910, call: scores, phase: playing
2026-06-16 20:42:05, tokens_remaining: 910, call: scores, phase: playing
2026-06-16 20:42:05, tokens_remaining: 910, call: scores, phase: playing
2026-06-16 20:42:05, tokens_remaining: 910, call: scores, phase: playing
2026-06-16 20:42:06, tokens_remaining: 910, call: scores, phase: playing
2026-06-16 20:42:06, tokens_remaining: 910, call: scores, phase: playing
2026-06-16 20:42:06, tokens_remaining: 909, call: scores, phase: playing
2026-06-16 20:42:06, tokens_remaining: 909, call: scores, phase: playing
2026-06-16 20:42:07, tokens_remaining: 908, call: events, phase: playing
2026-06-16 20:42:07, tokens_remaining: 909, call: scores, phase: playing
2026-06-16 20:42:07, tokens_remaining: 909, call: scores, phase: playing
2026-06-16 20:42:07, tokens_remaining: 907, call: scores, phase: playing
2026-06-16 20:42:08, tokens_remaining: 907, call: scores, phase: playing
2026-06-16 20:42:08, tokens_remaining: 907, call: scores, phase: playing
2026-06-16 20:42:08, tokens_remaining: 907, call: scores, phase: playing
2026-06-16 20:42:08, tokens_remaining: 907, call: scores, phase: playing
2026-06-16 20:42:08, tokens_remaining: 907, call: scores, phase: playing
2026-06-16 20:42:08, tokens_remaining: 907, call: scores, phase: playing
2026-06-16 20:42:09, tokens_remaining: 906, call: events, phase: playing
2026-06-16 20:42:09, tokens_remaining: 905, call: scores, phase: playing
2026-06-16 20:42:09, tokens_remaining: 905, call: scores, phase: playing
2026-06-16 20:42:09, tokens_remaining: 905, call: scores, phase: playing
2026-06-16 20:42:10, tokens_remaining: 905, call: scores, phase: playing
2026-06-16 20:42:10, tokens_remaining: 905, call: scores, phase: playing
2026-06-16 20:42:10, tokens_remaining: 905, call: scores, phase: playing
2026-06-16 20:42:10, tokens_remaining: 905, call: scores, phase: playing
2026-06-16 20:42:10, tokens_remaining: 904, call: scores, phase: playing
2026-06-16 20:42:11, tokens_remaining: 904, call: scores, phase: playing
2026-06-16 20:42:11, tokens_remaining: 903, call: events, phase: playing
2026-06-16 20:42:11, tokens_remaining: 904, call: scores, phase: playing
2026-06-16 20:42:11, tokens_remaining: 904, call: scores, phase: playing
2026-06-16 20:42:12, tokens_remaining: 902, call: scores, phase: playing
2026-06-16 20:42:12, tokens_remaining: 902, call: scores, phase: playing
2026-06-16 20:42:12, tokens_remaining: 902, call: scores, phase: playing
2026-06-16 20:42:12, tokens_remaining: 902, call: scores, phase: playing
2026-06-16 20:42:12, tokens_remaining: 902, call: scores, phase: playing
2026-06-16 20:42:12, tokens_remaining: 902, call: scores, phase: playing
2026-06-16 20:42:13, tokens_remaining: 902, call: scores, phase: playing
2026-06-16 20:42:13, tokens_remaining: 901, call: events, phase: playing
2026-06-16 20:42:13, tokens_remaining: 900, call: scores, phase: playing
2026-06-16 20:42:14, tokens_remaining: 900, call: scores, phase: playing
2026-06-16 20:42:14, tokens_remaining: 900, call: scores, phase: playing
2026-06-16 20:42:14, tokens_remaining: 900, call: scores, phase: playing
2026-06-16 20:42:14, tokens_remaining: 900, call: scores, phase: playing
2026-06-16 20:42:14, tokens_remaining: 900, call: scores, phase: playing
2026-06-16 20:42:14, tokens_remaining: 900, call: scores, phase: playing
2026-06-16 20:42:15, tokens_remaining: 899, call: scores, phase: playing
2026-06-16 20:42:15, tokens_remaining: 899, call: scores, phase: playing
2026-06-16 20:42:15, tokens_remaining: 898, call: events, phase: playing
2026-06-16 20:42:15, tokens_remaining: 899, call: scores, phase: playing
2026-06-16 20:42:16, tokens_remaining: 899, call: scores, phase: playing
2026-06-16 20:42:16, tokens_remaining: 897, call: scores, phase: playing
2026-06-16 20:42:16, tokens_remaining: 897, call: scores, phase: playing
2026-06-16 20:42:16, tokens_remaining: 897, call: scores, phase: playing
2026-06-16 20:42:16, tokens_remaining: 897, call: scores, phase: playing
2026-06-16 20:42:17, tokens_remaining: 897, call: scores, phase: playing
2026-06-16 20:42:17, tokens_remaining: 897, call: scores, phase: playing
2026-06-16 20:42:17, tokens_remaining: 897, call: scores, phase: playing
2026-06-16 20:42:17, tokens_remaining: 896, call: events, phase: playing
2026-06-16 20:42:18, tokens_remaining: 895, call: scores, phase: playing
2026-06-16 20:42:18, tokens_remaining: 895, call: scores, phase: playing
2026-06-16 20:42:18, tokens_remaining: 895, call: scores, phase: playing
2026-06-16 20:42:18, tokens_remaining: 895, call: scores, phase: playing
2026-06-16 20:42:18, tokens_remaining: 895, call: scores, phase: playing
2026-06-16 20:42:18, tokens_remaining: 895, call: scores, phase: playing
2026-06-16 20:42:19, tokens_remaining: 895, call: scores, phase: playing
2026-06-16 20:42:19, tokens_remaining: 894, call: scores, phase: playing
2026-06-16 20:42:19, tokens_remaining: 894, call: scores, phase: playing
2026-06-16 20:42:20, tokens_remaining: 893, call: events, phase: playing
2026-06-16 20:42:20, tokens_remaining: 894, call: scores, phase: playing
2026-06-16 20:42:20, tokens_remaining: 894, call: scores, phase: playing
2026-06-16 20:42:20, tokens_remaining: 892, call: scores, phase: playing
2026-06-16 20:42:20, tokens_remaining: 892, call: scores, phase: playing
2026-06-16 20:42:21, tokens_remaining: 892, call: scores, phase: playing
2026-06-16 20:42:21, tokens_remaining: 892, call: scores, phase: playing
2026-06-16 20:42:21, tokens_remaining: 892, call: scores, phase: playing
2026-06-16 20:42:21, tokens_remaining: 892, call: scores, phase: playing
2026-06-16 20:42:21, tokens_remaining: 892, call: scores, phase: playing
2026-06-16 20:42:22, tokens_remaining: 891, call: events, phase: playing
2026-06-16 20:42:22, tokens_remaining: 890, call: scores, phase: playing
2026-06-16 20:42:22, tokens_remaining: 890, call: scores, phase: playing
2026-06-16 20:42:22, tokens_remaining: 890, call: scores, phase: playing
2026-06-16 20:42:22, tokens_remaining: 890, call: scores, phase: playing
2026-06-16 20:42:23, tokens_remaining: 890, call: scores, phase: playing
2026-06-16 20:42:23, tokens_remaining: 890, call: scores, phase: playing
2026-06-16 20:42:23, tokens_remaining: 890, call: scores, phase: playing
2026-06-16 20:42:23, tokens_remaining: 889, call: scores, phase: playing
2026-06-16 20:42:24, tokens_remaining: 889, call: scores, phase: playing
2026-06-16 20:42:24, tokens_remaining: 888, call: events, phase: playing
2026-06-16 20:42:24, tokens_remaining: 889, call: scores, phase: playing
2026-06-16 20:42:24, tokens_remaining: 889, call: scores, phase: playing
2026-06-16 20:42:25, tokens_remaining: 887, call: scores, phase: playing
2026-06-16 20:42:25, tokens_remaining: 887, call: scores, phase: playing
2026-06-16 20:42:25, tokens_remaining: 887, call: scores, phase: playing
2026-06-16 20:42:25, tokens_remaining: 887, call: scores, phase: playing
2026-06-16 20:42:25, tokens_remaining: 887, call: scores, phase: playing
2026-06-16 20:42:26, tokens_remaining: 887, call: scores, phase: playing
2026-06-16 20:42:26, tokens_remaining: 887, call: scores, phase: playing
2026-06-16 20:42:26, tokens_remaining: 886, call: events, phase: playing
2026-06-16 20:42:27, tokens_remaining: 885, call: scores, phase: playing
2026-06-16 20:42:27, tokens_remaining: 885, call: scores, phase: playing
2026-06-16 20:42:27, tokens_remaining: 885, call: scores, phase: playing
2026-06-16 20:42:27, tokens_remaining: 885, call: scores, phase: playing
2026-06-16 20:42:27, tokens_remaining: 885, call: scores, phase: playing
2026-06-16 20:42:27, tokens_remaining: 885, call: scores, phase: playing
2026-06-16 20:42:28, tokens_remaining: 885, call: scores, phase: playing
2026-06-16 20:42:28, tokens_remaining: 884, call: scores, phase: playing
2026-06-16 20:42:28, tokens_remaining: 884, call: scores, phase: playing
2026-06-16 20:42:29, tokens_remaining: 883, call: events, phase: playing
2026-06-16 20:42:29, tokens_remaining: 884, call: scores, phase: playing
2026-06-16 20:42:29, tokens_remaining: 884, call: scores, phase: playing
2026-06-16 20:42:29, tokens_remaining: 882, call: scores, phase: playing
2026-06-16 20:42:29, tokens_remaining: 882, call: scores, phase: playing
2026-06-16 20:42:29, tokens_remaining: 882, call: scores, phase: playing
2026-06-16 20:42:30, tokens_remaining: 882, call: scores, phase: playing
2026-06-16 20:42:30, tokens_remaining: 882, call: scores, phase: playing
2026-06-16 20:42:30, tokens_remaining: 882, call: scores, phase: playing
2026-06-16 20:42:30, tokens_remaining: 882, call: scores, phase: playing
2026-06-16 20:42:31, tokens_remaining: 881, call: events, phase: playing
2026-06-16 20:42:31, tokens_remaining: 880, call: scores, phase: playing
2026-06-16 20:42:31, tokens_remaining: 880, call: scores, phase: playing
2026-06-16 20:42:31, tokens_remaining: 880, call: scores, phase: playing
2026-06-16 20:42:31, tokens_remaining: 880, call: scores, phase: playing
2026-06-16 20:42:32, tokens_remaining: 880, call: scores, phase: playing
2026-06-16 20:42:32, tokens_remaining: 880, call: scores, phase: playing
2026-06-16 20:42:32, tokens_remaining: 880, call: scores, phase: playing
2026-06-16 20:42:32, tokens_remaining: 879, call: scores, phase: playing
2026-06-16 20:42:32, tokens_remaining: 879, call: scores, phase: playing
2026-06-16 20:42:33, tokens_remaining: 878, call: events, phase: playing
2026-06-16 20:42:33, tokens_remaining: 879, call: scores, phase: playing
2026-06-16 20:42:33, tokens_remaining: 879, call: scores, phase: playing
2026-06-16 20:42:34, tokens_remaining: 877, call: scores, phase: playing
2026-06-16 20:42:34, tokens_remaining: 877, call: scores, phase: playing
2026-06-16 20:42:34, tokens_remaining: 877, call: scores, phase: playing
2026-06-16 20:42:34, tokens_remaining: 877, call: scores, phase: playing
2026-06-16 20:42:34, tokens_remaining: 877, call: scores, phase: playing
2026-06-16 20:42:34, tokens_remaining: 877, call: scores, phase: playing
2026-06-16 20:42:34, tokens_remaining: 877, call: scores, phase: playing
2026-06-16 20:42:35, tokens_remaining: 876, call: events, phase: playing
2026-06-16 20:42:35, tokens_remaining: 875, call: scores, phase: playing
2026-06-16 20:42:36, tokens_remaining: 875, call: scores, phase: playing
2026-06-16 20:42:36, tokens_remaining: 875, call: scores, phase: playing
2026-06-16 20:42:36, tokens_remaining: 875, call: scores, phase: playing
2026-06-16 20:42:36, tokens_remaining: 875, call: scores, phase: playing
2026-06-16 20:42:36, tokens_remaining: 875, call: scores, phase: playing
2026-06-16 20:42:37, tokens_remaining: 874, call: scores, phase: playing
2026-06-16 20:42:37, tokens_remaining: 874, call: scores, phase: playing
2026-06-16 20:42:37, tokens_remaining: 874, call: scores, phase: playing
2026-06-16 20:42:37, tokens_remaining: 873, call: events, phase: playing
2026-06-16 20:42:38, tokens_remaining: 874, call: scores, phase: playing
2026-06-16 20:42:38, tokens_remaining: 872, call: scores, phase: playing
2026-06-16 20:42:38, tokens_remaining: 872, call: scores, phase: playing
2026-06-16 20:42:38, tokens_remaining: 872, call: scores, phase: playing
2026-06-16 20:42:38, tokens_remaining: 872, call: scores, phase: playing
2026-06-16 20:42:39, tokens_remaining: 872, call: scores, phase: playing
2026-06-16 20:42:39, tokens_remaining: 872, call: scores, phase: playing
2026-06-16 20:42:39, tokens_remaining: 871, call: scores, phase: playing
2026-06-16 20:42:39, tokens_remaining: 871, call: scores, phase: playing
2026-06-16 20:42:40, tokens_remaining: 870, call: events, phase: playing
2026-06-16 20:42:40, tokens_remaining: 871, call: scores, phase: playing
2026-06-16 20:42:40, tokens_remaining: 871, call: scores, phase: playing
2026-06-16 20:42:41, tokens_remaining: 869, call: scores, phase: playing
2026-06-16 20:42:41, tokens_remaining: 869, call: scores, phase: playing
2026-06-16 20:42:41, tokens_remaining: 869, call: scores, phase: playing
2026-06-16 20:42:41, tokens_remaining: 869, call: scores, phase: playing
2026-06-16 20:42:41, tokens_remaining: 869, call: scores, phase: playing
2026-06-16 20:42:41, tokens_remaining: 869, call: scores, phase: playing
2026-06-16 20:42:42, tokens_remaining: 868, call: scores, phase: playing
2026-06-16 20:42:42, tokens_remaining: 867, call: events, phase: playing
2026-06-16 20:42:42, tokens_remaining: 868, call: scores, phase: playing
2026-06-16 20:42:43, tokens_remaining: 868, call: scores, phase: playing
2026-06-16 20:42:43, tokens_remaining: 868, call: scores, phase: playing
2026-06-16 20:42:43, tokens_remaining: 866, call: scores, phase: playing
2026-06-16 20:42:43, tokens_remaining: 866, call: scores, phase: playing
2026-06-16 20:42:44, tokens_remaining: 866, call: scores, phase: playing
2026-06-16 20:42:44, tokens_remaining: 866, call: scores, phase: playing
2026-06-16 20:42:44, tokens_remaining: 866, call: scores, phase: playing
2026-06-16 20:42:44, tokens_remaining: 866, call: scores, phase: playing
2026-06-16 20:42:45, tokens_remaining: 865, call: events, phase: playing
2026-06-16 20:42:45, tokens_remaining: 864, call: scores, phase: playing
2026-06-16 20:42:45, tokens_remaining: 864, call: scores, phase: playing
2026-06-16 20:42:45, tokens_remaining: 864, call: scores, phase: playing
2026-06-16 20:42:45, tokens_remaining: 864, call: scores, phase: playing
2026-06-16 20:42:46, tokens_remaining: 864, call: scores, phase: playing
2026-06-16 20:42:46, tokens_remaining: 864, call: scores, phase: playing
2026-06-16 20:42:46, tokens_remaining: 864, call: scores, phase: playing
2026-06-16 20:42:46, tokens_remaining: 863, call: scores, phase: playing
2026-06-16 20:42:46, tokens_remaining: 863, call: scores, phase: playing
2026-06-16 20:42:47, tokens_remaining: 862, call: events, phase: playing
2026-06-16 20:42:47, tokens_remaining: 863, call: scores, phase: playing
2026-06-16 20:42:47, tokens_remaining: 863, call: scores, phase: playing
2026-06-16 20:42:48, tokens_remaining: 861, call: scores, phase: playing
2026-06-16 20:42:48, tokens_remaining: 861, call: scores, phase: playing
2026-06-16 20:42:48, tokens_remaining: 861, call: scores, phase: playing
2026-06-16 20:42:48, tokens_remaining: 861, call: scores, phase: playing
2026-06-16 20:42:48, tokens_remaining: 861, call: scores, phase: playing
2026-06-16 20:42:48, tokens_remaining: 861, call: scores, phase: playing
2026-06-16 20:42:49, tokens_remaining: 861, call: scores, phase: playing
2026-06-16 20:42:49, tokens_remaining: 860, call: events, phase: playing
2026-06-16 20:42:49, tokens_remaining: 859, call: scores, phase: playing
2026-06-16 20:42:50, tokens_remaining: 859, call: scores, phase: playing
2026-06-16 20:42:50, tokens_remaining: 859, call: scores, phase: playing
2026-06-16 20:42:50, tokens_remaining: 859, call: scores, phase: playing
2026-06-16 20:42:50, tokens_remaining: 859, call: scores, phase: playing
2026-06-16 20:42:50, tokens_remaining: 859, call: scores, phase: playing
2026-06-16 20:42:50, tokens_remaining: 859, call: scores, phase: playing
2026-06-16 20:42:51, tokens_remaining: 858, call: scores, phase: playing
2026-06-16 20:42:51, tokens_remaining: 858, call: scores, phase: playing
2026-06-16 20:42:51, tokens_remaining: 857, call: events, phase: playing
2026-06-16 20:42:52, tokens_remaining: 858, call: scores, phase: playing
2026-06-16 20:42:52, tokens_remaining: 858, call: scores, phase: playing
2026-06-16 20:42:52, tokens_remaining: 856, call: scores, phase: playing
2026-06-16 20:42:52, tokens_remaining: 856, call: scores, phase: playing
2026-06-16 20:42:53, tokens_remaining: 856, call: scores, phase: playing
2026-06-16 20:42:53, tokens_remaining: 856, call: scores, phase: playing
2026-06-16 20:42:53, tokens_remaining: 856, call: scores, phase: playing
2026-06-16 20:42:53, tokens_remaining: 856, call: scores, phase: playing
2026-06-16 20:42:53, tokens_remaining: 856, call: scores, phase: playing
2026-06-16 20:42:54, tokens_remaining: 855, call: events, phase: playing
2026-06-16 20:42:54, tokens_remaining: 854, call: scores, phase: playing
2026-06-16 20:42:54, tokens_remaining: 854, call: scores, phase: playing
2026-06-16 20:42:54, tokens_remaining: 854, call: scores, phase: playing
2026-06-16 20:42:55, tokens_remaining: 854, call: scores, phase: playing
2026-06-16 20:42:55, tokens_remaining: 854, call: scores, phase: playing
2026-06-16 20:42:55, tokens_remaining: 854, call: scores, phase: playing
2026-06-16 20:42:55, tokens_remaining: 854, call: scores, phase: playing
2026-06-16 20:42:55, tokens_remaining: 853, call: scores, phase: playing
2026-06-16 20:42:56, tokens_remaining: 853, call: scores, phase: playing
2026-06-16 20:42:56, tokens_remaining: 852, call: events, phase: playing
2026-06-16 20:42:56, tokens_remaining: 853, call: scores, phase: playing
2026-06-16 20:42:56, tokens_remaining: 853, call: scores, phase: playing
2026-06-16 20:42:57, tokens_remaining: 851, call: scores, phase: playing
2026-06-16 20:42:57, tokens_remaining: 851, call: scores, phase: playing
2026-06-16 20:42:57, tokens_remaining: 851, call: scores, phase: playing
2026-06-16 20:42:57, tokens_remaining: 851, call: scores, phase: playing
2026-06-16 20:42:57, tokens_remaining: 851, call: scores, phase: playing
2026-06-16 20:42:57, tokens_remaining: 851, call: scores, phase: playing
2026-06-16 20:42:58, tokens_remaining: 851, call: scores, phase: playing
2026-06-16 20:42:58, tokens_remaining: 850, call: events, phase: playing
2026-06-16 20:42:58, tokens_remaining: 849, call: scores, phase: playing
2026-06-16 20:42:59, tokens_remaining: 849, call: scores, phase: playing
2026-06-16 20:42:59, tokens_remaining: 849, call: scores, phase: playing
2026-06-16 20:42:59, tokens_remaining: 849, call: scores, phase: playing
2026-06-16 20:42:59, tokens_remaining: 849, call: scores, phase: playing
2026-06-16 20:42:59, tokens_remaining: 849, call: scores, phase: playing
2026-06-16 20:42:59, tokens_remaining: 849, call: scores, phase: playing
2026-06-16 20:43:00, tokens_remaining: 848, call: scores, phase: playing
2026-06-16 20:43:00, tokens_remaining: 848, call: scores, phase: playing
2026-06-16 20:43:00, tokens_remaining: 847, call: events, phase: playing
2026-06-16 20:43:00, tokens_remaining: 848, call: scores, phase: playing
2026-06-16 20:43:01, tokens_remaining: 848, call: scores, phase: playing
2026-06-16 20:43:01, tokens_remaining: 846, call: scores, phase: playing
2026-06-16 20:43:01, tokens_remaining: 846, call: scores, phase: playing
2026-06-16 20:43:01, tokens_remaining: 846, call: scores, phase: playing
2026-06-16 20:43:01, tokens_remaining: 846, call: scores, phase: playing
2026-06-16 20:43:02, tokens_remaining: 846, call: scores, phase: playing
2026-06-16 20:43:02, tokens_remaining: 846, call: scores, phase: playing
2026-06-16 20:43:02, tokens_remaining: 846, call: scores, phase: playing
2026-06-16 20:43:02, tokens_remaining: 845, call: events, phase: playing
2026-06-16 20:43:03, tokens_remaining: 844, call: scores, phase: playing
2026-06-16 20:43:03, tokens_remaining: 844, call: scores, phase: playing
2026-06-16 20:43:03, tokens_remaining: 844, call: scores, phase: playing
2026-06-16 20:43:03, tokens_remaining: 844, call: scores, phase: playing
2026-06-16 20:43:03, tokens_remaining: 844, call: scores, phase: playing
2026-06-16 20:43:03, tokens_remaining: 844, call: scores, phase: playing
2026-06-16 20:43:04, tokens_remaining: 844, call: scores, phase: playing
2026-06-16 20:43:04, tokens_remaining: 843, call: scores, phase: playing
2026-06-16 20:43:04, tokens_remaining: 843, call: scores, phase: playing
2026-06-16 20:43:05, tokens_remaining: 842, call: events, phase: playing
2026-06-16 20:43:05, tokens_remaining: 843, call: scores, phase: playing
2026-06-16 20:43:05, tokens_remaining: 843, call: scores, phase: playing
2026-06-16 20:43:05, tokens_remaining: 841, call: scores, phase: playing
2026-06-16 20:43:06, tokens_remaining: 841, call: scores, phase: playing
2026-06-16 20:43:06, tokens_remaining: 841, call: scores, phase: playing
2026-06-16 20:43:06, tokens_remaining: 841, call: scores, phase: playing
2026-06-16 20:43:06, tokens_remaining: 841, call: scores, phase: playing
2026-06-16 20:43:06, tokens_remaining: 841, call: scores, phase: playing
2026-06-16 20:43:06, tokens_remaining: 841, call: scores, phase: playing
2026-06-16 20:43:07, tokens_remaining: 840, call: events, phase: playing
2026-06-16 20:43:07, tokens_remaining: 839, call: scores, phase: playing
2026-06-16 20:43:07, tokens_remaining: 839, call: scores, phase: playing
2026-06-16 20:43:07, tokens_remaining: 839, call: scores, phase: playing
2026-06-16 20:43:07, tokens_remaining: 839, call: scores, phase: playing
2026-06-16 20:43:08, tokens_remaining: 839, call: scores, phase: playing
2026-06-16 20:43:08, tokens_remaining: 839, call: scores, phase: playing
2026-06-16 20:43:08, tokens_remaining: 839, call: scores, phase: playing
2026-06-16 20:43:08, tokens_remaining: 839, call: scores, phase: playing
2026-06-16 20:43:08, tokens_remaining: 838, call: scores, phase: playing
2026-06-16 20:43:09, tokens_remaining: 837, call: events, phase: playing
2026-06-16 20:43:09, tokens_remaining: 838, call: scores, phase: playing
2026-06-16 20:43:09, tokens_remaining: 838, call: scores, phase: playing
2026-06-16 20:43:09, tokens_remaining: 838, call: scores, phase: playing
2026-06-16 20:43:10, tokens_remaining: 836, call: scores, phase: playing
2026-06-16 20:43:10, tokens_remaining: 836, call: scores, phase: playing
2026-06-16 20:43:10, tokens_remaining: 836, call: scores, phase: playing
2026-06-16 20:43:10, tokens_remaining: 836, call: scores, phase: playing
2026-06-16 20:43:10, tokens_remaining: 836, call: scores, phase: playing
2026-06-16 20:43:10, tokens_remaining: 836, call: scores, phase: playing
2026-06-16 20:43:11, tokens_remaining: 835, call: events, phase: playing
2026-06-16 20:43:11, tokens_remaining: 834, call: scores, phase: playing
2026-06-16 20:43:11, tokens_remaining: 834, call: scores, phase: playing
2026-06-16 20:43:12, tokens_remaining: 834, call: scores, phase: playing
2026-06-16 20:43:12, tokens_remaining: 834, call: scores, phase: playing
2026-06-16 20:43:12, tokens_remaining: 834, call: scores, phase: playing
2026-06-16 20:43:12, tokens_remaining: 834, call: scores, phase: playing
2026-06-16 20:43:12, tokens_remaining: 834, call: scores, phase: playing
2026-06-16 20:43:13, tokens_remaining: 833, call: scores, phase: playing
2026-06-16 20:43:13, tokens_remaining: 833, call: scores, phase: playing
2026-06-16 20:43:13, tokens_remaining: 832, call: events, phase: playing
2026-06-16 20:43:13, tokens_remaining: 833, call: scores, phase: playing
2026-06-16 20:43:13, tokens_remaining: 833, call: scores, phase: playing
2026-06-16 20:43:14, tokens_remaining: 831, call: scores, phase: playing
2026-06-16 20:43:14, tokens_remaining: 831, call: scores, phase: playing
2026-06-16 20:43:14, tokens_remaining: 831, call: scores, phase: playing
2026-06-16 20:43:14, tokens_remaining: 831, call: scores, phase: playing
2026-06-16 20:43:15, tokens_remaining: 831, call: scores, phase: playing
2026-06-16 20:43:15, tokens_remaining: 831, call: scores, phase: playing
2026-06-16 20:43:15, tokens_remaining: 831, call: scores, phase: playing
2026-06-16 20:43:15, tokens_remaining: 830, call: events, phase: playing
2026-06-16 20:43:16, tokens_remaining: 829, call: scores, phase: playing
2026-06-16 20:43:16, tokens_remaining: 829, call: scores, phase: playing
2026-06-16 20:43:16, tokens_remaining: 829, call: scores, phase: playing
2026-06-16 20:43:16, tokens_remaining: 829, call: scores, phase: playing
2026-06-16 20:43:16, tokens_remaining: 829, call: scores, phase: playing
2026-06-16 20:43:16, tokens_remaining: 829, call: scores, phase: playing
2026-06-16 20:43:17, tokens_remaining: 829, call: scores, phase: playing
2026-06-16 20:43:17, tokens_remaining: 828, call: scores, phase: playing
2026-06-16 20:43:17, tokens_remaining: 828, call: scores, phase: playing
2026-06-16 20:43:18, tokens_remaining: 827, call: events, phase: playing
2026-06-16 20:43:18, tokens_remaining: 828, call: scores, phase: playing
2026-06-16 20:43:18, tokens_remaining: 828, call: scores, phase: playing
2026-06-16 20:43:18, tokens_remaining: 826, call: scores, phase: playing
2026-06-16 20:43:18, tokens_remaining: 826, call: scores, phase: playing
2026-06-16 20:43:19, tokens_remaining: 826, call: scores, phase: playing
2026-06-16 20:43:19, tokens_remaining: 826, call: scores, phase: playing
2026-06-16 20:43:19, tokens_remaining: 826, call: scores, phase: playing
2026-06-16 20:43:19, tokens_remaining: 826, call: scores, phase: playing
2026-06-16 20:43:19, tokens_remaining: 826, call: scores, phase: playing
2026-06-16 20:43:20, tokens_remaining: 825, call: events, phase: playing
2026-06-16 20:43:20, tokens_remaining: 824, call: scores, phase: playing
2026-06-16 20:43:20, tokens_remaining: 824, call: scores, phase: playing
2026-06-16 20:43:20, tokens_remaining: 824, call: scores, phase: playing
2026-06-16 20:43:20, tokens_remaining: 824, call: scores, phase: playing
2026-06-16 20:43:21, tokens_remaining: 824, call: scores, phase: playing
2026-06-16 20:43:21, tokens_remaining: 824, call: scores, phase: playing
2026-06-16 20:43:21, tokens_remaining: 824, call: scores, phase: playing
2026-06-16 20:43:21, tokens_remaining: 823, call: scores, phase: playing
2026-06-16 20:43:21, tokens_remaining: 823, call: scores, phase: playing
2026-06-16 20:43:22, tokens_remaining: 822, call: events, phase: playing
2026-06-16 20:43:22, tokens_remaining: 823, call: scores, phase: playing
2026-06-16 20:43:22, tokens_remaining: 823, call: scores, phase: playing
2026-06-16 20:43:23, tokens_remaining: 821, call: scores, phase: playing
2026-06-16 20:43:23, tokens_remaining: 821, call: scores, phase: playing
2026-06-16 20:43:23, tokens_remaining: 821, call: scores, phase: playing
2026-06-16 20:43:23, tokens_remaining: 821, call: scores, phase: playing
2026-06-16 20:43:23, tokens_remaining: 821, call: scores, phase: playing
2026-06-16 20:43:23, tokens_remaining: 821, call: scores, phase: playing
2026-06-16 20:43:23, tokens_remaining: 821, call: scores, phase: playing
2026-06-16 20:43:24, tokens_remaining: 820, call: events, phase: playing
2026-06-16 20:43:24, tokens_remaining: 819, call: scores, phase: playing
2026-06-16 20:43:24, tokens_remaining: 819, call: scores, phase: playing
2026-06-16 20:43:25, tokens_remaining: 819, call: scores, phase: playing
2026-06-16 20:43:25, tokens_remaining: 819, call: scores, phase: playing
2026-06-16 20:43:25, tokens_remaining: 819, call: scores, phase: playing
2026-06-16 20:43:25, tokens_remaining: 819, call: scores, phase: playing
2026-06-16 20:43:25, tokens_remaining: 819, call: scores, phase: playing
2026-06-16 20:43:26, tokens_remaining: 818, call: scores, phase: playing
2026-06-16 20:43:26, tokens_remaining: 818, call: scores, phase: playing
2026-06-16 20:43:26, tokens_remaining: 817, call: events, phase: playing
2026-06-16 20:43:26, tokens_remaining: 818, call: scores, phase: playing
2026-06-16 20:43:26, tokens_remaining: 818, call: scores, phase: playing
2026-06-16 20:43:27, tokens_remaining: 816, call: scores, phase: playing
2026-06-16 20:43:27, tokens_remaining: 816, call: scores, phase: playing
2026-06-16 20:43:27, tokens_remaining: 816, call: scores, phase: playing
2026-06-16 20:43:27, tokens_remaining: 816, call: scores, phase: playing
2026-06-16 20:43:27, tokens_remaining: 816, call: scores, phase: playing
2026-06-16 20:43:28, tokens_remaining: 816, call: scores, phase: playing
2026-06-16 20:43:28, tokens_remaining: 816, call: scores, phase: playing
2026-06-16 20:43:28, tokens_remaining: 815, call: events, phase: playing
2026-06-16 20:43:29, tokens_remaining: 814, call: scores, phase: playing
2026-06-16 20:43:29, tokens_remaining: 814, call: scores, phase: playing
2026-06-16 20:43:29, tokens_remaining: 814, call: scores, phase: playing
2026-06-16 20:43:29, tokens_remaining: 814, call: scores, phase: playing
2026-06-16 20:43:29, tokens_remaining: 814, call: scores, phase: playing
2026-06-16 20:43:29, tokens_remaining: 814, call: scores, phase: playing
2026-06-16 20:43:29, tokens_remaining: 814, call: scores, phase: playing
2026-06-16 20:43:30, tokens_remaining: 813, call: scores, phase: playing
2026-06-16 20:43:30, tokens_remaining: 813, call: scores, phase: playing
2026-06-16 20:43:30, tokens_remaining: 812, call: events, phase: playing
2026-06-16 20:43:31, tokens_remaining: 813, call: scores, phase: playing
2026-06-16 20:43:31, tokens_remaining: 813, call: scores, phase: playing
2026-06-16 20:43:31, tokens_remaining: 811, call: scores, phase: playing
2026-06-16 20:43:31, tokens_remaining: 811, call: scores, phase: playing
2026-06-16 20:43:31, tokens_remaining: 811, call: scores, phase: playing
2026-06-16 20:43:32, tokens_remaining: 811, call: scores, phase: playing
2026-06-16 20:43:32, tokens_remaining: 811, call: scores, phase: playing
2026-06-16 20:43:32, tokens_remaining: 811, call: scores, phase: playing
2026-06-16 20:43:32, tokens_remaining: 811, call: scores, phase: playing
2026-06-16 20:43:32, tokens_remaining: 810, call: events, phase: playing
2026-06-16 20:43:33, tokens_remaining: 809, call: scores, phase: playing
2026-06-16 20:43:33, tokens_remaining: 809, call: scores, phase: playing
2026-06-16 20:43:33, tokens_remaining: 809, call: scores, phase: playing
2026-06-16 20:43:33, tokens_remaining: 809, call: scores, phase: playing
2026-06-16 20:43:34, tokens_remaining: 809, call: scores, phase: playing
2026-06-16 20:43:34, tokens_remaining: 809, call: scores, phase: playing
2026-06-16 20:43:34, tokens_remaining: 809, call: scores, phase: playing
2026-06-16 20:43:34, tokens_remaining: 808, call: scores, phase: playing
2026-06-16 20:43:34, tokens_remaining: 808, call: scores, phase: playing
2026-06-16 20:43:35, tokens_remaining: 807, call: events, phase: playing
2026-06-16 20:43:35, EVENT: EVENT_10 9' Farès Chaïbi [Argentina vs Algeria]
2026-06-16 20:43:35, tokens_remaining: 808, call: scores, phase: playing
2026-06-16 20:43:35, tokens_remaining: 808, call: scores, phase: playing
2026-06-16 20:43:36, tokens_remaining: 806, call: scores, phase: playing
2026-06-16 20:43:36, tokens_remaining: 806, call: scores, phase: playing
2026-06-16 20:43:36, tokens_remaining: 806, call: scores, phase: playing
2026-06-16 20:43:36, tokens_remaining: 806, call: scores, phase: playing
2026-06-16 20:43:36, tokens_remaining: 806, call: scores, phase: playing
2026-06-16 20:43:36, tokens_remaining: 806, call: scores, phase: playing
2026-06-16 20:43:36, tokens_remaining: 806, call: scores, phase: playing
2026-06-16 20:43:37, tokens_remaining: 805, call: events, phase: playing
2026-06-16 20:43:37, tokens_remaining: 804, call: scores, phase: playing
2026-06-16 20:43:37, tokens_remaining: 804, call: scores, phase: playing
2026-06-16 20:43:38, tokens_remaining: 804, call: scores, phase: playing
2026-06-16 20:43:38, tokens_remaining: 804, call: scores, phase: playing
2026-06-16 20:43:38, tokens_remaining: 804, call: scores, phase: playing
2026-06-16 20:43:38, tokens_remaining: 804, call: scores, phase: playing
2026-06-16 20:43:38, tokens_remaining: 804, call: scores, phase: playing
2026-06-16 20:43:39, tokens_remaining: 803, call: scores, phase: playing
2026-06-16 20:43:39, tokens_remaining: 803, call: scores, phase: playing
2026-06-16 20:43:39, tokens_remaining: 802, call: events, phase: playing
2026-06-16 20:43:39, tokens_remaining: 803, call: scores, phase: playing
2026-06-16 20:43:39, tokens_remaining: 803, call: scores, phase: playing
2026-06-16 20:43:40, tokens_remaining: 801, call: scores, phase: playing
2026-06-16 20:43:40, tokens_remaining: 801, call: scores, phase: playing
2026-06-16 20:43:40, tokens_remaining: 801, call: scores, phase: playing
2026-06-16 20:43:40, tokens_remaining: 801, call: scores, phase: playing
2026-06-16 20:43:41, tokens_remaining: 801, call: scores, phase: playing
2026-06-16 20:43:41, tokens_remaining: 801, call: scores, phase: playing
2026-06-16 20:43:41, tokens_remaining: 801, call: scores, phase: playing
2026-06-16 20:43:41, tokens_remaining: 2499, call: events, phase: playing
2026-06-16 20:43:42, tokens_remaining: 2498, call: scores, phase: playing
2026-06-16 20:43:43, tokens_remaining: 2498, call: scores, phase: playing
2026-06-16 20:43:44, tokens_remaining: 2497, call: scores, phase: playing
2026-06-16 20:43:45, tokens_remaining: 2497, call: scores, phase: playing
2026-06-16 20:43:46, tokens_remaining: 2496, call: scores, phase: playing
2026-06-16 20:43:47, tokens_remaining: 2495, call: scores, phase: playing
2026-06-16 20:43:49, tokens_remaining: 2494, call: scores, phase: playing
2026-06-16 20:43:50, tokens_remaining: 2493, call: scores, phase: playing
2026-06-16 20:43:51, tokens_remaining: 2492, call: scores, phase: playing
2026-06-16 20:43:53, tokens_remaining: 2491, call: events, phase: playing
2026-06-16 20:43:54, tokens_remaining: 2490, call: scores, phase: playing
2026-06-16 20:43:55, tokens_remaining: 2489, call: scores, phase: playing
2026-06-16 20:43:57, tokens_remaining: 2488, call: scores, phase: playing
2026-06-16 20:43:58, tokens_remaining: 2487, call: scores, phase: playing
2026-06-16 20:44:00, tokens_remaining: 2486, call: scores, phase: playing
2026-06-16 20:44:01, tokens_remaining: 2485, call: scores, phase: playing
2026-06-16 20:44:03, tokens_remaining: 2484, call: scores, phase: playing
2026-06-16 20:44:04, tokens_remaining: 2483, call: scores, phase: playing
2026-06-16 20:44:05, tokens_remaining: 2482, call: scores, phase: playing
2026-06-16 20:44:07, tokens_remaining: 2481, call: events, phase: playing
2026-06-16 20:44:08, tokens_remaining: 2480, call: scores, phase: playing
2026-06-16 20:44:10, tokens_remaining: 2479, call: scores, phase: playing
2026-06-16 20:44:11, tokens_remaining: 2478, call: scores, phase: playing
2026-06-16 20:44:13, tokens_remaining: 2477, call: scores, phase: playing
2026-06-16 20:44:14, tokens_remaining: 2476, call: scores, phase: playing
2026-06-16 20:44:15, tokens_remaining: 2475, call: scores, phase: playing
2026-06-16 20:44:17, tokens_remaining: 2474, call: scores, phase: playing
2026-06-16 20:44:18, tokens_remaining: 2473, call: scores, phase: playing
2026-06-16 20:44:20, tokens_remaining: 2472, call: scores, phase: playing
2026-06-16 20:44:21, tokens_remaining: 2471, call: events, phase: playing
2026-06-16 20:44:22, tokens_remaining: 2470, call: scores, phase: playing
2026-06-16 20:44:24, tokens_remaining: 2469, call: scores, phase: playing
2026-06-16 20:44:25, tokens_remaining: 2468, call: scores, phase: playing
2026-06-16 20:44:27, tokens_remaining: 2467, call: scores, phase: playing
2026-06-16 20:44:28, tokens_remaining: 2466, call: scores, phase: playing
2026-06-16 20:44:29, tokens_remaining: 2465, call: scores, phase: playing
2026-06-16 20:44:31, tokens_remaining: 2464, call: scores, phase: playing
2026-06-16 20:44:32, tokens_remaining: 2463, call: scores, phase: playing
2026-06-16 20:44:34, tokens_remaining: 2462, call: scores, phase: playing
2026-06-16 20:44:35, tokens_remaining: 2461, call: events, phase: playing
2026-06-16 20:44:36, tokens_remaining: 2460, call: scores, phase: playing
2026-06-16 20:44:38, tokens_remaining: 2459, call: scores, phase: playing
2026-06-16 20:44:39, tokens_remaining: 2458, call: scores, phase: playing
2026-06-16 20:44:41, tokens_remaining: 2457, call: scores, phase: playing
2026-06-16 20:44:42, tokens_remaining: 2456, call: scores, phase: playing
2026-06-16 20:44:43, tokens_remaining: 2455, call: scores, phase: playing
2026-06-16 20:44:45, tokens_remaining: 2454, call: scores, phase: playing
2026-06-16 20:44:46, tokens_remaining: 2453, call: scores, phase: playing
2026-06-16 20:44:48, tokens_remaining: 2452, call: scores, phase: playing
2026-06-16 20:44:49, tokens_remaining: 2451, call: events, phase: playing
2026-06-16 20:44:50, tokens_remaining: 2450, call: scores, phase: playing
2026-06-16 20:44:52, tokens_remaining: 2449, call: scores, phase: playing
2026-06-16 20:44:53, tokens_remaining: 2448, call: scores, phase: playing
2026-06-16 20:44:55, tokens_remaining: 2447, call: scores, phase: playing
2026-06-16 20:44:56, tokens_remaining: 2446, call: scores, phase: playing
2026-06-16 20:44:57, tokens_remaining: 2445, call: scores, phase: playing
2026-06-16 20:44:59, tokens_remaining: 2444, call: scores, phase: playing
2026-06-16 20:45:01, tokens_remaining: 2443, call: scores, phase: playing
2026-06-16 20:45:02, tokens_remaining: 2442, call: scores, phase: playing
2026-06-16 20:45:04, tokens_remaining: 2441, call: events, phase: playing
2026-06-16 20:45:05, tokens_remaining: 2440, call: scores, phase: playing
2026-06-16 20:45:06, tokens_remaining: 2439, call: scores, phase: playing
2026-06-16 20:45:08, tokens_remaining: 2438, call: scores, phase: playing
2026-06-16 20:45:09, tokens_remaining: 2437, call: scores, phase: playing
2026-06-16 20:45:11, tokens_remaining: 2436, call: scores, phase: playing
2026-06-16 20:45:12, tokens_remaining: 2435, call: scores, phase: playing
2026-06-16 20:45:13, tokens_remaining: 2434, call: scores, phase: playing
2026-06-16 20:45:15, tokens_remaining: 2433, call: scores, phase: playing
2026-06-16 20:45:16, tokens_remaining: 2432, call: scores, phase: playing
2026-06-16 20:45:18, tokens_remaining: 2431, call: events, phase: playing
2026-06-16 20:45:19, tokens_remaining: 2430, call: scores, phase: playing
2026-06-16 20:45:21, tokens_remaining: 2429, call: scores, phase: playing
2026-06-16 20:45:22, tokens_remaining: 2428, call: scores, phase: playing
2026-06-16 20:45:23, tokens_remaining: 2427, call: scores, phase: playing
2026-06-16 20:45:25, tokens_remaining: 2426, call: scores, phase: playing
2026-06-16 20:45:26, tokens_remaining: 2425, call: scores, phase: playing
2026-06-16 20:45:27, tokens_remaining: 2424, call: scores, phase: playing
2026-06-16 20:45:29, tokens_remaining: 2423, call: scores, phase: playing
2026-06-16 20:45:30, tokens_remaining: 2422, call: scores, phase: playing
2026-06-16 20:45:32, tokens_remaining: 2421, call: events, phase: playing
2026-06-16 20:45:33, tokens_remaining: 2420, call: scores, phase: playing
2026-06-16 20:45:35, tokens_remaining: 2419, call: scores, phase: playing
2026-06-16 20:45:36, tokens_remaining: 2418, call: scores, phase: playing
2026-06-16 20:45:37, tokens_remaining: 2417, call: scores, phase: playing
2026-06-16 20:45:39, tokens_remaining: 2416, call: scores, phase: playing
2026-06-16 20:45:40, tokens_remaining: 2415, call: scores, phase: playing
2026-06-16 20:45:41, tokens_remaining: 2414, call: scores, phase: playing
2026-06-16 20:45:43, tokens_remaining: 2413, call: scores, phase: playing
2026-06-16 20:45:44, tokens_remaining: 2412, call: scores, phase: playing
2026-06-16 20:45:46, tokens_remaining: 2411, call: events, phase: playing
2026-06-16 20:45:47, tokens_remaining: 2410, call: scores, phase: playing
2026-06-16 20:45:48, tokens_remaining: 2409, call: scores, phase: playing
2026-06-16 20:45:50, tokens_remaining: 2408, call: scores, phase: playing
2026-06-16 20:45:51, tokens_remaining: 2407, call: scores, phase: playing
2026-06-16 20:45:53, tokens_remaining: 2406, call: scores, phase: playing
2026-06-16 20:45:54, tokens_remaining: 2405, call: scores, phase: playing
2026-06-16 20:45:55, tokens_remaining: 2404, call: scores, phase: playing
2026-06-16 20:45:57, tokens_remaining: 2403, call: scores, phase: playing
2026-06-16 20:45:58, tokens_remaining: 2402, call: scores, phase: playing
2026-06-16 20:46:00, tokens_remaining: 2401, call: events, phase: playing
2026-06-16 20:46:01, tokens_remaining: 2400, call: scores, phase: playing
2026-06-16 20:46:02, tokens_remaining: 2399, call: scores, phase: playing
2026-06-16 20:46:04, tokens_remaining: 2398, call: scores, phase: playing
2026-06-16 20:46:05, tokens_remaining: 2397, call: scores, phase: playing
2026-06-16 20:46:06, tokens_remaining: 2396, call: scores, phase: playing
2026-06-16 20:46:08, tokens_remaining: 2395, call: scores, phase: playing
2026-06-16 20:46:09, tokens_remaining: 2394, call: scores, phase: playing
2026-06-16 20:46:11, tokens_remaining: 2393, call: scores, phase: playing
2026-06-16 20:46:12, tokens_remaining: 2392, call: scores, phase: playing
2026-06-16 20:46:13, tokens_remaining: 2391, call: events, phase: playing
2026-06-16 20:46:15, tokens_remaining: 2390, call: scores, phase: playing
2026-06-16 20:46:16, tokens_remaining: 2389, call: scores, phase: playing
2026-06-16 20:46:18, tokens_remaining: 2388, call: scores, phase: playing
2026-06-16 20:46:19, tokens_remaining: 2387, call: scores, phase: playing
2026-06-16 20:46:21, tokens_remaining: 2386, call: scores, phase: playing
2026-06-16 20:46:22, tokens_remaining: 2385, call: scores, phase: playing
2026-06-16 20:46:24, tokens_remaining: 2384, call: scores, phase: playing
2026-06-16 20:46:25, tokens_remaining: 2383, call: scores, phase: playing
2026-06-16 20:46:27, tokens_remaining: 2382, call: scores, phase: playing
2026-06-16 20:46:28, tokens_remaining: 2381, call: events, phase: playing
2026-06-16 20:46:29, tokens_remaining: 2380, call: scores, phase: playing
2026-06-16 20:46:31, tokens_remaining: 2379, call: scores, phase: playing
2026-06-16 20:46:32, tokens_remaining: 2378, call: scores, phase: playing
2026-06-16 20:46:34, tokens_remaining: 2377, call: scores, phase: playing
2026-06-16 20:46:35, tokens_remaining: 2376, call: scores, phase: playing
2026-06-16 20:46:36, tokens_remaining: 2375, call: scores, phase: playing
2026-06-16 20:46:38, tokens_remaining: 2374, call: scores, phase: playing
2026-06-16 20:46:39, tokens_remaining: 2373, call: scores, phase: playing
2026-06-16 20:46:40, tokens_remaining: 2372, call: scores, phase: playing
2026-06-16 20:46:42, tokens_remaining: 2371, call: events, phase: playing
2026-06-16 20:46:43, tokens_remaining: 2370, call: scores, phase: playing
2026-06-16 20:46:45, tokens_remaining: 2369, call: scores, phase: playing
2026-06-16 20:46:46, tokens_remaining: 2368, call: scores, phase: playing
2026-06-16 20:46:47, tokens_remaining: 2367, call: scores, phase: playing
2026-06-16 20:46:49, tokens_remaining: 2366, call: scores, phase: playing
2026-06-16 20:46:50, tokens_remaining: 2365, call: scores, phase: playing
2026-06-16 20:46:52, tokens_remaining: 2364, call: scores, phase: playing
2026-06-16 20:46:53, tokens_remaining: 2363, call: scores, phase: playing
2026-06-16 20:46:54, tokens_remaining: 2362, call: scores, phase: playing
2026-06-16 20:46:56, tokens_remaining: 2361, call: events, phase: playing
2026-06-16 20:46:57, tokens_remaining: 2360, call: scores, phase: playing
2026-06-16 20:46:58, tokens_remaining: 2359, call: scores, phase: playing
2026-06-16 20:47:00, tokens_remaining: 2358, call: scores, phase: playing
2026-06-16 20:47:01, tokens_remaining: 2357, call: scores, phase: playing
2026-06-16 20:47:03, tokens_remaining: 2356, call: scores, phase: playing
2026-06-16 20:47:04, tokens_remaining: 2355, call: scores, phase: playing
2026-06-16 20:47:05, tokens_remaining: 2354, call: scores, phase: playing
2026-06-16 20:47:07, tokens_remaining: 2353, call: scores, phase: playing
2026-06-16 20:47:08, tokens_remaining: 2352, call: scores, phase: playing
2026-06-16 20:47:09, tokens_remaining: 2351, call: events, phase: playing
2026-06-16 20:47:11, tokens_remaining: 2350, call: scores, phase: playing
2026-06-16 20:47:12, tokens_remaining: 2349, call: scores, phase: playing
2026-06-16 20:47:14, tokens_remaining: 2348, call: scores, phase: playing
2026-06-16 20:47:15, tokens_remaining: 2347, call: scores, phase: playing
2026-06-16 20:47:16, tokens_remaining: 2346, call: scores, phase: playing
2026-06-16 20:47:18, tokens_remaining: 2345, call: scores, phase: playing
2026-06-16 20:47:19, tokens_remaining: 2344, call: scores, phase: playing
2026-06-16 20:47:20, tokens_remaining: 2343, call: scores, phase: playing
2026-06-16 20:47:22, tokens_remaining: 2342, call: scores, phase: playing
2026-06-16 20:47:23, tokens_remaining: 2341, call: events, phase: playing
2026-06-16 20:47:25, tokens_remaining: 2340, call: scores, phase: playing
2026-06-16 20:47:26, tokens_remaining: 2339, call: scores, phase: playing
2026-06-16 20:47:27, tokens_remaining: 2338, call: scores, phase: playing
2026-06-16 20:47:29, tokens_remaining: 2337, call: scores, phase: playing
2026-06-16 20:47:30, tokens_remaining: 2336, call: scores, phase: playing
2026-06-16 20:47:31, tokens_remaining: 2335, call: scores, phase: playing
2026-06-16 20:47:33, tokens_remaining: 2334, call: scores, phase: playing
2026-06-16 20:47:34, tokens_remaining: 2333, call: scores, phase: playing
2026-06-16 20:47:36, tokens_remaining: 2332, call: scores, phase: playing
2026-06-16 20:47:37, tokens_remaining: 2331, call: events, phase: playing
2026-06-16 20:47:38, tokens_remaining: 2330, call: scores, phase: playing
2026-06-16 20:47:40, tokens_remaining: 2329, call: scores, phase: playing
2026-06-16 20:47:41, tokens_remaining: 2328, call: scores, phase: playing
2026-06-16 20:47:42, tokens_remaining: 2327, call: scores, phase: playing
2026-06-16 20:47:44, tokens_remaining: 2326, call: scores, phase: playing
2026-06-16 20:47:45, tokens_remaining: 2325, call: scores, phase: playing
2026-06-16 20:47:47, tokens_remaining: 2324, call: scores, phase: playing
2026-06-16 20:47:48, tokens_remaining: 2323, call: scores, phase: playing
2026-06-16 20:47:49, tokens_remaining: 2322, call: scores, phase: playing
2026-06-16 20:47:51, tokens_remaining: 2321, call: events, phase: playing
2026-06-16 20:47:53, tokens_remaining: 2320, call: scores, phase: playing
2026-06-16 20:47:55, tokens_remaining: 2319, call: scores, phase: playing
2026-06-16 20:47:56, tokens_remaining: 2318, call: scores, phase: playing
2026-06-16 20:47:57, tokens_remaining: 2318, call: scores, phase: playing
2026-06-16 20:47:58, tokens_remaining: 2317, call: scores, phase: playing
2026-06-16 20:47:59, tokens_remaining: 2316, call: scores, phase: playing
2026-06-16 20:48:01, tokens_remaining: 2315, call: scores, phase: playing
2026-06-16 20:48:02, tokens_remaining: 2314, call: scores, phase: playing
2026-06-16 20:48:04, tokens_remaining: 2313, call: scores, phase: playing
2026-06-16 20:48:05, tokens_remaining: 2312, call: events, phase: playing
2026-06-16 20:48:06, tokens_remaining: 2311, call: scores, phase: playing
2026-06-16 20:48:08, tokens_remaining: 2310, call: scores, phase: playing
2026-06-16 20:48:09, tokens_remaining: 2309, call: scores, phase: playing
2026-06-16 20:48:11, tokens_remaining: 2308, call: scores, phase: playing
2026-06-16 20:48:12, tokens_remaining: 2307, call: scores, phase: playing
2026-06-16 20:48:13, tokens_remaining: 2306, call: scores, phase: playing
2026-06-16 20:48:15, tokens_remaining: 2305, call: scores, phase: playing
2026-06-16 20:48:16, tokens_remaining: 2304, call: scores, phase: playing
2026-06-16 20:48:17, tokens_remaining: 2303, call: scores, phase: playing
2026-06-16 20:48:19, tokens_remaining: 2302, call: events, phase: playing
2026-06-16 20:48:20, tokens_remaining: 2301, call: scores, phase: playing
2026-06-16 20:48:22, tokens_remaining: 2300, call: scores, phase: playing
2026-06-16 20:48:23, tokens_remaining: 2299, call: scores, phase: playing
2026-06-16 20:48:24, tokens_remaining: 2298, call: scores, phase: playing
2026-06-16 20:48:26, tokens_remaining: 2297, call: scores, phase: playing
2026-06-16 20:48:27, tokens_remaining: 2296, call: scores, phase: playing
2026-06-16 20:48:28, tokens_remaining: 2295, call: scores, phase: playing
2026-06-16 20:48:30, tokens_remaining: 2294, call: scores, phase: playing
2026-06-16 20:48:31, tokens_remaining: 2293, call: scores, phase: playing
2026-06-16 20:48:33, tokens_remaining: 2292, call: events, phase: playing
2026-06-16 20:48:34, tokens_remaining: 2291, call: scores, phase: playing
2026-06-16 20:48:35, tokens_remaining: 2290, call: scores, phase: playing
2026-06-16 20:48:37, tokens_remaining: 2289, call: scores, phase: playing
2026-06-16 20:48:38, tokens_remaining: 2288, call: scores, phase: playing
2026-06-16 20:48:39, tokens_remaining: 2287, call: scores, phase: playing
2026-06-16 20:48:41, tokens_remaining: 2286, call: scores, phase: playing
2026-06-16 20:48:42, tokens_remaining: 2285, call: scores, phase: playing
2026-06-16 20:48:43, tokens_remaining: 2284, call: scores, phase: playing
2026-06-16 20:48:45, tokens_remaining: 2283, call: scores, phase: playing
2026-06-16 20:48:46, tokens_remaining: 2282, call: events, phase: playing
2026-06-16 20:48:48, tokens_remaining: 2281, call: scores, phase: playing
2026-06-16 20:48:49, tokens_remaining: 2280, call: scores, phase: playing
2026-06-16 20:48:50, tokens_remaining: 2279, call: scores, phase: playing
2026-06-16 20:48:52, tokens_remaining: 2278, call: scores, phase: playing
2026-06-16 20:48:53, tokens_remaining: 2277, call: scores, phase: playing
2026-06-16 20:48:54, tokens_remaining: 2276, call: scores, phase: playing
2026-06-16 20:48:56, tokens_remaining: 2275, call: scores, phase: playing
2026-06-16 20:48:57, tokens_remaining: 2274, call: scores, phase: playing
2026-06-16 20:48:59, tokens_remaining: 2273, call: scores, phase: playing
2026-06-16 20:49:00, tokens_remaining: 2272, call: events, phase: playing
2026-06-16 20:49:01, tokens_remaining: 2271, call: scores, phase: playing
2026-06-16 20:49:03, tokens_remaining: 2270, call: scores, phase: playing
2026-06-16 20:49:04, tokens_remaining: 2269, call: scores, phase: playing
2026-06-16 20:49:05, tokens_remaining: 2268, call: scores, phase: playing
2026-06-16 20:49:07, tokens_remaining: 2267, call: scores, phase: playing
2026-06-16 20:49:08, tokens_remaining: 2266, call: scores, phase: playing
2026-06-16 20:49:10, tokens_remaining: 2265, call: scores, phase: playing
2026-06-16 20:49:11, tokens_remaining: 2264, call: scores, phase: playing
2026-06-16 20:49:12, tokens_remaining: 2263, call: scores, phase: playing
2026-06-16 20:49:14, tokens_remaining: 2262, call: events, phase: playing
2026-06-16 20:49:15, tokens_remaining: 2261, call: scores, phase: playing
2026-06-16 20:49:16, tokens_remaining: 2260, call: scores, phase: playing
2026-06-16 20:49:18, tokens_remaining: 2259, call: scores, phase: playing
2026-06-16 20:49:19, tokens_remaining: 2258, call: scores, phase: playing
2026-06-16 20:49:20, tokens_remaining: 2257, call: scores, phase: playing
2026-06-16 20:49:22, tokens_remaining: 2256, call: scores, phase: playing
2026-06-16 20:49:23, tokens_remaining: 2255, call: scores, phase: playing
2026-06-16 20:49:25, tokens_remaining: 2254, call: scores, phase: playing
2026-06-16 20:49:26, tokens_remaining: 2253, call: scores, phase: playing
2026-06-16 20:49:28, tokens_remaining: 2252, call: events, phase: playing
2026-06-16 20:49:29, tokens_remaining: 2251, call: scores, phase: playing
2026-06-16 20:49:30, tokens_remaining: 2250, call: scores, phase: playing
2026-06-16 20:49:32, tokens_remaining: 2249, call: scores, phase: playing
2026-06-16 20:49:33, tokens_remaining: 2248, call: scores, phase: playing
2026-06-16 20:49:34, tokens_remaining: 2247, call: scores, phase: playing
2026-06-16 20:49:36, tokens_remaining: 2246, call: scores, phase: playing
2026-06-16 20:49:37, tokens_remaining: 2245, call: scores, phase: playing
2026-06-16 20:49:38, tokens_remaining: 2244, call: scores, phase: playing
2026-06-16 20:49:40, tokens_remaining: 2243, call: scores, phase: playing
2026-06-16 20:49:41, tokens_remaining: 2242, call: events, phase: playing
2026-06-16 20:49:43, tokens_remaining: 2241, call: scores, phase: playing
2026-06-16 20:49:44, tokens_remaining: 2240, call: scores, phase: playing
2026-06-16 20:49:45, tokens_remaining: 2239, call: scores, phase: playing
2026-06-16 20:49:47, tokens_remaining: 2238, call: scores, phase: playing
2026-06-16 20:49:48, tokens_remaining: 2237, call: scores, phase: playing
2026-06-16 20:49:49, tokens_remaining: 2236, call: scores, phase: playing
2026-06-16 20:49:51, tokens_remaining: 2235, call: scores, phase: playing
2026-06-16 20:49:52, tokens_remaining: 2234, call: scores, phase: playing
2026-06-16 20:49:53, tokens_remaining: 2233, call: scores, phase: playing
2026-06-16 20:49:55, tokens_remaining: 2232, call: events, phase: playing
2026-06-16 20:49:56, tokens_remaining: 2231, call: scores, phase: playing
2026-06-16 20:49:58, tokens_remaining: 2230, call: scores, phase: playing
2026-06-16 20:49:59, tokens_remaining: 2229, call: scores, phase: playing
2026-06-16 20:50:00, tokens_remaining: 2228, call: scores, phase: playing
2026-06-16 20:50:02, tokens_remaining: 2227, call: scores, phase: playing
2026-06-16 20:50:03, tokens_remaining: 2226, call: scores, phase: playing
2026-06-16 20:50:04, tokens_remaining: 2225, call: scores, phase: playing
2026-06-16 20:50:06, tokens_remaining: 2224, call: scores, phase: playing
2026-06-16 20:50:07, tokens_remaining: 2223, call: scores, phase: playing
2026-06-16 20:50:09, tokens_remaining: 2222, call: events, phase: playing
2026-06-16 20:50:10, tokens_remaining: 2221, call: scores, phase: playing
2026-06-16 20:50:11, tokens_remaining: 2220, call: scores, phase: playing
2026-06-16 20:50:13, tokens_remaining: 2219, call: scores, phase: playing
2026-06-16 20:50:14, tokens_remaining: 2218, call: scores, phase: playing
2026-06-16 20:50:15, tokens_remaining: 2217, call: scores, phase: playing
2026-06-16 20:50:17, tokens_remaining: 2216, call: scores, phase: playing
2026-06-16 20:50:18, tokens_remaining: 2215, call: scores, phase: playing
2026-06-16 20:50:19, tokens_remaining: 2214, call: scores, phase: playing
2026-06-16 20:50:21, tokens_remaining: 2213, call: scores, phase: playing
2026-06-16 20:50:22, tokens_remaining: 2212, call: events, phase: playing
2026-06-16 20:50:23, tokens_remaining: 2211, call: scores, phase: playing
2026-06-16 20:50:25, tokens_remaining: 2210, call: scores, phase: playing
2026-06-16 20:50:26, tokens_remaining: 2209, call: scores, phase: playing
2026-06-16 20:50:28, tokens_remaining: 2208, call: scores, phase: playing
2026-06-16 20:50:29, tokens_remaining: 2207, call: scores, phase: playing
2026-06-16 20:50:30, tokens_remaining: 2206, call: scores, phase: playing
2026-06-16 20:50:32, tokens_remaining: 2205, call: scores, phase: playing
2026-06-16 20:50:33, tokens_remaining: 2204, call: scores, phase: playing
2026-06-16 20:50:34, tokens_remaining: 2203, call: scores, phase: playing
2026-06-16 20:50:36, tokens_remaining: 2202, call: events, phase: playing
2026-06-16 20:50:37, tokens_remaining: 2201, call: scores, phase: playing
2026-06-16 20:50:38, tokens_remaining: 2200, call: scores, phase: playing
2026-06-16 20:50:40, tokens_remaining: 2199, call: scores, phase: playing
2026-06-16 20:50:41, tokens_remaining: 2198, call: scores, phase: playing
2026-06-16 20:50:43, tokens_remaining: 2197, call: scores, phase: playing
2026-06-16 20:50:44, tokens_remaining: 2196, call: scores, phase: playing
2026-06-16 20:50:45, tokens_remaining: 2195, call: scores, phase: playing
2026-06-16 20:50:47, tokens_remaining: 2194, call: scores, phase: playing
2026-06-16 20:50:48, tokens_remaining: 2193, call: scores, phase: playing
2026-06-16 20:50:49, tokens_remaining: 2192, call: events, phase: playing
2026-06-16 20:50:51, tokens_remaining: 2191, call: scores, phase: playing
2026-06-16 20:50:52, tokens_remaining: 2190, call: scores, phase: playing
2026-06-16 20:50:54, tokens_remaining: 2189, call: scores, phase: playing
2026-06-16 20:50:55, tokens_remaining: 2188, call: scores, phase: playing
2026-06-16 20:50:56, tokens_remaining: 2187, call: scores, phase: playing
2026-06-16 20:50:58, tokens_remaining: 2186, call: scores, phase: playing
2026-06-16 20:50:59, tokens_remaining: 2185, call: scores, phase: playing
2026-06-16 20:51:00, tokens_remaining: 2184, call: scores, phase: playing
2026-06-16 20:51:02, tokens_remaining: 2183, call: scores, phase: playing
2026-06-16 20:51:03, tokens_remaining: 2182, call: events, phase: playing
2026-06-16 20:51:05, tokens_remaining: 2181, call: scores, phase: playing
2026-06-16 20:51:06, tokens_remaining: 2180, call: scores, phase: playing
2026-06-16 20:51:08, tokens_remaining: 2179, call: scores, phase: playing
2026-06-16 20:51:09, tokens_remaining: 2178, call: scores, phase: playing
2026-06-16 20:51:11, tokens_remaining: 2177, call: scores, phase: playing
2026-06-16 20:51:12, tokens_remaining: 2176, call: scores, phase: playing
2026-06-16 20:51:13, tokens_remaining: 2175, call: scores, phase: playing
2026-06-16 20:51:15, tokens_remaining: 2174, call: scores, phase: playing
2026-06-16 20:51:16, tokens_remaining: 2173, call: scores, phase: playing
2026-06-16 20:51:17, tokens_remaining: 2172, call: events, phase: playing
2026-06-16 20:51:19, tokens_remaining: 2171, call: scores, phase: playing
2026-06-16 20:51:20, tokens_remaining: 2170, call: scores, phase: playing
2026-06-16 20:51:21, tokens_remaining: 2169, call: scores, phase: playing
2026-06-16 20:51:23, tokens_remaining: 2168, call: scores, phase: playing
2026-06-16 20:51:24, tokens_remaining: 2167, call: scores, phase: playing
2026-06-16 20:51:25, tokens_remaining: 2166, call: scores, phase: playing
2026-06-16 20:51:27, tokens_remaining: 2165, call: scores, phase: playing
2026-06-16 20:51:28, tokens_remaining: 2164, call: scores, phase: playing
2026-06-16 20:51:29, tokens_remaining: 2163, call: scores, phase: playing
2026-06-16 20:51:31, tokens_remaining: 2162, call: events, phase: playing
2026-06-16 20:51:32, tokens_remaining: 2161, call: scores, phase: playing
2026-06-16 20:51:33, tokens_remaining: 2160, call: scores, phase: playing
2026-06-16 20:51:35, tokens_remaining: 2159, call: scores, phase: playing
2026-06-16 20:51:36, tokens_remaining: 2158, call: scores, phase: playing
2026-06-16 20:51:37, tokens_remaining: 2157, call: scores, phase: playing
2026-06-16 20:51:39, tokens_remaining: 2156, call: scores, phase: playing
2026-06-16 20:51:40, tokens_remaining: 2155, call: scores, phase: playing
2026-06-16 20:51:41, tokens_remaining: 2154, call: scores, phase: playing
2026-06-16 20:51:43, tokens_remaining: 2153, call: scores, phase: playing
2026-06-16 20:51:44, tokens_remaining: 2152, call: events, phase: playing
2026-06-16 20:51:46, tokens_remaining: 2151, call: scores, phase: playing
2026-06-16 20:51:47, tokens_remaining: 2150, call: scores, phase: playing
2026-06-16 20:51:48, tokens_remaining: 2149, call: scores, phase: playing
2026-06-16 20:51:50, tokens_remaining: 2148, call: scores, phase: playing
2026-06-16 20:51:51, tokens_remaining: 2147, call: scores, phase: playing
2026-06-16 20:51:52, tokens_remaining: 2146, call: scores, phase: playing
2026-06-16 20:51:54, tokens_remaining: 2145, call: scores, phase: playing
2026-06-16 20:51:55, tokens_remaining: 2144, call: scores, phase: playing
2026-06-16 20:51:56, tokens_remaining: 2143, call: scores, phase: playing
2026-06-16 20:51:58, tokens_remaining: 2142, call: events, phase: playing
2026-06-16 20:51:59, tokens_remaining: 2141, call: scores, phase: playing
2026-06-16 20:52:00, tokens_remaining: 2140, call: scores, phase: playing
2026-06-16 20:52:02, tokens_remaining: 2139, call: scores, phase: playing
2026-06-16 20:52:03, tokens_remaining: 2138, call: scores, phase: playing
2026-06-16 20:52:04, tokens_remaining: 2137, call: scores, phase: playing
2026-06-16 20:52:06, tokens_remaining: 2136, call: scores, phase: playing
2026-06-16 20:52:07, tokens_remaining: 2135, call: scores, phase: playing
2026-06-16 20:52:08, tokens_remaining: 2134, call: scores, phase: playing
2026-06-16 20:52:10, tokens_remaining: 2133, call: scores, phase: playing
2026-06-16 20:52:11, tokens_remaining: 2132, call: events, phase: playing
2026-06-16 20:52:13, tokens_remaining: 2131, call: scores, phase: playing
2026-06-16 20:52:14, tokens_remaining: 2130, call: scores, phase: playing
2026-06-16 20:52:15, tokens_remaining: 2129, call: scores, phase: playing
2026-06-16 20:52:17, tokens_remaining: 2128, call: scores, phase: playing
2026-06-16 20:52:18, tokens_remaining: 2127, call: scores, phase: playing
2026-06-16 20:52:19, tokens_remaining: 2126, call: scores, phase: playing
2026-06-16 20:52:19, STATE_CHANGE: Argentina vs Algeria [1H -> HT]
2026-06-16 20:53:05, tokens_remaining: 2125, call: scores, phase: break
2026-06-16 20:53:50, tokens_remaining: 2124, call: scores, phase: break
2026-06-16 20:54:35, tokens_remaining: 2123, call: scores, phase: break
2026-06-16 20:55:21, tokens_remaining: 2122, call: events, phase: break
2026-06-16 20:56:06, tokens_remaining: 2121, call: scores, phase: break
2026-06-16 20:56:52, tokens_remaining: 2120, call: scores, phase: break
2026-06-16 20:57:37, tokens_remaining: 2119, call: scores, phase: break
2026-06-16 20:58:22, tokens_remaining: 2118, call: scores, phase: break
2026-06-16 20:59:07, tokens_remaining: 2117, call: scores, phase: break
2026-06-16 20:59:53, tokens_remaining: 2116, call: scores, phase: break
